date,symbol,rank_mcap,rank_conv,conviction,price,market_cap,turnover_pct,rs7,rs14,rs30,rs200,rs_blend,rs_windows_n,c_depth,c_momentum,c_liquidity,emission_mult,perp_mult,fdv_usd,funding_apr,rsi7,beta_btc,spec_hash,src,total_volume,depth,confirm,liquidity,conviction_raw,clamped,dom_factor,dom_share,dom_logabs,depth_raw,depth_state,liq_raw,liq_state,supply_state,dom_signed,dom_warn,perp_mult_board,perp_mult_board_date,perp_board_state,price_chg_24h,perp_path,funding_venue,funding_venues_n,funding_apr_spread,funding_interval_h,funding_regime,oi_usd
2026-09-15,ZEC,8,1,100,1128.88,19120019846,4.93,1.6,37.1,112.3,371.5,112.13,4,20.0,20.0,30.0,1.0,1.0,19121207255,10.95,56.87,1.826,1a4ea6e4d77e,live,,,,,,,,,,,,,,,,,,,,,,,,,,,
2026-09-15,HYPE,9,2,86,78.92,17556806311,4.22,-3.6,-3.3,15.9,154.4,32.95,4,20.0,18.8,30.0,0.9133,1.0,75398806538,2.19,42.75,1.2722,1a4ea6e4d77e,live,,,,,,,,,,,,,,,,,,,,,,,,,,,
2026-09-15,UNI,19,3,84,6.69,4170625391,15.24,-3.3,19.5,82.6,52.7,35.08,4,18.1,19.0,30.0,0.9752,1.0,5959086655,-7.446,65.66,-0.077,1a4ea6e4d77e,live,,,,,,,,,,,,,,,,,,,,,,,,,,,
2026-09-15,WBT,12,4,78,79.52,9376174416,1.22,3.4,12.0,23.7,47.4,19.43,4,19.9,16.9,30.0,0.934,1.0,23347135236,,62.42,0.8458,1a4ea6e4d77e,live,,,,,,,,,,,,,,,,,,,,,,,,,,,
2026-09-15,XMR,11,5,70,514.26,9669766736,1.21,1.4,-0.1,3.8,36.2,8.59,4,19.9,14.0,30.0,1.0,1.0,9669770130,10.95,51.0,0.4131,1a4ea6e4d77e,live,,,,,,,,,,,,,,,,,,,,,,,,,,,
2026-09-15,ETH,2,6,65,2473.97,301965028272,5.34,1.9,2.4,9.8,9.0,5.42,4,20.0,12.9,30.0,1.0,1.0,301965028272,-0.7665,50.73,1.1948,1a4ea6e4d77e,live,,,,,,,,,,,,,,,,,,,,,,,,,,,
2026-09-15,PONS,103,7,63,0.631071,449549045,27.43,-9.4,44.5,1910.2,-14.3,482.99,3,13.3,20.0,28.3,1.0,1.0,434753635,10.95,57.02,6.743,1a4ea6e4d77e,live,,,,,,,,,,,,,,,,,,,,,,,,,,,
2026-09-15,SOL,5,8,61,100.54,59024523979,5.53,-0.4,0.1,11.7,2.2,3.27,4,20.0,12.2,30.0,1.0,1.0,63758686334,-7.227,47.82,1.2827,1a4ea6e4d77e,live,,,,,,,,,,,,,,,,,,,,,,,,,,,
2026-09-15,XLM,17,9,61,0.192885,6720211533,5.58,4.2,12.0,1.8,4.6,5.63,4,19.1,13.0,30.0,0.9748,1.0,9644666152,10.95,61.85,1.4682,1a4ea6e4d77e,live,,,,,,,,,,,,,,,,,,,,,,,,,,,
2026-09-15,XRP,4,10,58,1.4,87754365802,4.31,2.5,3.7,17.9,-15.2,3.11,4,20.0,12.1,30.0,0.9657,1.0,139540157855,4.599,54.79,1.8053,1a4ea6e4d77e,live,,,,,,,,,,,,,,,,,,,,,,,,,,,
2026-09-15,BNB,3,11,55,717.5,95554504304,0.98,-2.4,6.0,-3.9,0.9,-0.01,4,20.0,11.0,30.0,1.0,1.0,95554505532,10.95,47.7,0.6898,1a4ea6e4d77e,live,,,,,,,,,,,,,,,,,,,,,,,,,,,
2026-09-15,BTC,1,12,55,76883,1544514532781,2.06,0.0,0.0,0.0,0.0,0.0,4,20.0,11.0,30.0,1.0,1.0,1544514532781,4.4895,43.72,1.0,1a4ea6e4d77e,live,,,,,,,,,,,,,,,,,,,,,,,,,,,
2026-09-15,TRX,6,13,53,0.338584,32144038150,1.41,2.2,3.8,-20.1,4.5,-2.51,4,20.0,10.1,30.0,1.0,1.058,32144045274,-30.5505,53.94,0.1478,1a4ea6e4d77e,live,,,,,,,,,,,,,,,,,,,,,,,,,,,
2026-09-15,STONK,189,14,52,0.187905,158834934,27.14,9.9,540.5,2019.9,-14.3,640.21,3,11.0,20.0,28.1,1.0,1.0,158834934,10.95,56.54,,1a4ea6e4d77e,live,,,,,,,,,,,,,,,,,,,,,,,,,,,
2026-09-15,NEAR,25,15,50,2.37,3092367513,12.36,4.6,25.5,25.4,95.3,33.16,4,17.5,18.8,18.2,1.0,1.0,3092367572,-1.4235,57.61,0.9677,1a4ea6e4d77e,live,,,,,,,,,,,,,,,,,,,,,,,,,,,
2026-09-15,LINK,14,16,49,11.35,8488435870,4.21,-8.3,1.5,-1.4,0.6,-2.34,4,19.6,10.2,30.0,0.9813,1.0,11346659812,3.066,43.25,1.2437,1a4ea6e4d77e,live,,,,,,,,,,,,,,,,,,,,,,,,,,,
2026-09-15,PENDLE,107,17,49,2.33,403565261,20.12,6.3,34.2,60.2,63.6,38.21,4,13.0,19.2,23.4,0.964,1.032,654910516,-19.272,77.71,0.4077,1a4ea6e4d77e,live,,,,,,,,,,,,,,,,,,,,,,,,,,,
2026-09-15,USELESS,154,18,47,0.203027,202976213,21.46,-20.1,126.4,375.2,164.6,152.29,4,11.5,20.0,24.3,1.0,1.0,202976213,10.95,55.22,-3.39,1a4ea6e4d77e,live,,,,,,,,,,,,,,,,,,,,,,,,,,,
2026-09-15,FIGR_HELOC,7,19,46,1.028,23194018160,0.11,4.5,3.7,-19.7,-13.2,-5.29,4,20.0,9.1,30.0,1.0,1.0,23194018160,,50.82,-0.3374,1a4ea6e4d77e,live,,,,,,,,,,,,,,,,,,,,,,,,,,,
2026-09-15,LTC,20,20,44,52.35,4063409763,4.89,-3.4,9.3,-3.9,-19.9,-3.65,4,18.0,9.7,30.0,1.0,1.0,4063548837,1.8615,54.75,-0.5612,1a4ea6e4d77e,live,,,,,,,,,,,,,,,,,,,,,,,,,,,
2026-09-15,牛来,234,21,44,0.109866,109864563,38.71,30.3,21.8,601.3,-14.3,162.0,3,10.2,20.0,27.5,1.0,0.95,109864563,53.217,,,1a4ea6e4d77e,live,,,,,,,,,,,,,,,,,,,,,,,,,,,
2026-09-15,ENA,49,22,43,0.140578,1418718452,19.51,-11.3,-4.9,49.1,17.8,11.22,4,15.8,14.8,23.0,0.9716,1.0,2107985937,3.504,36.47,2.1375,1a4ea6e4d77e,live,,,,,,,,,,,,,,,,,,,,,,,,,,,
2026-09-15,FF,101,23,43,0.145289,456041691,19.1,24.7,76.9,99.7,65.7,64.7,4,13.3,19.9,22.7,0.9226,0.925,1452362072,50.37,75.04,,1a4ea6e4d77e,live,,,,,,,,,,,,,,,,,,,,,,,,,,,
2026-09-15,INJ,85,24,43,5.91,591451893,16.29,-3.0,25.5,23.7,69.7,25.34,4,13.9,17.9,20.9,1.0,1.0,591451893,-12.8115,56.03,-0.9661,1a4ea6e4d77e,live,,,,,,,,,,,,,,,,,,,,,,,,,,,
2026-09-15,ARB,68,25,42,0.135165,902956670,17.49,-20.5,24.3,60.9,7.4,16.63,4,14.8,16.2,21.7,0.9709,1.0,1352120999,-12.1545,48.71,1.6569,1a4ea6e4d77e,live,,,,,,,,,,,,,,,,,,,,,,,,,,,
2026-09-15,DOGE,10,26,40,0.082444,12856934724,4.66,-6.2,1.6,-3.7,-30.1,-8.41,4,20.0,8.1,30.0,0.9999,1.0,14152441193,3.8325,38.75,1.2843,1a4ea6e4d77e,live,,,,,,,,,,,,,,,,,,,,,,,,,,,
2026-09-15,AI,126,27,39,0.302192,299579286,13.01,30.2,63.7,3605.1,-14.3,923.4,3,12.4,20.0,18.7,1.0,1.0,299579286,0.0,55.01,-1.3198,1a4ea6e4d77e,live,,,,,,,,,,,,,,,,,,,,,,,,,,,
2026-09-15,DASH,82,28,39,52.79,677387082,12.8,-12.8,20.0,57.9,39.6,23.55,4,14.2,17.6,18.5,1.0,1.0,677393700,10.95,43.79,2.4067,1a4ea6e4d77e,live,,,,,,,,,,,,,,,,,,,,,,,,,,,
2026-09-15,LEO,15,29,39,8.98,8264448429,0.0,0.0,-2.1,-25.0,-10.8,-8.94,4,19.6,7.9,30.0,1.0,1.0,8851868856,,30.38,-0.0636,1a4ea6e4d77e,live,,,,,,,,,,,,,,,,,,,,,,,,,,,
2026-09-15,RAY,109,30,39,1.38,371846694,14.1,26.3,72.6,100.3,8.6,52.84,4,12.9,19.7,19.4,0.9458,1.0,765091892,10.95,60.32,0.2746,1a4ea6e4d77e,live,,,,,,,,,,,,,,,,,,,,,,,,,,,
2026-09-15,FIL,77,31,38,0.873342,722721823,26.66,5.2,28.8,7.8,-34.6,3.79,4,14.3,12.4,27.8,0.937,1.0,1708602234,-4.161,,,1a4ea6e4d77e,live,,,,,,,,,,,,,,,,,,,,,,,,,,,
2026-09-15,MINA,231,32,38,0.086491,111928474,21.05,6.6,29.4,96.2,-13.6,30.66,4,10.2,18.6,24.0,1.0,1.0,111928474,-38.6535,,,1a4ea6e4d77e,live,,,,,,,,,,,,,,,,,,,,,,,,,,,
2026-09-15,RAIN,13,33,37,0.01319338,9358752564,0.17,-19.7,-19.3,-17.5,28.5,-9.41,4,19.9,7.8,30.0,0.9646,1.0,15074824556,,19.44,0.1168,1a4ea6e4d77e,live,,,,,,,,,,,,,,,,,,,,,,,,,,,
2026-09-15,LIT,58,34,36,4.42,1105982673,8.69,-6.2,21.3,69.3,205.8,61.95,4,15.2,19.9,15.8,0.9151,1.0,4423930693,10.95,52.88,1.0912,1a4ea6e4d77e,live,,,,,,,,,,,,,,,,,,,,,,,,,,,
2026-09-15,龙虾,183,35,36,0.165898,165834011,14.31,198.5,167.0,703.0,-14.3,274.19,3,11.1,20.0,19.5,1.0,1.0,165834011,-10.512,,,1a4ea6e4d77e,live,,,,,,,,,,,,,,,,,,,,,,,,,,,
2026-09-15,ADA,16,36,35,0.203781,7646331135,4.9,-4.6,5.2,-6.3,-47.7,-11.2,4,19.4,7.2,30.0,0.9916,1.0,9171506698,0.438,43.38,1.5822,1a4ea6e4d77e,live,,,,,,,,,,,,,,,,,,,,,,,,,,,
2026-09-15,CAKE,76,37,35,2.27,726333864,10.34,0.0,25.5,35.8,37.0,22.73,4,14.3,17.5,16.9,1.0,1.0,752857006,10.95,62.47,1.3167,1a4ea6e4d77e,live,,,,,,,,,,,,,,,,,,,,,,,,,,,
2026-09-15,JST,64,38,32,0.115719,947777722,2.17,12.9,14.1,-15.1,141.5,31.92,4,14.9,18.7,12.0,1.0,1.143,947777722,-51.903,72.94,-0.1852,1a4ea6e4d77e,live,,,,,,,,,,,,,,,,,,,,,,,,,,,
2026-09-15,AAVE,37,39,31,126.79,1956188267,11.58,-0.8,3.3,26.4,-8.2,5.54,4,16.5,13.0,17.7,1.0,1.0,2028751024,8.8695,51.13,0.7343,1a4ea6e4d77e,live,,,,,,,,,,,,,,,,,,,,,,,,,,,
2026-09-15,BCAP,63,40,30,106.54,970804306,0.0,2.5,1.4,-22.0,353.2,66.24,4,14.9,19.9,12.0,1.0,1.0,970804306,,94.71,-0.0048,1a4ea6e4d77e,live,,,,,,,,,,,,,,,,,,,,,,,,,,,
2026-09-15,VVV,60,41,30,21.95,1052916310,3.48,24.2,33.4,63.6,314.2,94.35,4,15.1,20.0,12.3,0.9607,1.0,1777321893,10.95,56.03,0.3059,1a4ea6e4d77e,live,,,,,,,,,,,,,,,,,,,,,,,,,,,
2026-09-15,AKE,91,42,29,0.02358493,537684897,8.58,18.6,145.8,106.1,7208.4,1510.24,4,13.7,20.0,15.7,0.9128,0.887,2358655031,61.758,78.76,3.0655,1a4ea6e4d77e,live,,,,,,,,,,,,,,,,,,,,,,,,,,,
2026-09-15,XCN,174,43,27,0.00441785,173579207,14.57,11.7,32.2,28.4,-29.4,12.78,4,11.2,15.2,19.7,0.9798,1.0,235735916,-170.601,,,1a4ea6e4d77e,live,,,,,,,,,,,,,,,,,,,,,,,,,,,
2026-09-15,币安人生,98,44,27,0.469985,469971584,0.69,-5.8,1.1,-25.3,513.9,94.99,4,13.4,20.0,12.0,1.0,1.0,469971584,4.818,43.66,0.0255,1a4ea6e4d77e,live,,,,,,,,,,,,,,,,,,,,,,,,,,,
2026-09-15,BTW,36,45,26,0.733889,1988496928,1.88,58.6,74.0,99.6,-14.3,58.12,3,16.5,19.8,12.0,0.9174,0.862,7342660476,92.199,90.2,0.797,1a4ea6e4d77e,live,,,,,,,,,,,,,,,,,,,,,,,,,,,
2026-09-15,PUMP,43,46,26,0.00357842,1676086801,6.71,-14.3,-16.6,8.3,72.7,8.18,4,16.1,13.8,14.5,0.9564,1.0,2983748584,-9.417,33.89,1.2123,1a4ea6e4d77e,live,,,,,,,,,,,,,,,,,,,,,,,,,,,
2026-09-15,NPC,177,47,25,0.02088856,168128491,4.91,18.3,26.7,269.8,87.8,97.18,4,11.1,20.0,13.3,1.0,1.0,168128491,,,,1a4ea6e4d77e,live,,,,,,,,,,,,,,,,,,,,,,,,,,,
2026-09-15,ANTFUN,176,48,24,0.091431,172593005,7.25,16.0,50.6,94.3,-14.3,38.17,3,11.2,19.2,14.8,0.9123,1.0,772740853,,,,1a4ea6e4d77e,live,,,,,,,,,,,,,,,,,,,,,,,,,,,
2026-09-15,JUP,73,49,24,0.230258,764610631,7.72,-3.5,7.7,15.7,17.4,8.28,4,14.4,13.9,15.1,0.9455,1.0,1580531020,-34.821,28.17,,1a4ea6e4d77e,live,,,,,,,,,,,,,,,,,,,,,,,,,,,
2026-09-15,PEPE,47,50,24,3.42e-06,1440022888,13.4,-3.1,0.1,10.0,-24.8,-3.37,4,15.8,9.8,18.9,1.0,1.0,1440022888,2.9565,42.0,2.2335,1a4ea6e4d77e,live,,,,,,,,,,,,,,,,,,,,,,,,,,,
2026-09-15,UB,121,51,24,0.128043,320394951,3.81,5.1,11.1,-10.8,248.0,51.2,4,12.5,19.7,12.5,0.9151,1.0,1281579806,10.95,47.59,-1.3956,1a4ea6e4d77e,live,,,,,,,,,,,,,,,,,,,,,,,,,,,
2026-09-15,CRV,93,52,23,0.33596,523254734,9.63,-4.8,-3.1,14.3,20.4,5.44,4,13.6,12.9,16.4,0.9678,1.0,812465617,-28.7985,44.16,-0.2967,1a4ea6e4d77e,live,,,,,,,,,,,,,,,,,,,,,,,,,,,
2026-09-15,ETHFI,86,53,23,0.612143,591029898,7.23,6.4,11.0,6.1,5.8,7.36,4,13.9,13.6,14.8,1.0,1.0,591029898,10.95,51.19,-0.4743,1a4ea6e4d77e,live,,,,,,,,,,,,,,,,,,,,,,,,,,,
2026-09-15,GRX,157,54,23,21.16,201303119,0.82,1.8,63.2,39.8,418.8,110.05,4,11.5,20.0,12.0,1.0,1.0,211580410,,,,1a4ea6e4d77e,live,,,,,,,,,,,,,,,,,,,,,,,,,,,
2026-09-15,STX,96,55,23,0.25849,482633375,4.13,-1.7,4.5,90.0,-30.0,17.11,4,13.4,16.4,12.8,1.0,1.0,482636105,0.9855,63.74,0.2615,1a4ea6e4d77e,live,,,,,,,,,,,,,,,,,,,,,,,,,,,
2026-09-15,GT,62,56,22,9.17,978101817,0.34,2.7,15.4,15.1,15.9,11.62,4,15.0,14.9,12.0,0.9987,1.0,1090481664,10.95,,,1a4ea6e4d77e,live,,,,,,,,,,,,,,,,,,,,,,,,,,,
2026-09-15,U,55,57,22,0.999848,1323917658,15.81,2.3,1.2,-22.4,-14.3,-7.47,4,15.6,8.4,20.5,1.0,1.0,1323917658,,60.3,-0.0048,1a4ea6e4d77e,live,,,,,,,,,,,,,,,,,,,,,,,,,,,
2026-09-15,AR,172,58,21,2.7,177351691,6.64,-4.7,27.0,29.0,2.2,13.03,4,11.2,15.3,14.4,1.0,1.0,177351691,10.95,,,1a4ea6e4d77e,live,,,,,,,,,,,,,,,,,,,,,,,,,,,
2026-09-15,BCH,18,59,21,221.39,4448128736,2.47,-11.8,-8.4,-13.5,-68.4,-22.7,4,18.2,4.5,30.0,1.0,1.0,4448130120,-6.789,31.42,-0.2323,1a4ea6e4d77e,live,,,,,,,,,,,,,,,,,,,,,,,,,,,
2026-09-15,DRV,204,60,21,0.139435,139399985,3.24,-12.1,-2.5,4.2,245.8,45.96,4,10.7,19.6,12.2,0.9708,1.0,209161409,,57.06,,1a4ea6e4d77e,live,,,,,,,,,,,,,,,,,,,,,,,,,,,
2026-09-15,EDGE,152,61,21,0.614555,215216637,1.51,6.8,64.7,85.7,-14.3,36.78,3,11.7,19.1,12.0,0.9271,1.0,614904676,10.95,,,1a4ea6e4d77e,live,,,,,,,,,,,,,,,,,,,,,,,,,,,
2026-09-15,EURCV,162,62,21,1.15,190913144,26.57,1.6,0.6,-22.6,-16.5,-8.32,4,11.4,8.1,27.7,1.0,1.0,190913144,,,,1a4ea6e4d77e,live,,,,,,,,,,,,,,,,,,,,,,,,,,,
2026-09-15,OKB,33,63,21,112.61,2365090322,0.75,-0.6,3.0,-13.5,30.3,3.26,4,16.9,12.2,12.0,1.0,1.0,2365090322,-4.2705,75.09,0.5289,1a4ea6e4d77e,live,,,,,,,,,,,,,,,,,,,,,,,,,,,
2026-09-15,OP,147,64,21,0.098788,227181952,40.77,-7.8,5.7,-5.1,-36.3,-9.45,4,11.8,7.8,28.3,0.9527,1.0,424303556,10.95,,,1a4ea6e4d77e,live,,,,,,,,,,,,,,,,,,,,,,,,,,,
2026-09-15,PENGU,104,65,21,0.00698551,439168330,27.1,-13.7,-17.4,-5.0,-15.9,-12.89,4,13.2,6.7,28.1,0.99,1.0,536016947,-3.504,25.67,-0.2187,1a4ea6e4d77e,live,,,,,,,,,,,,,,,,,,,,,,,,,,,
2026-09-15,PIEVERSE,119,66,21,1.18,323000273,1.11,-1.9,11.6,15.7,113.6,28.98,4,12.5,18.4,12.0,0.9179,1.0,1175615189,10.95,87.49,,1a4ea6e4d77e,live,,,,,,,,,,,,,,,,,,,,,,,,,,,
2026-09-15,RLUSD,34,67,21,0.99994,2363316529,11.69,2.2,1.1,-22.4,-14.3,-7.52,4,16.9,8.4,17.8,1.0,1.0,2363316529,,42.29,0.0039,1a4ea6e4d77e,live,,,,,,,,,,,,,,,,,,,,,,,,,,,
2026-09-15,B,153,68,20,0.203026,203043789,3.05,15.9,50.4,17.3,0.9,21.88,4,11.5,17.3,12.0,1.0,1.0,203043789,10.95,,,1a4ea6e4d77e,live,,,,,,,,,,,,,,,,,,,,,,,,,,,
2026-09-15,DGAI,230,69,20,0.750937,112690567,25.71,1.7,12.8,-22.4,-14.3,-4.75,2,10.3,9.3,27.1,0.9059,1.0,751270446,10.95,,,1a4ea6e4d77e,live,,,,,,,,,,,,,,,,,,,,,,,,,,,
2026-09-15,GOMINING,200,70,20,0.360644,145170078,11.95,1.2,6.8,3.4,0.6,3.03,4,10.8,12.1,18.0,1.0,1.0,145170078,,,,1a4ea6e4d77e,live,,,,,,,,,,,,,,,,,,,,,,,,,,,
2026-09-15,PRL,195,71,20,0.598851,152771358,0.71,65.6,91.4,96.1,-14.3,63.69,3,10.9,19.9,12.0,0.904,1.0,1257891223,10.95,,,1a4ea6e4d77e,live,,,,,,,,,,,,,,,,,,,,,,,,,,,
2026-09-15,AERO,90,72,19,0.548186,542163661,4.26,-12.3,14.7,14.7,15.7,6.8,4,13.7,13.4,12.8,0.9477,1.0,1084871489,10.95,,,1a4ea6e4d77e,live,,,,,,,,,,,,,,,,,,,,,,,,,,,
2026-09-15,BC,222,73,19,0.03693563,118597409,0.07,8.6,27.4,6.5,403.7,91.8,4,10.4,20.0,12.0,0.926,1.0,347602792,,97.78,0.5603,1a4ea6e4d77e,live,,,,,,,,,,,,,,,,,,,,,,,,,,,
2026-09-15,DOT,42,74,19,0.988904,1684126530,8.23,-6.3,17.5,8.6,-52.6,-5.88,4,16.1,8.9,15.5,1.0,1.0,1684133598,-3.504,68.23,,1a4ea6e4d77e,live,,,,,,,,,,,,,,,,,,,,,,,,,,,
2026-09-15,RUNE,181,75,19,0.505576,166163334,14.09,6.7,7.1,0.2,-22.8,-0.73,4,11.1,10.7,19.4,1.0,1.0,178946764,10.95,,,1a4ea6e4d77e,live,,,,,,,,,,,,,,,,,,,,,,,,,,,
2026-09-15,TAO,31,76,19,224.02,2540976828,5.88,-9.3,1.3,-6.9,5.3,-3.13,4,17.0,9.9,13.9,0.9534,1.0,4705659571,-2.628,42.11,1.2173,1a4ea6e4d77e,live,,,,,,,,,,,,,,,,,,,,,,,,,,,
2026-09-15,APEPE,134,77,18,1.21e-06,255074548,3.83,4.7,20.2,10.0,1.6,9.28,4,12.0,14.2,12.6,1.0,1.0,255074548,,,,1a4ea6e4d77e,live,,,,,,,,,,,,,,,,,,,,,,,,,,,
2026-09-15,AVAX,24,78,18,7.47,3305016760,7.71,-5.1,5.0,-3.8,-33.8,-7.99,4,17.6,8.2,15.1,1.0,1.0,3504195748,-2.2995,73.66,,1a4ea6e4d77e,live,,,,,,,,,,,,,,,,,,,,,,,,,,,
2026-09-15,FET,110,79,18,0.15723,363414753,18.36,-12.8,5.6,4.1,-42.9,-10.0,4,12.8,7.6,22.2,0.9937,1.0,426741024,-23.1045,,,1a4ea6e4d77e,live,,,,,,,,,,,,,,,,,,,,,,,,,,,
2026-09-15,POL,61,80,18,0.096538,1034340840,5.7,2.4,6.3,6.1,-30.1,-2.2,4,15.1,10.2,13.8,1.0,1.0,1034340840,10.95,32.14,2.8236,1a4ea6e4d77e,live,,,,,,,,,,,,,,,,,,,,,,,,,,,
2026-09-15,SKR,218,81,18,0.01755962,122751975,7.05,-17.4,-34.8,124.2,-30.6,11.01,4,10.4,14.7,14.7,0.9699,1.0,185966378,10.95,11.52,,1a4ea6e4d77e,live,,,,,,,,,,,,,,,,,,,,,,,,,,,
2026-09-15,VET,83,82,18,0.00734231,631285104,1.63,-2.7,11.0,42.3,-38.2,4.88,4,14.0,12.7,12.0,1.0,1.0,631285104,10.95,,,1a4ea6e4d77e,live,,,,,,,,,,,,,,,,,,,,,,,,,,,
2026-09-15,WIF,171,83,18,0.179011,178810690,24.89,-16.3,-7.0,9.2,-33.1,-10.96,4,11.3,7.3,26.6,1.0,1.0,178810690,-19.272,36.43,-0.2345,1a4ea6e4d77e,live,,,,,,,,,,,,,,,,,,,,,,,,,,,
2026-09-15,KOGE,142,84,17,69.2,233893200,0.02,0.7,10.2,7.7,29.8,10.65,4,11.8,14.6,12.0,1.0,1.0,233893200,,,,1a4ea6e4d77e,live,,,,,,,,,,,,,,,,,,,,,,,,,,,
2026-09-15,MET,232,85,17,0.202509,111637435,10.78,5.4,6.8,3.0,-4.3,3.21,4,10.2,12.1,17.2,0.9551,1.0,202065374,10.95,,,1a4ea6e4d77e,live,,,,,,,,,,,,,,,,,,,,,,,,,,,
2026-09-15,ONDO,41,86,17,0.34644,1686802920,5.05,-6.4,2.2,-15.1,14.2,-2.3,4,16.1,10.2,13.4,0.9459,1.0,3464137152,-8.979,,,1a4ea6e4d77e,live,,,,,,,,,,,,,,,,,,,,,,,,,,,
2026-09-15,TRUMP,92,87,17,1.96,535261045,32.69,-10.9,-15.0,19.5,-57.6,-13.66,4,13.6,6.5,25.1,0.9177,1.0,1959678876,-13.578,53.77,2.0936,1a4ea6e4d77e,live,,,,,,,,,,,,,,,,,,,,,,,,,,,
2026-09-15,ZAMA,229,88,17,0.04567596,113992338,7.17,-8.9,-5.7,-10.6,82.1,9.68,4,10.3,14.3,14.8,0.9121,1.0,516345024,10.95,,,1a4ea6e4d77e,live,,,,,,,,,,,,,,,,,,,,,,,,,,,
2026-09-15,ZEN,228,89,17,6.22,114130437,7.27,-8.6,13.2,36.0,-5.8,8.56,4,10.3,14.0,14.8,0.9961,0.933,130753753,85.9785,48.03,,1a4ea6e4d77e,live,,,,,,,,,,,,,,,,,,,,,,,,,,,
2026-09-15,CARDS,219,90,16,0.129237,122421451,3.32,-4.2,-38.0,-55.4,192.4,13.87,4,10.4,15.5,12.2,0.9448,1.0,255536403,,41.0,12.1067,1a4ea6e4d77e,live,,,,,,,,,,,,,,,,,,,,,,,,,,,
2026-09-15,JTO,146,91,16,0.44044,229960576,12.43,2.0,5.0,-47.0,24.7,-4.96,4,11.8,9.2,18.3,0.9508,1.0,440928407,0.5475,26.8,0.1634,1a4ea6e4d77e,live,,,,,,,,,,,,,,,,,,,,,,,,,,,
2026-09-15,KAS,66,92,16,0.03369569,932670683,1.2,-0.8,23.8,9.3,-43.3,-0.62,4,14.8,10.8,12.0,1.0,1.0,932708013,10.95,,,1a4ea6e4d77e,live,,,,,,,,,,,,,,,,,,,,,,,,,,,
2026-09-15,PYTH,106,93,16,0.053595,422141887,4.66,1.5,10.0,15.2,-26.4,1.47,4,13.1,11.5,13.1,0.9862,1.0,536055876,-17.52,,,1a4ea6e4d77e,live,,,,,,,,,,,,,,,,,,,,,,,,,,,
2026-09-15,RAIL,220,94,16,2.02,121069407,0.16,-10.1,2.0,23.4,47.1,12.74,4,10.4,15.2,12.0,1.0,1.0,121069407,,,,1a4ea6e4d77e,live,,,,,,,,,,,,,,,,,,,,,,,,,,,
2026-09-15,SPX,102,95,16,0.488186,454420392,1.46,-6.6,-14.1,30.6,2.2,2.59,4,13.3,11.9,12.0,1.0,1.0,454420392,10.95,43.42,6.6344,1a4ea6e4d77e,live,,,,,,,,,,,,,,,,,,,,,,,,,,,
2026-09-15,SUI,27,96,16,0.706004,2892710258,15.48,-12.0,-0.2,-17.3,-41.6,-16.29,4,17.3,5.8,20.3,0.9351,1.0,7061354882,7.3365,,,1a4ea6e4d77e,live,,,,,,,,,,,,,,,,,,,,,,,,,,,
2026-09-15,BTT,118,97,15,3.27948e-07,323507380,2.32,10.5,13.6,3.7,-22.0,3.08,4,12.5,12.1,12.0,1.0,1.0,324478230,,,,1a4ea6e4d77e,live,,,,,,,,,,,,,,,,,,,,,,,,,,,
2026-09-15,HBAR,23,98,15,0.076955,3372562631,2.02,-1.4,5.8,-2.9,-39.0,-7.5,4,17.6,8.4,12.0,0.9965,1.0,3847185289,10.95,,,1a4ea6e4d77e,live,,,,,,,,,,,,,,,,,,,,,,,,,,,
2026-09-15,IOTA,160,99,15,0.04143723,192209579,15.58,-0.4,6.4,8.3,-64.4,-9.33,4,11.4,7.8,20.4,1.0,1.0,206571727,10.95,,,1a4ea6e4d77e,live,,,,,,,,,,,,,,,,,,,,,,,,,,,
2026-09-15,USYC,30,100,15,1.14,2605584295,0.0,2.3,1.2,-22.1,-12.6,-7.05,4,17.1,8.5,12.0,1.0,1.0,2605584295,,100.0,0.0,1a4ea6e4d77e,live,,,,,,,,,,,,,,,,,,,,,,,,,,,
2026-09-15,AKT,192,101,14,0.521688,155484737,2.43,-4.8,5.9,-21.8,50.6,4.71,4,11.0,12.7,12.0,1.0,1.0,155494945,10.95,,,1a4ea6e4d77e,live,,,,,,,,,,,,,,,,,,,,,,,,,,,
2026-09-15,ASTER,38,102,14,0.686401,1856253717,4.5,-8.1,-0.1,-7.7,-15.2,-7.42,4,16.3,8.4,13.0,0.9267,1.0,5357161284,6.132,,,1a4ea6e4d77e,live,,,,,,,,,,,,,,,,,,,,,,,,,,,
2026-09-15,BTSE,173,103,14,1.078,174838514,0.32,25.1,37.0,-8.7,-44.8,5.65,4,11.2,13.0,12.0,0.9889,1.0,215768104,,,,1a4ea6e4d77e,live,,,,,,,,,,,,,,,,,,,,,,,,,,,
2026-09-15,BUIDL,29,104,14,1.0,2726116192,0.0,2.2,1.1,-22.4,-14.3,-7.52,4,17.2,8.4,12.0,1.0,1.0,2726116192,,50.0,0.0,1a4ea6e4d77e,live,,,,,,,,,,,,,,,,,,,,,,,,,,,
2026-09-15,CRVUSD,155,105,14,0.999982,202882531,11.27,2.2,1.1,-22.3,-13.7,-7.38,4,11.5,8.4,17.5,1.0,1.0,202536088,,,,1a4ea6e4d77e,live,,,,,,,,,,,,,,,,,,,,,,,,,,,
2026-09-15,EURC,99,106,14,1.15,468923061,8.08,1.5,0.6,-22.6,-16.5,-8.35,4,13.4,8.1,15.4,1.0,1.0,468855150,-16.644,,,1a4ea6e4d77e,live,,,,,,,,,,,,,,,,,,,,,,,,,,,
2026-09-15,LDO,127,107,14,0.355881,296841011,13.82,-7.1,-0.2,-2.1,-46.4,-11.98,4,12.4,7.0,19.2,0.9917,1.0,355859905,10.95,,,1a4ea6e4d77e,live,,,,,,,,,,,,,,,,,,,,,,,,,,,
2026-09-15,MNT,39,108,14,0.55808,1842676651,1.39,-8.7,4.7,5.7,-26.6,-5.33,4,16.3,9.1,12.0,0.9521,1.0,3470371964,10.95,,,1a4ea6e4d77e,live,,,,,,,,,,,,,,,,,,,,,,,,,,,
2026-09-15,MON,133,109,14,0.02220786,262632409,19.86,-11.2,-14.8,-15.4,-9.1,-12.73,4,12.1,6.8,23.2,0.9037,1.0,2236129406,10.95,33.85,-0.3314,1a4ea6e4d77e,live,,,,,,,,,,,,,,,,,,,,,,,,,,,
2026-09-15,SHIB,26,110,14,5.13e-06,3025233025,2.23,-3.7,2.0,-6.6,-32.1,-8.68,4,17.4,8.0,12.0,1.0,1.0,3026551753,4.9275,,,1a4ea6e4d77e,live,,,,,,,,,,,,,,,,,,,,,,,,,,,
2026-09-15,USDY,35,111,14,1.15,2232589658,0.17,2.5,1.2,-21.9,-11.4,-6.71,4,16.7,8.6,12.0,1.0,1.0,2232589658,,100.0,0.0,1a4ea6e4d77e,live,,,,,,,,,,,,,,,,,,,,,,,,,,,
2026-09-15,WLD,53,112,14,0.373376,1342040065,11.02,-20.4,4.6,-14.6,-20.9,-12.8,4,15.6,6.8,17.3,0.9284,1.0,3733847441,10.074,46.03,-0.2796,1a4ea6e4d77e,live,,,,,,,,,,,,,,,,,,,,,,,,,,,
2026-09-15,XTZ,130,113,14,0.25898,284043279,3.46,11.6,22.6,10.4,-52.0,1.33,4,12.3,11.5,12.3,1.0,1.0,289220232,10.95,,,1a4ea6e4d77e,live,,,,,,,,,,,,,,,,,,,,,,,,,,,
2026-09-15,A,208,114,13,0.080306,133865169,3.59,1.3,9.2,8.0,-15.6,1.57,4,10.6,11.6,12.4,0.9869,1.0,168623923,10.95,,,1a4ea6e4d77e,live,,,,,,,,,,,,,,,,,,,,,,,,,,,
2026-09-15,ALGO,69,115,13,0.094191,851593706,4.29,-1.2,6.2,-3.3,-40.1,-7.66,4,14.7,8.3,12.9,1.0,1.0,851604846,10.95,,,1a4ea6e4d77e,live,,,,,,,,,,,,,,,,,,,,,,,,,,,
2026-09-15,ATOM,70,116,13,1.58,837287238,6.03,-2.7,8.6,-15.9,-37.4,-10.12,4,14.6,7.5,14.0,1.0,1.0,837295822,10.95,,,1a4ea6e4d77e,live,,,,,,,,,,,,,,,,,,,,,,,,,,,
2026-09-15,BFUSD,56,117,13,0.999549,1319429251,0.31,2.2,1.1,-22.4,-14.3,-7.52,4,15.6,8.4,12.0,1.0,1.0,1319429251,,,,1a4ea6e4d77e,live,,,,,,,,,,,,,,,,,,,,,,,,,,,
2026-09-15,BGB,52,118,13,1.93,1352423193,0.81,-1.4,1.4,-5.7,-28.4,-7.17,4,15.7,8.5,12.0,0.9838,1.0,1759949351,,,,1a4ea6e4d77e,live,,,,,,,,,,,,,,,,,,,,,,,,,,,
2026-09-15,CRO,28,119,13,0.05725,2780234792,0.31,-0.9,3.7,-1.7,-49.2,-9.61,4,17.2,7.7,12.0,0.9465,1.0,5664135815,10.95,,,1a4ea6e4d77e,live,,,,,,,,,,,,,,,,,,,,,,,,,,,
2026-09-15,ETC,57,120,13,7.38,1166516868,3.84,-7.9,3.3,-2.4,-31.8,-8.5,4,15.3,8.1,12.6,1.0,1.0,1166516868,-22.6665,,,1a4ea6e4d77e,live,,,,,,,,,,,,,,,,,,,,,,,,,,,
2026-09-15,EURSAFO,51,121,13,1.17,1376018896,0.0,1.6,0.7,-22.5,-14.3,-7.83,3,15.7,8.3,12.0,1.0,1.0,1376018896,,,,1a4ea6e4d77e,live,,,,,,,,,,,,,,,,,,,,,,,,,,,
2026-09-15,GLM,225,122,13,0.116406,116412350,5.82,5.4,9.9,8.6,-30.4,0.17,4,10.3,11.1,13.9,1.0,1.0,116412350,10.95,,,1a4ea6e4d77e,live,,,,,,,,,,,,,,,,,,,,,,,,,,,
2026-09-15,GRAM,22,123,13,1.34,3735183681,0.62,-1.8,-0.1,-22.3,-14.9,-9.12,4,17.9,7.9,12.0,0.9522,1.0,7028942153,-18.396,,,1a4ea6e4d77e,live,,,,,,,,,,,,,,,,,,,,,,,,,,,
2026-09-15,HTX,44,124,13,1.69e-06,1519242436,2.59,2.1,4.2,-27.8,-10.1,-7.29,4,15.9,8.4,12.0,1.0,1.0,1519242436,,21.18,-0.0866,1a4ea6e4d77e,live,,,,,,,,,,,,,,,,,,,,,,,,,,,
2026-09-15,ICP,48,125,13,2.56,1423941714,2.93,-14.4,8.7,-9.0,-17.4,-7.88,4,15.8,8.3,12.0,1.0,1.0,1423941714,-16.5345,,,1a4ea6e4d77e,live,,,,,,,,,,,,,,,,,,,,,,,,,,,
2026-09-15,OHM,124,126,13,20.27,302484263,0.07,1.4,2.2,-12.4,1.3,-1.87,4,12.4,10.3,12.0,0.9819,1.0,401886487,,,,1a4ea6e4d77e,live,,,,,,,,,,,,,,,,,,,,,,,,,,,
2026-09-15,SKY,46,127,13,0.062104,1455137731,0.94,-6.3,-6.8,-2.0,-22.9,-8.67,4,15.8,8.0,12.0,1.0,1.0,1457221631,10.95,,,1a4ea6e4d77e,live,,,,,,,,,,,,,,,,,,,,,,,,,,,
2026-09-15,THETA,164,128,13,0.184457,184448826,2.57,2.3,11.4,11.0,-19.7,2.35,4,11.3,11.8,12.0,1.0,1.0,184448826,10.95,,,1a4ea6e4d77e,live,,,,,,,,,,,,,,,,,,,,,,,,,,,
2026-09-15,TIBBIR,149,129,13,0.22005,220105948,1.26,5.0,-9.9,-1.2,9.7,0.67,4,11.7,11.2,12.0,1.0,1.0,220105948,,49.75,-2.439,1a4ea6e4d77e,live,,,,,,,,,,,,,,,,,,,,,,,,,,,
2026-09-15,USDF,54,130,13,0.996276,1339551580,0.06,2.2,1.1,-22.4,-14.4,-7.54,4,15.6,8.4,12.0,1.0,1.0,1339566575,,,,1a4ea6e4d77e,live,,,,,,,,,,,,,,,,,,,,,,,,,,,
2026-09-15,USDGO,50,131,13,1.0,1381917369,2.14,2.2,1.1,-22.4,-14.3,-7.52,3,15.7,8.4,12.0,1.0,1.0,1381917369,,,,1a4ea6e4d77e,live,,,,,,,,,,,,,,,,,,,,,,,,,,,
2026-09-15,APT,95,132,12,0.56899,495308581,12.5,-10.7,10.0,-13.1,-56.5,-15.29,4,13.5,6.1,18.3,0.9778,1.0,687925851,-7.5555,,,1a4ea6e4d77e,live,,,,,,,,,,,,,,,,,,,,,,,,,,,
2026-09-15,BSV,111,133,12,16.69,334979379,1.95,0.9,7.5,-13.7,-12.6,-3.8,4,12.6,9.6,12.0,1.0,1.0,334984070,10.95,,,1a4ea6e4d77e,live,,,,,,,,,,,,,,,,,,,,,,,,,,,
2026-09-15,CASHCAT,193,134,12,0.156979,154971099,12.1,-12.6,-24.5,5.5,-14.3,-11.39,3,11.0,7.2,18.1,1.0,1.0,154971099,10.95,33.66,-0.4903,1a4ea6e4d77e,live,,,,,,,,,,,,,,,,,,,,,,,,,,,
2026-09-15,DCR,129,135,12,16.52,290583370,0.43,8.4,15.2,15.4,-66.7,-3.17,4,12.3,9.9,12.0,1.0,1.0,290609347,,,,1a4ea6e4d77e,live,,,,,,,,,,,,,,,,,,,,,,,,,,,
2026-09-15,EUTBL,72,136,12,1.22,801486471,0.0,1.6,0.7,-22.5,-15.4,-8.05,4,14.5,8.2,12.0,1.0,1.0,801486471,,,,1a4ea6e4d77e,live,,,,,,,,,,,,,,,,,,,,,,,,,,,
2026-09-15,GHO,81,137,12,0.998782,698161986,1.04,2.2,1.1,-22.4,-14.4,-7.54,4,14.2,8.4,12.0,1.0,1.0,698161986,,,,1a4ea6e4d77e,live,,,,,,,,,,,,,,,,,,,,,,,,,,,
2026-09-15,JAAA,78,138,12,1.05,715044711,0.0,2.3,1.3,-22.0,-12.1,-6.9,4,14.3,8.6,12.0,1.0,1.0,715044711,,,,1a4ea6e4d77e,live,,,,,,,,,,,,,,,,,,,,,,,,,,,
2026-09-15,JTRSY,80,139,12,1.12,700205978,0.0,2.3,1.2,-22.1,-12.4,-7.01,4,14.2,8.5,12.0,1.0,1.0,700205978,,,,1a4ea6e4d77e,live,,,,,,,,,,,,,,,,,,,,,,,,,,,
2026-09-15,KMNO,205,140,12,0.02485869,137520974,1.82,2.2,5.6,16.2,-19.8,2.15,4,10.7,11.8,12.0,0.9552,1.0,248582075,10.95,,,1a4ea6e4d77e,live,,,,,,,,,,,,,,,,,,,,,,,,,,,
2026-09-15,MORPHO,45,141,12,2.14,1476810523,1.14,-8.7,-15.0,-14.2,2.5,-9.41,4,15.8,7.8,12.0,0.9738,1.0,2142992559,10.95,31.97,-0.3349,1a4ea6e4d77e,live,,,,,,,,,,,,,,,,,,,,,,,,,,,
2026-09-15,NEXO,71,142,12,0.803764,803756258,0.63,-0.4,-3.3,-7.4,-24.2,-7.64,4,14.5,8.3,12.0,1.0,1.0,803756258,,,,1a4ea6e4d77e,live,,,,,,,,,,,,,,,,,,,,,,,,,,,
2026-09-15,QNT,67,143,12,62.78,913587417,0.83,-4.5,3.1,-13.6,-22.7,-8.52,4,14.8,8.0,12.0,1.0,1.0,917878715,10.95,,,1a4ea6e4d77e,live,,,,,,,,,,,,,,,,,,,,,,,,,,,
2026-09-15,REUSD,132,144,12,1.1,268877666,1.95,2.3,1.5,-21.9,9.6,-2.49,4,12.1,10.1,12.0,1.0,1.0,268877676,,,,1a4ea6e4d77e,live,,,,,,,,,,,,,,,,,,,,,,,,,,,
2026-09-15,SHFL,197,145,12,0.313094,149952677,0.3,5.6,4.6,-16.6,18.7,2.42,4,10.9,11.9,12.0,0.9505,1.0,288490263,,,,1a4ea6e4d77e,live,,,,,,,,,,,,,,,,,,,,,,,,,,,
2026-09-15,SUN,117,146,12,0.01692406,325123807,4.59,2.3,4.2,-27.6,-10.1,-7.18,4,12.6,8.5,13.1,1.0,1.0,336600762,-43.8,,,1a4ea6e4d77e,live,,,,,,,,,,,,,,,,,,,,,,,,,,,
2026-09-15,TWT,150,147,12,0.525877,219353944,2.87,-5.9,0.2,11.0,-9.4,-0.85,4,11.7,10.7,12.0,0.9361,1.0,526470651,10.95,,,1a4ea6e4d77e,live,,,,,,,,,,,,,,,,,,,,,,,,,,,
2026-09-15,USTB,74,148,12,11.21,751761540,0.0,2.3,1.2,-22.1,-12.4,-7.01,4,14.4,8.5,12.0,1.0,1.0,751761540,,,,1a4ea6e4d77e,live,,,,,,,,,,,,,,,,,,,,,,,,,,,
2026-09-15,XPL,148,149,12,0.081096,225273256,15.96,-13.0,3.3,-16.2,-31.7,-13.46,4,11.8,6.6,20.6,0.9182,1.0,810983721,-4.161,49.32,-1.8741,1a4ea6e4d77e,live,,,,,,,,,,,,,,,,,,,,,,,,,,,
2026-09-15,YLDS,94,150,12,0.999724,509385122,4.04,2.2,1.1,-22.4,-14.3,-7.52,4,13.5,8.4,12.7,1.0,1.0,509385122,,,,1a4ea6e4d77e,live,,,,,,,,,,,,,,,,,,,,,,,,,,,
2026-09-15,A7A5,100,151,11,0.01180875,463311503,0.0,4.6,3.3,-19.5,-21.9,-7.05,4,13.3,8.5,12.0,1.0,1.0,463311503,,,,1a4ea6e4d77e,live,,,,,,,,,,,,,,,,,,,,,,,,,,,
2026-09-15,APXUSD,122,152,11,0.979236,318132093,2.3,3.4,2.8,-18.0,-14.3,-5.64,3,12.5,9.0,12.0,1.0,1.0,318118632,,,,1a4ea6e4d77e,live,,,,,,,,,,,,,,,,,,,,,,,,,,,
2026-09-15,AWE,217,153,11,0.063211,122771964,4.27,7.0,2.8,-25.0,-1.5,-3.75,4,10.4,9.7,12.8,1.0,1.0,122771964,10.95,,,1a4ea6e4d77e,live,,,,,,,,,,,,,,,,,,,,,,,,,,,
2026-09-15,BAT,233,154,11,0.073947,110584969,7.83,1.4,9.4,1.9,-47.2,-6.2,4,10.2,8.8,15.2,1.0,1.0,110901062,10.95,,,1a4ea6e4d77e,live,,,,,,,,,,,,,,,,,,,,,,,,,,,
2026-09-15,COCO,178,155,11,0.167334,167342193,0.02,-1.1,2.4,-26.6,11.3,-4.12,4,11.1,9.5,12.0,1.0,1.0,167342193,,,,1a4ea6e4d77e,live,,,,,,,,,,,,,,,,,,,,,,,,,,,
2026-09-15,COMP,161,156,11,19.19,192046570,4.69,-8.2,2.3,-3.6,-20.2,-6.83,4,11.4,8.6,13.1,1.0,1.0,192046570,10.95,,,1a4ea6e4d77e,live,,,,,,,,,,,,,,,,,,,,,,,,,,,
2026-09-15,EGLD,216,157,11,4.01,123657435,4.59,-10.8,6.0,33.2,-49.1,-3.26,4,10.5,9.8,13.1,1.0,1.0,123657435,-9.3075,,,1a4ea6e4d77e,live,,,,,,,,,,,,,,,,,,,,,,,,,,,
2026-09-15,GRASS,151,158,11,0.320156,216582797,7.49,-2.6,-6.0,-25.4,0.4,-8.55,4,11.7,8.0,15.0,0.9722,1.0,319904845,5.913,,,1a4ea6e4d77e,live,,,,,,,,,,,,,,,,,,,,,,,,,,,
2026-09-15,LUNC,131,159,11,4.949e-05,273161354,2.06,-5.5,0.1,-18.1,3.2,-5.51,4,12.2,9.0,12.0,0.9941,1.0,319197356,7.446,,,1a4ea6e4d77e,live,,,,,,,,,,,,,,,,,,,,,,,,,,,
2026-09-15,M,32,160,11,1.11,2512727682,0.09,-3.2,3.2,-24.4,-32.4,-12.74,4,17.0,6.8,12.0,0.9365,1.0,5985384922,10.95,,,1a4ea6e4d77e,live,,,,,,,,,,,,,,,,,,,,,,,,,,,
2026-09-15,OUSG,114,161,11,116.56,331069480,0.0,2.3,1.2,-22.1,-12.4,-7.01,4,12.6,8.5,12.0,1.0,1.0,331069480,,,,1a4ea6e4d77e,live,,,,,,,,,,,,,,,,,,,,,,,,,,,
2026-09-15,RENDER,79,162,11,1.36,704931178,5.24,-8.7,-3.0,-14.1,-26.9,-12.27,4,14.2,6.9,13.5,1.0,1.0,724987814,-63.072,,,1a4ea6e4d77e,live,,,,,,,,,,,,,,,,,,,,,,,,,,,
2026-09-15,SYRUP,138,163,11,0.204789,239089575,2.36,-9.7,12.1,7.0,-28.6,-3.86,4,11.9,9.6,12.0,1.0,1.0,254944369,10.95,,,1a4ea6e4d77e,live,,,,,,,,,,,,,,,,,,,,,,,,,,,
2026-09-15,USD0,89,164,11,0.998968,547021945,0.24,2.3,1.1,-22.3,-14.2,-7.45,4,13.7,8.4,12.0,1.0,1.0,547021945,,,,1a4ea6e4d77e,live,,,,,,,,,,,,,,,,,,,,,,,,,,,
2026-09-15,USDTB,97,165,11,0.999511,482576705,0.13,2.2,1.1,-22.4,-14.4,-7.54,4,13.4,8.4,12.0,1.0,1.0,482576705,,,,1a4ea6e4d77e,live,,,,,,,,,,,,,,,,,,,,,,,,,,,
2026-09-15,ZBCN,166,166,11,0.00184142,184162847,4.12,6.3,1.5,-3.4,-35.0,-5.58,4,11.3,9.0,12.7,1.0,1.0,184162847,10.95,,,1a4ea6e4d77e,live,,,,,,,,,,,,,,,,,,,,,,,,,,,
2026-09-15,APYUSD,170,167,10,1.37,182175742,1.73,2.5,1.8,-18.1,-14.3,-6.18,3,11.3,8.8,12.0,1.0,1.0,180779061,,,,1a4ea6e4d77e,live,,,,,,,,,,,,,,,,,,,,,,,,,,,
2026-09-15,AUSD,136,168,10,0.999704,243201669,2.91,2.2,1.1,-22.3,-14.3,-7.5,4,11.9,8.4,12.0,1.0,1.0,243201669,,,,1a4ea6e4d77e,live,,,,,,,,,,,,,,,,,,,,,,,,,,,
2026-09-15,BDX,84,169,10,0.075444,593703884,1.72,-1.0,-3.7,-27.8,-19.2,-12.02,4,13.9,7.0,12.0,0.9867,1.0,749768528,,,,1a4ea6e4d77e,live,,,,,,,,,,,,,,,,,,,,,,,,,,,
2026-09-15,BORG,180,170,10,0.169615,166455412,0.12,-4.1,0.7,-1.2,-26.1,-6.58,4,11.1,8.7,12.0,1.0,1.0,166455412,,,,1a4ea6e4d77e,live,,,,,,,,,,,,,,,,,,,,,,,,,,,
2026-09-15,BP,224,171,10,0.469983,117501936,1.5,-11.9,16.3,8.5,-14.3,-0.23,3,10.4,10.9,12.0,0.9151,1.0,470007744,10.95,,,1a4ea6e4d77e,live,,,,,,,,,,,,,,,,,,,,,,,,,,,
2026-09-15,CASH,213,172,10,0.999379,127004555,6.05,2.2,1.1,-22.4,-14.3,-7.52,4,10.5,8.4,14.0,1.0,1.0,127004555,,,,1a4ea6e4d77e,live,,,,,,,,,,,,,,,,,,,,,,,,,,,
2026-09-15,CHZ,198,173,10,0.01412559,148610718,12.47,1.1,7.8,-8.9,-72.2,-14.39,4,10.9,6.3,18.3,1.0,1.0,148610718,10.95,,,1a4ea6e4d77e,live,,,,,,,,,,,,,,,,,,,,,,,,,,,
2026-09-15,FLOKI,144,174,10,2.408e-05,232320397,6.17,-6.7,1.1,-3.2,-42.2,-10.98,4,11.8,7.3,14.1,1.0,1.0,133478686,10.95,,,1a4ea6e4d77e,live,,,,,,,,,,,,,,,,,,,,,,,,,,,
2026-09-15,GNO,125,175,10,113.94,300746638,0.69,-0.7,-2.4,-11.9,-25.9,-8.96,4,12.4,7.9,12.0,0.9968,1.0,341810757,,,,1a4ea6e4d77e,live,,,,,,,,,,,,,,,,,,,,,,,,,,,
2026-09-15,GRT,159,176,10,0.01778182,194462286,5.14,-6.9,12.0,9.9,-65.2,-9.64,4,11.4,7.7,13.4,1.0,1.0,206400101,10.95,,,1a4ea6e4d77e,live,,,,,,,,,,,,,,,,,,,,,,,,,,,
2026-09-15,KCS,65,177,10,6.9,945755176,0.29,0.4,-1.8,-16.8,-41.0,-12.73,4,14.9,6.8,12.0,1.0,1.0,980232776,,,,1a4ea6e4d77e,live,,,,,,,,,,,,,,,,,,,,,,,,,,,
2026-09-15,MANA,201,178,10,0.073051,143031407,7.3,-1.7,2.9,-7.2,-46.6,-10.9,4,10.8,7.3,14.9,0.9983,1.0,160183310,10.95,,,1a4ea6e4d77e,live,,,,,,,,,,,,,,,,,,,,,,,,,,,
2026-09-15,PC0000031,156,179,10,1.0,202500000,0.0,2.2,1.1,-22.4,-14.3,-7.52,4,11.5,8.4,12.0,1.0,1.0,202500000,,,,1a4ea6e4d77e,live,,,,,,,,,,,,,,,,,,,,,,,,,,,
2026-09-15,SFP,206,180,10,0.274909,137458213,0.63,-1.0,6.0,-4.8,-18.4,-3.68,4,10.7,9.7,12.0,1.0,1.0,137458213,10.95,,,1a4ea6e4d77e,live,,,,,,,,,,,,,,,,,,,,,,,,,,,
2026-09-15,SOFID,120,181,10,0.999304,321648767,0.59,2.2,1.1,-22.4,-14.3,-7.52,3,12.5,8.4,12.0,1.0,1.0,321648767,,,,1a4ea6e4d77e,live,,,,,,,,,,,,,,,,,,,,,,,,,,,
2026-09-15,STRCX,191,182,10,105.8,155758837,0.77,2.1,2.4,-14.6,-8.3,-4.08,4,11.0,9.5,12.0,0.9506,1.0,299572070,,,,1a4ea6e4d77e,live,,,,,,,,,,,,,,,,,,,,,,,,,,,
2026-09-15,TIA,115,183,10,0.340706,329988318,10.28,-17.2,3.7,-7.7,-55.3,-17.22,4,12.6,5.6,16.9,0.9904,1.0,400984528,5.913,,,1a4ea6e4d77e,live,,,,,,,,,,,,,,,,,,,,,,,,,,,
2026-09-15,TRAC,203,184,10,0.315097,140933229,2.31,-4.0,-1.6,2.1,-20.4,-5.15,4,10.7,9.2,12.0,0.9984,1.0,157546819,,,,1a4ea6e4d77e,live,,,,,,,,,,,,,,,,,,,,,,,,,,,
2026-09-15,USDAI,123,185,10,0.999745,312325711,1.05,2.2,1.1,-22.4,-14.3,-7.52,4,12.5,8.4,12.0,1.0,1.0,312325711,,,,1a4ea6e4d77e,live,,,,,,,,,,,,,,,,,,,,,,,,,,,
2026-09-15,USTBL,175,186,10,1.096,172875007,0.0,2.3,1.2,-22.1,-12.4,-7.01,4,11.2,8.5,12.0,1.0,1.0,172875007,,,,1a4ea6e4d77e,live,,,,,,,,,,,,,,,,,,,,,,,,,,,
2026-09-15,USX,141,187,10,0.999363,235024138,0.36,2.2,1.1,-22.4,-14.3,-7.52,4,11.9,8.4,12.0,1.0,1.0,235024138,,,,1a4ea6e4d77e,live,,,,,,,,,,,,,,,,,,,,,,,,,,,
2026-09-15,VIRTUAL,108,188,10,0.60243,396830686,9.85,-14.3,-11.8,-13.3,-29.7,-16.51,4,13.0,5.8,16.6,0.9697,1.0,602732715,-9.855,54.35,,1a4ea6e4d77e,live,,,,,,,,,,,,,,,,,,,,,,,,,,,
2026-09-15,XDC,88,189,10,0.02878792,574355380,1.65,0.8,5.9,-15.0,-37.6,-9.55,4,13.8,7.7,12.0,0.9511,1.0,1096083285,10.95,,,1a4ea6e4d77e,live,,,,,,,,,,,,,,,,,,,,,,,,,,,
2026-09-15,XEC,199,190,10,7.32e-06,146146858,2.61,2.0,9.1,-8.1,-26.7,-4.49,4,10.8,9.4,12.0,1.0,1.0,146148746,,,,1a4ea6e4d77e,live,,,,,,,,,,,,,,,,,,,,,,,,,,,
2026-09-15,1INCH,211,191,9,0.090809,127669290,6.03,-0.7,3.6,-11.8,-49.3,-12.12,4,10.5,6.9,14.0,1.0,1.0,136246075,-3.6135,,,1a4ea6e4d77e,live,,,,,,,,,,,,,,,,,,,,,,,,,,,
2026-09-15,ALFW,227,192,9,3.2,114330001,0.0,2.2,1.1,-22.4,-14.3,-7.52,3,10.3,8.4,12.0,1.0,1.0,114330001,,,,1a4ea6e4d77e,live,,,,,,,,,,,,,,,,,,,,,,,,,,,
2026-09-15,AVUSD,210,193,9,0.999386,128350061,0.0,2.2,1.1,-22.2,-14.2,-7.46,4,10.5,8.4,12.0,1.0,1.0,128350061,,,,1a4ea6e4d77e,live,,,,,,,,,,,,,,,,,,,,,,,,,,,
2026-09-15,AXS,187,194,9,0.925393,161364477,7.52,-2.5,3.2,-16.6,-47.7,-13.64,4,11.0,6.5,15.0,0.968,1.0,249781077,10.95,,,1a4ea6e4d77e,live,,,,,,,,,,,,,,,,,,,,,,,,,,,
2026-09-15,CVX,168,195,9,1.96,182244122,3.08,-10.9,-15.2,-2.3,-6.1,-8.87,4,11.3,7.9,12.1,1.0,1.0,195533499,10.95,,,1a4ea6e4d77e,live,,,,,,,,,,,,,,,,,,,,,,,,,,,
2026-09-15,ENS,139,196,9,5.62,237097228,3.98,-6.6,-4.7,18.5,-49.4,-8.41,4,11.9,8.1,12.7,0.9368,1.0,562172446,10.95,,,1a4ea6e4d77e,live,,,,,,,,,,,,,,,,,,,,,,,,,,,
2026-09-15,FARTCOIN,202,197,9,0.140956,141002117,19.42,-16.3,-17.0,-23.4,-44.0,-23.79,4,10.7,4.3,22.9,1.0,1.0,141002117,10.95,33.47,-2.5101,1a4ea6e4d77e,live,,,,,,,,,,,,,,,,,,,,,,,,,,,
2026-09-15,JPYSC,209,198,9,0.00646286,129638946,0.0,1.6,4.4,-19.5,-14.3,-6.16,3,10.6,8.8,12.0,1.0,1.0,129638946,,,,1a4ea6e4d77e,live,,,,,,,,,,,,,,,,,,,,,,,,,,,
2026-09-15,MX,188,199,9,1.76,161241104,3.41,2.8,2.2,-14.8,-16.5,-5.61,4,11.0,9.0,12.3,0.9125,1.0,718135128,,,,1a4ea6e4d77e,live,,,,,,,,,,,,,,,,,,,,,,,,,,,
2026-09-15,NEO,196,200,9,2.16,152320133,2.4,0.9,7.9,7.4,-52.4,-6.39,4,10.9,8.8,12.0,0.9759,1.0,215965026,10.95,,,1a4ea6e4d77e,live,,,,,,,,,,,,,,,,,,,,,,,,,,,
2026-09-15,OZO,215,201,9,0.130441,125353664,0.16,2.0,1.1,-22.3,-15.0,-7.7,4,10.5,8.3,12.0,1.0,1.0,130449910,,,,1a4ea6e4d77e,live,,,,,,,,,,,,,,,,,,,,,,,,,,,
2026-09-15,PC0000023,226,202,9,1.0,114500000,0.0,2.2,1.1,-22.4,-14.3,-7.52,4,10.3,8.4,12.0,1.0,1.0,114500000,,,,1a4ea6e4d77e,live,,,,,,,,,,,,,,,,,,,,,,,,,,,
2026-09-15,PC0000033,185,203,9,1.0,162500000,0.0,2.2,1.1,-22.4,-14.3,-7.52,4,11.1,8.4,12.0,1.0,1.0,162500000,,,,1a4ea6e4d77e,live,,,,,,,,,,,,,,,,,,,,,,,,,,,
2026-09-15,PC0000097,207,204,9,1.0,134000000,0.0,2.2,1.1,-22.4,-14.3,-7.52,4,10.6,8.4,12.0,1.0,1.0,0.0,,,,1a4ea6e4d77e,live,,,,,,,,,,,,,,,,,,,,,,,,,,,
2026-09-15,PI,59,205,9,0.094825,1061526230,0.6,2.2,6.3,-11.0,-66.9,-13.9,4,15.1,6.5,12.0,0.9686,1.0,1633117276,-10.512,,,1a4ea6e4d77e,live,,,,,,,,,,,,,,,,,,,,,,,,,,,
2026-09-15,RLB,212,206,9,0.080934,127304256,0.11,-0.7,-1.3,-17.0,-4.6,-5.71,4,10.5,9.0,12.0,1.0,1.0,127310252,0.0,,,1a4ea6e4d77e,live,,,,,,,,,,,,,,,,,,,,,,,,,,,
2026-09-15,SAFO,179,207,9,1.021,166785377,0.0,2.3,1.3,-22.1,-14.3,-7.37,3,11.1,8.4,12.0,1.0,1.0,166785377,,,,1a4ea6e4d77e,live,,,,,,,,,,,,,,,,,,,,,,,,,,,
2026-09-15,STRK,158,208,9,0.02781034,199699931,6.3,-10.1,8.0,-1.0,-56.7,-12.62,4,11.5,6.8,14.2,0.9775,1.0,278074681,10.95,,,1a4ea6e4d77e,live,,,,,,,,,,,,,,,,,,,,,,,,,,,
2026-09-15,THBILL,223,209,9,1.018,117879618,0.0,2.6,1.5,-22.3,-13.8,-7.18,4,10.4,8.5,12.0,1.0,1.0,117879618,,,,1a4ea6e4d77e,live,,,,,,,,,,,,,,,,,,,,,,,,,,,
2026-09-15,USAT,165,210,9,0.999358,184200534,0.31,2.2,1.1,-22.3,-14.3,-7.5,4,11.3,8.4,12.0,1.0,1.0,184200534,,,,1a4ea6e4d77e,live,,,,,,,,,,,,,,,,,,,,,,,,,,,
2026-09-15,WLFI,40,211,9,0.057032,1812884625,1.8,4.5,2.1,-23.9,-64.5,-17.0,4,16.3,5.7,12.0,0.923,1.0,5704957637,-0.219,,,1a4ea6e4d77e,live,,,,,,,,,,,,,,,,,,,,,,,,,,,
2026-09-15,ZRO,113,212,9,0.939139,331863095,10.74,-14.1,-4.4,0.3,-59.8,-17.21,4,12.6,5.6,17.2,0.9276,1.0,939288363,-11.169,,,1a4ea6e4d77e,live,,,,,,,,,,,,,,,,,,,,,,,,,,,
2026-09-15,APE,214,213,8,0.12634,126353002,9.67,-11.6,-6.1,-18.9,-45.6,-18.85,4,10.5,5.3,16.4,1.0,1.0,126353002,10.95,,,1a4ea6e4d77e,live,,,,,,,,,,,,,,,,,,,,,,,,,,,
2026-09-15,CC,21,214,8,0.095088,3765876352,0.23,-7.3,-19.4,-23.1,-59.2,-24.66,4,17.9,4.2,12.0,1.0,1.0,3765876352,10.95,27.89,-1.1432,1a4ea6e4d77e,live,,,,,,,,,,,,,,,,,,,,,,,,,,,
2026-09-15,EIGEN,167,215,8,0.198481,183172573,9.16,-6.8,2.7,-3.8,-70.9,-16.5,4,11.3,5.8,16.1,0.9479,1.0,365675760,10.95,,,1a4ea6e4d77e,live,,,,,,,,,,,,,,,,,,,,,,,,,,,
2026-09-15,FLR,87,216,8,0.00660968,574710621,0.86,3.7,-0.8,-10.7,-73.5,-16.46,4,13.8,5.8,12.0,0.9896,1.0,704286968,10.95,,,1a4ea6e4d77e,live,,,,,,,,,,,,,,,,,,,,,,,,,,,
2026-09-15,KAU,116,217,8,137.68,328551642,0.03,-0.5,-0.4,-25.7,-31.4,-12.96,4,12.6,6.7,12.0,0.9616,1.0,548860653,,,,1a4ea6e4d77e,live,,,,,,,,,,,,,,,,,,,,,,,,,,,
2026-09-15,SEI,128,218,8,0.04343395,292420748,10.66,-9.2,-1.0,-12.6,-76.3,-21.42,4,12.3,4.7,17.1,0.9717,1.0,434288240,-25.0755,,,1a4ea6e4d77e,live,,,,,,,,,,,,,,,,,,,,,,,,,,,
2026-09-15,VSN,190,219,8,0.04165384,156170851,1.4,6.5,1.7,-7.4,-56.4,-10.76,4,11.0,7.4,12.0,0.9985,1.0,174492206,,,,1a4ea6e4d77e,live,,,,,,,,,,,,,,,,,,,,,,,,,,,
2026-09-15,BONK,143,220,7,2.65e-06,233497114,10.34,-13.0,-12.5,-8.5,-71.5,-23.45,4,11.8,4.4,16.9,1.0,1.0,233497116,10.95,,,1a4ea6e4d77e,live,,,,,,,,,,,,,,,,,,,,,,,,,,,
2026-09-15,KAG,140,221,7,63.24,235381289,0.03,-2.2,-1.0,-25.9,-43.9,-16.16,4,11.9,5.9,12.0,1.0,1.0,232379474,,,,1a4ea6e4d77e,live,,,,,,,,,,,,,,,,,,,,,,,,,,,
2026-09-15,NIGHT,112,222,7,0.02012585,334247238,1.48,-11.8,10.7,-5.8,-80.7,-18.45,4,12.6,5.3,12.0,0.9741,1.0,483033708,-1.314,,,1a4ea6e4d77e,live,,,,,,,,,,,,,,,,,,,,,,,,,,,
2026-09-15,STABLE,75,223,7,0.0275777,726436713,1.29,-2.2,-3.6,-30.2,-38.9,-16.89,4,14.3,5.7,12.0,0.9166,1.0,2757922222,10.95,23.27,0.5363,1a4ea6e4d77e,live,,,,,,,,,,,,,,,,,,,,,,,,,,,
2026-09-15,CFX,137,224,6,0.04626227,242409518,1.56,-4.7,1.7,-11.4,-71.1,-18.05,4,11.9,5.4,12.0,1.0,1.0,242416347,10.95,,,1a4ea6e4d77e,live,,,,,,,,,,,,,,,,,,,,,,,,,,,
2026-09-15,HASH,105,225,6,0.00737881,427382186,0.0,2.0,-11.7,-27.3,-69.5,-23.05,4,13.2,4.5,12.0,0.9631,1.0,700820752,,,,1a4ea6e4d77e,live,,,,,,,,,,,,,,,,,,,,,,,,,,,
2026-09-15,KAIA,169,226,6,0.02838158,182218786,2.52,-6.3,-4.1,-6.3,-71.1,-18.71,4,11.3,5.3,12.0,1.0,1.0,182220903,10.95,,,1a4ea6e4d77e,live,,,,,,,,,,,,,,,,,,,,,,,,,,,
2026-09-15,NFT,145,227,6,2.34357e-07,232173313,3.12,2.2,-1.8,-39.0,-44.3,-18.4,4,11.8,5.4,12.1,1.0,1.0,232173313,,,,1a4ea6e4d77e,live,,,,,,,,,,,,,,,,,,,,,,,,,,,
2026-09-15,SNX,221,228,6,0.20578,119574560,4.2,-5.4,0.0,-18.3,-57.3,-17.66,4,10.4,5.5,12.8,1.0,1.0,119661750,10.95,,,1a4ea6e4d77e,live,,,,,,,,,,,,,,,,,,,,,,,,,,,
2026-09-15,TEL,194,229,6,0.00155429,153365473,0.68,-7.5,-7.5,-15.2,-59.6,-19.84,4,10.9,5.1,12.0,1.0,1.0,155431288,,,,1a4ea6e4d77e,live,,,,,,,,,,,,,,,,,,,,,,,,,,,
2026-09-15,2Z,184,230,5,0.04719599,163757159,2.23,-5.0,-10.3,-23.8,-55.5,-21.12,4,11.1,4.8,12.0,0.9268,1.0,471900668,10.95,,,1a4ea6e4d77e,live,,,,,,,,,,,,,,,,,,,,,,,,,,,
2026-09-15,H,186,231,5,0.081515,162387457,2.03,6.0,12.0,-70.4,-46.3,-22.06,4,11.1,4.6,12.0,0.91,1.0,815286771,10.95,,,1a4ea6e4d77e,live,,,,,,,,,,,,,,,,,,,,,,,,,,,
2026-09-15,JASMY,163,232,5,0.00377145,186482195,5.59,-9.1,-21.5,-25.6,-57.6,-26.02,4,11.4,4.0,13.7,1.0,1.0,188575383,-2.7375,,,1a4ea6e4d77e,live,,,,,,,,,,,,,,,,,,,,,,,,,,,
2026-09-15,KITE,135,233,5,0.106539,254754520,3.12,-7.6,-8.1,-8.7,-70.1,-20.5,4,12.0,4.9,12.1,0.914,1.0,1065385350,10.95,,,1a4ea6e4d77e,live,,,,,,,,,,,,,,,,,,,,,,,,,,,
2026-09-15,ULTIMA,182,234,4,1958.48,165945489,3.76,-3.3,-11.0,-36.1,-74.1,-27.59,4,11.1,3.8,12.5,0.9932,1.0,195902972,,,,1a4ea6e4d77e,live,,,,,,,,,,,,,,,,,,,,,,,,,,,
2026-09-16,ZEC,8,1,100,1216.16,20605945443,6.47,2.1,51.0,118.9,470.7,137.25,4,20.0,20.0,30.0,1.0,1.0,20607949453,-13.2495,65.91,1.8146,1a4ea6e4d77e,live,,,,,,,,,,,,,,,,,,,,,,,,,,,
2026-09-16,HYPE,9,2,86,79.32,17659996073,5.33,-5.4,-3.3,11.2,165.5,33.45,4,20.0,18.8,30.0,0.9133,1.0,75841961449,10.95,44.33,1.278,1a4ea6e4d77e,live,,,,,,,,,,,,,,,,,,,,,,,,,,,
2026-09-16,WBT,13,3,76,78.19,9215970520,1.82,-0.6,11.8,22.4,45.8,17.53,4,19.8,16.4,30.0,0.934,1.0,22948219657,,53.57,0.8519,1a4ea6e4d77e,live,,,,,,,,,,,,,,,,,,,,,,,,,,,
2026-09-16,XMR,12,4,69,504.52,9486079897,1.24,5.5,-1.5,1.1,32.9,8.13,4,19.9,13.8,30.0,1.0,1.0,9486085950,10.95,45.53,0.4088,1a4ea6e4d77e,live,,,,,,,,,,,,,,,,,,,,,,,,,,,
2026-09-16,ETH,2,5,63,2413.04,294571282900,6.48,0.4,2.2,7.1,10.2,4.49,4,20.0,12.6,30.0,1.0,1.0,294571282900,-5.475,40.31,1.1954,1a4ea6e4d77e,live,,,,,,,,,,,,,,,,,,,,,,,,,,,
2026-09-16,ARB,59,6,62,0.161995,1081755421,55.01,-0.5,40.0,94.0,54.2,44.19,4,15.2,19.5,26.0,0.9709,1.0,1619860918,8.2125,64.94,1.6751,1a4ea6e4d77e,live,,,,,,,,,,,,,,,,,,,,,,,,,,,
2026-09-16,PONS,104,7,62,0.585447,416734399,27.01,-20.5,60.7,1698.0,-19.2,429.69,3,13.1,20.0,28.0,1.0,1.014,402334124,-18.834,52.28,6.338,1a4ea6e4d77e,live,,,,,,,,,,,,,,,,,,,,,,,,,,,
2026-09-16,SOL,5,8,59,97.61,57312511491,6.85,-2.2,-0.4,9.1,4.5,2.42,4,20.0,11.9,30.0,1.0,1.0,61905411861,-6.351,39.04,1.2786,1a4ea6e4d77e,live,,,,,,,,,,,,,,,,,,,,,,,,,,,
2026-09-16,BNB,3,9,56,712.9,94940993945,1.04,-1.5,5.1,-2.2,1.0,0.47,4,20.0,11.2,30.0,1.0,1.0,94940994651,4.38,45.07,0.6837,1a4ea6e4d77e,live,,,,,,,,,,,,,,,,,,,,,,,,,,,
2026-09-16,UNI,19,10,56,6.34,3951313066,16.41,-1.6,4.7,72.1,46.1,27.94,4,18.0,18.3,20.9,0.9752,1.0,5645728099,10.95,53.36,-0.1278,1a4ea6e4d77e,live,,,,,,,,,,,,,,,,,,,,,,,,,,,
2026-09-16,BTC,1,11,55,76002,1526888887308,2.52,0.0,0.0,0.0,0.0,0.0,4,20.0,11.0,30.0,1.0,1.0,1526890103640,0.657,37.94,1.0,1a4ea6e4d77e,live,,,,,,,,,,,,,,,,,,,,,,,,,,,
2026-09-16,ENA,45,12,53,0.144235,1456513631,23.69,-8.2,-6.0,52.8,30.7,15.38,4,15.8,15.9,25.8,0.9716,1.0,2164143454,10.95,43.57,2.1204,1a4ea6e4d77e,live,,,,,,,,,,,,,,,,,,,,,,,,,,,
2026-09-16,TRX,6,13,50,0.335028,31814194305,1.61,2.7,4.8,-19.3,0.9,-2.63,4,20.0,10.1,30.0,1.0,1.0,31814196363,10.6215,41.76,0.1488,1a4ea6e4d77e,live,,,,,,,,,,,,,,,,,,,,,,,,,,,
2026-09-16,NEAR,25,14,48,2.45,3203266149,10.81,3.8,33.4,28.7,114.2,39.51,4,17.5,19.3,17.2,1.0,1.0,3203266210,10.95,63.16,0.9693,1a4ea6e4d77e,live,,,,,,,,,,,,,,,,,,,,,,,,,,,
2026-09-16,USELESS,141,15,48,0.234681,234526186,21.31,-17.9,125.3,450.2,207.4,179.99,4,11.9,20.0,24.2,1.0,1.0,234526186,10.95,61.76,-3.2875,1a4ea6e4d77e,live,,,,,,,,,,,,,,,,,,,,,,,,,,,
2026-09-16,XLM,17,16,47,0.175666,6120027890,6.35,-2.5,2.4,-8.5,-1.4,-2.55,4,18.9,10.1,30.0,0.9748,1.0,8782791212,-19.929,41.54,1.4423,1a4ea6e4d77e,live,,,,,,,,,,,,,,,,,,,,,,,,,,,
2026-09-16,XRP,4,17,47,1.29,81203860863,7.27,-5.5,-1.9,9.3,-19.3,-3.66,4,20.0,9.7,30.0,0.9657,1.0,129124055079,5.8035,36.69,1.7853,1a4ea6e4d77e,live,,,,,,,,,,,,,,,,,,,,,,,,,,,
2026-09-16,LINK,15,18,46,10.86,8124359731,5.64,-7.9,-1.2,-5.1,-0.5,-4.04,4,19.5,9.6,30.0,0.9813,1.0,10859992050,0.876,34.0,1.2263,1a4ea6e4d77e,live,,,,,,,,,,,,,,,,,,,,,,,,,,,
2026-09-16,DASH,79,19,45,53.63,686750935,16.5,-14.2,27.1,53.9,51.7,26.33,4,14.2,18.0,21.0,1.0,1.0,686752188,10.95,46.38,2.4139,1a4ea6e4d77e,live,,,,,,,,,,,,,,,,,,,,,,,,,,,
2026-09-16,STONK,200,20,45,0.174082,146763723,22.74,-15.4,892.2,1974.9,-19.2,708.31,3,10.8,20.0,25.2,1.0,1.0,146763723,10.95,53.67,,1a4ea6e4d77e,live,,,,,,,,,,,,,,,,,,,,,,,,,,,
2026-09-16,牛来,233,21,45,0.113026,113038412,29.11,19.1,41.2,219.8,-19.2,67.14,3,10.3,19.9,29.4,1.0,0.906,113038412,185.931,,,1a4ea6e4d77e,live,,,,,,,,,,,,,,,,,,,,,,,,,,,
2026-09-16,INJ,90,22,44,5.4,540363020,20.31,-10.0,13.2,11.5,67.3,16.64,4,13.7,16.2,23.5,1.0,1.0,540363020,-8.322,39.95,-0.9342,1a4ea6e4d77e,live,,,,,,,,,,,,,,,,,,,,,,,,,,,
2026-09-16,RAIN,11,23,43,0.01368043,9697725802,0.24,-10.5,-17.0,-16.2,29.7,-5.51,4,19.9,9.0,30.0,0.9646,1.0,15620760531,,28.7,0.2302,1a4ea6e4d77e,live,,,,,,,,,,,,,,,,,,,,,,,,,,,
2026-09-16,BR,195,24,42,0.516773,153162465,25.03,33.1,88.7,74.0,634.3,177.47,4,10.9,20.0,26.7,0.9205,0.934,516277972,35.916,,,1a4ea6e4d77e,live,,,,,,,,,,,,,,,,,,,,,,,,,,,
2026-09-16,PENDLE,108,25,42,2.22,384683143,16.59,9.1,24.7,51.6,68.0,35.41,4,12.9,19.0,21.1,0.964,1.0,624268248,10.95,63.4,0.4381,1a4ea6e4d77e,live,,,,,,,,,,,,,,,,,,,,,,,,,,,
2026-09-16,龙虾,154,26,42,0.209453,209536123,17.59,257.7,192.1,871.9,9976.1,2338.53,4,11.6,20.0,21.7,1.0,1.0,209536123,10.95,,,1a4ea6e4d77e,live,,,,,,,,,,,,,,,,,,,,,,,,,,,
2026-09-16,RAY,109,27,39,1.33,358985591,14.57,7.8,66.3,93.0,4.4,43.05,4,12.8,19.4,19.7,0.9458,1.0,738629573,10.95,55.33,0.414,1a4ea6e4d77e,live,,,,,,,,,,,,,,,,,,,,,,,,,,,
2026-09-16,DOGE,10,28,38,0.080115,12496056385,6.78,-7.4,-0.1,-6.1,-29.4,-9.65,4,20.0,7.7,30.0,1.0,1.0,12496029940,3.942,32.08,1.2828,1a4ea6e4d77e,live,,,,,,,,,,,,,,,,,,,,,,,,,,,
2026-09-16,DRV,173,29,38,0.174613,174488389,16.23,5.6,21.1,56.5,351.9,91.46,4,11.2,20.0,20.8,0.9708,1.0,261809477,,74.9,,1a4ea6e4d77e,live,,,,,,,,,,,,,,,,,,,,,,,,,,,
2026-09-16,FIGR_HELOC,7,30,38,1.003,22696334368,3.46,0.8,-1.8,-19.7,-23.5,-9.84,4,20.0,7.6,30.0,1.0,1.0,22696334368,,39.48,-0.3379,1a4ea6e4d77e,live,,,,,,,,,,,,,,,,,,,,,,,,,,,
2026-09-16,LIT,60,31,37,4.33,1081307014,9.46,-12.4,22.8,63.2,210.4,59.86,4,15.2,19.9,16.3,0.9151,1.0,4325228056,10.95,49.68,1.104,1a4ea6e4d77e,live,,,,,,,,,,,,,,,,,,,,,,,,,,,
2026-09-16,AKE,83,32,36,0.02892986,660327174,10.24,89.2,236.9,164.3,11892.7,2505.6,4,14.1,20.0,16.8,0.9128,1.0,2896648240,10.95,84.52,2.4565,1a4ea6e4d77e,live,,,,,,,,,,,,,,,,,,,,,,,,,,,
2026-09-16,LEO,14,33,36,8.88,8168917078,0.0,0.6,-3.0,-25.7,-17.8,-10.55,4,19.6,7.4,30.0,1.0,1.0,8749547328,,24.71,-0.0445,1a4ea6e4d77e,live,,,,,,,,,,,,,,,,,,,,,,,,,,,
2026-09-16,CAKE,78,34,32,2.18,697081846,9.53,-1.0,21.5,28.8,30.6,18.4,4,14.2,16.6,16.4,1.0,1.0,722529478,-4.38,54.5,1.4586,1a4ea6e4d77e,live,,,,,,,,,,,,,,,,,,,,,,,,,,,
2026-09-16,ADA,16,35,31,0.19472,7309371807,6.41,-7.1,1.0,-8.5,-49.9,-13.98,4,19.3,6.4,30.0,0.9916,1.0,8767335773,-0.3285,34.73,1.5813,1a4ea6e4d77e,live,,,,,,,,,,,,,,,,,,,,,,,,,,,
2026-09-16,PUMP,41,36,31,0.00363931,1704531510,8.8,-13.8,-13.0,6.3,87.9,11.76,4,16.2,14.9,15.9,0.9564,1.0,3035047195,10.95,37.45,1.2096,1a4ea6e4d77e,live,,,,,,,,,,,,,,,,,,,,,,,,,,,
2026-09-16,VVV,58,37,31,22.79,1092850042,3.82,-9.0,41.6,63.4,350.2,93.59,4,15.2,20.0,12.5,0.9607,1.0,1843797649,10.95,60.29,0.3626,1a4ea6e4d77e,live,,,,,,,,,,,,,,,,,,,,,,,,,,,
2026-09-16,AAVE,37,38,30,120.2,1855070543,14.18,-3.0,-4.4,19.2,-11.1,0.58,4,16.3,11.2,19.5,1.0,1.0,1923877942,4.4895,38.99,0.7243,1a4ea6e4d77e,live,,,,,,,,,,,,,,,,,,,,,,,,,,,
2026-09-16,AI,130,39,30,0.2721,269659150,7.2,23.1,11.2,4176.6,-19.2,1050.04,3,12.2,20.0,14.8,1.0,1.0,269659150,0.0,49.25,-1.9623,1a4ea6e4d77e,live,,,,,,,,,,,,,,,,,,,,,,,,,,,
2026-09-16,BCAP,62,40,30,106.54,970804306,0.0,3.9,1.4,-19.5,348.3,66.31,4,14.9,19.9,12.0,1.0,1.0,970804306,,94.71,-0.0051,1a4ea6e4d77e,live,,,,,,,,,,,,,,,,,,,,,,,,,,,
2026-09-16,JST,64,41,29,0.115792,948370253,2.48,16.2,13.0,-14.1,130.8,30.75,4,14.9,18.6,12.0,1.0,1.057,948370253,-22.995,73.07,-0.2049,1a4ea6e4d77e,live,,,,,,,,,,,,,,,,,,,,,,,,,,,
2026-09-16,币安人生,96,42,28,0.478344,478260326,0.58,-2.5,2.2,-18.2,624.9,120.23,4,13.4,20.0,12.0,1.0,1.027,478260326,-38.8725,48.28,0.0457,1a4ea6e4d77e,live,,,,,,,,,,,,,,,,,,,,,,,,,,,
2026-09-16,BTW,36,43,27,0.782883,2119903259,0.74,79.2,77.2,108.3,-19.2,66.29,3,16.6,19.9,12.0,0.9174,0.887,7827887311,75.117,91.81,0.6699,1a4ea6e4d77e,live,,,,,,,,,,,,,,,,,,,,,,,,,,,
2026-09-16,PEPE,47,44,27,3.35e-06,1410978198,16.7,-4.6,-1.0,9.8,-22.8,-3.74,4,15.7,9.7,21.1,1.0,1.0,1410978198,10.1835,39.05,2.3116,1a4ea6e4d77e,live,,,,,,,,,,,,,,,,,,,,,,,,,,,
2026-09-16,FF,103,45,26,0.136353,428018674,6.26,-7.7,26.8,89.7,54.5,37.71,4,13.2,19.2,14.2,0.9226,0.942,1363116795,64.167,68.82,,1a4ea6e4d77e,live,,,,,,,,,,,,,,,,,,,,,,,,,,,
2026-09-16,DGAI,225,46,24,0.788072,118086741,48.42,7.2,24.1,-19.9,-19.2,-0.63,2,10.4,10.8,28.6,0.9059,1.0,787244941,10.95,,,1a4ea6e4d77e,live,,,,,,,,,,,,,,,,,,,,,,,,,,,
2026-09-16,NPC,183,47,24,0.02036746,163682810,4.45,3.6,23.7,282.1,98.6,97.25,4,11.1,20.0,13.0,1.0,1.0,163682810,,,,1a4ea6e4d77e,live,,,,,,,,,,,,,,,,,,,,,,,,,,,
2026-09-16,RLUSD,33,48,24,0.99998,2345598620,15.94,3.9,1.1,-19.9,-19.2,-7.37,4,16.9,8.4,20.6,1.0,1.0,2345598620,,45.03,0.0005,1a4ea6e4d77e,live,,,,,,,,,,,,,,,,,,,,,,,,,,,
2026-09-16,U,52,49,24,0.9996,1376591925,17.2,3.9,1.1,-19.9,-19.2,-7.37,4,15.7,8.4,21.5,1.0,1.0,1376591925,,55.91,0.0135,1a4ea6e4d77e,live,,,,,,,,,,,,,,,,,,,,,,,,,,,
2026-09-16,ZEN,223,50,24,6.47,118651399,13.46,-8.0,22.6,42.3,7.1,15.25,4,10.4,15.9,19.0,0.9961,0.926,135933202,56.1889,52.76,,1a4ea6e4d77e,live,,,,,,,,,,,,,,,,,,,,,,,,,,,
2026-09-16,ANTFUN,178,51,23,0.09032,170491760,6.61,14.4,50.1,98.3,-19.2,37.58,3,11.2,19.2,14.4,0.9123,1.0,763333069,,,,1a4ea6e4d77e,live,,,,,,,,,,,,,,,,,,,,,,,,,,,
2026-09-16,FIL,82,52,23,0.808774,669733723,20.93,1.5,2.9,1.3,-40.9,-6.68,4,14.1,8.7,24.0,0.937,1.0,1583327655,9.855,,,1a4ea6e4d77e,live,,,,,,,,,,,,,,,,,,,,,,,,,,,
2026-09-16,GRX,157,53,23,21.15,201227893,0.73,3.5,63.2,42.3,413.7,110.17,4,11.5,20.0,12.0,1.0,1.0,211501344,,,,1a4ea6e4d77e,live,,,,,,,,,,,,,,,,,,,,,,,,,,,
2026-09-16,PENGU,102,54,23,0.00684795,430541968,28.27,-11.6,-16.2,-4.7,-11.3,-10.96,4,13.2,7.3,28.8,0.99,1.0,525488220,0.438,24.63,-0.5381,1a4ea6e4d77e,live,,,,,,,,,,,,,,,,,,,,,,,,,,,
2026-09-16,POL,61,55,23,0.093353,1000574294,10.41,2.4,6.7,7.0,-24.0,-0.66,4,15.0,10.8,16.9,1.0,1.0,1000574294,-0.657,29.68,-1.6777,1a4ea6e4d77e,live,,,,,,,,,,,,,,,,,,,,,,,,,,,
2026-09-16,UB,118,56,23,0.128413,320974030,3.35,7.8,12.1,-10.8,219.7,46.61,4,12.5,19.6,12.2,0.9151,1.0,1283896121,10.95,48.05,-1.3467,1a4ea6e4d77e,live,,,,,,,,,,,,,,,,,,,,,,,,,,,
2026-09-16,CRV,94,57,22,0.312245,486671351,13.29,-9.3,-14.0,8.3,17.3,-0.75,4,13.4,10.7,18.9,0.9678,1.0,755614424,-15.0015,34.41,0.4993,1a4ea6e4d77e,live,,,,,,,,,,,,,,,,,,,,,,,,,,,
2026-09-16,GT,63,58,22,9.02,961770952,0.45,1.9,14.8,15.2,16.3,11.33,4,14.9,14.8,12.0,0.9987,1.0,1072273651,10.95,,,1a4ea6e4d77e,live,,,,,,,,,,,,,,,,,,,,,,,,,,,
2026-09-16,EDGE,151,59,21,0.610685,213508555,1.84,9.2,60.8,94.6,-19.2,37.77,3,11.6,19.2,12.0,0.9271,1.0,610024443,10.95,,,1a4ea6e4d77e,live,,,,,,,,,,,,,,,,,,,,,,,,,,,
2026-09-16,JUP,76,60,21,0.21211,704266779,9.46,-9.4,-0.2,4.8,14.2,1.17,4,14.2,11.4,16.3,0.9455,1.0,1455793891,-20.367,22.26,,1a4ea6e4d77e,live,,,,,,,,,,,,,,,,,,,,,,,,,,,
2026-09-16,LSK,186,61,21,0.694246,160749605,128.96,478.0,516.7,685.5,395.0,522.95,4,11.0,20.0,12.0,0.9594,1.0,275864709,-659.628,,,1a4ea6e4d77e,live,,,,,,,,,,,,,,,,,,,,,,,,,,,
2026-09-16,OKB,34,62,21,110.42,2318426149,0.88,0.4,4.3,-13.7,31.5,4.07,4,16.8,12.5,12.0,1.0,1.0,2318426149,10.95,68.8,-0.5394,1a4ea6e4d77e,live,,,,,,,,,,,,,,,,,,,,,,,,,,,
2026-09-16,PIEVERSE,115,63,21,1.19,327429971,1.91,-6.9,4.4,15.4,130.9,29.06,4,12.6,18.4,12.0,0.9179,0.994,1191737838,15.6585,89.13,,1a4ea6e4d77e,live,,,,,,,,,,,,,,,,,,,,,,,,,,,
2026-09-16,STX,100,64,21,0.237717,444025408,6.03,-8.3,-5.9,75.5,-36.4,7.63,4,13.2,13.7,14.0,1.0,1.0,444032698,-6.2415,48.01,2.1988,1a4ea6e4d77e,live,,,,,,,,,,,,,,,,,,,,,,,,,,,
2026-09-16,AERO,91,65,20,0.531974,526015273,5.03,-7.3,16.1,9.6,16.8,7.6,4,13.6,13.7,13.4,0.9477,1.0,1052592114,10.95,,,1a4ea6e4d77e,live,,,,,,,,,,,,,,,,,,,,,,,,,,,
2026-09-16,BCH,18,66,20,218.58,4388189619,3.39,-11.0,-9.5,-13.0,-70.1,-22.95,4,18.2,4.5,30.0,1.0,1.0,4388193032,10.95,30.32,0.0536,1a4ea6e4d77e,live,,,,,,,,,,,,,,,,,,,,,,,,,,,
2026-09-16,ETHFI,86,67,20,0.592018,571677918,6.36,-0.8,5.1,0.3,8.3,2.77,4,13.8,12.0,14.2,1.0,1.0,571677918,10.95,47.91,0.1868,1a4ea6e4d77e,live,,,,,,,,,,,,,,,,,,,,,,,,,,,
2026-09-16,LTC,20,68,20,50.67,3932269976,6.25,-2.6,4.8,-4.8,-21.4,-5.06,4,18.0,9.2,14.2,1.0,1.0,3932453322,8.8695,43.98,-0.4513,1a4ea6e4d77e,live,,,,,,,,,,,,,,,,,,,,,,,,,,,
2026-09-16,PRL,196,69,20,0.598424,152659483,0.8,61.5,88.5,102.3,-19.2,62.31,3,10.9,19.9,12.0,0.904,1.0,1256970068,10.95,,,1a4ea6e4d77e,live,,,,,,,,,,,,,,,,,,,,,,,,,,,
2026-09-16,WIF,169,70,20,0.178758,178617251,35.11,-12.3,-7.3,10.7,-28.4,-8.52,4,11.3,8.0,26.0,1.0,1.0,178617251,10.95,36.31,-0.9097,1a4ea6e4d77e,live,,,,,,,,,,,,,,,,,,,,,,,,,,,
2026-09-16,AVAX,24,71,19,7.29,3229126330,8.96,-4.3,3.2,-5.2,-34.2,-8.63,4,17.5,8.0,16.0,1.0,1.0,3423598481,-6.351,68.82,,1a4ea6e4d77e,live,,,,,,,,,,,,,,,,,,,,,,,,,,,
2026-09-16,B,160,72,19,0.197305,197247654,3.25,5.6,53.6,9.2,-10.2,15.34,4,11.5,15.9,12.2,1.0,1.0,197247654,10.95,,,1a4ea6e4d77e,live,,,,,,,,,,,,,,,,,,,,,,,,,,,
2026-09-16,BC,224,73,19,0.03694788,118597302,0.05,11.3,21.1,0.1,392.3,87.15,4,10.4,20.0,12.0,0.926,1.0,347602479,,97.78,0.259,1a4ea6e4d77e,live,,,,,,,,,,,,,,,,,,,,,,,,,,,
2026-09-16,EURCV,161,74,19,1.15,192458568,31.93,3.2,0.8,-20.4,-21.5,-8.24,4,11.4,8.1,24.8,1.0,1.0,192458568,,,,1a4ea6e4d77e,live,,,,,,,,,,,,,,,,,,,,,,,,,,,
2026-09-16,TAO,32,75,19,217.34,2465779138,7.37,-11.9,0.9,-8.8,6.1,-4.32,4,17.0,9.5,14.9,0.9534,1.0,4566400242,10.95,38.85,0.0215,1a4ea6e4d77e,live,,,,,,,,,,,,,,,,,,,,,,,,,,,
2026-09-16,ZAMA,222,76,19,0.04691361,118945749,7.39,-4.0,-4.0,-8.9,96.4,14.86,4,10.4,15.8,14.9,0.9124,1.0,530118375,10.95,,,1a4ea6e4d77e,live,,,,,,,,,,,,,,,,,,,,,,,,,,,
2026-09-16,CARDS,221,77,18,0.126379,119769603,2.23,6.3,-27.7,-51.5,214.3,24.95,4,10.4,17.8,12.0,0.9448,1.0,250001097,,40.46,-5.7586,1a4ea6e4d77e,live,,,,,,,,,,,,,,,,,,,,,,,,,,,
2026-09-16,FET,110,78,18,0.151478,350194641,20.63,-10.4,0.2,5.3,-45.2,-10.79,4,12.7,7.3,23.8,0.9937,1.0,411217442,-1.752,,,1a4ea6e4d77e,live,,,,,,,,,,,,,,,,,,,,,,,,,,,
2026-09-16,GOMINING,206,79,18,0.34487,138818704,12.51,-0.2,2.3,0.4,-4.8,-0.34,4,10.7,10.9,18.3,1.0,1.0,138818704,,,,1a4ea6e4d77e,live,,,,,,,,,,,,,,,,,,,,,,,,,,,
2026-09-16,SKR,216,80,18,0.01795045,125561430,4.35,-15.8,-15.1,131.5,-25.5,19.26,4,10.5,16.8,12.9,0.9699,1.0,190180588,10.95,11.75,,1a4ea6e4d77e,live,,,,,,,,,,,,,,,,,,,,,,,,,,,
2026-09-16,SUI,27,81,18,0.691187,2832497177,18.45,-10.8,-2.7,-17.9,-39.6,-16.31,4,17.3,5.8,22.3,0.9351,1.0,6914369566,-5.5845,,,1a4ea6e4d77e,live,,,,,,,,,,,,,,,,,,,,,,,,,,,
2026-09-16,VET,84,82,18,0.00722463,621091817,2.08,-3.4,10.5,43.3,-37.9,4.85,4,14.0,12.7,12.0,1.0,1.0,621091817,10.95,,,1a4ea6e4d77e,live,,,,,,,,,,,,,,,,,,,,,,,,,,,
2026-09-16,AR,182,83,17,2.5,164166639,8.05,-8.0,11.5,17.3,-11.2,2.56,4,11.1,11.9,15.4,1.0,1.0,164166639,10.95,,,1a4ea6e4d77e,live,,,,,,,,,,,,,,,,,,,,,,,,,,,
2026-09-16,KOGE,144,84,17,68.19,230539899,0.03,1.9,8.7,8.7,22.9,9.5,4,11.8,14.3,12.0,1.0,1.0,230539899,,,,1a4ea6e4d77e,live,,,,,,,,,,,,,,,,,,,,,,,,,,,
2026-09-16,MON,133,85,17,0.02224897,263126252,22.15,-11.4,-13.3,-8.8,-7.3,-10.41,4,12.1,7.5,24.8,0.9037,1.0,2240334127,10.95,33.98,2.4806,1a4ea6e4d77e,live,,,,,,,,,,,,,,,,,,,,,,,,,,,
2026-09-16,ONDO,43,86,17,0.327698,1596264557,8.27,-8.6,-3.0,-23.0,15.2,-6.04,4,16.0,8.9,15.5,0.9459,1.0,3278201200,10.074,,,1a4ea6e4d77e,live,,,,,,,,,,,,,,,,,,,,,,,,,,,
2026-09-16,APEPE,134,87,16,1.19e-06,249785323,3.7,4.9,5.5,9.9,-4.7,4.38,4,12.0,12.6,12.5,1.0,1.0,249785323,,,,1a4ea6e4d77e,live,,,,,,,,,,,,,,,,,,,,,,,,,,,
2026-09-16,CRVUSD,158,88,16,0.999282,199513137,15.06,3.9,1.1,-19.8,-19.0,-7.3,4,11.5,8.4,20.0,1.0,1.0,200512995,,,,1a4ea6e4d77e,live,,,,,,,,,,,,,,,,,,,,,,,,,,,
2026-09-16,DOT,42,89,16,0.959359,1634163912,9.09,-14.4,13.9,6.5,-53.8,-9.98,4,16.1,7.6,16.1,1.0,1.0,1634166320,10.95,64.86,,1a4ea6e4d77e,live,,,,,,,,,,,,,,,,,,,,,,,,,,,
2026-09-16,OP,150,90,16,0.093104,214148511,31.05,-6.6,-1.1,-9.7,-35.4,-11.76,4,11.7,7.1,24.4,0.9527,1.0,399961237,-24.6375,,,1a4ea6e4d77e,live,,,,,,,,,,,,,,,,,,,,,,,,,,,
2026-09-16,PYTH,105,91,16,0.052473,413325097,6.83,0.0,-2.9,14.0,-23.7,-1.97,4,13.1,10.3,14.6,0.9862,1.0,524859909,7.008,,,1a4ea6e4d77e,live,,,,,,,,,,,,,,,,,,,,,,,,,,,
2026-09-16,RAIL,230,92,16,1.91,114455081,0.15,-13.3,5.6,17.0,57.7,13.2,4,10.3,15.4,12.0,1.0,1.0,114455081,,,,1a4ea6e4d77e,live,,,,,,,,,,,,,,,,,,,,,,,,,,,
2026-09-16,TRUMP,92,93,16,1.87,511520268,38.57,-12.0,-14.4,13.2,-63.3,-16.56,4,13.5,5.8,27.4,0.9177,1.0,1872759979,10.95,51.01,0.2349,1a4ea6e4d77e,live,,,,,,,,,,,,,,,,,,,,,,,,,,,
2026-09-16,XCN,194,94,16,0.00391956,154116670,8.76,2.4,20.6,14.1,-38.3,1.73,4,10.9,11.6,15.8,0.9798,1.0,209303106,-19.491,,,1a4ea6e4d77e,live,,,,,,,,,,,,,,,,,,,,,,,,,,,
2026-09-16,RUNE,187,95,15,0.489058,160730316,11.84,3.4,5.1,-3.1,-29.9,-4.46,4,11.0,9.4,17.9,1.0,1.0,173096465,10.95,,,1a4ea6e4d77e,live,,,,,,,,,,,,,,,,,,,,,,,,,,,
2026-09-16,USDY,35,96,15,1.15,2240608536,0.12,4.1,1.3,-19.5,-15.6,-6.44,4,16.8,8.7,12.0,1.0,1.0,2240608536,,100.0,0.0,1a4ea6e4d77e,live,,,,,,,,,,,,,,,,,,,,,,,,,,,
2026-09-16,USYC,30,97,15,1.14,2605983780,0.0,4.0,1.2,-19.5,-17.4,-6.86,4,17.1,8.6,12.0,1.0,1.0,2605983780,,100.0,0.0,1a4ea6e4d77e,live,,,,,,,,,,,,,,,,,,,,,,,,,,,
2026-09-16,WLD,55,98,15,0.367934,1323595224,11.88,-14.0,2.8,-18.2,-18.6,-11.77,4,15.6,7.1,17.9,0.9284,1.0,3681045200,-24.309,44.76,-0.3924,1a4ea6e4d77e,live,,,,,,,,,,,,,,,,,,,,,,,,,,,
2026-09-16,BTSE,172,99,14,1.079,174838108,0.2,26.5,33.5,-7.2,-49.7,4.58,4,11.2,12.6,12.0,0.9889,1.0,215767603,,,,1a4ea6e4d77e,live,,,,,,,,,,,,,,,,,,,,,,,,,,,
2026-09-16,BUIDL,29,100,14,1.0,2701488574,0.0,3.9,1.1,-19.9,-19.2,-7.37,4,17.2,8.4,12.0,1.0,1.0,2701488574,,50.0,0.0,1a4ea6e4d77e,live,,,,,,,,,,,,,,,,,,,,,,,,,,,
2026-09-16,SPX,101,101,14,0.470387,437791142,1.73,-6.7,-14.7,25.5,-12.7,-1.85,4,13.2,10.3,12.0,1.0,1.0,437791142,10.95,41.86,-7.7533,1a4ea6e4d77e,live,,,,,,,,,,,,,,,,,,,,,,,,,,,
2026-09-16,AKT,199,102,13,0.493197,146874030,4.05,-11.2,-0.2,-23.3,52.1,1.19,4,10.8,11.4,12.7,1.0,1.0,146888971,10.95,,,1a4ea6e4d77e,live,,,,,,,,,,,,,,,,,,,,,,,,,,,
2026-09-16,ASTER,38,103,13,0.676265,1828509278,5.15,-6.6,-2.6,-7.5,-21.6,-8.82,4,16.3,7.9,13.4,0.9267,1.0,5277090638,10.293,,,1a4ea6e4d77e,live,,,,,,,,,,,,,,,,,,,,,,,,,,,
2026-09-16,AWE,217,104,13,0.063763,123848033,3.51,10.4,5.2,-12.5,5.4,2.38,4,10.5,11.9,12.3,1.0,1.0,123848033,10.95,,,1a4ea6e4d77e,live,,,,,,,,,,,,,,,,,,,,,,,,,,,
2026-09-16,BFUSD,56,105,13,0.999194,1318933277,0.11,3.9,1.1,-19.8,-19.2,-7.34,4,15.6,8.4,12.0,1.0,1.0,1318933277,,,,1a4ea6e4d77e,live,,,,,,,,,,,,,,,,,,,,,,,,,,,
2026-09-16,BGB,54,106,13,1.91,1335840232,1.0,0.6,1.4,-4.9,-31.2,-6.93,4,15.6,8.6,12.0,0.9838,1.0,1738369440,,,,1a4ea6e4d77e,live,,,,,,,,,,,,,,,,,,,,,,,,,,,
2026-09-16,BTT,122,107,13,3.15489e-07,311436934,2.49,4.4,9.4,1.3,-25.8,-1.17,4,12.5,10.6,12.0,1.0,1.0,312371560,,,,1a4ea6e4d77e,live,,,,,,,,,,,,,,,,,,,,,,,,,,,
2026-09-16,EURC,97,108,13,1.15,468537902,6.16,3.1,0.8,-20.4,-21.4,-8.25,4,13.4,8.1,14.1,1.0,1.0,468562826,5.256,,,1a4ea6e4d77e,live,,,,,,,,,,,,,,,,,,,,,,,,,,,
2026-09-16,EURSAFO,50,109,13,1.17,1377058235,0.0,3.1,0.9,-20.2,-19.2,-7.73,3,15.7,8.3,12.0,1.0,1.0,1377058235,,,,1a4ea6e4d77e,live,,,,,,,,,,,,,,,,,,,,,,,,,,,
2026-09-16,GRAM,21,110,13,1.31,3669457846,0.76,-2.2,0.3,-21.3,-16.4,-9.19,4,17.8,7.8,12.0,0.9523,1.0,6893340428,10.95,,,1a4ea6e4d77e,live,,,,,,,,,,,,,,,,,,,,,,,,,,,
2026-09-16,HBAR,23,111,13,0.074358,3259787335,2.86,-1.9,2.3,-7.2,-41.5,-10.1,4,17.6,7.6,12.0,0.9965,1.0,3718539368,10.95,,,1a4ea6e4d77e,live,,,,,,,,,,,,,,,,,,,,,,,,,,,
2026-09-16,HTX,44,112,13,1.66e-06,1489026529,1.0,1.9,4.5,-27.4,-13.8,-7.91,4,15.9,8.2,12.0,1.0,1.0,1489026529,,18.05,-0.4146,1a4ea6e4d77e,live,,,,,,,,,,,,,,,,,,,,,,,,,,,
2026-09-16,ICP,48,113,13,2.53,1409845142,3.43,-7.7,0.0,-9.5,-16.2,-7.92,4,15.7,8.2,12.3,1.0,1.0,1409845155,-0.1095,,,1a4ea6e4d77e,live,,,,,,,,,,,,,,,,,,,,,,,,,,,
2026-09-16,JTO,152,114,13,0.407974,213195043,13.31,-4.6,-2.1,-52.7,22.6,-10.56,4,11.6,7.4,18.9,0.9508,1.0,408491468,4.2705,24.23,-0.6728,1a4ea6e4d77e,live,,,,,,,,,,,,,,,,,,,,,,,,,,,
2026-09-16,KAS,67,115,13,0.03204615,887398380,1.36,-6.3,17.2,4.4,-52.3,-6.95,4,14.7,8.6,12.0,1.0,1.0,887445027,10.95,,,1a4ea6e4d77e,live,,,,,,,,,,,,,,,,,,,,,,,,,,,
2026-09-16,OHM,124,116,13,20.19,301096660,0.07,3.1,2.2,-10.8,6.5,0.08,4,12.4,11.0,12.0,0.9819,1.0,400050070,,,,1a4ea6e4d77e,live,,,,,,,,,,,,,,,,,,,,,,,,,,,
2026-09-16,SHFL,197,117,13,0.313544,149990688,0.32,7.7,4.8,-12.8,21.5,4.61,4,10.9,12.6,12.0,0.9506,1.0,288331616,,,,1a4ea6e4d77e,live,,,,,,,,,,,,,,,,,,,,,,,,,,,
2026-09-16,THETA,168,118,13,0.17896,178903696,2.54,1.5,6.6,9.2,-18.1,0.78,4,11.3,11.3,12.0,1.0,1.0,178903696,10.95,,,1a4ea6e4d77e,live,,,,,,,,,,,,,,,,,,,,,,,,,,,
2026-09-16,USDF,53,119,13,0.99568,1339015520,0.04,3.8,1.1,-19.9,-19.3,-7.42,4,15.6,8.4,12.0,1.0,1.0,1339015520,,,,1a4ea6e4d77e,live,,,,,,,,,,,,,,,,,,,,,,,,,,,
2026-09-16,USDGO,51,120,13,1.0,1376838984,2.29,3.9,1.1,-19.9,-19.2,-7.37,3,15.7,8.4,12.0,1.0,1.0,1376838984,,,,1a4ea6e4d77e,live,,,,,,,,,,,,,,,,,,,,,,,,,,,
2026-09-16,XPL,145,121,13,0.081624,226672554,16.23,-10.8,-1.6,-14.9,-27.9,-12.95,4,11.8,6.7,20.8,0.9182,1.0,816021194,-8.979,49.99,-1.1128,1a4ea6e4d77e,live,,,,,,,,,,,,,,,,,,,,,,,,,,,
2026-09-16,APXUSD,121,122,12,0.966786,313945531,4.31,3.5,1.3,-16.8,-19.2,-6.66,3,12.5,8.7,12.9,1.0,1.0,313934148,,,,1a4ea6e4d77e,live,,,,,,,,,,,,,,,,,,,,,,,,,,,
2026-09-16,AUSD,136,123,12,0.999202,239631425,6.69,3.9,1.1,-19.9,-19.3,-7.39,4,11.9,8.4,14.5,1.0,1.0,239631425,,,,1a4ea6e4d77e,live,,,,,,,,,,,,,,,,,,,,,,,,,,,
2026-09-16,CASHCAT,190,124,12,0.159983,158090521,9.19,-11.1,-39.9,35.0,-19.2,-8.39,3,11.0,8.1,16.1,1.0,1.0,158090521,10.95,34.19,0.1233,1a4ea6e4d77e,live,,,,,,,,,,,,,,,,,,,,,,,,,,,
2026-09-16,CRO,28,125,12,0.055625,2701751472,0.34,-3.7,2.8,-2.9,-52.0,-11.54,4,17.2,7.1,12.0,0.9465,1.0,5504125953,10.95,,,1a4ea6e4d77e,live,,,,,,,,,,,,,,,,,,,,,,,,,,,
2026-09-16,ETC,57,126,12,7.21,1140339079,4.17,-10.2,0.7,-4.0,-31.4,-10.16,4,15.3,7.5,12.8,1.0,1.0,1140342215,3.723,,,1a4ea6e4d77e,live,,,,,,,,,,,,,,,,,,,,,,,,,,,
2026-09-16,EUTBL,69,127,12,1.22,801390040,0.0,3.1,0.9,-20.3,-20.5,-8.02,4,14.5,8.2,12.0,1.0,1.0,797539085,,,,1a4ea6e4d77e,live,,,,,,,,,,,,,,,,,,,,,,,,,,,
2026-09-16,GHO,77,128,12,0.998509,697957689,1.2,3.9,1.1,-19.9,-19.3,-7.39,4,14.2,8.4,12.0,1.0,1.0,697957689,,,,1a4ea6e4d77e,live,,,,,,,,,,,,,,,,,,,,,,,,,,,
2026-09-16,JAAA,74,129,12,1.05,720567789,0.0,4.0,1.3,-19.5,-17.1,-6.77,4,14.3,8.6,12.0,1.0,1.0,720567789,,,,1a4ea6e4d77e,live,,,,,,,,,,,,,,,,,,,,,,,,,,,
2026-09-16,JTRSY,81,130,12,1.12,675176286,0.0,4.0,1.2,-19.6,-17.3,-6.86,4,14.1,8.6,12.0,1.0,1.0,675176286,,,,1a4ea6e4d77e,live,,,,,,,,,,,,,,,,,,,,,,,,,,,
2026-09-16,KMNO,205,131,12,0.02506801,138879388,2.85,-2.4,6.6,18.8,-20.2,1.59,4,10.7,11.6,12.0,0.9553,1.0,250696115,10.95,,,1a4ea6e4d77e,live,,,,,,,,,,,,,,,,,,,,,,,,,,,
2026-09-16,MNT,40,132,12,0.543747,1795948736,1.25,-11.6,0.4,1.3,-30.8,-9.21,4,16.3,7.8,12.0,0.9521,1.0,3382367784,-176.733,,,1a4ea6e4d77e,live,,,,,,,,,,,,,,,,,,,,,,,,,,,
2026-09-16,NEXO,72,133,12,0.790163,790076944,0.72,-2.0,-3.5,-6.4,-26.9,-8.46,4,14.5,8.1,12.0,1.0,1.0,790076944,,,,1a4ea6e4d77e,live,,,,,,,,,,,,,,,,,,,,,,,,,,,
2026-09-16,REUSD,128,134,12,1.1,274134234,1.35,4.0,1.4,-19.5,2.8,-2.77,4,12.2,10.0,12.0,1.0,1.0,274134234,,,,1a4ea6e4d77e,live,,,,,,,,,,,,,,,,,,,,,,,,,,,
2026-09-16,SHIB,26,135,12,4.88e-06,2875513556,3.11,-5.8,-3.5,-9.7,-35.0,-12.04,4,17.3,7.0,12.1,1.0,1.0,2876767004,-17.52,,,1a4ea6e4d77e,live,,,,,,,,,,,,,,,,,,,,,,,,,,,
2026-09-16,SUN,120,136,12,0.01659501,319016830,5.14,1.9,4.5,-27.2,-14.0,-7.91,4,12.5,8.2,13.4,1.0,1.0,330278207,-67.89,,,1a4ea6e4d77e,live,,,,,,,,,,,,,,,,,,,,,,,,,,,
2026-09-16,TIBBIR,155,137,12,0.204977,204692918,1.1,1.8,-9.1,-8.0,14.4,-0.85,4,11.6,10.7,12.0,1.0,1.0,204692918,,43.88,-5.0381,1a4ea6e4d77e,live,,,,,,,,,,,,,,,,,,,,,,,,,,,
2026-09-16,USD0,89,138,12,0.999109,547126720,0.26,3.9,1.1,-19.8,-19.1,-7.32,4,13.7,8.4,12.0,1.0,1.0,547126720,,,,1a4ea6e4d77e,live,,,,,,,,,,,,,,,,,,,,,,,,,,,
2026-09-16,USTB,73,139,12,11.21,746463437,0.0,4.0,1.2,-19.6,-17.3,-6.86,4,14.4,8.6,12.0,1.0,1.0,746463437,,,,1a4ea6e4d77e,live,,,,,,,,,,,,,,,,,,,,,,,,,,,
2026-09-16,VIRTUAL,107,140,12,0.592976,390490778,14.53,-13.2,-13.9,-15.2,-27.4,-16.71,4,13.0,5.7,19.7,0.9697,1.0,593103243,10.95,53.23,,1a4ea6e4d77e,live,,,,,,,,,,,,,,,,,,,,,,,,,,,
2026-09-16,ZRO,111,141,12,0.968783,342237638,14.16,-10.3,-3.7,1.1,-55.4,-14.82,4,12.7,6.2,19.4,0.9276,1.0,968651939,10.95,,,1a4ea6e4d77e,live,,,,,,,,,,,,,,,,,,,,,,,,,,,
2026-09-16,A,214,142,11,0.076086,126844083,3.98,-3.2,0.4,4.0,-18.3,-3.52,4,10.5,9.7,12.7,0.9869,1.0,159759778,10.95,,,1a4ea6e4d77e,live,,,,,,,,,,,,,,,,,,,,,,,,,,,
2026-09-16,ALGO,71,143,11,0.087924,795089320,5.66,-6.1,-0.3,-8.0,-45.1,-12.92,4,14.5,6.7,13.8,1.0,1.0,795106088,-9.417,,,1a4ea6e4d77e,live,,,,,,,,,,,,,,,,,,,,,,,,,,,
2026-09-16,APT,98,144,11,0.531439,463042033,15.42,-13.3,-3.2,-17.7,-58.6,-20.93,4,13.3,4.8,20.3,0.9778,1.0,643101313,-14.1255,,,1a4ea6e4d77e,live,,,,,,,,,,,,,,,,,,,,,,,,,,,
2026-09-16,BSV,117,145,11,16.0,321940417,2.46,-2.0,2.8,-15.1,-14.9,-6.65,4,12.5,8.7,12.0,1.0,1.0,321941519,10.95,,,1a4ea6e4d77e,live,,,,,,,,,,,,,,,,,,,,,,,,,,,
2026-09-16,CASH,212,146,11,0.999066,128030804,6.55,3.8,1.1,-19.9,-19.3,-7.42,4,10.5,8.4,14.4,1.0,1.0,128030804,,,,1a4ea6e4d77e,live,,,,,,,,,,,,,,,,,,,,,,,,,,,
2026-09-16,COCO,180,147,11,0.166125,166147255,0.03,0.4,1.7,-20.1,7.0,-3.08,4,11.1,9.9,12.0,1.0,1.0,166147255,,,,1a4ea6e4d77e,live,,,,,,,,,,,,,,,,,,,,,,,,,,,
2026-09-16,COMP,163,148,11,18.92,189102792,5.03,-5.3,0.5,-4.4,-23.7,-7.3,4,11.4,8.4,13.4,1.0,1.0,189102792,10.95,,,1a4ea6e4d77e,live,,,,,,,,,,,,,,,,,,,,,,,,,,,
2026-09-16,KCS,66,149,11,6.79,930586876,0.53,1.3,-0.6,-16.0,-31.3,-10.02,4,14.8,7.6,12.0,1.0,1.0,964511513,,,,1a4ea6e4d77e,live,,,,,,,,,,,,,,,,,,,,,,,,,,,
2026-09-16,LDO,127,150,11,0.333866,278582308,14.73,-9.7,-6.3,-10.8,-51.4,-17.46,4,12.2,5.6,19.8,0.9917,1.0,333970948,-17.8485,,,1a4ea6e4d77e,live,,,,,,,,,,,,,,,,,,,,,,,,,,,
2026-09-16,MORPHO,46,151,11,2.1,1448198654,1.41,-7.3,-16.9,-19.1,-1.2,-11.43,4,15.8,7.1,12.0,0.9738,1.0,2101308685,-1.533,30.46,0.0416,1a4ea6e4d77e,live,,,,,,,,,,,,,,,,,,,,,,,,,,,
2026-09-16,OUSG,114,152,11,116.57,331665912,0.0,4.0,1.2,-19.6,-17.3,-6.86,4,12.6,8.6,12.0,1.0,1.0,331665912,,,,1a4ea6e4d77e,live,,,,,,,,,,,,,,,,,,,,,,,,,,,
2026-09-16,RENDER,80,153,11,1.3,675947414,6.17,-9.8,-6.5,-16.9,-27.3,-14.25,4,14.1,6.4,14.1,1.0,1.0,695179407,10.95,,,1a4ea6e4d77e,live,,,,,,,,,,,,,,,,,,,,,,,,,,,
2026-09-16,SKY,49,154,11,0.059075,1383730533,0.75,-4.4,-15.3,-6.5,-27.5,-12.27,4,15.7,6.9,12.0,1.0,1.0,1385817410,10.95,,,1a4ea6e4d77e,live,,,,,,,,,,,,,,,,,,,,,,,,,,,
2026-09-16,SOFID,116,155,11,0.999446,324687326,3.2,3.9,1.1,-19.9,-19.2,-7.37,3,12.6,8.4,12.1,1.0,1.0,324687326,,,,1a4ea6e4d77e,live,,,,,,,,,,,,,,,,,,,,,,,,,,,
2026-09-16,TWT,153,156,11,0.506941,211209143,3.18,-7.0,-6.3,10.2,-14.0,-3.92,4,11.6,9.6,12.1,0.9361,1.0,506922342,10.95,,,1a4ea6e4d77e,live,,,,,,,,,,,,,,,,,,,,,,,,,,,
2026-09-16,USDTB,95,157,11,0.999375,482345654,0.66,3.9,1.1,-19.9,-19.3,-7.39,4,13.4,8.4,12.0,1.0,1.0,482345654,,,,1a4ea6e4d77e,live,,,,,,,,,,,,,,,,,,,,,,,,,,,
2026-09-16,XTZ,129,158,11,0.246803,270582531,3.46,2.4,15.8,4.1,-55.4,-5.39,4,12.2,9.1,12.3,1.0,1.0,275513727,10.95,,,1a4ea6e4d77e,live,,,,,,,,,,,,,,,,,,,,,,,,,,,
2026-09-16,YLDS,93,159,11,0.999546,505292003,1.44,3.9,1.1,-19.9,-19.2,-7.37,4,13.5,8.4,12.0,1.0,1.0,505292003,,,,1a4ea6e4d77e,live,,,,,,,,,,,,,,,,,,,,,,,,,,,
2026-09-16,A7A5,99,160,10,0.01165144,457132228,0.0,3.2,2.3,-19.8,-28.8,-9.17,4,13.3,7.8,12.0,1.0,1.0,457132228,,,,1a4ea6e4d77e,live,,,,,,,,,,,,,,,,,,,,,,,,,,,
2026-09-16,APYUSD,170,161,10,1.35,176265799,3.51,2.6,0.3,-16.9,-19.2,-7.21,3,11.2,8.5,12.3,1.0,1.0,176225322,,,,1a4ea6e4d77e,live,,,,,,,,,,,,,,,,,,,,,,,,,,,
2026-09-16,BDX,85,162,10,0.076092,598690694,1.43,4.9,-2.2,-26.7,-24.4,-10.63,4,13.9,7.4,12.0,0.9867,1.0,756066033,,,,1a4ea6e4d77e,live,,,,,,,,,,,,,,,,,,,,,,,,,,,
2026-09-16,CHZ,201,163,10,0.01372308,144384800,14.54,-0.2,4.3,-8.0,-76.1,-16.2,4,10.8,5.9,19.7,1.0,1.0,144384800,10.95,,,1a4ea6e4d77e,live,,,,,,,,,,,,,,,,,,,,,,,,,,,
2026-09-16,EIGEN,166,164,10,0.194919,179810756,17.57,-5.8,-1.4,-6.9,-76.3,-19.07,4,11.3,5.2,21.7,0.9479,1.0,358964412,10.95,,,1a4ea6e4d77e,live,,,,,,,,,,,,,,,,,,,,,,,,,,,
2026-09-16,ENS,146,165,10,5.33,224693628,5.68,-7.1,-1.7,16.6,-52.2,-8.85,4,11.8,7.9,13.8,0.9368,1.0,532762730,10.95,,,1a4ea6e4d77e,live,,,,,,,,,,,,,,,,,,,,,,,,,,,
2026-09-16,FARTCOIN,207,166,10,0.136388,136445583,21.62,-14.2,-14.3,-24.5,-44.0,-22.76,4,10.7,4.5,24.4,1.0,1.0,136445583,9.417,32.2,1.3863,1a4ea6e4d77e,live,,,,,,,,,,,,,,,,,,,,,,,,,,,
2026-09-16,FLOKI,147,167,10,2.323e-05,224082689,8.37,-7.4,-1.3,-5.5,-43.0,-12.52,4,11.8,6.8,15.6,1.0,1.0,128745746,10.95,,,1a4ea6e4d77e,live,,,,,,,,,,,,,,,,,,,,,,,,,,,
2026-09-16,GNO,125,168,10,113.08,298453091,0.48,0.2,0.1,-11.1,-25.8,-7.85,4,12.4,8.3,12.0,0.9968,1.0,339204048,,,,1a4ea6e4d77e,live,,,,,,,,,,,,,,,,,,,,,,,,,,,
2026-09-16,GRASS,149,169,10,0.319077,215953267,7.59,-10.4,-5.9,-20.8,-10.0,-11.79,4,11.7,7.0,15.1,0.9722,1.0,318974993,-10.293,,,1a4ea6e4d77e,live,,,,,,,,,,,,,,,,,,,,,,,,,,,
2026-09-16,GRT,162,170,10,0.01750576,191510354,5.71,-7.7,8.8,10.4,-66.7,-10.85,4,11.4,7.3,13.8,1.0,1.0,203266953,-2.409,,,1a4ea6e4d77e,live,,,,,,,,,,,,,,,,,,,,,,,,,,,
2026-09-16,LUNC,132,171,10,4.801e-05,264272500,3.17,-6.4,-3.0,-20.0,2.1,-7.25,4,12.1,8.5,12.1,0.994,1.0,309136988,-6.351,,,1a4ea6e4d77e,live,,,,,,,,,,,,,,,,,,,,,,,,,,,
2026-09-16,M,31,172,10,1.1,2503952851,0.03,-3.9,6.2,-22.5,-40.7,-13.39,4,17.0,6.6,12.0,0.9365,1.0,5963919401,10.95,,,1a4ea6e4d77e,live,,,,,,,,,,,,,,,,,,,,,,,,,,,
2026-09-16,MANA,204,173,10,0.07195,140911379,8.07,-1.1,-2.1,-6.9,-48.0,-12.18,4,10.7,6.9,15.4,0.9983,1.0,157809159,10.95,,,1a4ea6e4d77e,live,,,,,,,,,,,,,,,,,,,,,,,,,,,
2026-09-16,MCAT,137,174,10,0.239774,239618053,2.63,3.9,1.1,-19.9,-19.2,-7.37,0,11.9,8.4,12.0,1.0,1.0,239618053,,,,1a4ea6e4d77e,live,,,,,,,,,,,,,,,,,,,,,,,,,,,
2026-09-16,MX,185,175,10,1.75,161173753,3.95,3.1,2.5,-11.9,-20.9,-5.6,4,11.0,9.0,12.6,0.9125,1.0,717835164,,,,1a4ea6e4d77e,live,,,,,,,,,,,,,,,,,,,,,,,,,,,
2026-09-16,PC0000031,156,176,10,1.0,202500000,0.0,3.9,1.1,-19.9,-19.2,-7.37,4,11.5,8.4,12.0,1.0,1.0,202500000,,,,1a4ea6e4d77e,live,,,,,,,,,,,,,,,,,,,,,,,,,,,
2026-09-16,QNT,68,177,10,59.82,869551979,0.92,-8.5,-6.6,-13.2,-27.4,-12.98,4,14.7,6.7,12.0,1.0,1.0,873636435,9.855,,,1a4ea6e4d77e,live,,,,,,,,,,,,,,,,,,,,,,,,,,,
2026-09-16,SFP,210,178,10,0.267119,133548449,0.74,-0.1,4.4,-4.4,-16.2,-3.27,4,10.6,9.8,12.0,1.0,1.0,133548449,10.95,,,1a4ea6e4d77e,live,,,,,,,,,,,,,,,,,,,,,,,,,,,
2026-09-16,STRCX,193,179,10,105.32,154953633,0.42,3.5,1.7,-16.2,-13.5,-5.28,4,11.0,9.1,12.0,0.9505,1.0,298189157,,,,1a4ea6e4d77e,live,,,,,,,,,,,,,,,,,,,,,,,,,,,
2026-09-16,TIA,119,180,10,0.330623,320545662,13.63,-14.6,-7.2,-11.0,-59.1,-20.75,4,12.5,4.9,19.1,0.9904,1.0,389366685,-17.739,,,1a4ea6e4d77e,live,,,,,,,,,,,,,,,,,,,,,,,,,,,
2026-09-16,USAT,164,181,10,0.998785,184093392,0.41,3.8,1.0,-19.8,-19.2,-7.4,4,11.3,8.4,12.0,1.0,1.0,184093392,,,,1a4ea6e4d77e,live,,,,,,,,,,,,,,,,,,,,,,,,,,,
2026-09-16,USDAI,123,182,10,0.999268,310892064,0.92,3.8,1.0,-19.9,-19.3,-7.45,4,12.5,8.4,12.0,1.0,1.0,310892064,,,,1a4ea6e4d77e,live,,,,,,,,,,,,,,,,,,,,,,,,,,,
2026-09-16,USTBL,175,183,10,1.096,172904763,0.0,3.9,1.2,-19.6,-17.3,-6.89,4,11.2,8.6,12.0,1.0,1.0,172904763,,,,1a4ea6e4d77e,live,,,,,,,,,,,,,,,,,,,,,,,,,,,
2026-09-16,USX,139,184,10,0.999033,234942362,1.96,3.9,1.1,-19.9,-19.3,-7.39,4,11.9,8.4,12.0,1.0,1.0,234942362,,,,1a4ea6e4d77e,live,,,,,,,,,,,,,,,,,,,,,,,,,,,
2026-09-16,XEC,203,185,10,7.09e-06,142328652,2.59,1.0,5.4,-7.5,-26.9,-5.6,4,10.8,9.0,12.0,1.0,1.0,142330667,,,,1a4ea6e4d77e,live,,,,,,,,,,,,,,,,,,,,,,,,,,,
2026-09-16,ALFW,231,186,9,3.2,114330001,0.0,3.9,1.1,-19.9,-19.2,-7.37,3,10.3,8.4,12.0,1.0,1.0,114330001,,,,1a4ea6e4d77e,live,,,,,,,,,,,,,,,,,,,,,,,,,,,
2026-09-16,ATOM,70,187,9,1.5,796146556,5.28,-21.9,3.3,-16.1,-44.6,-18.69,4,14.5,5.3,13.5,1.0,1.0,796163794,0.7665,,,1a4ea6e4d77e,live,,,,,,,,,,,,,,,,,,,,,,,,,,,
2026-09-16,AVUSD,213,188,9,0.998028,127990651,0.0,3.9,1.0,-20.0,-19.3,-7.44,4,10.5,8.4,12.0,1.0,1.0,127990651,,,,1a4ea6e4d77e,live,,,,,,,,,,,,,,,,,,,,,,,,,,,
2026-09-16,AXS,192,189,9,0.902339,157345801,8.17,-2.0,-0.5,-13.7,-47.5,-13.65,4,11.0,6.5,15.4,0.968,1.0,243560443,10.95,,,1a4ea6e4d77e,live,,,,,,,,,,,,,,,,,,,,,,,,,,,
2026-09-16,BLORB,232,190,9,0.113439,113502476,3.65,3.9,1.1,-19.9,-19.2,-7.37,0,10.3,8.4,12.4,1.0,1.0,113502476,,,,1a4ea6e4d77e,live,,,,,,,,,,,,,,,,,,,,,,,,,,,
2026-09-16,BORG,189,191,9,0.162701,159628528,0.1,-4.1,-0.7,-3.7,-29.6,-8.25,4,11.0,8.1,12.0,1.0,1.0,159628528,,,,1a4ea6e4d77e,live,,,,,,,,,,,,,,,,,,,,,,,,,,,
2026-09-16,EGLD,227,192,9,3.82,117652376,5.87,-17.6,-7.9,25.6,-51.1,-11.07,4,10.4,7.3,13.9,1.0,1.0,117652376,-0.876,,,1a4ea6e4d77e,live,,,,,,,,,,,,,,,,,,,,,,,,,,,
2026-09-16,H,171,193,9,0.087961,175242918,2.76,17.0,22.4,-37.4,-43.5,-7.35,4,11.2,8.4,12.0,0.91,1.0,879829242,10.95,,,1a4ea6e4d77e,live,,,,,,,,,,,,,,,,,,,,,,,,,,,
2026-09-16,JPYSC,211,194,9,0.00645055,129396834,0.0,2.9,4.1,-17.3,-19.2,-6.27,3,10.6,8.8,12.0,1.0,1.0,129396834,,,,1a4ea6e4d77e,live,,,,,,,,,,,,,,,,,,,,,,,,,,,
2026-09-16,OZO,215,195,9,0.130669,125621928,0.17,4.1,1.2,-19.2,-19.8,-7.23,4,10.5,8.5,12.0,1.0,1.0,130729080,,,,1a4ea6e4d77e,live,,,,,,,,,,,,,,,,,,,,,,,,,,,
2026-09-16,PC0000023,229,196,9,1.0,114500000,0.0,3.9,1.1,-19.9,-19.2,-7.37,4,10.3,8.4,12.0,1.0,1.0,114500000,,,,1a4ea6e4d77e,live,,,,,,,,,,,,,,,,,,,,,,,,,,,
2026-09-16,PC0000033,184,197,9,1.0,162500000,0.0,3.9,1.1,-19.9,-19.2,-7.37,4,11.1,8.4,12.0,1.0,1.0,162500000,,,,1a4ea6e4d77e,live,,,,,,,,,,,,,,,,,,,,,,,,,,,
2026-09-16,PC0000097,209,198,9,1.0,134000000,0.0,3.9,1.1,-19.9,-19.2,-7.37,4,10.6,8.4,12.0,1.0,1.0,0.0,,,,1a4ea6e4d77e,live,,,,,,,,,,,,,,,,,,,,,,,,,,,
2026-09-16,RLB,218,199,9,0.078639,123650566,0.22,1.8,-3.6,-14.3,-13.5,-6.63,4,10.5,8.7,12.0,1.0,1.0,123650566,0.0,,,1a4ea6e4d77e,live,,,,,,,,,,,,,,,,,,,,,,,,,,,
2026-09-16,SAFO,179,200,9,1.021,167195330,0.0,4.0,1.3,-19.6,-19.2,-7.21,3,11.1,8.5,12.0,1.0,1.0,167195330,,,,1a4ea6e4d77e,live,,,,,,,,,,,,,,,,,,,,,,,,,,,
2026-09-16,SEI,126,201,9,0.04196954,282637344,17.22,-11.7,-9.8,-14.2,-82.2,-25.95,4,12.3,4.0,21.5,0.9717,1.0,419758431,-1.752,,,1a4ea6e4d77e,live,,,,,,,,,,,,,,,,,,,,,,,,,,,
2026-09-16,SYRUP,143,202,9,0.198596,231735544,2.62,-9.6,-1.5,-1.1,-30.7,-9.67,4,11.8,7.7,12.0,1.0,1.0,247102668,10.95,,,1a4ea6e4d77e,live,,,,,,,,,,,,,,,,,,,,,,,,,,,
2026-09-16,THBILL,226,203,9,1.017,117834055,0.0,3.8,1.1,-20.0,-19.1,-7.4,4,10.4,8.4,12.0,1.0,1.0,117834055,,,,1a4ea6e4d77e,live,,,,,,,,,,,,,,,,,,,,,,,,,,,
2026-09-16,TRAC,208,204,9,0.30468,136279798,2.76,-2.8,-3.6,-2.8,-28.7,-8.18,4,10.7,8.2,12.0,0.9984,1.0,152344829,,,,1a4ea6e4d77e,live,,,,,,,,,,,,,,,,,,,,,,,,,,,
2026-09-16,VSN,191,205,9,0.04187301,157397349,0.94,5.6,2.7,-2.5,-52.8,-8.83,4,11.0,7.9,12.0,0.9985,1.0,175862593,,,,1a4ea6e4d77e,live,,,,,,,,,,,,,,,,,,,,,,,,,,,
2026-09-16,XDC,87,206,9,0.02758021,550073169,2.19,0.8,1.6,-16.2,-44.5,-12.31,4,13.7,6.9,12.0,0.9511,1.0,1049743813,10.95,,,1a4ea6e4d77e,live,,,,,,,,,,,,,,,,,,,,,,,,,,,
2026-09-16,1INCH,220,207,8,0.087524,122989416,6.92,-2.1,-0.4,-14.1,-51.2,-14.5,4,10.4,6.3,14.6,1.0,1.0,131251808,10.95,,,1a4ea6e4d77e,live,,,,,,,,,,,,,,,,,,,,,,,,,,,
2026-09-16,BONK,148,208,8,2.53e-06,222150809,15.19,-12.7,-12.8,-12.1,-73.7,-24.78,4,11.7,4.2,20.1,1.0,1.0,222150809,10.95,,,1a4ea6e4d77e,live,,,,,,,,,,,,,,,,,,,,,,,,,,,
2026-09-16,BP,234,209,8,0.450175,112536745,2.31,-18.8,16.5,-1.9,-19.2,-5.83,3,10.3,8.9,12.0,0.9151,1.0,450146980,10.95,,,1a4ea6e4d77e,live,,,,,,,,,,,,,,,,,,,,,,,,,,,
2026-09-16,CVX,176,210,8,1.85,172159970,4.59,-12.6,-20.8,-5.8,-14.6,-13.35,4,11.2,6.6,13.1,1.0,1.0,184714335,10.95,,,1a4ea6e4d77e,live,,,,,,,,,,,,,,,,,,,,,,,,,,,
2026-09-16,DCR,131,211,8,15.19,267360978,0.98,-8.0,7.2,7.0,-66.2,-12.09,4,12.1,7.0,12.0,1.0,1.0,267381434,,,,1a4ea6e4d77e,live,,,,,,,,,,,,,,,,,,,,,,,,,,,
2026-09-16,KAG,135,212,8,64.51,240115459,0.04,0.5,1.9,-20.0,-49.4,-14.26,4,11.9,6.4,12.0,1.0,1.0,236666190,,,,1a4ea6e4d77e,live,,,,,,,,,,,,,,,,,,,,,,,,,,,
2026-09-16,KAU,112,213,8,139.52,332936255,0.02,2.3,1.2,-21.6,-39.5,-12.31,4,12.6,6.9,12.0,0.9616,1.0,556185351,,,,1a4ea6e4d77e,live,,,,,,,,,,,,,,,,,,,,,,,,,,,
2026-09-16,NEO,198,214,8,2.08,146912500,2.68,-4.7,3.4,3.1,-56.7,-11.13,4,10.8,7.2,12.0,0.9759,1.0,208297888,10.95,,,1a4ea6e4d77e,live,,,,,,,,,,,,,,,,,,,,,,,,,,,
2026-09-16,STABLE,75,215,8,0.02692844,709748070,1.1,-0.9,-3.8,-27.9,-31.9,-14.57,4,14.3,6.3,12.0,0.9166,1.0,2691524675,10.95,21.55,-0.7498,1a4ea6e4d77e,live,,,,,,,,,,,,,,,,,,,,,,,,,,,
2026-09-16,STRK,159,216,8,0.02699852,198351139,9.37,-9.0,3.2,-3.7,-74.7,-17.77,4,11.5,5.5,16.2,0.9797,1.0,269843263,10.95,,,1a4ea6e4d77e,live,,,,,,,,,,,,,,,,,,,,,,,,,,,
2026-09-16,WLFI,39,217,8,0.056936,1809496162,1.86,6.2,1.5,-26.1,-65.5,-17.39,4,16.3,5.6,12.0,0.923,1.0,5694291709,10.95,,,1a4ea6e4d77e,live,,,,,,,,,,,,,,,,,,,,,,,,,,,
2026-09-16,ZBCN,177,218,8,0.00171069,170970251,4.86,-2.5,-5.7,-13.0,-40.6,-13.54,4,11.2,6.6,13.2,1.0,1.0,170970251,10.95,,,1a4ea6e4d77e,live,,,,,,,,,,,,,,,,,,,,,,,,,,,
2026-09-16,APE,219,219,7,0.123312,123316368,8.44,-10.6,-8.3,-21.2,-46.4,-19.84,4,10.5,5.1,15.6,1.0,1.0,123316368,-0.5475,,,1a4ea6e4d77e,live,,,,,,,,,,,,,,,,,,,,,,,,,,,
2026-09-16,CC,22,220,7,0.090976,3603526267,0.23,-10.7,-18.2,-24.6,-63.0,-26.51,4,17.8,3.9,12.0,1.0,1.0,3603526267,10.95,25.19,0.9412,1a4ea6e4d77e,live,,,,,,,,,,,,,,,,,,,,,,,,,,,
2026-09-16,FLR,88,221,7,0.00630737,548501240,0.98,0.8,-3.0,-13.5,-78.6,-19.6,4,13.7,5.1,12.0,0.9896,1.0,672048015,10.95,,,1a4ea6e4d77e,live,,,,,,,,,,,,,,,,,,,,,,,,,,,
2026-09-16,IOTA,165,222,7,0.03868467,179826285,4.37,-5.3,-1.4,0.5,-69.3,-15.67,4,11.3,6.0,12.9,1.0,1.0,192746633,10.95,,,1a4ea6e4d77e,live,,,,,,,,,,,,,,,,,,,,,,,,,,,
2026-09-16,NFT,140,223,7,2.37225e-07,234897704,3.73,4.3,-1.6,-35.9,-48.2,-17.73,4,11.9,5.5,12.5,1.0,1.0,234897704,,,,1a4ea6e4d77e,live,,,,,,,,,,,,,,,,,,,,,,,,,,,
2026-09-16,CFX,142,224,6,0.04458815,233608995,1.97,-6.3,-3.0,-16.5,-73.4,-21.45,4,11.8,4.7,12.0,1.0,1.0,233619489,5.694,,,1a4ea6e4d77e,live,,,,,,,,,,,,,,,,,,,,,,,,,,,
2026-09-16,HASH,106,225,6,0.00703465,406883726,0.0,2.5,-6.9,-19.6,-75.1,-20.89,4,13.0,4.8,12.0,0.9632,1.0,666770165,,,,1a4ea6e4d77e,live,,,,,,,,,,,,,,,,,,,,,,,,,,,
2026-09-16,KAIA,174,226,6,0.02708842,173880550,3.04,-9.5,-4.5,-4.7,-75.7,-20.29,4,11.2,5.0,12.0,1.0,1.0,173901598,10.95,,,1a4ea6e4d77e,live,,,,,,,,,,,,,,,,,,,,,,,,,,,
2026-09-16,NIGHT,113,227,6,0.01997267,331696208,1.22,-10.2,8.0,-4.4,-84.1,-18.98,4,12.6,5.2,12.0,0.9741,1.0,479347115,10.95,,,1a4ea6e4d77e,live,,,,,,,,,,,,,,,,,,,,,,,,,,,
2026-09-16,PI,65,228,6,0.083364,934842979,1.61,-10.6,-9.5,-23.2,-75.5,-26.46,4,14.9,3.9,12.0,0.9686,1.0,1438219968,2.19,,,1a4ea6e4d77e,live,,,,,,,,,,,,,,,,,,,,,,,,,,,
2026-09-16,SNX,228,229,6,0.198326,115245385,5.57,-6.0,-4.9,-20.0,-60.4,-20.11,4,10.3,5.0,13.7,1.0,1.0,115329418,10.95,,,1a4ea6e4d77e,live,,,,,,,,,,,,,,,,,,,,,,,,,,,
2026-09-16,2Z,188,230,5,0.04612156,159972764,1.59,-6.1,-13.9,-26.9,-54.8,-22.99,4,11.0,4.5,12.0,0.9268,1.0,460995294,10.95,,,1a4ea6e4d77e,live,,,,,,,,,,,,,,,,,,,,,,,,,,,
2026-09-16,JASMY,167,231,5,0.00362738,179274740,5.17,-9.5,-24.0,-22.9,-62.5,-27.07,4,11.3,3.9,13.4,1.0,1.0,181287027,10.95,,,1a4ea6e4d77e,live,,,,,,,,,,,,,,,,,,,,,,,,,,,
2026-09-16,KITE,138,232,4,0.099659,238232357,3.63,-8.2,-24.7,-12.1,-79.8,-27.62,4,11.9,3.8,12.4,0.914,1.0,996289539,10.95,,,1a4ea6e4d77e,live,,,,,,,,,,,,,,,,,,,,,,,,,,,
2026-09-16,TEL,202,233,4,0.00145214,143166173,1.16,-14.8,-11.9,-19.8,-64.9,-25.34,4,10.8,4.1,12.0,1.0,1.0,145094605,,,,1a4ea6e4d77e,live,,,,,,,,,,,,,,,,,,,,,,,,,,,
2026-09-16,ULTIMA,181,234,4,1950.93,165249462,3.83,-3.8,-7.6,-34.8,-79.0,-27.54,4,11.1,3.8,12.6,0.9932,1.0,195081294,,,,1a4ea6e4d77e,live,,,,,,,,,,,,,,,,,,,,,,,,,,,
2026-09-17,ZEC,8,1,100,1345.22,22773149774,11.96,12.2,63.9,146.9,491.3,154.62,4,20.0,20.0,30.0,1.0,1.071,22773151875,-25.185,74.96,1.7456,1a4ea6e4d77e,live,,,,,,,,,,,,,,,,,,,,,,,,,,,
2026-09-17,UNI,19,2,86,6.79,4220925380,20.33,15.9,14.2,90.6,58.5,42.67,4,18.1,19.4,30.0,0.9751,1.0,6036807253,-3.6135,63.59,-0.0649,1a4ea6e4d77e,live,,,,,,,,,,,,,,,,,,,,,,,,,,,
2026-09-17,HYPE,9,3,85,79.43,17670160246,5.29,-1.8,-0.9,14.7,143.9,31.69,4,20.0,18.7,30.0,0.9133,1.0,75885612127,10.95,44.81,1.2607,1a4ea6e4d77e,live,,,,,,,,,,,,,,,,,,,,,,,,,,,
2026-09-17,WBT,13,4,77,78.39,9241278038,1.62,-0.4,12.2,22.9,46.5,17.95,4,19.8,16.5,30.0,0.934,1.0,23011236623,,54.69,0.8642,1a4ea6e4d77e,live,,,,,,,,,,,,,,,,,,,,,,,,,,,
2026-09-17,NEAR,23,5,73,2.83,3695517870,22.09,19.0,51.9,55.2,126.2,57.72,4,17.8,19.8,24.7,1.0,1.0,3695517972,6.6795,78.66,0.9383,1a4ea6e4d77e,live,,,,,,,,,,,,,,,,,,,,,,,,,,,
2026-09-17,ARB,60,6,71,0.164449,1098293348,44.54,12.3,20.8,99.2,50.6,43.81,4,15.2,19.5,29.8,0.9709,1.0,1644625428,-7.3365,66.08,1.4223,1a4ea6e4d77e,live,,,,,,,,,,,,,,,,,,,,,,,,,,,
2026-09-17,XMR,11,7,66,499.93,9400318477,1.22,-0.2,-1.6,0.7,34.2,6.56,4,19.9,13.3,30.0,1.0,1.0,9400322376,10.95,43.0,0.4239,1a4ea6e4d77e,live,,,,,,,,,,,,,,,,,,,,,,,,,,,
2026-09-17,ETH,2,8,64,2428.28,296385735194,5.11,0.7,3.3,9.4,7.9,4.96,4,20.0,12.8,30.0,1.0,1.0,296385735194,5.913,43.68,1.2056,1a4ea6e4d77e,live,,,,,,,,,,,,,,,,,,,,,,,,,,,
2026-09-17,SOL,5,9,62,99.54,58457186037,6.02,0.8,1.2,12.4,2.3,4.1,4,20.0,12.5,30.0,1.0,1.0,63135302431,-4.7085,46.58,1.2926,1a4ea6e4d77e,live,,,,,,,,,,,,,,,,,,,,,,,,,,,
2026-09-17,ENA,44,10,61,0.149916,1513905961,25.72,3.4,1.7,63.5,29.6,23.24,4,15.9,17.6,27.1,0.9716,1.0,2249419165,-3.723,53.07,2.0825,1a4ea6e4d77e,live,,,,,,,,,,,,,,,,,,,,,,,,,,,
2026-09-17,BNB,3,11,60,720.63,95951713674,0.91,2.9,4.8,1.3,1.7,2.74,4,20.0,12.0,30.0,1.0,1.0,95951712046,8.103,50.44,0.684,1a4ea6e4d77e,live,,,,,,,,,,,,,,,,,,,,,,,,,,,
2026-09-17,PONS,104,12,59,0.635597,438080427,22.58,18.9,21.2,2244.1,-14.8,569.03,3,13.2,20.0,25.1,1.0,1.075,438075492,-29.784,56.88,6.5288,1a4ea6e4d77e,live,,,,,,,,,,,,,,,,,,,,,,,,,,,
2026-09-17,DASH,77,13,57,57.03,731801039,31.8,2.4,35.9,71.8,59.3,39.5,4,14.3,19.3,24.7,1.0,1.0,731801039,10.95,55.98,2.375,1a4ea6e4d77e,live,,,,,,,,,,,,,,,,,,,,,,,,,,,
2026-09-17,RAY,110,14,56,1.45,389964422,21.37,10.3,82.0,119.2,26.0,58.59,4,13.0,19.8,24.2,0.9458,1.133,802369962,-43.143,63.73,0.7761,1a4ea6e4d77e,live,,,,,,,,,,,,,,,,,,,,,,,,,,,
2026-09-17,BTC,1,15,55,76165,1529807748573,1.92,0.0,0.0,0.0,0.0,0.0,4,20.0,11.0,30.0,1.0,1.0,1529807748573,6.4605,39.67,1.0,1a4ea6e4d77e,live,,,,,,,,,,,,,,,,,,,,,,,,,,,
2026-09-17,DRV,143,16,55,0.2355,236080826,42.18,52.3,60.2,124.1,482.5,158.26,4,11.9,20.0,28.9,0.9708,1.0,354226301,,84.62,,1a4ea6e4d77e,live,,,,,,,,,,,,,,,,,,,,,,,,,,,
2026-09-17,XLM,17,17,54,0.180999,6307792999,4.0,3.2,4.4,-1.1,-0.1,1.76,4,19.0,11.6,30.0,0.9748,1.0,9051538146,9.198,47.74,1.5046,1a4ea6e4d77e,live,,,,,,,,,,,,,,,,,,,,,,,,,,,
2026-09-17,LINK,14,18,52,11.11,8310879324,5.19,-3.7,1.2,-1.5,2.0,-0.78,4,19.6,10.7,30.0,0.9813,1.0,11109316472,2.628,41.45,1.2494,1a4ea6e4d77e,live,,,,,,,,,,,,,,,,,,,,,,,,,,,
2026-09-17,TRX,6,19,50,0.334335,31745770148,1.06,0.5,3.9,-18.4,4.2,-2.63,4,20.0,10.1,30.0,1.0,1.0,31746235783,-25.404,39.72,0.1556,1a4ea6e4d77e,live,,,,,,,,,,,,,,,,,,,,,,,,,,,
2026-09-17,USELESS,135,20,49,0.262247,262823819,21.63,17.2,81.7,594.6,309.6,236.16,4,12.1,20.0,24.4,1.0,1.0,262823819,10.95,66.7,-3.7657,1a4ea6e4d77e,live,,,,,,,,,,,,,,,,,,,,,,,,,,,
2026-09-17,LTC,20,21,47,52.64,4086201160,6.27,2.7,5.8,-0.8,-17.3,-1.4,4,18.1,10.5,30.0,1.0,1.0,4086331459,0.9855,56.59,0.5829,1a4ea6e4d77e,live,,,,,,,,,,,,,,,,,,,,,,,,,,,
2026-09-17,XRP,4,22,47,1.29,81249286028,4.43,-3.9,-3.3,11.1,-21.1,-3.44,4,20.0,9.8,30.0,0.9657,1.0,129196286638,2.2995,36.69,1.8371,1a4ea6e4d77e,live,,,,,,,,,,,,,,,,,,,,,,,,,,,
2026-09-17,FIGR_HELOC,7,23,44,1.03,23268681307,0.43,2.4,3.3,-16.6,-17.0,-6.01,4,20.0,8.9,30.0,1.0,1.0,23268681307,,52.76,-0.3149,1a4ea6e4d77e,live,,,,,,,,,,,,,,,,,,,,,,,,,,,
2026-09-17,INJ,87,24,44,5.55,555658045,18.46,-4.9,15.7,19.1,66.4,20.51,4,13.7,17.1,22.3,1.0,1.0,555658045,9.0885,45.34,-0.8411,1a4ea6e4d77e,live,,,,,,,,,,,,,,,,,,,,,,,,,,,
2026-09-17,PENDLE,108,25,43,2.32,402037965,17.12,18.4,26.9,51.3,63.0,37.67,4,13.0,19.2,21.4,0.964,1.0,652092501,10.95,69.38,0.5917,1a4ea6e4d77e,live,,,,,,,,,,,,,,,,,,,,,,,,,,,
2026-09-17,DOGE,10,26,42,0.080599,12569390623,5.76,-2.8,-0.9,-3.4,-29.0,-7.72,4,20.0,8.3,30.0,1.0,1.0,12569392235,0.7665,34.8,1.2919,1a4ea6e4d77e,live,,,,,,,,,,,,,,,,,,,,,,,,,,,
2026-09-17,BR,163,27,41,0.645652,191594484,20.09,131.2,121.1,213.1,1035.8,330.07,4,11.4,20.0,23.4,0.9205,1.0,645824106,10.95,,,1a4ea6e4d77e,live,,,,,,,,,,,,,,,,,,,,,,,,,,,
2026-09-17,CAKE,74,28,40,2.38,761169524,12.31,12.6,23.9,44.7,43.9,29.71,4,14.4,18.5,18.2,1.0,1.0,788955401,10.95,65.81,1.5722,1a4ea6e4d77e,live,,,,,,,,,,,,,,,,,,,,,,,,,,,
2026-09-17,RAIN,12,29,40,0.01315035,9350707998,0.2,-16.0,-18.3,-17.6,30.5,-7.68,4,19.9,8.3,30.0,0.9646,1.0,15061792716,,25.04,0.1949,1a4ea6e4d77e,live,,,,,,,,,,,,,,,,,,,,,,,,,,,
2026-09-17,LEO,15,30,38,8.91,8199813450,0.0,-0.8,-1.7,-24.4,-13.6,-9.48,4,19.6,7.7,30.0,1.0,1.0,8782639752,,29.32,-0.0373,1a4ea6e4d77e,live,,,,,,,,,,,,,,,,,,,,,,,,,,,
2026-09-17,PUMP,41,31,38,0.00387373,1813264806,10.35,0.1,-8.4,21.5,90.1,21.33,4,16.3,17.2,16.9,0.9564,1.0,3229309654,0.438,49.63,1.1778,1a4ea6e4d77e,live,,,,,,,,,,,,,,,,,,,,,,,,,,,
2026-09-17,LIT,57,32,37,4.85,1211751325,8.8,9.4,28.2,85.5,230.1,77.27,4,15.4,20.0,15.9,0.9151,1.0,4847005302,10.95,64.27,1.1217,1a4ea6e4d77e,live,,,,,,,,,,,,,,,,,,,,,,,,,,,
2026-09-17,ZEN,218,33,36,6.9,126545125,22.37,5.6,30.8,59.0,13.6,26.85,4,10.5,18.1,24.9,0.9961,0.924,144976664,50.8774,60.55,,1a4ea6e4d77e,live,,,,,,,,,,,,,,,,,,,,,,,,,,,
2026-09-17,VVV,58,34,34,25.02,1201208917,5.72,7.5,57.8,57.8,334.4,98.03,4,15.4,20.0,13.8,0.9608,1.0,2026229368,0.657,69.46,0.3491,1a4ea6e4d77e,live,,,,,,,,,,,,,,,,,,,,,,,,,,,
2026-09-17,龙虾,151,35,34,0.227773,227259323,11.04,476.9,223.4,1042.6,10572.1,2573.99,4,11.8,20.0,17.4,1.0,1.0,227259323,8.979,,,1a4ea6e4d77e,live,,,,,,,,,,,,,,,,,,,,,,,,,,,
2026-09-17,AAVE,37,36,33,122.33,1887216215,15.84,1.0,-3.8,18.7,-11.0,1.83,4,16.4,11.7,20.6,1.0,1.0,1957214004,10.95,44.0,0.7662,1a4ea6e4d77e,live,,,,,,,,,,,,,,,,,,,,,,,,,,,
2026-09-17,MINA,229,37,33,0.093687,121251456,15.06,5.3,31.4,117.1,-1.0,38.52,4,10.4,19.2,20.0,1.0,1.0,121251456,-87.381,,,1a4ea6e4d77e,live,,,,,,,,,,,,,,,,,,,,,,,,,,,
2026-09-17,ADA,16,38,32,0.197499,7409648364,5.85,-5.0,-2.4,-4.6,-47.6,-12.77,4,19.3,6.8,30.0,0.9916,1.0,8886146037,5.037,39.08,1.6002,1a4ea6e4d77e,live,,,,,,,,,,,,,,,,,,,,,,,,,,,
2026-09-17,AKE,97,39,32,0.02110409,481509720,8.54,36.8,65.2,97.9,8588.5,1769.52,4,13.4,20.0,15.7,0.9128,1.0,2112232144,10.95,57.77,2.209,1a4ea6e4d77e,live,,,,,,,,,,,,,,,,,,,,,,,,,,,
2026-09-17,AI,130,40,31,0.282102,279678925,7.91,45.6,0.5,5127.9,-14.8,1292.82,3,12.2,20.0,15.3,1.0,1.0,279678925,0.0,51.23,-1.5803,1a4ea6e4d77e,live,,,,,,,,,,,,,,,,,,,,,,,,,,,
2026-09-17,BCAP,63,41,30,106.54,970804306,0.0,2.1,1.9,-18.4,352.7,67.05,4,14.9,19.9,12.0,1.0,1.0,970804306,,94.71,-0.0049,1a4ea6e4d77e,live,,,,,,,,,,,,,,,,,,,,,,,,,,,
2026-09-17,CASHCAT,161,42,30,0.19956,197184997,13.03,29.2,-19.4,75.9,-14.8,19.93,3,11.5,17.0,18.7,1.0,1.0,197184997,-15.987,43.17,-1.6434,1a4ea6e4d77e,live,,,,,,,,,,,,,,,,,,,,,,,,,,,
2026-09-17,PEPE,47,43,30,3.46e-06,1453552352,14.6,3.0,1.7,15.8,-18.5,1.57,4,15.8,11.6,19.7,1.0,1.0,1453552352,10.95,46.01,2.3175,1a4ea6e4d77e,live,,,,,,,,,,,,,,,,,,,,,,,,,,,
2026-09-17,BTW,38,44,28,0.69628,1885745941,0.44,53.9,69.8,72.1,-14.8,48.68,3,16.4,19.6,12.0,0.9174,0.939,6963245452,69.642,68.64,0.6188,1a4ea6e4d77e,live,,,,,,,,,,,,,,,,,,,,,,,,,,,
2026-09-17,JST,65,45,28,0.116746,956120603,2.86,13.1,9.8,-10.9,134.5,30.55,4,14.9,18.6,12.0,1.0,1.0,956120603,10.95,74.92,-0.1999,1a4ea6e4d77e,live,,,,,,,,,,,,,,,,,,,,,,,,,,,
2026-09-17,DOT,42,46,27,1.018,1733228085,14.32,-4.6,18.6,19.5,-49.8,-1.82,4,16.2,10.3,19.5,1.0,1.0,1733232414,10.95,71.9,,1a4ea6e4d77e,live,,,,,,,,,,,,,,,,,,,,,,,,,,,
2026-09-17,JUP,75,47,27,0.224001,743690346,11.3,1.2,3.1,16.0,11.7,7.47,4,14.4,13.6,17.5,0.9455,1.0,1537286561,10.95,25.8,,1a4ea6e4d77e,live,,,,,,,,,,,,,,,,,,,,,,,,,,,
2026-09-17,STONK,175,48,27,0.212637,179117808,6.36,3.7,960.7,3072.7,-14.8,1006.5,3,11.3,20.0,14.2,1.0,1.0,179117808,10.95,60.25,-5.591,1a4ea6e4d77e,live,,,,,,,,,,,,,,,,,,,,,,,,,,,
2026-09-17,币安人生,99,49,27,0.470888,470767176,0.47,5.1,-2.1,-17.2,589.0,114.51,4,13.4,20.0,12.0,1.0,1.0,470767176,10.95,44.48,0.0303,1a4ea6e4d77e,live,,,,,,,,,,,,,,,,,,,,,,,,,,,
2026-09-17,FIL,81,50,25,0.796964,659406650,20.71,2.5,4.0,9.1,-39.5,-3.88,4,14.1,9.6,23.8,0.937,1.0,1558911737,-7.1175,,,1a4ea6e4d77e,live,,,,,,,,,,,,,,,,,,,,,,,,,,,
2026-09-17,PENGU,101,51,25,0.00715702,449821436,33.39,-3.4,-12.0,0.5,-10.3,-5.96,4,13.3,8.9,25.4,0.99,1.0,549019331,-2.19,27.11,0.1563,1a4ea6e4d77e,live,,,,,,,,,,,,,,,,,,,,,,,,,,,
2026-09-17,AERO,88,52,24,0.555152,549911809,6.65,2.8,14.9,17.9,21.1,13.26,4,13.7,15.4,14.4,0.9479,1.0,1097984176,1.533,,,1a4ea6e4d77e,live,,,,,,,,,,,,,,,,,,,,,,,,,,,
2026-09-17,RLUSD,33,53,24,1.0,2344732525,14.19,2.1,1.6,-19.0,-14.8,-6.68,4,16.9,8.7,19.5,1.0,1.0,2345188023,,47.02,0.0006,1a4ea6e4d77e,live,,,,,,,,,,,,,,,,,,,,,,,,,,,
2026-09-17,TRAC,198,54,24,0.341941,152907605,15.7,11.1,8.7,14.9,-17.6,5.71,4,10.9,13.0,20.5,0.9984,1.0,170932766,,,,1a4ea6e4d77e,live,,,,,,,,,,,,,,,,,,,,,,,,,,,
2026-09-17,ZAMA,221,55,24,0.04949981,125572881,10.74,5.7,-11.4,-0.9,114.6,21.56,4,10.5,17.3,17.2,0.9124,1.0,559587497,10.95,,,1a4ea6e4d77e,live,,,,,,,,,,,,,,,,,,,,,,,,,,,
2026-09-17,BCH,18,56,23,222.91,4478760381,3.19,-7.2,-8.4,-8.7,-64.9,-19.42,4,18.3,5.1,30.0,1.0,1.0,4478760381,-0.219,32.04,-0.1379,1a4ea6e4d77e,live,,,,,,,,,,,,,,,,,,,,,,,,,,,
2026-09-17,CRV,95,57,23,0.313672,489316189,13.47,-5.3,-11.3,9.1,12.4,0.34,4,13.4,11.1,19.0,0.9679,1.0,758662810,10.95,34.87,-0.7559,1a4ea6e4d77e,live,,,,,,,,,,,,,,,,,,,,,,,,,,,
2026-09-17,FET,111,58,23,0.156972,362700530,20.31,-3.2,3.9,9.2,-37.8,-5.24,4,12.8,9.1,23.5,0.9937,1.0,425907363,-10.4025,,,1a4ea6e4d77e,live,,,,,,,,,,,,,,,,,,,,,,,,,,,
2026-09-17,FF,103,59,23,0.14057,441467129,1.93,-4.6,30.9,98.6,62.9,43.58,4,13.2,19.5,12.0,0.9226,0.977,1405946272,23.871,70.18,5.8331,1a4ea6e4d77e,live,,,,,,,,,,,,,,,,,,,,,,,,,,,
2026-09-17,GRX,158,60,23,21.15,201199078,1.08,1.8,63.6,43.1,418.1,110.84,4,11.5,20.0,12.0,1.0,1.0,211471057,,,,1a4ea6e4d77e,live,,,,,,,,,,,,,,,,,,,,,,,,,,,
2026-09-17,GT,62,61,23,9.29,990207451,0.34,4.0,14.8,20.0,18.2,13.54,4,15.0,15.4,12.0,0.9987,1.0,1103975777,10.95,,,1a4ea6e4d77e,live,,,,,,,,,,,,,,,,,,,,,,,,,,,
2026-09-17,OKB,34,62,23,111.62,2343614502,0.8,1.8,7.3,-4.7,31.5,7.49,4,16.8,13.6,12.0,1.0,1.0,2343614502,6.4605,72.11,-0.0762,1a4ea6e4d77e,live,,,,,,,,,,,,,,,,,,,,,,,,,,,
2026-09-17,ONDO,43,63,23,0.347549,1692090098,8.45,1.3,1.0,-13.1,19.5,1.26,4,16.1,11.5,15.6,0.9459,1.0,3474995273,10.95,,,1a4ea6e4d77e,live,,,,,,,,,,,,,,,,,,,,,,,,,,,
2026-09-17,OP,154,64,23,0.096277,221439119,28.57,1.3,0.1,-1.9,-36.2,-7.3,4,11.7,8.4,29.0,0.9527,1.0,413577773,10.95,,,1a4ea6e4d77e,live,,,,,,,,,,,,,,,,,,,,,,,,,,,
2026-09-17,U,50,65,23,0.999577,1379321725,15.61,2.1,1.6,-19.0,-14.9,-6.7,4,15.7,8.6,20.4,1.0,1.0,1379321725,,55.25,0.012,1a4ea6e4d77e,live,,,,,,,,,,,,,,,,,,,,,,,,,,,
2026-09-17,UB,114,66,23,0.134748,337113155,3.25,12.4,11.4,2.4,288.2,64.81,4,12.6,19.9,12.2,0.9151,1.0,1348452619,10.95,54.8,1.8276,1a4ea6e4d77e,live,,,,,,,,,,,,,,,,,,,,,,,,,,,
2026-09-17,WIF,170,67,23,0.183393,183217619,33.22,-5.2,-6.7,16.0,-24.1,-4.06,4,11.3,9.6,25.3,1.0,1.0,183217619,10.95,38.65,-1.1315,1a4ea6e4d77e,live,,,,,,,,,,,,,,,,,,,,,,,,,,,
2026-09-17,ETHFI,86,68,22,0.600646,579786307,7.61,-1.6,9.0,4.6,3.9,3.7,4,13.8,12.3,15.1,1.0,1.039,579786307,-46.647,49.27,0.3643,1a4ea6e4d77e,live,,,,,,,,,,,,,,,,,,,,,,,,,,,
2026-09-17,EURCV,164,69,22,1.15,191325385,27.28,0.7,0.5,-19.9,-17.7,-8.18,4,11.4,8.2,28.2,1.0,1.0,191325385,,,,1a4ea6e4d77e,live,,,,,,,,,,,,,,,,,,,,,,,,,,,
2026-09-17,JPYC,213,70,22,0.01480947,130403904,3.65,208.5,213.6,198.1,196.5,204.78,4,10.6,20.0,12.4,1.0,1.0,130403904,,,,1a4ea6e4d77e,live,,,,,,,,,,,,,,,,,,,,,,,,,,,
2026-09-17,NPC,185,71,22,0.02059048,166119665,2.28,10.9,15.5,282.2,84.8,94.66,4,11.1,20.0,12.0,1.0,1.0,166119665,,,,1a4ea6e4d77e,live,,,,,,,,,,,,,,,,,,,,,,,,,,,
2026-09-17,SKR,209,72,22,0.01941501,135843727,5.34,3.2,0.3,171.5,-25.8,38.75,4,10.7,19.2,13.6,0.9699,1.0,205754656,10.95,12.74,,1a4ea6e4d77e,live,,,,,,,,,,,,,,,,,,,,,,,,,,,
2026-09-17,TAO,31,73,22,225.55,2557400198,6.79,-7.5,4.3,-1.4,8.4,0.16,4,17.0,11.1,14.5,0.9534,1.0,4736074170,-0.657,42.94,-1.309,1a4ea6e4d77e,live,,,,,,,,,,,,,,,,,,,,,,,,,,,
2026-09-17,TRUMP,92,74,22,1.93,527586661,38.04,-0.3,-10.6,19.9,-59.9,-9.75,4,13.6,7.7,27.2,0.9177,1.0,1931581692,10.293,52.81,-6.1889,1a4ea6e4d77e,live,,,,,,,,,,,,,,,,,,,,,,,,,,,
2026-09-17,WLD,54,75,22,0.371285,1335705776,16.66,-6.6,1.2,-3.9,-17.8,-6.21,4,15.6,8.8,21.1,0.9284,1.0,3713190383,10.95,45.53,0.8208,1a4ea6e4d77e,live,,,,,,,,,,,,,,,,,,,,,,,,,,,
2026-09-17,XPL,139,76,22,0.085797,238346284,21.86,2.1,-1.5,-5.1,-26.9,-6.4,4,11.9,8.7,24.6,0.9182,1.109,858046623,-71.613,55.92,-0.6322,1a4ea6e4d77e,live,,,,,,,,,,,,,,,,,,,,,,,,,,,
2026-09-17,ANTFUN,181,77,21,0.089795,169499927,4.84,13.7,43.7,95.3,-14.8,35.9,3,11.1,19.0,13.2,0.9135,1.0,722683818,,,,1a4ea6e4d77e,live,,,,,,,,,,,,,,,,,,,,,,,,,,,
2026-09-17,AVAX,24,78,21,7.52,3330454827,9.0,-0.5,5.4,0.3,-32.8,-5.28,4,17.6,9.1,16.0,1.0,1.0,3531016328,10.95,74.35,,1a4ea6e4d77e,live,,,,,,,,,,,,,,,,,,,,,,,,,,,
2026-09-17,EDGE,149,79,21,0.651931,228301077,1.86,14.1,30.8,115.7,-14.8,37.89,3,11.8,19.2,12.0,0.9271,1.0,652288791,10.95,,,1a4ea6e4d77e,live,,,,,,,,,,,,,,,,,,,,,,,,,,,
2026-09-17,SUI,27,80,21,0.716239,2934243227,17.96,-3.6,-4.3,-8.1,-38.0,-11.78,4,17.3,7.0,22.0,0.9351,1.0,7162740436,10.95,,,1a4ea6e4d77e,live,,,,,,,,,,,,,,,,,,,,,,,,,,,
2026-09-17,ASTER,36,81,20,0.735237,1987977513,6.21,5.2,2.8,2.9,-11.9,0.6,4,16.5,11.2,14.1,0.9267,1.0,5734332191,6.351,,,1a4ea6e4d77e,live,,,,,,,,,,,,,,,,,,,,,,,,,,,
2026-09-17,GOMINING,207,82,20,0.34689,139812286,14.74,0.7,2.9,1.8,0.0,1.39,4,10.7,11.5,19.8,1.0,1.0,139812286,,,,1a4ea6e4d77e,live,,,,,,,,,,,,,,,,,,,,,,,,,,,
2026-09-17,PIEVERSE,121,83,20,1.16,317560845,3.35,-9.8,4.5,13.6,105.0,22.59,4,12.5,17.5,12.2,0.9179,1.0,1155817454,10.95,84.38,,1a4ea6e4d77e,live,,,,,,,,,,,,,,,,,,,,,,,,,,,
2026-09-17,POL,61,84,20,0.095808,1026485235,9.34,3.1,5.0,-0.5,-25.1,-2.97,4,15.1,9.9,16.2,1.0,1.0,1026485235,10.95,31.54,-2.3639,1a4ea6e4d77e,live,,,,,,,,,,,,,,,,,,,,,,,,,,,
2026-09-17,PRL,183,85,20,0.659234,168175491,0.76,65.4,103.8,138.2,-14.8,77.16,3,11.1,20.0,12.0,0.904,1.0,1384726019,10.95,,,1a4ea6e4d77e,live,,,,,,,,,,,,,,,,,,,,,,,,,,,
2026-09-17,STX,102,86,20,0.239483,447104249,4.1,-8.0,-7.8,82.9,-34.3,9.52,4,13.3,14.3,12.7,1.0,1.015,447106504,-22.6665,49.04,0.6977,1a4ea6e4d77e,live,,,,,,,,,,,,,,,,,,,,,,,,,,,
2026-09-17,BC,231,87,19,0.03704258,118926995,0.04,7.0,19.7,-2.8,399.6,86.25,4,10.4,20.0,12.0,0.926,1.0,348568792,,97.8,-0.2272,1a4ea6e4d77e,live,,,,,,,,,,,,,,,,,,,,,,,,,,,
2026-09-17,PYTH,106,88,19,0.053775,423466846,7.41,6.3,-5.2,22.3,-20.1,2.14,4,13.1,11.8,14.9,0.9862,1.0,537738388,10.95,,,1a4ea6e4d77e,live,,,,,,,,,,,,,,,,,,,,,,,,,,,
2026-09-17,RAIL,224,89,19,2.07,124141853,0.19,-0.3,12.9,26.4,75.6,24.86,4,10.5,17.8,12.0,1.0,1.0,124141853,,,,1a4ea6e4d77e,live,,,,,,,,,,,,,,,,,,,,,,,,,,,
2026-09-17,RUNE,188,90,19,0.497593,163544035,14.99,4.9,5.2,2.8,-26.6,-1.85,4,11.1,10.3,20.0,1.0,1.0,176127531,10.95,,,1a4ea6e4d77e,live,,,,,,,,,,,,,,,,,,,,,,,,,,,
2026-09-17,AR,182,91,18,2.57,168877237,6.37,-1.2,3.5,27.1,-4.5,6.39,4,11.1,13.3,14.2,1.0,1.0,168877237,10.95,,,1a4ea6e4d77e,live,,,,,,,,,,,,,,,,,,,,,,,,,,,
2026-09-17,CARDS,226,92,18,0.130137,123272849,1.32,13.2,-25.1,-45.3,210.4,28.44,4,10.5,18.3,12.0,0.9448,1.0,257313623,,41.17,-0.8079,1a4ea6e4d77e,live,,,,,,,,,,,,,,,,,,,,,,,,,,,
2026-09-17,JTO,152,93,18,0.430661,224983993,14.04,6.8,3.6,-43.4,28.8,-2.15,4,11.8,10.2,19.4,0.9509,1.0,430773450,10.95,25.97,-1.3787,1a4ea6e4d77e,live,,,,,,,,,,,,,,,,,,,,,,,,,,,
2026-09-17,B,166,94,17,0.187882,187870249,2.12,3.5,52.5,4.2,-16.1,12.01,4,11.4,15.0,12.0,1.0,1.0,187870249,10.95,,,1a4ea6e4d77e,live,,,,,,,,,,,,,,,,,,,,,,,,,,,
2026-09-17,KMNO,196,95,17,0.0276733,153476876,3.49,11.1,15.6,35.4,-13.1,13.46,4,10.9,15.4,12.3,0.9555,1.0,276670278,10.95,,,1a4ea6e4d77e,live,,,,,,,,,,,,,,,,,,,,,,,,,,,
2026-09-17,KOGE,150,96,17,67.45,227963306,0.02,-0.5,8.0,8.3,25.7,9.07,4,11.8,14.1,12.0,1.0,1.0,227963306,,,,1a4ea6e4d77e,live,,,,,,,,,,,,,,,,,,,,,,,,,,,
2026-09-17,MET,233,97,17,0.208751,115101338,10.11,1.7,8.5,6.5,0.3,4.32,4,10.3,12.5,16.7,0.9552,1.0,208273006,-5.913,,,1a4ea6e4d77e,live,,,,,,,,,,,,,,,,,,,,,,,,,,,
2026-09-17,MON,134,98,17,0.02253107,266440293,18.65,-0.8,-9.3,-12.8,-9.5,-7.67,4,12.1,8.3,22.4,0.9037,1.0,2268550844,10.95,34.88,0.4544,1a4ea6e4d77e,live,,,,,,,,,,,,,,,,,,,,,,,,,,,
2026-09-17,SPX,105,99,17,0.464085,432065207,2.4,-1.9,-9.6,28.9,1.6,4.57,4,13.2,12.6,12.0,1.0,1.0,432065207,10.95,41.33,4.9517,1a4ea6e4d77e,live,,,,,,,,,,,,,,,,,,,,,,,,,,,
2026-09-17,VET,84,100,17,0.00713903,613891720,1.91,-7.3,10.4,43.5,-35.7,4.14,4,13.9,12.5,12.0,1.0,1.0,613891720,10.95,,,1a4ea6e4d77e,live,,,,,,,,,,,,,,,,,,,,,,,,,,,
2026-09-17,BUIDL,29,101,15,1.0,2651746553,0.0,2.1,1.6,-19.0,-14.8,-6.68,4,17.1,8.7,12.0,1.0,1.0,2651746553,,50.0,0.0,1a4ea6e4d77e,live,,,,,,,,,,,,,,,,,,,,,,,,,,,
2026-09-17,CRO,28,102,15,0.057546,2861543117,0.3,3.9,7.0,6.6,-47.6,-4.95,4,17.3,9.2,12.0,0.9481,1.0,5692764698,10.95,,,1a4ea6e4d77e,live,,,,,,,,,,,,,,,,,,,,,,,,,,,
2026-09-17,DGAI,208,103,15,0.916674,137493234,95.64,24.3,38.8,-19.0,-14.8,9.28,2,10.7,14.2,12.9,0.9059,1.0,916621561,10.95,,,1a4ea6e4d77e,live,,,,,,,,,,,,,,,,,,,,,,,,,,,
2026-09-17,ETC,59,104,15,7.32,1158546011,4.49,-3.9,1.3,1.9,-29.6,-6.29,4,15.3,8.8,13.0,1.0,1.0,1158546011,10.95,,,1a4ea6e4d77e,live,,,,,,,,,,,,,,,,,,,,,,,,,,,
2026-09-17,FARTCOIN,204,105,15,0.144058,144043409,20.75,4.0,-7.4,-17.0,-38.7,-12.64,4,10.8,6.8,23.8,1.0,1.0,144043409,10.95,34.4,-4.0537,1a4ea6e4d77e,live,,,,,,,,,,,,,,,,,,,,,,,,,,,
2026-09-17,GRAM,22,106,15,1.34,3742240300,0.93,-0.6,1.4,-17.9,-12.1,-6.72,4,17.9,8.6,12.0,0.9523,1.0,7029383731,10.95,,,1a4ea6e4d77e,live,,,,,,,,,,,,,,,,,,,,,,,,,,,
2026-09-17,ICP,48,107,15,2.54,1412144823,2.55,-5.6,3.5,-5.0,-14.3,-4.92,4,15.7,9.3,12.0,1.0,1.0,1412144823,-0.3285,,,1a4ea6e4d77e,live,,,,,,,,,,,,,,,,,,,,,,,,,,,
2026-09-17,KCS,64,108,15,6.97,956129162,7.06,2.5,1.3,-12.3,-31.9,-8.38,4,14.9,8.1,14.7,1.0,1.0,990984946,,,,1a4ea6e4d77e,live,,,,,,,,,,,,,,,,,,,,,,,,,,,
2026-09-17,LDO,127,109,15,0.353299,294698253,13.82,-2.1,-3.8,-1.6,-42.9,-10.56,4,12.3,7.4,19.2,0.9917,1.0,353291117,0.1095,,,1a4ea6e4d77e,live,,,,,,,,,,,,,,,,,,,,,,,,,,,
2026-09-17,MNT,40,110,15,0.560757,1851877060,1.63,-3.6,1.1,7.9,-27.6,-4.35,4,16.3,9.4,12.0,0.9521,1.0,3487699390,10.95,,,1a4ea6e4d77e,live,,,,,,,,,,,,,,,,,,,,,,,,,,,
2026-09-17,USDY,35,111,15,1.15,2214869118,0.08,2.0,1.6,-18.8,-11.5,-6.0,4,16.7,8.9,12.0,1.0,1.0,2214869118,,100.0,0.0,1a4ea6e4d77e,live,,,,,,,,,,,,,,,,,,,,,,,,,,,
2026-09-17,USYC,32,112,15,1.14,2555057308,0.0,2.2,1.7,-18.7,-13.0,-6.19,4,17.0,8.8,12.0,1.0,1.0,2555057308,,100.0,0.0,1a4ea6e4d77e,live,,,,,,,,,,,,,,,,,,,,,,,,,,,
2026-09-17,XCN,195,113,15,0.00393816,154863986,4.64,6.1,22.9,17.1,-38.1,4.21,4,10.9,12.5,13.1,0.9798,1.0,210316529,1.314,,,1a4ea6e4d77e,live,,,,,,,,,,,,,,,,,,,,,,,,,,,
2026-09-17,ZCAT,212,114,15,0.138018,133133296,3.59,45.9,1.6,-19.0,-14.8,6.46,1,10.6,13.3,12.4,1.0,1.0,133133285,-47.742,,,1a4ea6e4d77e,live,,,,,,,,,,,,,,,,,,,,,,,,,,,
2026-09-17,AKT,199,115,14,0.503272,149833618,2.48,-6.2,1.5,-16.2,51.7,4.81,4,10.9,12.7,12.0,1.0,1.0,149865661,10.95,,,1a4ea6e4d77e,live,,,,,,,,,,,,,,,,,,,,,,,,,,,
2026-09-17,APEPE,136,116,14,1.2e-06,252351406,4.03,-12.3,6.5,11.1,-2.4,0.23,4,12.0,11.1,12.7,1.0,1.0,252351406,,,,1a4ea6e4d77e,live,,,,,,,,,,,,,,,,,,,,,,,,,,,
2026-09-17,APT,94,117,14,0.571735,497697782,16.29,-5.5,-3.3,-10.3,-54.2,-15.89,4,13.5,5.9,20.9,0.9778,1.0,691222548,10.95,,,1a4ea6e4d77e,live,,,,,,,,,,,,,,,,,,,,,,,,,,,
2026-09-17,DCR,128,118,14,16.63,293188053,0.87,2.0,22.1,23.9,-60.2,0.06,4,12.3,11.0,12.0,1.0,1.0,293188053,,,,1a4ea6e4d77e,live,,,,,,,,,,,,,,,,,,,,,,,,,,,
2026-09-17,HTX,45,119,14,1.67e-06,1501172865,0.83,1.1,4.5,-24.1,-5.3,-5.63,4,15.9,9.0,12.0,1.0,1.0,1501172865,,18.99,0.1086,1a4ea6e4d77e,live,,,,,,,,,,,,,,,,,,,,,,,,,,,
2026-09-17,KAS,66,120,14,0.03407003,944006914,1.27,-10.9,19.6,14.8,-48.1,-4.29,4,14.9,9.5,12.0,1.0,1.0,944006964,10.95,,,1a4ea6e4d77e,live,,,,,,,,,,,,,,,,,,,,,,,,,,,
2026-09-17,MORPHO,46,121,14,2.14,1495186404,1.78,-2.4,-10.0,-17.6,10.6,-5.5,4,15.9,9.1,12.0,0.975,1.0,2139774866,8.541,31.97,-0.1088,1a4ea6e4d77e,live,,,,,,,,,,,,,,,,,,,,,,,,,,,
2026-09-17,RENDER,78,122,14,1.38,714819349,6.0,-0.8,-2.2,-9.9,-19.3,-7.12,4,14.3,8.5,14.0,1.0,1.0,735157322,-4.599,,,1a4ea6e4d77e,live,,,,,,,,,,,,,,,,,,,,,,,,,,,
2026-09-17,SHFL,197,123,14,0.319684,153211914,0.3,4.3,7.4,-8.8,29.4,6.82,4,10.9,13.4,12.0,0.9507,1.0,294167439,,,,1a4ea6e4d77e,live,,,,,,,,,,,,,,,,,,,,,,,,,,,
2026-09-17,SHIB,26,124,14,5.02e-06,2957318970,3.04,-0.5,-1.8,-5.6,-31.3,-8.26,4,17.4,8.1,12.0,1.0,1.0,2958608375,10.95,,,1a4ea6e4d77e,live,,,,,,,,,,,,,,,,,,,,,,,,,,,
2026-09-17,USDF,52,125,14,0.99544,1370750524,0.03,2.0,1.5,-19.0,-14.9,-6.76,4,15.7,8.6,12.0,1.0,1.0,1370750524,,,,1a4ea6e4d77e,live,,,,,,,,,,,,,,,,,,,,,,,,,,,
2026-09-17,USDGO,49,126,14,1.001,1382521236,3.15,2.1,1.6,-19.0,-14.8,-6.68,3,15.7,8.7,12.1,1.0,1.0,1382521236,,,,1a4ea6e4d77e,live,,,,,,,,,,,,,,,,,,,,,,,,,,,
2026-09-17,A,219,127,13,0.075753,126318548,9.32,-4.7,-1.0,7.1,-20.6,-4.0,4,10.5,9.6,16.2,0.987,1.0,159077956,10.95,,,1a4ea6e4d77e,live,,,,,,,,,,,,,,,,,,,,,,,,,,,
2026-09-17,AWE,225,128,13,0.063874,124077327,2.45,8.5,5.5,-10.4,8.3,2.98,4,10.5,12.1,12.0,1.0,1.0,124077327,10.95,,,1a4ea6e4d77e,live,,,,,,,,,,,,,,,,,,,,,,,,,,,
2026-09-17,BFUSD,56,129,13,0.999056,1318746676,0.14,2.1,1.5,-19.0,-14.8,-6.71,4,15.6,8.6,12.0,1.0,1.0,1318746676,,,,1a4ea6e4d77e,live,,,,,,,,,,,,,,,,,,,,,,,,,,,
2026-09-17,BGB,55,130,13,1.9,1333109164,0.8,-1.3,-1.8,-4.4,-27.2,-7.38,4,15.6,8.4,12.0,0.9838,1.0,1734815419,,,,1a4ea6e4d77e,live,,,,,,,,,,,,,,,,,,,,,,,,,,,
2026-09-17,BONK,144,131,13,2.68e-06,235598972,18.49,-1.7,-8.1,-1.6,-69.3,-16.79,4,11.9,5.7,22.3,1.0,1.0,235598972,10.95,,,1a4ea6e4d77e,live,,,,,,,,,,,,,,,,,,,,,,,,,,,
2026-09-17,BTSE,180,132,13,1.057,171266938,0.17,22.6,24.0,-5.0,-47.1,2.11,4,11.2,11.8,12.0,0.9889,1.0,211360424,,,,1a4ea6e4d77e,live,,,,,,,,,,,,,,,,,,,,,,,,,,,
2026-09-17,BTT,123,133,13,3.15645e-07,311566695,1.94,-0.6,8.2,2.0,-22.7,-2.17,4,12.5,10.2,12.0,1.0,1.0,312501711,,,,1a4ea6e4d77e,live,,,,,,,,,,,,,,,,,,,,,,,,,,,
2026-09-17,ENS,146,134,13,5.48,231387500,6.28,-1.6,2.2,24.7,-47.3,-3.21,4,11.8,9.8,14.2,0.9368,1.0,548634321,10.95,,,1a4ea6e4d77e,live,,,,,,,,,,,,,,,,,,,,,,,,,,,
2026-09-17,EURC,98,135,13,1.15,472107909,7.11,0.7,0.5,-19.9,-17.7,-8.18,4,13.4,8.2,14.7,1.0,1.0,472107909,5.256,,,1a4ea6e4d77e,live,,,,,,,,,,,,,,,,,,,,,,,,,,,
2026-09-17,EURSAFO,51,136,13,1.16,1371286859,0.0,0.8,0.6,-19.6,-14.8,-7.47,3,15.7,8.4,12.0,1.0,1.0,1371286859,,,,1a4ea6e4d77e,live,,,,,,,,,,,,,,,,,,,,,,,,,,,
2026-09-17,GRASS,153,137,13,0.329745,222977339,8.04,1.0,-1.6,-16.7,-3.8,-5.04,4,11.7,9.2,15.4,0.9722,1.0,329349939,10.95,,,1a4ea6e4d77e,live,,,,,,,,,,,,,,,,,,,,,,,,,,,
2026-09-17,HBAR,25,138,13,0.07406,3246911462,2.48,0.0,-1.3,-5.9,-40.2,-9.84,4,17.6,7.6,12.0,0.9965,1.0,3703851465,10.95,,,1a4ea6e4d77e,live,,,,,,,,,,,,,,,,,,,,,,,,,,,
2026-09-17,JAAA,73,139,13,1.05,774992313,0.0,2.2,1.8,-18.6,-12.6,-6.06,4,14.4,8.9,12.0,1.0,1.0,774992313,,,,1a4ea6e4d77e,live,,,,,,,,,,,,,,,,,,,,,,,,,,,
2026-09-17,OHM,126,140,13,20.0,298410832,0.08,0.7,1.4,-9.0,0.5,-1.59,4,12.4,10.4,12.0,0.9819,1.0,396481818,,,,1a4ea6e4d77e,live,,,,,,,,,,,,,,,,,,,,,,,,,,,
2026-09-17,SEI,129,141,13,0.04330865,291648488,21.05,-3.5,-7.9,-7.1,-71.2,-19.04,4,12.3,5.2,24.0,0.9717,1.0,433141319,6.351,,,1a4ea6e4d77e,live,,,,,,,,,,,,,,,,,,,,,,,,,,,
2026-09-17,THETA,173,142,13,0.180554,180447193,2.91,5.9,8.7,11.0,-20.6,2.58,4,11.3,11.9,12.0,1.0,1.0,180447193,10.95,,,1a4ea6e4d77e,live,,,,,,,,,,,,,,,,,,,,,,,,,,,
2026-09-17,TIBBIR,160,143,13,0.197336,197321161,0.81,11.0,-7.4,-7.1,11.3,1.94,4,11.5,11.7,12.0,1.0,1.0,197321161,,41.4,5.6016,1a4ea6e4d77e,live,,,,,,,,,,,,,,,,,,,,,,,,,,,
2026-09-17,USTB,76,144,13,11.21,738704541,0.0,2.2,1.7,-18.7,-12.9,-6.17,4,14.3,8.8,12.0,1.0,1.0,735217284,,,,1a4ea6e4d77e,live,,,,,,,,,,,,,,,,,,,,,,,,,,,
2026-09-17,VIRTUAL,109,145,13,0.608961,400899876,12.55,-3.8,-9.4,-14.1,-29.0,-12.82,4,13.0,6.8,18.4,0.9697,1.0,608913270,10.95,55.16,,1a4ea6e4d77e,live,,,,,,,,,,,,,,,,,,,,,,,,,,,
2026-09-17,YLDS,93,146,13,0.999588,508865247,4.53,2.1,1.6,-19.0,-14.8,-6.68,4,13.5,8.7,13.0,1.0,1.0,508865247,,,,1a4ea6e4d77e,live,,,,,,,,,,,,,,,,,,,,,,,,,,,
2026-09-17,A7A5,100,147,12,0.01179962,462946936,0.0,3.6,4.5,-17.3,-23.0,-6.72,4,13.3,8.6,12.0,1.0,1.0,462946936,,,,1a4ea6e4d77e,live,,,,,,,,,,,,,,,,,,,,,,,,,,,
2026-09-17,ALGO,69,148,12,0.08985,812634294,5.59,-5.6,-1.0,-2.2,-40.9,-10.66,4,14.5,7.4,13.7,1.0,1.0,812670093,10.95,,,1a4ea6e4d77e,live,,,,,,,,,,,,,,,,,,,,,,,,,,,
2026-09-17,BSV,119,149,12,16.1,323451438,2.01,2.4,2.6,-9.0,-13.8,-3.64,4,12.5,9.7,12.0,1.0,1.0,323459943,10.95,,,1a4ea6e4d77e,live,,,,,,,,,,,,,,,,,,,,,,,,,,,
2026-09-17,CC,21,150,12,0.099911,3957072599,0.51,2.5,-5.5,-7.5,-53.5,-13.2,4,18.0,6.6,12.0,1.0,1.0,3957072599,10.95,31.88,0.2689,1a4ea6e4d77e,live,,,,,,,,,,,,,,,,,,,,,,,,,,,
2026-09-17,CRVUSD,159,151,12,0.999244,199466303,7.35,2.1,1.6,-19.0,-14.7,-6.66,4,11.5,8.7,14.9,1.0,1.0,199488602,,,,1a4ea6e4d77e,live,,,,,,,,,,,,,,,,,,,,,,,,,,,
2026-09-17,EUTBL,72,152,12,1.21,792924109,0.0,0.8,0.6,-19.7,-16.6,-7.86,4,14.5,8.3,12.0,1.0,1.0,792924109,,,,1a4ea6e4d77e,live,,,,,,,,,,,,,,,,,,,,,,,,,,,
2026-09-17,FLOKI,148,153,12,2.375e-05,229050424,7.24,0.3,-1.6,0.2,-36.9,-7.64,4,11.8,8.3,14.8,1.0,1.0,131602590,10.95,,,1a4ea6e4d77e,live,,,,,,,,,,,,,,,,,,,,,,,,,,,
2026-09-17,GHO,80,154,12,0.998368,697855987,1.51,2.1,1.6,-19.0,-15.0,-6.72,4,14.2,8.6,12.0,1.0,1.0,697855987,,,,1a4ea6e4d77e,live,,,,,,,,,,,,,,,,,,,,,,,,,,,
2026-09-17,GRT,162,155,12,0.01789493,195779348,5.48,-0.1,10.6,15.4,-63.0,-6.13,4,11.5,8.8,13.7,1.0,1.0,207798016,-60.3345,,,1a4ea6e4d77e,live,,,,,,,,,,,,,,,,,,,,,,,,,,,
2026-09-17,JTRSY,82,156,12,1.12,650205297,0.0,2.2,1.7,-18.7,-12.9,-6.17,4,14.1,8.8,12.0,1.0,1.0,650205297,,,,1a4ea6e4d77e,live,,,,,,,,,,,,,,,,,,,,,,,,,,,
2026-09-17,LUNC,132,157,12,4.998e-05,275516584,3.26,1.6,-0.9,-11.6,-3.1,-3.27,4,12.2,9.8,12.2,0.994,1.0,322312728,5.3655,,,1a4ea6e4d77e,live,,,,,,,,,,,,,,,,,,,,,,,,,,,
2026-09-17,MCAT,79,158,12,0.699703,701637549,2.43,2.1,1.6,-19.0,-14.8,-6.68,0,14.2,8.7,12.0,1.0,1.0,701637549,,,,1a4ea6e4d77e,live,,,,,,,,,,,,,,,,,,,,,,,,,,,
2026-09-17,NEXO,71,159,12,0.794938,795256737,0.69,-2.7,-3.1,-6.6,-24.8,-8.2,4,14.5,8.2,12.0,1.0,1.0,795256737,,,,1a4ea6e4d77e,live,,,,,,,,,,,,,,,,,,,,,,,,,,,
2026-09-17,QNT,68,160,12,61.26,891005450,0.85,-5.2,-3.3,-8.7,-22.6,-9.08,4,14.7,7.9,12.0,1.0,1.0,895190677,5.475,,,1a4ea6e4d77e,live,,,,,,,,,,,,,,,,,,,,,,,,,,,
2026-09-17,SUN,120,161,12,0.01672341,321461881,3.93,1.2,4.7,-24.0,-5.0,-5.46,4,12.5,9.1,12.6,1.0,1.0,332809568,-5.037,,,1a4ea6e4d77e,live,,,,,,,,,,,,,,,,,,,,,,,,,,,
2026-09-17,TIA,115,162,12,0.345387,334849272,12.22,-6.3,-3.5,-3.4,-52.9,-14.2,4,12.6,6.4,18.1,0.9904,1.0,406591373,10.95,,,1a4ea6e4d77e,live,,,,,,,,,,,,,,,,,,,,,,,,,,,
2026-09-17,TWT,155,163,12,0.517303,215507272,3.64,-5.9,-2.1,17.1,-10.8,-0.18,4,11.7,10.9,12.4,0.9361,1.0,517238268,10.95,,,1a4ea6e4d77e,live,,,,,,,,,,,,,,,,,,,,,,,,,,,
2026-09-17,USD0,89,164,12,0.998977,546927365,0.19,2.1,1.6,-19.0,-14.7,-6.66,4,13.7,8.7,12.0,1.0,1.0,546927365,,,,1a4ea6e4d77e,live,,,,,,,,,,,,,,,,,,,,,,,,,,,
2026-09-17,USDTB,96,165,12,0.99915,482732485,0.08,2.1,1.6,-19.0,-14.9,-6.7,4,13.4,8.6,12.0,1.0,1.0,482732485,,,,1a4ea6e4d77e,live,,,,,,,,,,,,,,,,,,,,,,,,,,,
2026-09-17,ZRO,112,166,12,1.013,358070947,8.46,-0.2,-2.5,13.3,-58.4,-9.04,4,12.8,7.9,15.6,0.9276,1.0,1013465729,10.95,,,1a4ea6e4d77e,live,,,,,,,,,,,,,,,,,,,,,,,,,,,
2026-09-17,APXUSD,122,167,11,0.971243,315346314,0.69,2.2,2.4,-15.5,-14.8,-5.58,3,12.5,9.0,12.0,1.0,1.0,315346314,,,,1a4ea6e4d77e,live,,,,,,,,,,,,,,,,,,,,,,,,,,,
2026-09-17,ATOM,70,168,11,1.52,807924967,4.92,-13.7,4.0,-8.7,-40.9,-13.47,4,14.5,6.6,13.3,1.0,1.0,807933065,-52.998,,,1a4ea6e4d77e,live,,,,,,,,,,,,,,,,,,,,,,,,,,,
2026-09-17,AXS,191,169,11,0.928359,161986735,8.6,4.3,2.5,-8.6,-44.9,-9.22,4,11.0,7.8,15.7,0.968,1.0,250744290,10.95,,,1a4ea6e4d77e,live,,,,,,,,,,,,,,,,,,,,,,,,,,,
2026-09-17,CASH,214,170,11,0.999075,129060900,7.27,2.0,1.6,-19.0,-14.8,-6.71,4,10.6,8.6,14.8,1.0,1.0,128044038,,,,1a4ea6e4d77e,live,,,,,,,,,,,,,,,,,,,,,,,,,,,
2026-09-17,CHZ,201,171,11,0.01397897,147164189,11.54,4.8,5.9,-1.0,-73.5,-12.04,4,10.8,7.0,17.7,1.0,1.0,147164189,10.95,,,1a4ea6e4d77e,live,,,,,,,,,,,,,,,,,,,,,,,,,,,
2026-09-17,COCO,184,172,11,0.167183,167183810,0.02,1.4,2.6,-18.4,7.9,-1.95,4,11.1,10.3,12.0,1.0,1.0,167183810,,,,1a4ea6e4d77e,live,,,,,,,,,,,,,,,,,,,,,,,,,,,
2026-09-17,COMP,165,173,11,19.07,190714040,6.68,-1.1,-4.3,-10.6,-20.5,-8.16,4,11.4,8.2,14.5,1.0,1.0,190714040,10.95,,,1a4ea6e4d77e,live,,,,,,,,,,,,,,,,,,,,,,,,,,,
2026-09-17,CVX,174,174,11,1.93,180008027,4.09,-4.9,-11.4,6.7,-14.3,-5.51,4,11.3,9.0,12.7,1.0,1.0,193135084,10.95,,,1a4ea6e4d77e,live,,,,,,,,,,,,,,,,,,,,,,,,,,,
2026-09-17,EIGEN,169,175,11,0.198076,183285701,13.9,0.8,-1.9,-1.2,-67.2,-13.98,4,11.3,6.4,19.3,0.948,1.0,365436427,10.95,,,1a4ea6e4d77e,live,,,,,,,,,,,,,,,,,,,,,,,,,,,
2026-09-17,M,30,176,11,1.13,2573393142,0.03,-4.6,6.8,-19.0,-34.8,-11.39,4,17.1,7.2,12.0,0.9365,1.0,6128691735,10.95,,,1a4ea6e4d77e,live,,,,,,,,,,,,,,,,,,,,,,,,,,,
2026-09-17,MANA,206,177,11,0.072789,142537830,7.4,4.3,0.3,-3.0,-44.9,-8.37,4,10.8,8.1,14.9,0.9983,1.0,159630808,10.95,,,1a4ea6e4d77e,live,,,,,,,,,,,,,,,,,,,,,,,,,,,
2026-09-17,OUSG,116,178,11,116.58,333797065,0.0,2.2,1.7,-18.7,-12.9,-6.17,4,12.6,8.8,12.0,1.0,1.0,333797065,,,,1a4ea6e4d77e,live,,,,,,,,,,,,,,,,,,,,,,,,,,,
2026-09-17,REUSD,131,179,11,1.1,275674478,0.68,2.2,1.9,-18.4,-6.6,-4.79,4,12.2,9.3,12.0,1.0,1.0,275674478,,,,1a4ea6e4d77e,live,,,,,,,,,,,,,,,,,,,,,,,,,,,
2026-09-17,SFP,210,180,11,0.268981,134509004,0.57,3.3,4.7,-6.8,-16.3,-2.8,4,10.6,10.0,12.0,1.0,1.0,134509004,10.95,,,1a4ea6e4d77e,live,,,,,,,,,,,,,,,,,,,,,,,,,,,
2026-09-17,SOFID,118,181,11,0.999325,325437570,2.15,2.1,1.6,-19.0,-14.8,-6.68,3,12.6,8.7,12.0,1.0,1.0,325437570,,,,1a4ea6e4d77e,live,,,,,,,,,,,,,,,,,,,,,,,,,,,
2026-09-17,USDAI,124,182,11,0.999337,311408968,1.0,2.0,1.5,-19.0,-14.9,-6.76,4,12.5,8.6,12.0,1.0,1.0,311408968,,,,1a4ea6e4d77e,live,,,,,,,,,,,,,,,,,,,,,,,,,,,
2026-09-17,XEC,202,183,11,7.26e-06,145765319,2.67,1.1,6.1,-1.7,-22.4,-3.05,4,10.8,9.9,12.0,1.0,1.0,145765773,,,,1a4ea6e4d77e,live,,,,,,,,,,,,,,,,,,,,,,,,,,,
2026-09-17,APYUSD,177,184,10,1.36,175219053,0.17,1.4,1.1,-16.0,-14.8,-6.27,3,11.2,8.8,12.0,1.0,1.0,175219053,,,,1a4ea6e4d77e,live,,,,,,,,,,,,,,,,,,,,,,,,,,,
2026-09-17,AUSD,142,185,10,0.999244,237362809,2.52,2.1,1.6,-19.0,-14.9,-6.7,4,11.9,8.6,12.0,1.0,1.0,237362809,,,,1a4ea6e4d77e,live,,,,,,,,,,,,,,,,,,,,,,,,,,,
2026-09-17,BDX,85,186,10,0.076361,601093787,1.42,1.4,-1.6,-26.3,-22.7,-11.1,4,13.9,7.2,12.0,0.9867,1.0,759100388,,,,1a4ea6e4d77e,live,,,,,,,,,,,,,,,,,,,,,,,,,,,
2026-09-17,GENIUS,227,187,10,0.370273,123024776,5.51,10.3,8.1,-35.2,-14.8,-6.65,3,10.4,8.7,13.7,0.9273,1.0,349941509,-39.639,,,1a4ea6e4d77e,live,,,,,,,,,,,,,,,,,,,,,,,,,,,
2026-09-17,GNO,125,188,10,113.56,299762414,0.64,0.7,0.1,-10.0,-26.0,-7.46,4,12.4,8.4,12.0,0.9968,1.0,340692146,,,,1a4ea6e4d77e,live,,,,,,,,,,,,,,,,,,,,,,,,,,,
2026-09-17,MX,186,189,10,1.8,165598246,1.99,3.7,6.5,-8.2,-14.8,-2.27,4,11.1,10.2,12.0,0.9125,1.0,737540956,,,,1a4ea6e4d77e,live,,,,,,,,,,,,,,,,,,,,,,,,,,,
2026-09-17,PC0000031,157,190,10,1.0,202500000,0.0,2.1,1.6,-19.0,-14.8,-6.68,4,11.5,8.7,12.0,1.0,1.0,202500000,,,,1a4ea6e4d77e,live,,,,,,,,,,,,,,,,,,,,,,,,,,,
2026-09-17,PC0000033,190,191,10,1.0,162500000,0.0,2.1,1.6,-19.0,-14.8,-6.68,4,11.1,8.7,12.0,1.0,1.0,162500000,,,,1a4ea6e4d77e,live,,,,,,,,,,,,,,,,,,,,,,,,,,,
2026-09-17,SAFO,187,192,10,1.021,164446197,0.0,2.2,1.8,-18.7,-14.8,-6.53,3,11.1,8.7,12.0,1.0,1.0,164446197,,,,1a4ea6e4d77e,live,,,,,,,,,,,,,,,,,,,,,,,,,,,
2026-09-17,SKY,53,193,10,0.057408,1343041337,1.69,-3.5,-14.5,-16.1,-32.5,-15.2,4,15.6,6.1,12.0,1.0,1.0,1345175633,10.95,,,1a4ea6e4d77e,live,,,,,,,,,,,,,,,,,,,,,,,,,,,
2026-09-17,STRK,156,194,10,0.02780133,204442633,9.81,-2.5,5.5,3.0,-74.4,-13.51,4,11.6,6.6,16.5,0.9797,1.0,278130327,10.95,,,1a4ea6e4d77e,live,,,,,,,,,,,,,,,,,,,,,,,,,,,
2026-09-17,SYRUP,147,195,10,0.197862,230945559,2.46,-2.8,-0.5,3.3,-33.1,-6.76,4,11.8,8.6,12.0,1.0,1.0,246260296,-14.673,,,1a4ea6e4d77e,live,,,,,,,,,,,,,,,,,,,,,,,,,,,
2026-09-17,USAT,168,196,10,0.998706,184080801,0.21,2.1,1.5,-19.0,-14.7,-6.69,4,11.3,8.6,12.0,1.0,1.0,184080801,,,,1a4ea6e4d77e,live,,,,,,,,,,,,,,,,,,,,,,,,,,,
2026-09-17,USTBL,178,197,10,1.096,175192994,0.0,2.2,1.7,-18.7,-12.9,-6.17,4,11.2,8.8,12.0,1.0,1.0,175192994,,,,1a4ea6e4d77e,live,,,,,,,,,,,,,,,,,,,,,,,,,,,
2026-09-17,USX,145,198,10,0.999,234934013,0.44,2.1,1.6,-19.0,-14.9,-6.7,4,11.9,8.6,12.0,1.0,1.0,234934013,,,,1a4ea6e4d77e,live,,,,,,,,,,,,,,,,,,,,,,,,,,,
2026-09-17,WLFI,39,199,10,0.059025,1875045546,1.69,7.5,7.3,-20.0,-61.2,-13.17,4,16.4,6.7,12.0,0.923,1.0,5900566588,10.95,,,1a4ea6e4d77e,live,,,,,,,,,,,,,,,,,,,,,,,,,,,
2026-09-17,XTZ,133,200,10,0.246075,269818109,2.55,-0.6,12.8,2.3,-53.2,-7.05,4,12.2,8.5,12.0,1.0,1.0,274734896,-18.5055,,,1a4ea6e4d77e,live,,,,,,,,,,,,,,,,,,,,,,,,,,,
2026-09-17,1INCH,220,201,9,0.089683,126037444,5.49,1.8,3.9,-10.8,-45.6,-10.31,4,10.5,7.5,13.7,1.0,1.0,134504602,-1.4235,,,1a4ea6e4d77e,live,,,,,,,,,,,,,,,,,,,,,,,,,,,
2026-09-17,APE,216,202,9,0.128268,128270457,9.56,-3.3,-4.5,-15.0,-39.0,-13.67,4,10.5,6.5,16.4,1.0,1.0,128270457,10.95,,,1a4ea6e4d77e,live,,,,,,,,,,,,,,,,,,,,,,,,,,,
2026-09-17,AVUSD,217,203,9,0.998189,127475914,0.0,2.0,1.5,-19.5,-14.9,-6.88,4,10.5,8.6,12.0,1.0,1.0,127475914,,,,1a4ea6e4d77e,live,,,,,,,,,,,,,,,,,,,,,,,,,,,
2026-09-17,BORG,189,204,9,0.166519,163413156,0.06,-2.9,-3.8,0.7,-27.6,-7.17,4,11.1,8.5,12.0,1.0,1.0,163413156,,,,1a4ea6e4d77e,live,,,,,,,,,,,,,,,,,,,,,,,,,,,
2026-09-17,JPYSC,215,205,9,0.00641711,128791675,0.0,0.9,2.0,-16.4,-14.8,-6.29,3,10.5,8.8,12.0,1.0,1.0,128791675,,,,1a4ea6e4d77e,live,,,,,,,,,,,,,,,,,,,,,,,,,,,
2026-09-17,NEO,200,206,9,2.1,147994175,2.21,-0.4,4.5,5.9,-51.3,-7.78,4,10.9,8.3,12.0,0.9759,1.0,209831525,10.95,,,1a4ea6e4d77e,live,,,,,,,,,,,,,,,,,,,,,,,,,,,
2026-09-17,OZO,222,207,9,0.13057,125462078,0.17,1.9,1.5,-19.3,-15.4,-6.96,4,10.5,8.6,12.0,1.0,1.0,130562731,,,,1a4ea6e4d77e,live,,,,,,,,,,,,,,,,,,,,,,,,,,,
2026-09-17,PC0000023,235,208,9,1.0,114500000,0.0,2.1,1.6,-19.0,-14.8,-6.68,4,10.3,8.7,12.0,1.0,1.0,114500000,,,,1a4ea6e4d77e,live,,,,,,,,,,,,,,,,,,,,,,,,,,,
2026-09-17,PC0000097,211,209,9,1.0,134000000,0.0,2.1,1.6,-19.0,-14.8,-6.68,4,10.6,8.7,12.0,1.0,1.0,0.0,,,,1a4ea6e4d77e,live,,,,,,,,,,,,,,,,,,,,,,,,,,,
2026-09-17,RLB,223,210,9,0.079495,124956116,0.08,0.3,-2.8,-17.2,-11.2,-7.15,4,10.5,8.5,12.0,1.0,1.0,124957231,0.0,,,1a4ea6e4d77e,live,,,,,,,,,,,,,,,,,,,,,,,,,,,
2026-09-17,THBILL,232,211,9,1.018,117920919,0.05,2.1,1.7,-19.0,-14.5,-6.6,4,10.4,8.7,12.0,1.0,1.0,117920919,,,,1a4ea6e4d77e,live,,,,,,,,,,,,,,,,,,,,,,,,,,,
2026-09-17,BP,234,212,8,0.458397,114543316,1.23,-20.1,7.9,5.6,-14.8,-5.62,3,10.3,9.0,12.0,0.9151,1.0,458173262,10.95,,,1a4ea6e4d77e,live,,,,,,,,,,,,,,,,,,,,,,,,,,,
2026-09-17,H,176,213,8,0.08937,178180714,1.86,18.2,10.4,-41.4,-41.3,-10.55,4,11.3,7.4,12.0,0.91,1.0,894578818,10.95,,,1a4ea6e4d77e,live,,,,,,,,,,,,,,,,,,,,,,,,,,,
2026-09-17,IOTA,171,214,8,0.03940832,183163082,3.32,-0.8,0.3,3.5,-65.9,-12.47,4,11.3,6.8,12.2,1.0,1.0,196321004,10.95,,,1a4ea6e4d77e,live,,,,,,,,,,,,,,,,,,,,,,,,,,,
2026-09-17,KAIA,172,215,8,0.02810302,180489684,2.88,-1.2,-2.1,7.9,-69.5,-12.81,4,11.3,6.8,12.0,1.0,1.0,180489787,10.95,,,1a4ea6e4d77e,live,,,,,,,,,,,,,,,,,,,,,,,,,,,
2026-09-17,KAU,117,216,8,139.14,332014064,0.02,0.5,-1.1,-21.0,-33.3,-12.04,4,12.6,7.0,12.0,0.9616,1.0,554644790,,,,1a4ea6e4d77e,live,,,,,,,,,,,,,,,,,,,,,,,,,,,
2026-09-17,SNX,230,217,8,0.206951,120183376,6.27,0.4,0.3,-11.9,-53.9,-13.56,4,10.4,6.5,14.2,1.0,1.0,120271010,10.95,,,1a4ea6e4d77e,live,,,,,,,,,,,,,,,,,,,,,,,,,,,
2026-09-17,VSN,194,218,8,0.04144582,155797153,1.24,3.0,3.5,-2.4,-60.6,-10.94,4,11.0,7.3,12.0,0.9985,1.0,174074668,,,,1a4ea6e4d77e,live,,,,,,,,,,,,,,,,,,,,,,,,,,,
2026-09-17,XDC,91,219,8,0.02723122,543190647,1.45,-2.9,-0.5,-17.4,-42.5,-13.84,4,13.7,6.5,12.0,0.9511,1.0,1036609405,10.95,,,1a4ea6e4d77e,live,,,,,,,,,,,,,,,,,,,,,,,,,,,
2026-09-17,ZBCN,179,220,8,0.00172252,172409672,4.3,-4.9,-3.5,-8.8,-39.7,-12.49,4,11.2,6.8,12.9,1.0,1.0,172409672,10.95,,,1a4ea6e4d77e,live,,,,,,,,,,,,,,,,,,,,,,,,,,,
2026-09-17,CFX,140,221,7,0.04542348,238023166,2.09,-1.4,-3.0,-10.3,-68.1,-17.36,4,11.9,5.6,12.0,1.0,1.0,238023168,-4.9275,,,1a4ea6e4d77e,live,,,,,,,,,,,,,,,,,,,,,,,,,,,
2026-09-17,FLR,90,222,7,0.00628825,546925006,0.41,0.3,-4.3,-12.1,-74.6,-18.93,4,13.7,5.2,12.0,0.9896,1.0,670127440,3.723,,,1a4ea6e4d77e,live,,,,,,,,,,,,,,,,,,,,,,,,,,,
2026-09-17,KAG,138,223,7,64.34,239470302,0.1,-0.9,-0.8,-20.0,-48.1,-15.09,4,11.9,6.1,12.0,1.0,1.0,236030301,,,,1a4ea6e4d77e,live,,,,,,,,,,,,,,,,,,,,,,,,,,,
2026-09-17,KITE,137,224,7,0.104547,250023121,10.14,-1.1,-23.2,-3.8,-74.8,-22.04,4,12.0,4.6,16.8,0.914,1.0,1045598604,10.95,,,1a4ea6e4d77e,live,,,,,,,,,,,,,,,,,,,,,,,,,,,
2026-09-17,NFT,141,225,7,2.40044e-07,237793407,2.97,3.8,-1.4,-33.9,-43.8,-16.45,4,11.9,5.8,12.0,1.0,1.0,237793407,,,,1a4ea6e4d77e,live,,,,,,,,,,,,,,,,,,,,,,,,,,,
2026-09-17,NIGHT,113,226,7,0.02071061,343960774,1.49,-5.3,1.2,2.9,-79.3,-16.43,4,12.7,5.8,12.0,0.9741,1.0,497071117,10.95,,,1a4ea6e4d77e,live,,,,,,,,,,,,,,,,,,,,,,,,,,,
2026-09-17,STRCX,203,227,7,98.16,144583686,0.04,-5.4,-5.7,-23.0,-17.1,-12.21,4,10.8,6.9,12.0,0.9506,1.0,277926064,,,,1a4ea6e4d77e,live,,,,,,,,,,,,,,,,,,,,,,,,,,,
2026-09-17,2Z,192,228,6,0.0466844,161971613,1.56,0.9,-11.4,-20.1,-52.1,-18.02,4,11.0,5.4,12.0,0.9268,1.0,466755402,10.95,,,1a4ea6e4d77e,live,,,,,,,,,,,,,,,,,,,,,,,,,,,
2026-09-17,EGLD,228,229,6,3.94,121281355,2.89,-23.6,-23.1,24.2,-50.0,-16.8,4,10.4,5.7,12.0,1.0,1.0,121281355,10.95,,,1a4ea6e4d77e,live,,,,,,,,,,,,,,,,,,,,,,,,,,,
2026-09-17,HASH,107,230,6,0.0071997,416639606,0.0,1.0,-1.4,-33.6,-74.5,-23.35,4,13.1,4.4,12.0,0.9632,1.0,682322156,,,,1a4ea6e4d77e,live,,,,,,,,,,,,,,,,,,,,,,,,,,,
2026-09-17,JASMY,167,231,6,0.00372966,184304976,4.83,-4.3,-19.1,-14.1,-57.8,-21.15,4,11.3,4.8,13.2,1.0,1.0,186373726,10.95,,,1a4ea6e4d77e,live,,,,,,,,,,,,,,,,,,,,,,,,,,,
2026-09-17,PI,67,232,5,0.081755,917020719,1.07,-12.8,-11.5,-24.6,-73.2,-27.51,4,14.8,3.8,12.0,0.9686,1.0,1410801107,-7.665,,,1a4ea6e4d77e,live,,,,,,,,,,,,,,,,,,,,,,,,,,,
2026-09-17,STABLE,83,233,5,0.023492,619825312,1.9,-17.3,-15.7,-42.7,-43.5,-28.49,4,14.0,3.7,12.0,0.9167,1.0,2347875427,10.95,15.5,1.9116,1a4ea6e4d77e,live,,,,,,,,,,,,,,,,,,,,,,,,,,,
2026-09-17,TEL,205,234,4,0.00144531,142838721,0.94,-18.1,-15.0,-16.7,-63.9,-26.14,4,10.8,4.0,12.0,1.0,1.0,144762742,,,,1a4ea6e4d77e,live,,,,,,,,,,,,,,,,,,,,,,,,,,,
2026-09-17,ULTIMA,193,235,4,1901.51,161093240,3.18,-4.6,-10.9,-36.2,-75.3,-28.22,4,11.0,3.7,12.1,0.9932,1.0,190174765,,,,1a4ea6e4d77e,live,,,,,,,,,,,,,,,,,,,,,,,,,,,
2026-09-18,ZEC,7,1,100,1465.77,24850167630,8.83,32.2,50.5,169.5,571.8,179.02,4,20.0,20.0,30.0,1.0,1.0,24850282243,3.6135,80.58,1.7445,91bbc2a7e466,live,2194848502,1.0,0.999999,1.0,99.9999,,CONFIRM,1.0,0.0,1.098832,cap,0.529607,bypass,inert,-0.0,False,1.0,2026-09-18,current,8.51067,inert-band,gateio,5,38.1867,8.0,NEUTRAL,32224005.64
2026-09-18,NEAR,20,2,91,3.45,4500002000,45.46,41.6,78.2,98.9,180.1,92.78,4,18.3,20.0,30.0,1.0,1.0,4500002055,10.95,88.15,0.9187,91bbc2a7e466,live,2045870305,0.913303,0.999462,1.0,91.2812,,DEPTH,0.9941,0.0907,0.913303,curve,0.993816,bypass,inert,-0.0907,False,1.0,2026-09-18,current,22.29353,inert-band,gateio,6,25.404,8.0,NEUTRAL,11204418.24
2026-09-18,UNI,18,3,91,8.69,5388670048,40.39,47.4,45.4,151.2,103.7,84.11,4,18.7,20.0,30.0,0.9751,1.0,7707284996,10.95,82.5,-0.0679,91bbc2a7e466,live,2176481560,0.93287,0.998925,1.0,90.8664,,DEPTH,0.7255,0.0695,0.93287,curve,0.938533,bypass,applied,-0.0695,False,1.0,2026-09-18,current,26.77191,inert-band,gateio,6,55.8495,8.0,NEUTRAL,12095406.69
2026-09-18,HYPE,9,4,90,90.05,20043476698,8.32,12.3,7.6,33.8,179.9,50.02,4,20.0,19.7,30.0,0.9133,1.0,86077968577,-9.855,72.19,1.2629,91bbc2a7e466,live,1666961797,1.0,0.983838,1.0,89.8539,,SUPPLY,0.8477,0.0907,1.075493,cap,0.51815,bypass,applied,-0.0907,False,1.0,2026-09-18,current,13.05615,inert-band,gateio,5,21.5321,4.0,MILD_INVERSION,20980802.6
2026-09-18,WBT,12,5,78,80.39,9473474700,1.19,-0.6,12.4,23.6,49.4,18.7,4,19.9,16.7,30.0,0.934,1.0,23589417725,,64.7,0.8676,91bbc2a7e466,live,113125496,0.994127,0.835279,1.0,77.5569,,CONFIRM,0.7082,0.18,0.994127,curve,0.35987,bypass,applied,-0.18,False,1.0,2026-09-18,absent,2.39479,no-feed,,,,,,
2026-09-18,ARB,51,6,70,0.206117,1398549546,50.8,44.3,51.1,147.7,91.1,81.21,4,15.7,20.0,27.7,0.9724,1.0,2061062810,-0.9855,79.41,1.398,91bbc2a7e466,live,710460122,0.786419,0.998645,0.92267,70.4622,,DEPTH,0.6863,0.2403,0.786419,curve,0.92267,curve,applied,-0.2403,False,1.0,2026-09-18,current,23.58715,inert-band,gateio,6,27.0785,8.0,MILD_INVERSION,2833396.78
2026-09-18,SOL,5,7,70,105.51,61967142845,7.08,5.4,5.6,16.0,8.6,8.74,4,20.0,14.0,30.0,1.0,1.0,66926359398,10.95,63.05,1.2932,91bbc2a7e466,live,4388613086,1.0,0.701209,1.0,70.1209,,CONFIRM,1.0,0.3549,1.19804,cap,0.490715,bypass,inert,-0.3549,True,1.0,2026-09-18,current,5.53656,inert-band,gateio,6,43.3258,8.0,NEUTRAL,372881129.2
2026-09-18,ENA,45,8,67,0.161985,1631779962,26.34,13.5,0.5,75.1,41.4,31.23,4,16.1,18.6,27.6,0.9716,1.0,2424560848,10.95,66.89,2.0837,91bbc2a7e466,live,429809026,0.803165,0.931627,0.918664,66.7869,,DEPTH,0.543,0.2192,0.803165,curve,0.918664,curve,applied,-0.2192,False,1.0,2026-09-18,current,7.23986,inert-band,gateio,5,28.3144,4.0,NEUTRAL,4062397.93
2026-09-18,XMR,11,9,66,535.61,10093742042,1.39,3.4,-1.2,8.1,36.2,9.98,4,20.0,14.4,30.0,1.0,0.922,10093746228,46.7565,62.13,0.4268,91bbc2a7e466,live,140747504,1.0,0.720746,1.0,66.4888,,CONFIRM,0.8024,0.3275,1.001013,cap,0.36432,bypass,inert,-0.3275,True,0.922,2026-09-18,current,7.42398,hot-confirmed,gateio,4,143.1107,8.0,OVERHEATED_LONG,446685.08
2026-09-18,ETH,2,10,64,2501.41,305310888651,5.08,0.2,3.1,9.5,10.6,5.33,4,20.0,12.9,30.0,1.0,1.0,305310888651,4.9275,57.22,1.2092,91bbc2a7e466,live,15496538405,1.0,0.644512,1.0,64.4512,,CONFIRM,1.0,0.4393,1.371186,cap,0.446126,bypass,inert,-0.4393,True,1.0,2026-09-18,current,2.81544,inert-band,gateio,6,79.6699,8.0,NEUTRAL,1533896206.89
2026-09-18,BNB,3,11,63,749.17,99749133969,1.34,4.0,8.1,3.4,3.3,4.73,4,20.0,12.7,30.0,1.0,1.0,99749132036,10.95,65.13,0.6859,91bbc2a7e466,live,1336788990,1.0,0.634225,1.0,63.4225,,CONFIRM,1.0,0.4554,1.249727,cap,0.363114,bypass,inert,-0.4554,True,1.0,2026-09-18,current,3.72056,inert-band,gateio,6,101.8348,8.0,NEUTRAL,15917838.74
2026-09-18,PONS,98,12,63,0.701581,481828136,26.1,12.5,6.9,2142.5,-18.1,537.48,3,13.4,20.0,27.4,1.0,1.035,481799390,-19.71,62.43,6.528,91bbc2a7e466,live,125740017,0.670723,1.0,0.913254,63.3918,,DEPTH,0.7616,0.3994,0.670723,curve,0.913254,curve,inert,-0.3994,True,1.035,2026-09-18,current,9.49353,cold-squeeze,gateio,2,30.66,4.0,SHORT_SQUEEZE_RISK,3117396.61
2026-09-18,INJ,82,13,62,6.61,659856297,25.03,15.5,45.2,42.2,110.8,48.66,4,14.1,19.6,26.7,1.0,1.0,659856297,10.95,68.57,-0.8449,91bbc2a7e466,live,165148158,0.704862,0.982017,0.889509,61.5706,,DEPTH,0.7212,0.3498,0.704862,curve,0.889509,curve,inert,-0.3498,True,1.0,2026-09-18,current,18.89803,inert-band,gateio,6,119.2976,8.0,NEUTRAL,1148300.69
2026-09-18,DASH,77,14,60,57.87,742462265,24.43,5.1,14.3,74.6,66.1,36.97,4,14.4,19.1,26.3,1.0,1.0,742463502,10.95,58.14,2.3887,91bbc2a7e466,live,181414777,0.717669,0.955576,0.876316,60.0966,,DEPTH,0.6515,0.3317,0.717669,curve,0.876316,curve,inert,-0.3317,False,1.0,2026-09-18,current,0.96906,inert-band,gateio,4,23.3041,8.0,NEUTRAL,846369.16
2026-09-18,RAY,103,15,59,1.69,456167671,27.29,5.6,105.8,155.3,38.8,74.72,4,13.3,20.0,28.2,0.9458,1.0,938586230,10.95,74.79,1.2535,91bbc2a7e466,live,124480899,0.664781,0.997723,0.939742,58.9518,,DEPTH,0.7726,0.4083,0.664781,curve,0.939742,curve,applied,-0.4083,True,1.0,2026-09-18,current,15.65006,inert-band,gateio,2,53.7019,4.0,NEUTRAL,244972.62
2026-09-18,LINK,14,16,58,11.73,8775684768,5.24,2.4,2.1,0.6,5.6,2.52,4,19.7,11.9,30.0,0.9813,1.0,11730631085,10.95,55.87,1.2493,91bbc2a7e466,live,459933110,0.98582,0.595118,1.0,57.5708,,CONFIRM,0.9399,0.519,0.98582,curve,0.4498,bypass,applied,-0.519,True,1.0,2026-09-18,current,5.06319,inert-band,gateio,6,129.8036,8.0,NEUTRAL,58874945.64
2026-09-18,XLM,17,17,56,0.184723,6438148171,3.11,5.3,4.4,-1.6,3.7,3.03,4,19.0,12.1,30.0,0.9748,1.0,9238551136,10.95,51.9,1.5081,91bbc2a7e466,live,200261342,0.95219,0.604275,1.0,56.0885,,CONFIRM,0.8711,0.5037,0.95219,curve,0.402457,bypass,applied,-0.5037,True,1.0,2026-09-18,current,1.88541,inert-band,gateio,5,36.653,8.0,NEUTRAL,1488598.8
2026-09-18,BTC,1,18,55,78045,1567764515841,1.94,0.0,0.0,0.0,0.0,0.0,4,20.0,11.0,30.0,1.0,1.0,1567764515841,2.19,56.07,1.0,91bbc2a7e466,live,30460768581,1.0,0.55,1.0,55.0,,CONFIRM,1.0,0.5978,1.54882,cap,0.37651,bypass,inert,-0.5978,True,1.0,2026-09-18,current,2.29425,inert-band,gateio,6,11.0599,8.0,NEUTRAL,2579324384.8
2026-09-18,LTC,21,19,53,55.01,4272141179,6.29,4.0,11.8,2.1,-14.5,1.78,4,18.2,11.6,30.0,1.0,1.0,4272170419,10.95,68.7,0.5778,91bbc2a7e466,live,268827923,0.907661,0.581896,1.0,52.8165,,CONFIRM,0.8482,0.5415,0.907661,curve,0.473168,bypass,inert,-0.5415,True,1.0,2026-09-18,current,4.32529,inert-band,gateio,6,106.5089,8.0,NEUTRAL,5488667.11
2026-09-18,TRX,6,20,48,0.337135,32019072555,1.18,-1.9,6.3,-20.2,1.6,-3.73,4,20.0,9.7,30.0,1.0,1.0,32019521695,-3.285,51.0,0.1559,91bbc2a7e466,live,376590709,1.0,0.483442,1.0,48.3442,,CONFIRM,1.0,0.7268,1.126352,cap,0.35947,bypass,inert,-0.7268,True,1.0,2026-09-18,current,0.83086,inert-band,gateio,5,26.5944,8.0,MILD_INVERSION,5056198.21
2026-09-18,XRP,4,21,48,1.32,82999842529,3.46,-2.3,-4.9,11.1,-20.5,-3.24,4,20.0,9.8,30.0,0.9657,1.0,131979885246,1.095,43.6,1.8439,91bbc2a7e466,live,2874660892,1.0,0.492004,1.0,47.5129,,CONFIRM,0.9531,0.7093,1.229769,cap,0.410299,bypass,applied,-0.7093,True,1.0,2026-09-18,current,1.90068,inert-band,gateio,6,16.5232,8.0,NEUTRAL,137947169.92
2026-09-18,DOGE,10,22,47,0.085105,13272020768,6.62,1.0,1.3,1.0,-25.7,-4.27,4,20.0,9.5,30.0,1.0,1.0,13272420730,10.95,54.57,1.2952,91bbc2a7e466,live,878777185,1.0,0.473966,1.0,47.3966,,CONFIRM,1.0,0.7466,1.030734,cap,0.480473,bypass,inert,-0.7466,True,1.0,2026-09-18,current,5.33859,inert-band,gateio,6,30.4157,8.0,NEUTRAL,105367498.2
2026-09-18,USELESS,142,23,47,0.24451,244414504,20.14,9.6,-6.1,574.0,197.1,184.27,4,11.9,20.0,23.4,1.0,1.0,244414504,10.95,60.8,-3.1957,91bbc2a7e466,live,49215231,0.597032,1.0,0.780799,46.6162,,DEPTH,0.6758,0.5158,0.597032,curve,0.780799,curve,inert,-0.5158,False,1.0,2026-09-18,current,-9.94903,inert-band,gateio,2,60.3619,4.0,NEUTRAL,2417388.84
2026-09-18,GEOD,216,24,46,0.293334,135319325,49.47,33.4,32.7,17.4,102.4,43.03,4,10.7,19.4,28.2,0.945,1.0,281432774,,,,91bbc2a7e466,live,66948114,0.53284,0.972092,0.940344,46.0281,,DEPTH,0.8113,0.6295,0.53284,curve,0.940344,curve,applied,-0.6295,True,1.0,2026-09-18,absent,30.33497,no-feed,,,,,,
2026-09-18,PENDLE,105,25,46,2.5,432214579,18.53,24.0,31.2,72.5,78.4,48.8,4,13.2,19.6,22.4,0.964,1.0,701017200,10.95,77.2,0.6168,91bbc2a7e466,live,80068236,0.658925,0.982221,0.745002,46.4815,,DEPTH,0.5445,0.4171,0.658925,curve,0.745002,curve,applied,-0.4171,False,1.0,2026-09-18,current,7.25012,inert-band,gateio,5,230.2209,8.0,NEUTRAL,447761.98
2026-09-18,CAKE,70,26,43,2.49,866168997,13.5,16.5,29.4,42.1,37.5,30.33,4,14.7,18.5,19.0,1.0,1.0,895142959,10.95,70.51,1.629,91bbc2a7e466,live,116936967,0.734401,0.92691,0.633344,43.1132,,LIQUIDITY,0.5429,0.4567,0.734401,curve,0.633344,curve,inert,-0.4567,False,1.0,2026-09-18,current,3.78437,inert-band,gateio,3,87.8409,4.0,NEUTRAL,286439.24
2026-09-18,AAVE,36,27,42,133.56,2060379575,15.98,8.9,4.4,32.3,-2.9,11.26,4,16.6,14.8,20.7,1.0,1.0,2136777317,10.95,62.8,0.7691,91bbc2a7e466,live,329299122,0.828487,0.740076,0.688499,42.2149,,LIQUIDITY,0.4328,0.3732,0.828487,curve,0.688499,curve,inert,-0.3732,False,1.0,2026-09-18,current,8.87092,inert-band,gateio,6,62.5451,8.0,NEUTRAL,3490252.94
2026-09-18,DRV,147,28,42,0.239835,239842852,17.56,65.1,60.2,137.0,497.7,168.37,4,11.9,20.0,21.7,0.9708,1.0,359871020,,85.1,-0.0288,91bbc2a7e466,live,42128273,0.594982,0.999999,0.723666,41.7995,,DEPTH,0.5952,0.5192,0.594982,curve,0.723666,curve,applied,-0.5192,False,1.0,2026-09-18,absent,0.09109,no-feed,,,,,,
2026-09-18,ADA,16,29,41,0.213194,7998086105,6.82,4.0,0.7,2.0,-45.1,-7.15,4,19.5,8.5,30.0,0.9916,1.0,9591839944,10.95,57.67,1.6051,91bbc2a7e466,live,545607786,0.975747,0.424781,1.0,41.0997,,CONFIRM,0.9629,0.8562,0.975747,curve,0.484927,bypass,applied,-0.8562,True,1.0,2026-09-18,current,7.71298,inert-band,gateio,6,41.5351,8.0,NEUTRAL,37499455.98
2026-09-18,ONDO,41,30,41,0.383953,1869396373,16.43,10.4,9.9,-1.0,35.5,12.45,4,16.4,15.1,21.0,0.9459,1.0,3839123913,10.95,,,91bbc2a7e466,live,307158270,0.817925,0.757173,0.698464,40.9165,,LIQUIDITY,0.4016,0.3589,0.817925,curve,0.698464,curve,applied,-0.3589,False,1.0,2026-09-18,current,9.83753,inert-band,gateio,5,118.3061,4.0,NEUTRAL,3686828.92
2026-09-18,AI,113,31,40,0.363552,360402574,13.03,42.3,59.0,4406.1,-18.1,1125.35,3,12.8,20.0,18.7,1.0,1.0,360402574,0.0,64.42,-1.5272,91bbc2a7e466,live,46953041,0.639197,1.0,0.622843,39.8119,,LIQUIDITY,0.5141,0.4735,0.639197,curve,0.622843,curve,inert,-0.4735,False,1.0,2026-09-18,current,28.10291,inert-band,hyperliquid,1,,1.0,NEUTRAL,
2026-09-18,FIGR_HELOC,8,32,40,1.028,23302238576,0.9,-2.1,3.1,-19.2,-20.5,-8.75,4,20.0,8.0,30.0,1.0,1.0,23302238576,,51.78,-0.3206,91bbc2a7e466,live,209325161,1.0,0.398551,1.0,39.8551,,CONFIRM,1.0,0.9199,1.091849,cap,0.353296,bypass,inert,-0.9199,True,1.0,2026-09-18,absent,-0.15166,no-feed,,,,,,
2026-09-18,PEPE,46,33,40,3.68e-06,1549085046,17.18,12.1,5.1,22.7,-11.4,8.3,4,16.0,13.9,21.5,1.0,1.0,1549085046,1.8615,57.36,2.3235,91bbc2a7e466,live,266158205,0.797519,0.694143,0.715148,39.59,,CONFIRM,0.394,0.3651,0.797519,curve,0.715148,curve,inert,-0.3651,False,1.0,2026-09-18,current,6.21029,inert-band,gateio,3,1.8615,8.0,NEUTRAL,46117315.28
2026-09-18,PUMP,38,34,40,0.00418534,1957552902,9.18,14.7,4.0,21.2,105.3,31.77,4,16.5,18.7,16.1,0.9564,1.0,3486896091,10.95,61.32,1.1869,91bbc2a7e466,live,179771454,0.822928,0.934306,0.537411,39.5182,,LIQUIDITY,0.6689,0.621,0.822928,curve,0.537411,curve,applied,-0.621,False,1.0,2026-09-18,current,7.11453,inert-band,gateio,4,23.6001,4.0,NEUTRAL,2087009.67
2026-09-18,STONK,156,35,40,0.259949,217874941,15.92,-11.7,1150.3,5091.2,-18.1,1553.25,3,11.7,20.0,20.6,1.0,1.0,217874941,10.95,66.97,-4.2391,91bbc2a7e466,live,34675099,0.584552,1.0,0.687003,40.1589,,DEPTH,0.5885,0.5369,0.584552,curve,0.687003,curve,inert,-0.5369,False,1.0,2026-09-18,current,21.78123,inert-band,gateio,1,,4.0,NEUTRAL,298973.98
2026-09-18,WLD,48,36,40,0.426004,1531745959,19.43,7.5,13.8,15.2,-3.4,8.82,4,15.9,14.0,23.0,0.9284,1.0,4256466673,10.95,60.96,-0.666,91bbc2a7e466,live,297662728,0.796297,0.702485,0.765176,39.7382,,CONFIRM,0.3826,0.3531,0.796297,curve,0.765176,curve,applied,-0.3531,False,1.0,2026-09-18,current,14.52388,inert-band,gateio,5,80.8354,8.0,NEUTRAL,3094775.55
2026-09-18,CC,22,37,38,0.106322,4215197982,0.5,9.3,-0.6,-1.1,-49.6,-7.56,4,18.1,8.4,30.0,1.0,1.0,4215197982,10.95,39.39,-1.022,91bbc2a7e466,live,21168063,0.906204,0.418004,1.0,37.8797,,CONFIRM,0.8985,0.8723,0.906204,curve,0.344493,bypass,inert,-0.8723,True,1.0,2026-09-18,current,5.72387,inert-band,gateio,2,0.0,4.0,NEUTRAL,163604.65
2026-09-18,FET,106,38,38,0.182002,420750984,30.49,11.9,21.0,31.4,-34.7,9.73,4,13.1,14.3,24.2,0.9937,1.0,494090402,10.95,,,91bbc2a7e466,live,128267785,0.656006,0.716802,0.806473,37.6836,,DEPTH,0.432,0.4216,0.656006,curve,0.806473,curve,applied,-0.4216,False,1.0,2026-09-18,current,15.80808,inert-band,gateio,4,62.5408,8.0,NEUTRAL,860921.24
2026-09-18,ZAMA,214,39,38,0.054183,137428670,20.75,18.3,9.6,13.7,163.7,44.06,4,10.7,19.5,23.8,0.9124,1.0,613173100,10.95,,,91bbc2a7e466,live,28523207,0.534519,0.974237,0.794554,37.7517,,DEPTH,0.643,0.6264,0.534519,curve,0.794554,curve,applied,-0.6264,False,1.0,2026-09-18,current,8.68257,inert-band,gateio,1,,4.0,NEUTRAL,199538.45
2026-09-18,DOT,40,40,37,1.12,1915180263,14.69,2.6,33.8,27.7,-42.5,7.66,4,16.4,13.7,19.8,1.0,1.0,1915185763,10.95,76.96,,91bbc2a7e466,live,281435373,0.820552,0.683639,0.659888,37.0172,,LIQUIDITY,0.4183,0.4157,0.820552,curve,0.659888,curve,inert,-0.4157,False,1.0,2026-09-18,current,9.24715,inert-band,gateio,6,53.8071,8.0,NEUTRAL,2724602.52
2026-09-18,BCH,19,41,36,246.55,4955704410,5.11,8.9,-0.8,1.0,-61.8,-9.64,4,18.5,7.7,30.0,1.0,1.0,4955712889,10.95,46.38,-0.2713,91bbc2a7e466,live,253148812,0.923776,0.384598,1.0,35.5282,,CONFIRM,0.9234,0.9556,0.923776,curve,0.44685,bypass,inert,-0.9556,True,1.0,2026-09-18,current,10.36979,inert-band,gateio,5,43.0922,8.0,NEUTRAL,4131643.33
2026-09-18,JUP,72,42,36,0.254807,845682204,12.81,10.7,18.5,32.1,20.2,19.9,4,14.6,17.0,18.5,0.9455,1.0,1748114495,10.95,49.92,-2.34,91bbc2a7e466,live,108294989,0.731802,0.847808,0.617903,36.247,,LIQUIDITY,0.4744,0.4814,0.731802,curve,0.617903,curve,applied,-0.4814,False,1.0,2026-09-18,current,12.85572,inert-band,gateio,5,105.2305,4.0,NEUTRAL,242332.13
2026-09-18,LIT,60,43,36,4.94,1236658114,8.22,11.3,14.6,100.4,248.5,81.84,4,15.5,20.0,15.5,0.9151,1.0,4946632454,10.95,66.25,1.1153,91bbc2a7e466,live,101617768,0.773062,0.998711,0.515936,36.4518,,LIQUIDITY,0.6558,0.6618,0.773062,curve,0.515936,curve,applied,-0.6618,False,1.0,2026-09-18,current,1.35546,inert-band,gateio,4,91.8776,4.0,NEUTRAL,1522452.99
2026-09-18,STRK,140,44,36,0.03365215,246799287,27.59,18.4,28.3,29.2,-73.5,5.19,4,12.0,12.8,28.4,0.9797,1.0,335753679,10.95,,,91bbc2a7e466,live,68101255,0.598086,0.642187,0.946528,35.6166,,DEPTH,0.4979,0.514,0.598086,curve,0.946528,curve,applied,-0.514,False,1.0,2026-09-18,current,20.64528,inert-band,gateio,5,198.9123,4.0,NEUTRAL,319964.91
2026-09-18,LEO,15,45,35,8.92,8201005262,0.0,-3.5,-0.5,-25.0,-20.0,-11.43,4,19.6,7.2,30.0,1.0,1.0,8783916276,,30.97,-0.0382,91bbc2a7e466,live,35400,0.978467,0.357564,1.0,34.9864,,CONFIRM,0.9793,1.0284,0.978467,curve,0.333343,bypass,inert,-1.0284,True,1.0,2026-09-18,absent,0.01592,no-feed,,,,,,
2026-09-18,VVV,58,46,35,26.44,1269632273,5.9,12.4,59.0,70.2,297.0,95.42,4,15.5,20.0,13.9,0.9608,1.0,2140958772,10.95,73.93,0.3409,91bbc2a7e466,live,74960004,0.775919,0.999565,0.464535,34.6162,,LIQUIDITY,0.7227,0.7667,0.775919,curve,0.464535,curve,applied,-0.7667,True,1.0,2026-09-18,current,3.89952,inert-band,gateio,3,34.602,4.0,NEUTRAL,4180890.21
2026-09-18,AERO,85,47,34,0.617743,613072845,10.89,10.7,25.1,32.9,33.1,24.33,4,13.9,17.8,17.3,0.9479,1.0,1224156393,10.95,,,91bbc2a7e466,live,66793065,0.696878,0.887548,0.57544,33.7374,,LIQUIDITY,0.5086,0.5526,0.696878,curve,0.57544,curve,applied,-0.5526,False,1.0,2026-09-18,current,12.07961,inert-band,gateio,3,253.602,4.0,NEUTRAL,616501.07
2026-09-18,AR,166,48,34,3.05,200250974,15.32,14.6,20.8,55.4,0.8,23.59,4,11.5,17.6,20.2,1.0,1.0,200250974,10.95,,,91bbc2a7e466,live,30670545,0.575394,0.881592,0.67369,34.1738,,DEPTH,0.5148,0.5527,0.575394,curve,0.67369,curve,inert,-0.5527,False,1.0,2026-09-18,current,17.63176,inert-band,gateio,3,172.9532,8.0,NEUTRAL,1113943.31
2026-09-18,ZEN,221,49,34,7.01,128354177,20.59,5.7,15.4,62.2,9.1,22.93,4,10.5,17.5,23.7,0.9961,0.921,147049208,161.6928,62.4,-3.3019,91bbc2a7e466,live,26433543,0.527103,0.876057,0.790983,33.5268,,DEPTH,0.586,0.6404,0.527103,curve,0.790983,curve,applied,-0.6404,False,0.921,2026-09-18,current,0.51989,hot-confirmed,kraken,3,161.6928,1.0,OVERHEATED_LONG,132305.98
2026-09-18,MET,217,50,33,0.245021,135103299,20.24,-0.5,30.1,22.9,20.1,17.12,4,10.7,16.4,23.5,0.9552,1.0,244429627,10.95,,,91bbc2a7e466,live,27351503,0.532666,0.817584,0.78322,32.5811,,DEPTH,0.5617,0.6299,0.532666,curve,0.78322,curve,applied,-0.6299,False,1.0,2026-09-18,current,16.11333,inert-band,gateio,2,0.0,4.0,NEUTRAL,104255.41
2026-09-18,OP,139,51,33,0.107795,248200851,38.95,13.9,12.9,12.5,-28.8,4.76,4,12.0,12.7,27.6,0.9527,1.0,463560167,-9.636,,,91bbc2a7e466,live,96662672,0.598701,0.634659,0.919271,33.2775,,DEPTH,0.4662,0.513,0.598701,curve,0.919271,curve,applied,-0.513,False,1.0,2026-09-18,current,10.9846,inert-band,gateio,6,35.04,8.0,MILD_INVERSION,735600.31
2026-09-18,RAIN,13,52,33,0.01283751,9111767666,0.29,-19.3,-20.0,-22.7,22.4,-11.98,4,19.8,7.0,30.0,0.9646,1.0,14676904923,,23.02,0.201,91bbc2a7e466,live,26382452,0.989901,0.349407,1.0,33.3634,,CONFIRM,0.9579,1.0515,0.989901,curve,0.339768,bypass,applied,-1.0515,True,1.0,2026-09-18,absent,-2.88122,no-feed,,,,,,
2026-09-18,ETHFI,81,53,31,0.689345,666434040,9.66,2.4,24.3,20.1,20.1,15.84,4,14.1,16.0,16.4,1.0,1.0,666434040,10.95,64.12,0.1707,91bbc2a7e466,live,64376024,0.705939,0.802237,0.547995,31.0346,,LIQUIDITY,0.5141,0.6015,0.705939,curve,0.547995,curve,inert,-0.6015,False,1.0,2026-09-18,current,14.22487,inert-band,gateio,4,123.078,4.0,NEUTRAL,959406.96
2026-09-18,FIL,79,54,31,0.851654,705358919,19.49,9.9,15.9,15.8,-38.9,3.11,4,14.2,12.1,23.0,0.937,1.0,1667546715,10.95,,,91bbc2a7e466,live,137501587,0.712103,0.605782,0.76653,30.9833,,CONFIRM,0.4278,0.5012,0.712103,curve,0.76653,curve,applied,-0.5012,False,1.0,2026-09-18,current,6.60098,inert-band,gateio,6,10.95,8.0,NEUTRAL,2488184.7
2026-09-18,MINA,232,55,31,0.094235,121951431,13.65,1.9,29.6,116.1,-15.2,33.95,4,10.4,18.9,19.1,1.0,1.0,121951431,-4.38,54.94,,91bbc2a7e466,live,16642706,0.521547,0.944189,0.6366,31.3486,,DEPTH,0.5612,0.651,0.521547,curve,0.6366,curve,inert,-0.651,False,1.0,2026-09-18,current,2.13968,inert-band,gateio,3,58.7432,8.0,MILD_INVERSION,125212.4
2026-09-18,PENGU,99,56,31,0.00758241,476660824,37.07,2.9,-8.6,2.9,-4.7,-1.5,4,13.4,10.5,26.8,0.99,1.0,581777536,10.95,31.47,-0.7479,91bbc2a7e466,live,176702470,0.669552,0.523122,0.894279,31.0096,,CONFIRM,0.5534,0.6479,0.669552,curve,0.894279,curve,applied,-0.6479,False,1.0,2026-09-18,current,5.50173,inert-band,gateio,4,145.854,4.0,NEUTRAL,1336765.23
2026-09-18,龙虾,144,57,31,0.242466,243628464,8.74,463.9,223.9,934.5,7378.3,1904.43,4,11.9,20.0,15.8,1.0,1.0,243628464,10.95,,,91bbc2a7e466,live,21295208,0.596682,1.0,0.527575,31.4794,,LIQUIDITY,0.5532,0.6395,0.596682,curve,0.527575,curve,inert,-0.6395,False,1.0,2026-09-18,current,7.79941,inert-band,gateio,1,,4.0,NEUTRAL,3450796.61
2026-09-18,BCAP,65,58,30,106.54,970804306,0.0,-1.5,3.8,-20.9,349.4,65.16,4,14.9,19.9,12.0,1.0,1.0,970804306,,94.71,-0.0049,91bbc2a7e466,live,0.0,0.746783,0.995123,0.4,29.7256,,LIQUIDITY,0.7553,0.9163,0.746783,curve,0.0,zero-volume,inert,-0.9163,True,1.0,2026-09-18,absent,0.0,no-feed,,,,,,
2026-09-18,CASHCAT,162,59,30,0.206155,203577164,11.2,24.0,-15.9,99.3,-18.1,24.43,3,11.5,17.8,17.5,1.0,1.0,203577164,10.95,45.94,-1.6376,91bbc2a7e466,live,22791996,0.577182,0.888333,0.582128,29.8474,,DEPTH,0.4546,0.5496,0.577182,curve,0.582128,curve,inert,-0.5496,False,1.0,2026-09-18,current,1.91203,inert-band,gateio,2,0.0,4.0,NEUTRAL,903073.47
2026-09-18,CRV,93,60,30,0.328922,513774352,15.04,-2.4,-6.5,20.7,21.4,7.11,4,13.6,13.5,20.0,0.9679,1.0,796512725,10.95,40.73,0.3956,91bbc2a7e466,live,77246868,0.677693,0.674638,0.667448,29.536,,LIQUIDITY,0.3315,0.4043,0.677693,curve,0.667448,curve,applied,-0.4043,False,1.0,2026-09-18,current,4.48761,inert-band,gateio,5,36.5846,8.0,NEUTRAL,544162.77
2026-09-18,STX,94,61,30,0.273411,510917325,6.88,8.4,4.7,112.1,-25.3,26.66,4,13.5,18.1,14.6,1.0,1.0,510920799,10.95,77.75,1.017,91bbc2a7e466,live,35169280,0.677088,0.904645,0.486301,29.7871,,LIQUIDITY,0.5953,0.7209,0.677088,curve,0.486301,curve,inert,-0.7209,False,1.0,2026-09-18,current,13.53298,inert-band,gateio,3,48.0001,8.0,NEUTRAL,294544.16
2026-09-18,SUI,26,62,30,0.783711,3210976000,18.68,6.9,5.7,-0.9,-33.5,-3.43,4,17.5,9.8,22.5,0.9351,1.0,7838268969,10.95,,,91bbc2a7e466,live,599792444,0.876659,0.488644,0.748432,29.9802,,CONFIRM,0.5945,0.7161,0.876659,curve,0.748432,curve,applied,-0.7161,False,1.0,2026-09-18,current,8.98848,inert-band,gateio,6,42.2537,8.0,NEUTRAL,53386858.1
2026-09-18,APT,87,63,29,0.66716,580732487,30.06,8.3,16.8,6.1,-45.1,-0.81,4,13.8,10.7,24.0,0.9778,1.0,806531815,10.95,,,91bbc2a7e466,live,174593317,0.690994,0.535515,0.800858,28.9769,,CONFIRM,0.5042,0.6245,0.690994,curve,0.800858,curve,applied,-0.6245,False,1.0,2026-09-18,current,16.25163,inert-band,gateio,6,38.6074,8.0,NEUTRAL,1240835.88
2026-09-18,JST,66,64,28,0.117602,962955849,3.16,13.3,11.7,-12.3,128.3,29.5,4,14.9,18.4,12.1,1.0,1.0,962955849,-13.797,76.6,-0.2001,91bbc2a7e466,live,30386780,0.745902,0.922353,0.403457,27.7572,,LIQUIDITY,0.7082,0.9077,0.745902,curve,0.403457,curve,inert,-0.9077,True,1.0,2026-09-18,current,0.74557,inert-band,gateio,1,,4.0,MILD_INVERSION,93839.72
2026-09-18,TAO,30,65,27,244.7,2773465308,8.09,4.8,11.3,8.2,-8.6,4.59,4,17.2,12.6,15.4,0.9534,1.0,5136207237,10.95,55.31,0.8067,91bbc2a7e466,live,224462663,0.860756,0.631791,0.513183,26.6073,,LIQUIDITY,0.5039,0.6671,0.860756,curve,0.513183,curve,applied,-0.6671,False,1.0,2026-09-18,current,7.84825,inert-band,gateio,5,94.6138,4.0,NEUTRAL,3759048.99
2026-09-18,币安人生,96,66,27,0.502635,502475166,1.32,4.7,7.7,-11.1,686.2,137.8,4,13.5,20.0,12.0,1.0,1.0,502475166,10.95,60.08,0.0473,91bbc2a7e466,live,6626914,0.675279,0.999985,0.4,27.0107,,LIQUIDITY,0.7,0.9163,0.675279,curve,0.362641,floor,inert,-0.9163,True,1.0,2026-09-18,current,6.28811,inert-band,gateio,1,,8.0,NEUTRAL,174943.47
2026-09-18,AVAX,24,67,26,7.94,3516314388,9.26,6.5,10.2,4.6,-29.4,-0.23,4,17.7,10.9,16.2,1.0,1.0,3728064418,10.95,78.97,,91bbc2a7e466,live,325743349,0.886522,0.54586,0.539195,26.0926,,LIQUIDITY,0.4597,0.6177,0.886522,curve,0.539195,curve,inert,-0.6177,False,1.0,2026-09-18,current,5.23231,inert-band,gateio,6,31.536,8.0,NEUTRAL,3896503.11
2026-09-18,PYTH,102,68,26,0.058396,460009527,8.29,15.2,12.8,32.4,-15.5,12.76,4,13.3,15.2,15.5,0.9862,1.0,584142028,10.95,,,91bbc2a7e466,live,38121973,0.665692,0.761616,0.517494,25.8749,,LIQUIDITY,0.4873,0.6588,0.665692,curve,0.517494,curve,applied,-0.6588,False,1.0,2026-09-18,current,8.43318,inert-band,gateio,5,53.0699,4.0,NEUTRAL,523751.82
2026-09-18,WIF,172,69,26,0.191213,191044867,34.08,-0.2,-4.1,20.9,-23.0,-0.46,4,11.4,10.8,25.6,1.0,1.0,191044867,10.95,43.38,0.2334,91bbc2a7e466,live,65112509,0.570284,0.541721,0.854431,26.3963,,CONFIRM,0.4602,0.613,0.570284,curve,0.854431,curve,inert,-0.613,False,1.0,2026-09-18,current,4.04392,inert-band,gateio,6,50.4823,4.0,NEUTRAL,492819.7
2026-09-18,AKE,89,70,25,0.02433587,554838079,2.91,73.2,89.6,156.0,10375.6,2158.48,4,13.7,20.0,12.0,0.9128,1.0,2433900659,10.95,63.36,2.1194,91bbc2a7e466,live,16140879,0.686042,1.0,0.4,25.0487,,LIQUIDITY,0.6619,0.9163,0.686042,curve,0.39798,floor,applied,-0.9163,False,1.0,2026-09-18,current,15.22361,inert-band,gateio,1,,4.0,NEUTRAL,2988147.22
2026-09-18,ANTFUN,190,71,25,0.086521,163292492,8.8,9.5,34.5,89.2,-18.1,30.15,3,11.1,18.5,15.9,0.9135,1.0,694644192,,,,91bbc2a7e466,live,14362674,0.553242,0.925991,0.528793,24.7466,,LIQUIDITY,0.4563,0.6372,0.553242,curve,0.528793,curve,applied,-0.6372,False,1.0,2026-09-18,absent,-3.75011,no-feed,,,,,,
2026-09-18,GT,62,72,25,9.81,1046049325,0.34,4.5,20.0,25.1,25.4,17.7,4,15.1,16.5,12.0,0.9987,1.0,1166232971,10.95,,,91bbc2a7e466,live,3599581,0.754888,0.824296,0.4,24.8577,,LIQUIDITY,0.6583,0.9163,0.754888,curve,0.34098,floor,applied,-0.9163,False,1.0,2026-09-18,current,5.64216,inert-band,gateio,1,,8.0,NEUTRAL,670332.07
2026-09-18,AXS,180,73,24,0.98613,172151989,28.45,7.6,9.4,-4.7,-41.7,-4.89,4,11.2,9.3,29.0,0.968,1.0,266479401,10.95,,,91bbc2a7e466,live,48974596,0.558978,0.463172,0.965521,24.1977,,CONFIRM,0.5424,0.7697,0.558978,curve,0.965521,curve,applied,-0.7697,False,1.0,2026-09-18,current,5.97161,inert-band,gateio,3,55.6548,8.0,NEUTRAL,356051.97
2026-09-18,POL,61,74,24,0.09873,1058198562,12.02,3.6,8.8,0.7,-22.3,-1.0,4,15.1,10.6,18.0,1.0,1.0,1058198562,10.95,34.08,-0.0449,91bbc2a7e466,live,127236650,0.756142,0.53192,0.600531,24.1538,,CONFIRM,0.4443,0.6313,0.756142,curve,0.600531,curve,inert,-0.6313,False,1.0,2026-09-18,current,3.36145,inert-band,gateio,5,273.8883,4.0,NEUTRAL,777994.24
2026-09-18,BR,169,75,23,0.661787,196224843,4.88,149.1,129.1,176.2,1125.5,346.16,4,11.5,20.0,13.3,0.9205,1.0,661432056,10.95,,,91bbc2a7e466,live,9573081,0.573188,1.0,0.441747,23.3075,,LIQUIDITY,0.561,0.817,0.573188,curve,0.441747,curve,applied,-0.817,False,1.0,2026-09-18,current,2.1412,inert-band,gateio,1,,4.0,NEUTRAL,2686753.89
2026-09-18,BTW,43,76,23,0.673944,1825579588,0.41,32.0,52.4,-26.9,-18.1,12.35,3,16.3,15.1,12.0,0.9174,1.0,6741077091,10.95,63.79,0.6678,91bbc2a7e466,live,7454259,0.81535,0.755895,0.4,22.6164,,LIQUIDITY,0.6164,0.9163,0.81535,curve,0.342407,floor,applied,-0.9163,False,1.0,2026-09-18,current,-3.54416,inert-band,gateio,1,,4.0,NEUTRAL,1665897.53
2026-09-18,GRX,165,77,23,21.15,201211922,1.49,-1.7,65.5,40.6,414.8,108.97,4,11.5,20.0,12.0,1.0,1.0,211484557,,,,91bbc2a7e466,live,3006833,0.575913,0.999853,0.4,23.0331,,LIQUIDITY,0.6241,0.9163,0.575913,curve,0.366541,floor,inert,-0.9163,False,1.0,2026-09-18,absent,0.00671,no-feed,,,,,,
2026-09-18,NPC,175,78,23,0.02269061,182285059,3.42,19.2,13.9,316.1,90.2,106.3,4,11.3,20.0,12.3,1.0,1.0,182285059,,,,91bbc2a7e466,live,6229667,0.565188,0.999818,0.409279,23.1277,,LIQUIDITY,0.6102,0.8934,0.565188,curve,0.409279,curve,inert,-0.8934,False,1.0,2026-09-18,absent,9.67195,no-feed,,,,,,
2026-09-18,TIA,112,79,23,0.388359,376950310,16.58,7.6,13.5,10.1,-53.3,-2.48,4,12.9,10.1,21.1,0.9905,1.0,457544036,10.95,,,91bbc2a7e466,live,62500123,0.644071,0.505506,0.701788,22.6319,,CONFIRM,0.4591,0.6822,0.644071,curve,0.701788,curve,applied,-0.6822,False,1.0,2026-09-18,current,12.03296,inert-band,gateio,5,146.6035,4.0,NEUTRAL,434545.48
2026-09-18,UB,118,80,23,0.130702,327148437,2.93,1.4,11.2,-11.5,259.9,52.32,4,12.6,19.7,12.0,0.9151,1.0,1308593747,10.95,50.71,1.0999,91bbc2a7e466,live,9592211,0.628686,0.986519,0.4,22.7022,,LIQUIDITY,0.618,0.9163,0.628686,curve,0.39849,floor,applied,-0.9163,False,1.0,2026-09-18,current,-3.35299,inert-band,gateio,1,,4.0,NEUTRAL,720460.1
2026-09-18,CARDS,204,81,22,0.156239,147552460,4.03,27.4,7.8,-28.4,306.4,64.35,4,10.8,19.9,12.7,0.9448,1.0,307993680,,46.91,3.5607,91bbc2a7e466,live,5945399,0.542237,0.9948,0.422874,21.5514,,LIQUIDITY,0.5608,0.8607,0.542237,curve,0.422874,curve,applied,-0.8607,False,1.0,2026-09-18,absent,20.3628,no-feed,,,,,,
2026-09-18,FF,110,82,22,0.125001,392608286,3.72,-25.6,28.6,73.7,42.5,26.4,4,13.0,18.1,12.5,0.9226,1.0,1250344861,10.95,61.29,0.9124,91bbc2a7e466,live,14614121,0.64849,0.902823,0.416051,22.4733,,LIQUIDITY,0.5874,0.8769,0.64849,curve,0.416051,curve,applied,-0.8769,False,1.0,2026-09-18,current,-10.74483,inert-band,gateio,1,,4.0,NEUTRAL,13197668.34
2026-09-18,OKB,33,83,22,113.86,2391739810,1.0,-0.3,8.5,-8.6,32.9,6.46,4,16.9,13.3,12.0,1.0,1.0,2391739810,10.95,79.22,0.4062,91bbc2a7e466,live,23873017,0.844678,0.663844,0.4,22.4294,,LIQUIDITY,0.613,0.9163,0.844678,curve,0.355514,floor,inert,-0.9163,False,1.0,2026-09-18,current,1.81347,inert-band,gateio,1,,8.0,NEUTRAL,671302.24
2026-09-18,PIEVERSE,116,84,22,1.22,334531121,2.12,0.4,18.0,21.0,116.3,33.13,4,12.6,18.8,12.0,0.9179,1.0,1217583700,10.95,94.44,,91bbc2a7e466,live,7098342,0.631109,0.940632,0.4,21.7961,,LIQUIDITY,0.6015,0.9163,0.631109,curve,0.380486,floor,applied,-0.9163,False,1.0,2026-09-18,current,4.79322,inert-band,gateio,1,,8.0,NEUTRAL,2474624.82
2026-09-18,RAIL,183,85,22,2.81,168926891,0.58,26.6,34.3,61.4,131.7,58.25,4,11.1,19.8,12.0,1.0,1.0,168926891,,,,91bbc2a7e466,live,978354,0.556925,0.991557,0.4,22.0889,,LIQUIDITY,0.6068,0.9163,0.556925,curve,0.346204,floor,inert,-0.9163,False,1.0,2026-09-18,absent,36.55141,no-feed,,,,,,
2026-09-18,RUNE,182,86,22,0.514554,169111954,17.64,1.4,10.1,8.1,-27.8,-0.59,4,11.1,10.8,21.8,1.0,1.0,182124586,10.95,,,91bbc2a7e466,live,29831856,0.557044,0.539382,0.72534,21.7935,,CONFIRM,0.4052,0.6173,0.557044,curve,0.72534,curve,inert,-0.6173,False,1.0,2026-09-18,current,3.00926,inert-band,gateio,5,65.171,8.0,NEUTRAL,248121.29
2026-09-18,TRUMP,90,87,22,2.02,550933657,33.75,2.9,-10.9,23.3,-60.3,-8.09,4,13.7,8.2,25.5,0.9177,1.0,2017058890,10.95,55.77,1.5433,91bbc2a7e466,live,185923618,0.685275,0.409259,0.84996,21.8757,,CONFIRM,0.5878,0.8934,0.685275,curve,0.84996,curve,applied,-0.8934,False,1.0,2026-09-18,current,3.85413,inert-band,gateio,5,18.2837,4.0,NEUTRAL,3056749.36
2026-09-18,JTO,151,88,21,0.44784,234067946,13.82,8.8,9.2,-38.5,29.5,1.21,4,11.8,11.4,19.2,0.9509,1.0,447849303,10.95,27.47,0.1366,91bbc2a7e466,live,32352082,0.592335,0.571853,0.640481,20.6297,,CONFIRM,0.3541,0.5589,0.592335,curve,0.640481,curve,applied,-0.5589,False,1.0,2026-09-18,current,3.71017,inert-band,gateio,5,102.704,8.0,NEUTRAL,375061.12
2026-09-18,PRL,155,89,21,0.858227,218854926,1.55,60.8,156.4,209.1,-18.1,106.0,3,11.7,20.0,12.0,0.904,1.0,1802011146,10.95,,,91bbc2a7e466,live,3394165,0.585039,0.999813,0.4,21.1511,,LIQUIDITY,0.5898,0.9163,0.585039,curve,0.367797,floor,applied,-0.9163,False,1.0,2026-09-18,current,30.172,inert-band,gateio,2,74.022,4.0,NEUTRAL,47939.8
2026-09-18,RENDER,75,90,21,1.5,778052436,8.16,7.3,6.8,-1.7,-15.4,0.38,4,14.5,11.1,15.4,1.0,1.0,800189511,7.884,,,91bbc2a7e466,live,63506217,0.722752,0.556929,0.514716,20.7184,,LIQUIDITY,0.4219,0.6641,0.722752,curve,0.514716,curve,inert,-0.6641,False,1.0,2026-09-18,current,8.55303,inert-band,gateio,5,97.0655,4.0,NEUTRAL,213268.43
2026-09-18,SKR,215,91,21,0.01952917,136722717,4.82,9.0,-17.4,161.1,-28.0,33.02,4,10.7,18.8,13.2,0.97,1.0,207040310,10.95,12.82,,91bbc2a7e466,live,6585632,0.53396,0.940165,0.440373,21.444,,LIQUIDITY,0.5326,0.8201,0.53396,curve,0.440373,curve,applied,-0.8201,False,1.0,2026-09-18,current,-0.77226,inert-band,gateio,2,0.0,4.0,NEUTRAL,500911.09
2026-09-18,A,210,92,20,0.084771,141286380,9.22,7.7,12.3,18.4,-9.8,8.02,4,10.8,13.8,16.1,0.987,1.0,177906239,10.95,,,91bbc2a7e466,live,13028154,0.537525,0.689685,0.538247,19.6946,,DEPTH,0.3821,0.6208,0.537525,curve,0.538247,curve,applied,-0.6208,False,1.0,2026-09-18,current,11.8621,inert-band,gateio,1,,4.0,NEUTRAL,83062.13
2026-09-18,ASTER,37,93,20,0.748926,2025067091,5.31,6.3,4.5,5.0,-9.5,2.36,4,16.5,11.8,13.5,0.9267,1.0,5841317286,6.789,,,91bbc2a7e466,live,107446484,0.82661,0.592443,0.451241,20.4783,,LIQUIDITY,0.5018,0.7958,0.82661,curve,0.451241,curve,applied,-0.7958,False,1.0,2026-09-18,current,1.81275,inert-band,gateio,5,110.9501,4.0,NEUTRAL,2438232.36
2026-09-18,XPL,145,94,20,0.087102,241941892,23.12,3.8,-4.5,-4.1,-26.1,-6.23,4,11.9,8.8,25.4,0.9182,1.0,870990811,10.95,58.08,3.8675,91bbc2a7e466,live,55940880,0.595928,0.440125,0.847147,20.4017,,CONFIRM,0.5163,0.8207,0.595928,curve,0.847147,curve,applied,-0.8207,False,1.0,2026-09-18,current,0.23882,inert-band,gateio,5,43.8,4.0,NEUTRAL,1329169.82
2026-09-18,ZRO,109,95,20,1.12,396348122,14.65,10.8,7.1,14.5,-56.2,-2.6,4,13.0,10.1,19.8,0.9276,1.0,1121803490,10.95,,,91bbc2a7e466,live,58045975,0.649519,0.503368,0.658782,19.9793,,CONFIRM,0.4262,0.6864,0.649519,curve,0.658782,curve,applied,-0.6864,False,1.0,2026-09-18,current,9.86155,inert-band,gateio,4,150.9572,4.0,NEUTRAL,733448.55
2026-09-18,BC,233,96,19,0.03785895,121508104,0.05,1.6,28.2,-8.7,407.4,86.84,4,10.4,20.0,12.0,0.926,1.0,356133887,,97.96,0.2848,91bbc2a7e466,live,59419,0.521151,0.999135,0.4,19.2868,,LIQUIDITY,0.5568,0.9163,0.521151,curve,0.33442,floor,applied,-0.9163,False,1.0,2026-09-18,absent,1.74741,no-feed,,,,,,
2026-09-18,DGAI,211,97,19,0.938852,140835624,65.89,26.1,22.6,-21.5,-18.1,4.48,2,10.7,12.6,18.8,0.9059,1.0,938904160,10.95,,,91bbc2a7e466,live,92794737,0.537178,0.629875,0.627409,19.2311,,DEPTH,0.3769,0.6214,0.537178,curve,0.627409,curve,applied,-0.6214,False,1.0,2026-09-18,current,2.0591,inert-band,gateio,1,,4.0,NEUTRAL,920458.64
2026-09-18,EIGEN,158,98,19,0.224044,207087749,18.91,5.2,16.3,12.8,-69.7,-5.11,4,11.6,9.2,22.6,0.948,1.0,412893133,10.95,,,91bbc2a7e466,live,39152663,0.579039,0.459366,0.753474,18.9995,,CONFIRM,0.4684,0.7779,0.579039,curve,0.753474,curve,applied,-0.7779,False,1.0,2026-09-18,current,12.54567,inert-band,gateio,5,217.8156,4.0,NEUTRAL,366812.52
2026-09-18,EURCV,171,99,19,1.15,192341504,23.65,-2.6,2.2,-22.6,-20.3,-9.94,4,11.4,7.6,25.8,1.0,1.0,192341504,,,,91bbc2a7e466,live,45497185,0.571018,0.379948,0.858986,18.6363,,CONFIRM,0.576,0.9677,0.571018,curve,0.858986,curve,inert,-0.9677,False,1.0,2026-09-18,absent,-0.00971,no-feed,,,,,,
2026-09-18,ICP,49,100,19,2.73,1522189483,3.08,-0.4,11.1,5.2,-9.1,2.13,4,15.9,11.8,12.1,1.0,1.0,1522189483,1.4235,,,91bbc2a7e466,live,46905114,0.795617,0.588337,0.401809,18.8083,,LIQUIDITY,0.5457,0.9118,0.795617,curve,0.401809,curve,inert,-0.9118,False,1.0,2026-09-18,current,7.2657,inert-band,gateio,5,20.3984,8.0,NEUTRAL,685486.37
2026-09-18,MON,132,101,19,0.02369715,280498227,18.01,2.7,-10.4,-11.2,-2.6,-5.11,4,12.2,9.2,22.0,0.9037,1.0,2388244220,10.95,39.18,0.0353,91bbc2a7e466,live,50507911,0.611983,0.45928,0.733478,18.6306,,CONFIRM,0.4631,0.7781,0.611983,curve,0.733478,curve,applied,-0.7781,False,1.0,2026-09-18,current,5.0321,inert-band,gateio,5,63.51,4.0,NEUTRAL,443511.34
2026-09-18,THETA,160,102,19,0.204235,204403213,4.62,8.9,20.9,27.4,-6.5,13.44,4,11.6,15.4,13.1,1.0,1.0,204403213,10.95,,,91bbc2a7e466,live,9450000,0.577622,0.771094,0.436071,19.4227,,LIQUIDITY,0.5065,0.8299,0.577622,curve,0.436071,curve,inert,-0.8299,False,1.0,2026-09-18,current,12.92135,inert-band,gateio,2,52.8196,8.0,NEUTRAL,171966.63
2026-09-18,U,52,103,19,0.99946,1392486927,12.05,-1.5,3.5,-21.5,-18.1,-8.57,4,15.7,8.0,18.0,1.0,1.0,1392486927,,52.12,-0.0041,91bbc2a7e466,live,167730981,0.785948,0.401511,0.601009,18.9659,,CONFIRM,0.5489,0.9125,0.785948,curve,0.601009,curve,inert,-0.9125,False,1.0,2026-09-18,absent,-0.00458,no-feed,,,,,,
2026-09-18,VET,84,104,19,0.0074233,638086076,1.83,-1.1,13.8,49.0,-38.8,7.61,4,14.0,13.7,12.0,1.0,1.0,638086076,10.95,,,91bbc2a7e466,live,11690171,0.70122,0.6829,0.4,19.1545,,LIQUIDITY,0.5544,0.9163,0.70122,curve,0.374046,floor,inert,-0.9163,False,1.0,2026-09-18,current,3.45346,inert-band,gateio,2,,8.0,NEUTRAL,215001.89
2026-09-18,EDGE,159,105,18,0.588527,205969760,1.77,4.3,0.1,87.9,-18.1,19.67,3,11.6,16.9,12.0,0.9271,1.0,588485028,10.95,,,91bbc2a7e466,live,3655411,0.578451,0.845467,0.4,18.1363,,LIQUIDITY,0.5367,0.9163,0.578451,curve,0.372772,floor,applied,-0.9163,False,1.0,2026-09-18,current,-10.51995,inert-band,gateio,1,,4.0,NEUTRAL,13214.02
2026-09-18,ENS,137,106,18,5.99,252582163,8.02,7.5,4.8,37.2,-41.4,4.47,4,12.0,12.6,15.3,0.9368,1.0,598888200,10.95,,,91bbc2a7e466,live,20259959,0.600601,0.629613,0.511581,18.1226,,LIQUIDITY,0.3924,0.6702,0.600601,curve,0.511581,curve,applied,-0.6702,False,1.0,2026-09-18,current,8.99267,inert-band,gateio,3,146.3421,8.0,NEUTRAL,173569.66
2026-09-18,ETC,59,107,18,7.84,1239735669,4.41,2.6,6.6,8.3,-25.4,-0.58,4,15.5,10.8,12.9,1.0,1.0,1239738758,10.95,,,91bbc2a7e466,live,54631008,0.773332,0.539652,0.431259,17.9977,,LIQUIDITY,0.4904,0.841,0.773332,curve,0.431259,curve,inert,-0.841,False,1.0,2026-09-18,current,6.7775,inert-band,gateio,6,68.3827,8.0,NEUTRAL,1416688.67
2026-09-18,KAS,63,108,18,0.03603082,998581134,1.55,3.5,25.4,19.5,-50.0,2.27,4,15.0,11.8,12.0,1.0,1.0,998630053,10.95,,,91bbc2a7e466,live,15485116,0.749846,0.590837,0.4,17.7215,,LIQUIDITY,0.5295,0.9163,0.749846,curve,0.367794,floor,inert,-0.9163,False,1.0,2026-09-18,current,5.91009,inert-band,gateio,3,110.7884,8.0,NEUTRAL,741922.55
2026-09-18,KMNO,200,109,18,0.02753527,153105009,6.86,10.7,16.5,24.0,-16.2,10.09,4,10.9,14.4,14.6,0.9556,1.0,275625566,-14.235,,,91bbc2a7e466,live,10506011,0.546247,0.722438,0.485821,18.3207,,LIQUIDITY,0.4254,0.7219,0.546247,curve,0.485821,curve,applied,-0.7219,False,1.0,2026-09-18,current,-0.06516,inert-band,gateio,1,,4.0,MILD_INVERSION,49848.6
2026-09-18,M,29,110,18,1.28,2903165470,0.09,6.7,24.7,-6.8,-27.7,0.94,4,17.3,11.3,12.0,0.9365,1.0,6913458424,10.95,,,91bbc2a7e466,live,2575969,0.865718,0.567002,0.4,18.3878,,LIQUIDITY,0.5411,0.9163,0.865718,curve,0.335305,floor,applied,-0.9163,False,1.0,2026-09-18,current,13.25437,inert-band,gateio,1,,8.0,NEUTRAL,780125.61
2026-09-18,MANA,202,111,18,0.077234,151374571,16.99,8.0,5.6,0.9,-45.7,-5.12,4,10.9,9.2,21.3,0.9983,1.0,169527311,10.95,,,91bbc2a7e466,live,25721800,0.545013,0.459194,0.710937,17.7621,,CONFIRM,0.4504,0.7783,0.545013,curve,0.710937,curve,applied,-0.7783,False,1.0,2026-09-18,current,5.77665,inert-band,gateio,2,47.3285,8.0,NEUTRAL,84011.6
2026-09-18,MNT,39,112,18,0.590413,1950813613,2.0,1.0,7.8,14.9,-23.5,1.27,4,16.5,11.5,12.0,0.9521,1.0,3674029769,10.95,,,91bbc2a7e466,live,38989330,0.822554,0.57293,0.4,17.9477,,LIQUIDITY,0.5334,0.9163,0.822554,curve,0.377747,floor,applied,-0.9163,False,1.0,2026-09-18,current,5.18699,inert-band,gateio,3,1963.9199,4.0,NEUTRAL,211116.47
2026-09-18,MORPHO,44,113,18,2.33,1632240749,2.29,-0.2,-1.0,-4.6,13.7,1.28,4,16.1,11.5,12.0,0.975,1.0,2335750624,-12.702,41.88,-0.1548,91bbc2a7e466,live,37335324,0.803196,0.57302,0.4,17.9496,,LIQUIDITY,0.5335,0.9163,0.803196,curve,0.384164,floor,applied,-0.9163,False,1.0,2026-09-18,current,8.2701,inert-band,gateio,4,123.8296,4.0,MILD_INVERSION,346061.25
2026-09-18,SENT,230,114,18,0.01720075,124633448,6.14,24.9,35.5,23.7,-36.7,14.93,4,10.5,15.8,14.1,0.9111,1.0,591661017,10.95,,,91bbc2a7e466,live,7656322,0.523909,0.790774,0.469846,17.7349,,LIQUIDITY,0.4367,0.7554,0.523909,curve,0.469846,curve,applied,-0.7554,False,1.0,2026-09-18,current,10.98009,inert-band,gateio,1,,4.0,NEUTRAL,127569.2
2026-09-18,SHIB,27,115,18,5.35e-06,3150585898,3.39,5.0,4.2,-0.7,-26.7,-2.97,4,17.5,9.9,12.3,1.0,1.0,3151960170,10.95,,,91bbc2a7e466,live,106702327,0.874598,0.496879,0.408594,17.7562,,LIQUIDITY,0.5178,0.895,0.874598,curve,0.408594,curve,inert,-0.895,False,1.0,2026-09-18,current,6.25289,inert-band,gateio,2,10.95,8.0,NEUTRAL,2885528.29
2026-09-18,AKT,194,116,17,0.539799,160805909,3.14,0.5,8.1,-6.5,66.3,13.81,4,11.0,15.5,12.1,1.0,1.0,160818859,10.95,,,91bbc2a7e466,live,5051889,0.551576,0.776043,0.403147,17.2565,,LIQUIDITY,0.5171,0.9085,0.551576,curve,0.403147,curve,inert,-0.9085,False,1.0,2026-09-18,current,6.39141,inert-band,gateio,2,2.365,4.0,NEUTRAL,131747.55
2026-09-18,GOMINING,213,117,17,0.343657,138467280,13.63,-3.5,-0.1,-1.4,-6.0,-2.62,4,10.7,10.1,19.1,1.0,1.0,138467280,,,,91bbc2a7e466,live,18877593,0.535337,0.502923,0.636294,17.1312,,CONFIRM,0.3896,0.6873,0.535337,curve,0.636294,curve,inert,-0.6873,False,1.0,2026-09-18,absent,-1.02695,no-feed,,,,,,
2026-09-18,LDO,123,118,17,0.381072,318107911,14.31,3.1,1.0,4.8,-46.0,-6.82,4,12.5,8.6,19.5,0.9917,1.0,381355159,10.95,,,91bbc2a7e466,live,45523004,0.625644,0.430197,0.651346,17.3855,,CONFIRM,0.4821,0.8435,0.625644,curve,0.651346,curve,applied,-0.8435,False,1.0,2026-09-18,current,7.55549,inert-band,gateio,5,35.235,8.0,NEUTRAL,613713.03
2026-09-18,RLUSD,34,119,17,1.0,2350676686,7.22,-1.5,3.5,-21.5,-18.1,-8.57,4,16.9,8.0,14.8,1.0,1.0,2348466988,,47.02,-0.0044,91bbc2a7e466,live,169751258,0.842798,0.401511,0.493808,16.7101,,CONFIRM,0.51,0.9125,0.842798,curve,0.493808,curve,inert,-0.9125,False,1.0,2026-09-18,absent,0.00652,no-feed,,,,,,
2026-09-18,VIRTUAL,107,120,17,0.635132,418375240,14.48,0.1,-2.8,-8.9,-26.6,-8.21,4,13.1,8.1,19.7,0.9697,1.0,635456009,10.95,58.64,,91bbc2a7e466,live,60596143,0.655391,0.407232,0.655193,16.957,,CONFIRM,0.5063,0.8984,0.655391,curve,0.655193,curve,applied,-0.8984,False,1.0,2026-09-18,current,4.30569,inert-band,gateio,4,21.144,4.0,NEUTRAL,678774.5
2026-09-18,ZCAT,222,121,17,0.132216,128232775,7.47,42.5,3.5,-21.5,-18.1,4.63,1,10.5,12.6,15.0,1.0,1.0,128232775,10.95,,,91bbc2a7e466,live,9582648,0.527,0.6324,0.499397,16.6436,,LIQUIDITY,0.3872,0.6944,0.527,curve,0.499397,curve,inert,-0.6944,False,1.0,2026-09-18,current,-5.66557,inert-band,gateio,1,,4.0,NEUTRAL,26628.92
2026-09-18,1INCH,219,122,16,0.094465,132869885,18.46,5.8,6.2,-6.6,-49.4,-8.24,4,10.6,8.1,22.3,1.0,1.0,141796044,10.95,,,91bbc2a7e466,live,24525394,0.530857,0.406827,0.743516,16.0575,,CONFIRM,0.4917,0.8994,0.530857,curve,0.743516,curve,inert,-0.8994,False,1.0,2026-09-18,current,5.33047,inert-band,gateio,3,199.3036,8.0,NEUTRAL,115563.02
2026-09-18,BP,209,123,16,0.569998,142496923,3.25,6.5,33.0,32.6,-18.1,14.73,3,10.8,15.8,12.2,0.9151,1.0,569987691,10.95,,,91bbc2a7e466,live,4627924,0.538451,0.788194,0.405505,15.7487,,LIQUIDITY,0.4883,0.9026,0.538451,curve,0.405505,curve,applied,-0.9026,False,1.0,2026-09-18,current,24.3775,inert-band,gateio,1,,4.0,NEUTRAL,222409.62
2026-09-18,GRT,157,124,16,0.01940699,212589823,6.27,10.2,17.5,29.0,-63.1,2.06,4,11.6,11.7,14.2,1.0,1.0,225640467,10.95,,,91bbc2a7e466,live,13326736,0.581886,0.587086,0.472639,16.1461,,LIQUIDITY,0.411,0.7494,0.581886,curve,0.472639,curve,inert,-0.7494,False,1.0,2026-09-18,current,8.10028,inert-band,gateio,2,25.8175,8.0,NEUTRAL,116297.66
2026-09-18,KOGE,152,125,16,67.48,228091581,0.02,-4.0,8.6,11.7,22.5,8.38,4,11.8,13.9,12.0,1.0,1.0,228091581,,,,91bbc2a7e466,live,34918,0.589527,0.695353,0.4,16.3972,,LIQUIDITY,0.5068,0.9163,0.589527,curve,0.333674,floor,inert,-0.9163,False,1.0,2026-09-18,absent,0.08072,no-feed,,,,,,
2026-09-18,SPX,104,126,16,0.485259,451958513,1.86,1.7,-23.0,31.6,2.3,3.12,4,13.3,12.1,12.0,1.0,1.0,451958513,10.95,43.16,0.631,91bbc2a7e466,live,8417021,0.663775,0.60587,0.4,16.0865,,LIQUIDITY,0.5015,0.9163,0.663775,curve,0.374719,floor,inert,-0.9163,False,1.0,2026-09-18,current,3.83007,inert-band,gateio,3,87.4637,4.0,NEUTRAL,489995.5
2026-09-18,CRO,28,127,15,0.059119,2941895725,0.3,4.0,6.7,8.2,-48.5,-4.78,4,17.3,9.3,12.0,0.9481,1.0,5852506658,10.95,,,91bbc2a7e466,live,8860477,0.867157,0.46508,0.4,15.2947,,LIQUIDITY,0.488,0.9163,0.867157,curve,0.340026,floor,applied,-0.9163,False,1.0,2026-09-18,current,1.98684,inert-band,gateio,2,3.7436,8.0,NEUTRAL,266136.52
2026-09-18,CRVUSD,161,128,15,0.999162,203647700,14.04,-1.5,3.4,-21.5,-18.0,-8.57,4,11.5,8.0,19.4,1.0,1.0,203997255,,,,91bbc2a7e466,live,28593329,0.57722,0.401431,0.645346,14.9536,,CONFIRM,0.4803,0.9127,0.57722,curve,0.645346,curve,inert,-0.9127,False,1.0,2026-09-18,absent,-0.00593,no-feed,,,,,,
2026-09-18,DCR,129,129,15,16.87,297258258,0.9,4.5,18.0,34.2,-55.5,3.3,4,12.4,12.2,12.0,1.0,1.0,297277653,,,,91bbc2a7e466,live,2673930,0.618283,0.609057,0.4,15.0628,,LIQUIDITY,0.4841,0.9163,0.618283,curve,0.353323,floor,inert,-0.9163,False,1.0,2026-09-18,absent,1.4316,no-feed,,,,,,
2026-09-18,FARTCOIN,203,130,15,0.149649,149716100,20.32,7.4,-7.7,-14.4,-40.1,-11.33,4,10.9,7.2,23.5,1.0,1.0,149716100,10.95,36.2,3.7262,91bbc2a7e466,live,30423825,0.543817,0.359037,0.784911,15.3254,,CONFIRM,0.5461,1.0243,0.543817,curve,0.784911,curve,inert,-1.0243,False,1.0,2026-09-18,current,3.11456,inert-band,gateio,4,37.23,4.0,NEUTRAL,3511581.0
2026-09-18,GRAM,23,131,15,1.36,3812081881,1.03,-0.3,2.9,-17.5,-9.6,-5.66,4,17.9,9.0,12.0,0.9524,1.0,7154891234,10.95,,,91bbc2a7e466,live,39084281,0.895291,0.449826,0.4,15.3422,,LIQUIDITY,0.4888,0.9163,0.895291,curve,0.356117,floor,applied,-0.9163,False,1.0,2026-09-18,current,1.79577,inert-band,gateio,2,0.0,4.0,NEUTRAL,1771513.55
2026-09-18,SEI,125,132,15,0.0464762,312843065,19.44,4.8,0.2,0.7,-79.5,-14.24,4,12.5,6.4,23.0,0.9717,1.0,464618414,10.95,,,91bbc2a7e466,live,60806140,0.623832,0.318287,0.765258,14.7648,,CONFIRM,0.5985,1.1448,0.623832,curve,0.765258,curve,applied,-1.1448,False,1.0,2026-09-18,current,6.83376,inert-band,gateio,6,125.1931,8.0,NEUTRAL,278467.93
2026-09-18,SKY,47,133,15,0.065811,1545233805,1.52,8.0,-2.0,-6.4,-22.2,-4.14,4,15.9,9.5,12.0,1.0,1.0,1547808883,10.95,,,91bbc2a7e466,live,23489327,0.797249,0.476154,0.4,15.1845,,LIQUIDITY,0.4861,0.9163,0.797249,curve,0.367114,floor,inert,-0.9163,False,1.0,2026-09-18,current,16.7007,inert-band,gateio,2,0.0,4.0,NEUTRAL,269694.19
2026-09-18,ALGO,71,134,14,0.094065,851341975,4.87,2.9,6.0,-1.7,-44.4,-6.94,4,14.7,8.6,13.2,1.0,1.0,851343071,10.95,,,91bbc2a7e466,live,41421402,0.732526,0.428276,0.441454,13.8494,,CONFIRM,0.4289,0.848,0.732526,curve,0.441454,curve,inert,-0.848,False,1.0,2026-09-18,current,4.24212,inert-band,gateio,5,289.4581,8.0,NEUTRAL,344804.86
2026-09-18,ATOM,69,135,14,1.63,868248803,6.45,-7.2,12.1,-3.9,-39.9,-8.09,4,14.7,8.2,14.3,1.0,1.0,868256569,10.1835,,,91bbc2a7e466,live,55982589,0.734661,0.409259,0.476617,14.3303,,CONFIRM,0.4599,0.8934,0.734661,curve,0.476617,curve,inert,-0.8934,False,1.0,2026-09-18,current,6.8446,inert-band,gateio,6,34.602,8.0,NEUTRAL,1124733.6
2026-09-18,BGB,56,136,14,1.95,1365605308,0.86,-1.0,1.5,-4.3,-26.8,-6.36,4,15.7,8.8,12.0,0.9838,1.0,1777103636,,,,91bbc2a7e466,live,11694119,0.783831,0.437927,0.4,13.508,,LIQUIDITY,0.4577,0.9163,0.783831,curve,0.352363,floor,applied,-0.9163,False,1.0,2026-09-18,absent,2.16696,no-feed,,,,,,
2026-09-18,BSV,115,137,14,16.77,336935783,2.1,2.5,5.2,-2.9,-9.9,-0.66,4,12.6,10.8,12.0,1.0,1.0,336936203,10.95,,,91bbc2a7e466,live,7061779,0.631887,0.538213,0.4,13.6036,,LIQUIDITY,0.4593,0.9163,0.631887,curve,0.379909,floor,inert,-0.9163,False,1.0,2026-09-18,current,4.03481,inert-band,gateio,2,0.0,4.0,NEUTRAL,643144.93
2026-09-18,BUIDL,32,138,14,1.0,2401998374,0.0,-1.5,3.5,-21.5,-18.1,-8.57,4,16.9,8.0,12.0,1.0,1.0,2401998374,,50.0,0.0,91bbc2a7e466,live,0.0,0.845143,0.401511,0.4,13.5734,,LIQUIDITY,0.4588,0.9163,0.845143,curve,0.0,zero-volume,inert,-0.9163,False,1.0,2026-09-18,absent,0.0,no-feed,,,,,,
2026-09-18,CHZ,201,139,14,0.01444638,152218261,16.05,6.0,11.2,1.1,-74.7,-10.07,4,10.9,7.6,20.7,1.0,1.0,152218261,10.95,,,91bbc2a7e466,live,24424959,0.545617,0.378023,0.689911,14.2298,,CONFIRM,0.4989,0.9728,0.545617,curve,0.689911,curve,inert,-0.9728,False,1.0,2026-09-18,current,3.02256,inert-band,gateio,3,50.7703,8.0,NEUTRAL,125128.16
2026-09-18,COMP,164,140,14,20.24,202472289,6.61,0.9,5.2,-6.4,-16.5,-3.33,4,11.5,9.8,14.4,1.0,1.0,202472289,10.95,,,91bbc2a7e466,live,13386715,0.576591,0.490412,0.480258,13.5801,,LIQUIDITY,0.3673,0.7334,0.576591,curve,0.480258,curve,inert,-0.7334,False,1.0,2026-09-18,current,5.73089,inert-band,gateio,5,68.766,8.0,NEUTRAL,123034.73
2026-09-18,FLOKI,146,141,14,2.489e-05,240077224,9.3,2.8,-3.7,4.3,-41.0,-7.21,4,11.9,8.5,16.2,1.0,1.0,137938435,10.95,,,91bbc2a7e466,live,22329745,0.595088,0.423702,0.540024,13.6162,,CONFIRM,0.4307,0.8587,0.595088,curve,0.540024,curve,inert,-0.8587,False,1.0,2026-09-18,current,4.48012,inert-band,gateio,1,,8.0,NEUTRAL,315036.15
2026-09-18,HBAR,25,142,14,0.076654,3360413481,2.39,3.1,1.6,-6.7,-38.9,-8.13,4,17.6,8.2,12.0,0.9965,1.0,3833326698,10.95,,,91bbc2a7e466,live,80161854,0.881598,0.408691,0.4,14.3616,,LIQUIDITY,0.4722,0.9163,0.881598,curve,0.386344,floor,applied,-0.9163,False,1.0,2026-09-18,current,3.04671,inert-band,gateio,5,27.6612,8.0,NEUTRAL,963707.25
2026-09-18,HTX,50,143,14,1.68e-06,1506875093,0.7,-2.1,5.7,-22.6,-11.0,-7.06,4,15.9,8.5,12.0,1.0,1.0,1506875093,,20.02,0.5534,91bbc2a7e466,live,10487934,0.794519,0.426277,0.4,13.5474,,LIQUIDITY,0.4584,0.9163,0.794519,curve,0.3488,floor,inert,-0.9163,False,1.0,2026-09-18,absent,0.68264,no-feed,,,,,,
2026-09-18,SYRUP,135,144,14,0.22063,257340412,3.5,1.0,5.9,19.7,-25.5,1.6,4,12.1,11.6,12.3,1.0,1.0,274405477,10.95,,,91bbc2a7e466,live,9016882,0.602627,0.578761,0.411197,14.3416,,LIQUIDITY,0.4576,0.8887,0.602627,curve,0.411197,curve,inert,-0.8887,False,1.0,2026-09-18,current,11.0261,inert-band,gateio,3,591.9208,8.0,NEUTRAL,195019.94
2026-09-18,USDY,35,145,14,1.15,2234079722,0.05,-1.5,4.0,-21.2,-15.9,-7.93,4,16.7,8.2,12.0,1.0,1.0,2234079722,,100.0,0.0,91bbc2a7e466,live,1102190,0.837275,0.411862,0.4,13.7937,,LIQUIDITY,0.4625,0.9163,0.837275,curve,0.33443,floor,inert,-0.9163,False,1.0,2026-09-18,absent,0.25573,no-feed,,,,,,
2026-09-18,USYC,31,146,14,1.14,2555300789,0.0,-1.4,3.6,-21.2,-16.3,-8.08,4,17.0,8.2,12.0,1.0,1.0,2555300789,,100.0,0.0,91bbc2a7e466,live,0.0,0.851861,0.409421,0.4,13.9508,,LIQUIDITY,0.4652,0.9163,0.851861,curve,0.0,zero-volume,inert,-0.9163,False,1.0,2026-09-18,absent,0.00854,no-feed,,,,,,
2026-09-18,APEPE,136,147,13,1.21e-06,255149388,5.35,-27.8,11.4,6.2,-4.4,-4.82,4,12.0,9.3,13.6,1.0,1.0,255149388,,,,91bbc2a7e466,live,13658590,0.601699,0.464299,0.452293,12.6356,,LIQUIDITY,0.3835,0.7934,0.601699,curve,0.452293,curve,inert,-0.7934,False,1.0,2026-09-18,absent,1.02522,no-feed,,,,,,
2026-09-18,AWE,228,148,13,0.06515,126545920,1.18,8.4,9.3,-9.5,10.6,4.59,4,10.5,12.6,12.0,1.0,0.964,126545920,33.945,,,91bbc2a7e466,live,1487433,0.525562,0.631704,0.4,12.7979,,LIQUIDITY,0.4457,0.9163,0.525562,curve,0.359454,floor,inert,-0.9163,False,0.964,2026-09-18,current,1.93778,hot-confirmed,gateio,1,,8.0,ELEVATED,21307.05
2026-09-18,B,178,149,13,0.17738,177432722,2.06,-7.2,44.3,-2.1,-35.7,1.25,4,11.2,11.4,12.0,1.0,1.0,177432722,10.95,,,91bbc2a7e466,live,3656758,0.562258,0.572481,0.4,12.8753,,LIQUIDITY,0.447,0.9163,0.562258,curve,0.379132,floor,inert,-0.9163,False,1.0,2026-09-18,current,-5.94055,inert-band,gateio,1,,4.0,NEUTRAL,1437341.85
2026-09-18,BONK,143,150,13,2.77e-06,244384317,15.2,4.7,-7.2,1.0,-70.7,-14.28,4,11.9,6.4,20.1,1.0,1.0,244384317,10.95,,,91bbc2a7e466,live,37140997,0.597018,0.317692,0.671062,12.7279,,CONFIRM,0.5563,1.1467,0.597018,curve,0.671062,curve,inert,-1.1467,False,1.0,2026-09-18,current,3.02581,inert-band,gateio,2,12.5406,4.0,NEUTRAL,267395.93
2026-09-18,BTT,122,151,13,3.25597e-07,321495399,2.14,1.7,11.2,1.5,-23.2,-0.96,4,12.5,10.7,12.0,1.0,1.0,322460211,,,,91bbc2a7e466,live,6869707,0.626794,0.532818,0.4,13.3587,,LIQUIDITY,0.4552,0.9163,0.626794,curve,0.380818,floor,inert,-0.9163,False,1.0,2026-09-18,absent,3.01766,no-feed,,,,,,
2026-09-18,NEXO,73,152,13,0.82641,826382344,0.33,-2.4,1.1,-3.6,-26.4,-6.63,4,14.6,8.7,12.0,1.0,1.0,826382344,,,,91bbc2a7e466,live,2760015,0.729295,0.433465,0.4,12.645,,LIQUIDITY,0.4431,0.9163,0.729295,curve,0.340755,floor,inert,-0.9163,False,1.0,2026-09-18,absent,3.92926,no-feed,,,,,,
2026-09-18,SFP,208,153,13,0.288796,144470666,0.88,10.7,12.9,-2.8,-12.4,3.25,4,10.8,12.2,12.0,1.0,1.0,144470666,10.95,,,91bbc2a7e466,live,1272589,0.539945,0.608261,0.4,13.1371,,LIQUIDITY,0.4514,0.9163,0.539945,curve,0.352908,floor,inert,-0.9163,False,1.0,2026-09-18,current,7.09752,inert-band,gateio,1,,8.0,NEUTRAL,11472.79
2026-09-18,TRAC,207,154,13,0.325664,145660725,6.9,-4.8,2.6,6.7,-23.7,-3.86,4,10.8,9.6,14.6,0.9984,1.0,162831605,,,,91bbc2a7e466,live,10050710,0.540836,0.481155,0.486668,12.6441,,CONFIRM,0.3538,0.7316,0.540836,curve,0.486668,curve,applied,-0.7316,False,1.0,2026-09-18,absent,-4.58992,no-feed,,,,,,
2026-09-18,USDF,55,155,13,0.995663,1371047342,0.06,-1.6,3.4,-21.5,-18.2,-8.64,4,15.7,8.0,12.0,1.0,1.0,1371047342,,,,91bbc2a7e466,live,842071,0.784263,0.40031,0.4,12.5579,,LIQUIDITY,0.4416,0.9163,0.784263,curve,0.334698,floor,inert,-0.9163,False,1.0,2026-09-18,absent,0.02031,no-feed,,,,,,
2026-09-18,USDGO,54,156,13,1.0,1382295510,1.77,-1.5,3.5,-21.5,-18.1,-8.57,3,15.7,8.0,12.0,1.0,1.0,1382295510,,,,91bbc2a7e466,live,24445494,0.78515,0.401511,0.4,12.6099,,LIQUIDITY,0.4425,0.9163,0.78515,curve,0.372633,floor,inert,-0.9163,False,1.0,2026-09-18,absent,-0.00464,no-feed,,,,,,
2026-09-18,XTZ,130,157,13,0.266686,292423945,2.58,4.0,19.0,12.9,-49.4,-0.71,4,12.3,10.7,12.0,1.0,1.0,297752615,10.95,,,91bbc2a7e466,live,7550829,0.616503,0.537313,0.4,13.2502,,LIQUIDITY,0.4533,0.9163,0.616503,curve,0.390714,floor,inert,-0.9163,False,1.0,2026-09-18,current,7.98417,inert-band,gateio,2,76.8255,8.0,NEUTRAL,293297.72
2026-09-18,BFUSD,57,158,12,0.998713,1318291433,0.36,-1.6,3.4,-21.5,-18.1,-8.62,4,15.6,8.0,12.0,1.0,1.0,1318291433,,,,91bbc2a7e466,live,4802784,0.780003,0.40063,0.4,12.4997,,LIQUIDITY,0.4406,0.9163,0.780003,curve,0.341429,floor,inert,-0.9163,False,1.0,2026-09-18,absent,-0.0342,no-feed,,,,,,
2026-09-18,EURC,100,159,12,1.15,469286881,6.66,-2.6,2.2,-22.6,-20.4,-9.96,4,13.4,7.6,14.4,1.0,1.0,470291310,0.876,,,91bbc2a7e466,live,31276398,0.66786,0.379639,0.481437,12.2066,,CONFIRM,0.4605,0.9685,0.66786,curve,0.481437,curve,inert,-0.9685,False,1.0,2026-09-18,current,-0.00813,inert-band,coinbase,1,,1.0,NEUTRAL,1179765.5
2026-09-18,EURSAFO,53,160,12,1.16,1390737767,0.0,-2.5,2.3,-22.5,-18.1,-9.42,3,15.7,7.8,12.0,1.0,1.0,1390737767,,,,91bbc2a7e466,live,0.0,0.785811,0.388034,0.4,12.1968,,CONFIRM,0.4499,0.9467,0.785811,curve,0.0,zero-volume,inert,-0.9467,False,1.0,2026-09-18,absent,-0.03589,no-feed,,,,,,
2026-09-18,GRASS,153,161,12,0.335493,227133474,8.34,-3.1,-1.0,-14.6,-14.9,-7.81,4,11.8,8.3,15.6,0.9722,1.0,335488783,10.95,,,91bbc2a7e466,live,18953301,0.58907,0.413821,0.518768,12.2944,,CONFIRM,0.4209,0.8823,0.58907,curve,0.518768,curve,applied,-0.8823,False,1.0,2026-09-18,current,2.02294,inert-band,gateio,3,248.643,4.0,NEUTRAL,428558.01
2026-09-18,JAAA,76,162,12,1.05,775069493,0.0,-1.4,3.7,-21.1,-15.9,-7.95,4,14.4,8.2,12.0,1.0,1.0,776469917,,,,91bbc2a7e466,live,0.0,0.722335,0.411536,0.4,11.8907,,LIQUIDITY,0.4303,0.9163,0.722335,curve,0.0,zero-volume,inert,-0.9163,False,1.0,2026-09-18,absent,0.00867,no-feed,,,,,,
2026-09-18,JPYC,212,163,12,0.00654178,139243996,7.84,-0.3,6.0,-17.2,-15.8,-6.05,4,10.7,8.9,15.2,1.0,1.0,139243996,,,,91bbc2a7e466,live,10918912,0.535944,0.443177,0.50759,12.0562,,CONFIRM,0.3847,0.8138,0.535944,curve,0.50759,curve,inert,-0.8138,False,1.0,2026-09-18,absent,-62.36177,no-feed,,,,,,
2026-09-18,KCS,64,164,12,7.14,978560743,0.71,2.2,3.8,-12.5,-33.8,-8.28,4,15.0,8.1,12.0,1.0,1.0,1014234273,,,,91bbc2a7e466,live,6979772,0.747647,0.406261,0.4,12.1496,,LIQUIDITY,0.4347,0.9163,0.747647,curve,0.349184,floor,inert,-0.9163,False,1.0,2026-09-18,absent,2.14771,no-feed,,,,,,
2026-09-18,LUNC,131,165,12,5.089e-05,280554411,3.27,-0.6,1.8,-13.8,-1.0,-3.38,4,12.2,9.8,12.2,0.994,1.0,328242407,10.95,,,91bbc2a7e466,live,9178610,0.612004,0.489528,0.406035,12.0916,,LIQUIDITY,0.4266,0.9013,0.612004,curve,0.406035,curve,applied,-0.9013,False,1.0,2026-09-18,current,1.62327,inert-band,gateio,1,,8.0,NEUTRAL,176474.48
2026-09-18,OHM,128,166,12,19.95,297668618,0.32,-3.4,2.6,-11.5,-4.0,-4.05,4,12.4,9.6,12.0,0.9819,1.0,395495975,,,,91bbc2a7e466,live,945776,0.618433,0.477819,0.4,11.606,,LIQUIDITY,0.4255,0.9163,0.618433,curve,0.340394,floor,applied,-0.9163,False,1.0,2026-09-18,absent,-0.35197,no-feed,,,,,,
2026-09-18,QNT,68,167,12,62.49,908961156,0.86,-3.3,-0.9,-9.4,-23.2,-8.21,4,14.8,8.1,12.0,1.0,1.0,913230724,10.95,,,91bbc2a7e466,live,7828280,0.739636,0.407394,0.4,12.0529,,LIQUIDITY,0.4331,0.9163,0.739636,curve,0.352472,floor,inert,-0.9163,False,1.0,2026-09-18,current,1.72109,inert-band,gateio,2,49.1833,8.0,NEUTRAL,73127.32
2026-09-18,SUN,121,168,12,0.01679978,322948798,4.6,-1.8,5.9,-22.6,-11.2,-6.96,4,12.5,8.6,13.1,1.0,1.0,334348974,-15.8775,,,91bbc2a7e466,live,14856304,0.627283,0.427943,0.43556,11.6922,,CONFIRM,0.3955,0.8488,0.627283,curve,0.43556,curve,inert,-0.8488,False,1.0,2026-09-18,current,0.44619,cold-no-rsi,gateio,1,,8.0,SHORT_SQUEEZE_RISK,42523.53
2026-09-18,TWT,154,169,12,0.539296,224738943,2.79,-4.9,-11.0,19.9,-7.3,-0.71,4,11.8,10.7,12.0,0.9361,1.0,539395168,10.95,,,91bbc2a7e466,live,6273038,0.58792,0.537313,0.4,11.8284,,LIQUIDITY,0.4292,0.9163,0.58792,curve,0.395361,floor,applied,-0.9163,False,1.0,2026-09-18,current,3.89487,inert-band,gateio,1,,8.0,NEUTRAL,141595.01
2026-09-18,USTB,78,170,12,11.21,728772339,0.0,-1.4,3.6,-21.2,-16.2,-8.06,4,14.3,8.2,12.0,1.0,1.0,728772341,,,,91bbc2a7e466,live,0.0,0.715648,0.409746,0.4,11.7294,,LIQUIDITY,0.4276,0.9163,0.715648,curve,0.0,zero-volume,inert,-0.9163,False,1.0,2026-09-18,absent,0.00964,no-feed,,,,,,
2026-09-18,XCN,193,171,12,0.00408506,160890677,4.24,-2.0,2.3,21.6,-36.8,-1.98,4,11.0,10.3,12.8,0.9798,1.0,218499653,-4.38,,,91bbc2a7e466,live,6829282,0.551633,0.514345,0.427659,11.8889,,LIQUIDITY,0.3989,0.8494,0.551633,curve,0.427659,curve,applied,-0.8494,False,1.0,2026-09-18,current,2.98537,inert-band,gateio,1,,4.0,MILD_INVERSION,165798.96
2026-09-18,XEC,199,172,12,7.68e-06,154194948,2.26,6.3,10.5,3.9,-25.6,0.37,4,10.9,11.1,12.0,1.0,1.0,154195188,,,,91bbc2a7e466,live,3491157,0.547018,0.55666,0.4,12.1801,,LIQUIDITY,0.4352,0.9163,0.547018,curve,0.383647,floor,inert,-0.9163,False,1.0,2026-09-18,absent,5.70963,no-feed,,,,,,
2026-09-18,APXUSD,124,173,11,0.97864,317699035,0.54,-0.7,4.3,-16.8,-18.1,-6.96,3,12.5,8.6,12.0,1.0,1.0,317711601,,,,91bbc2a7e466,live,1718500,0.625504,0.427943,0.4,10.7072,,LIQUIDITY,0.4101,0.9163,0.625504,curve,0.345354,floor,inert,-0.9163,False,1.0,2026-09-18,absent,0.76787,no-feed,,,,,,
2026-09-18,BTSE,186,174,11,1.029,166727519,0.17,6.7,24.2,-3.9,-53.3,-3.58,4,11.1,9.7,12.0,0.9889,1.0,205758329,,,,91bbc2a7e466,live,285411,0.555502,0.486085,0.4,10.681,,LIQUIDITY,0.4097,0.9163,0.555502,curve,0.337137,floor,applied,-0.9163,False,1.0,2026-09-18,absent,-2.15041,no-feed,,,,,,
2026-09-18,COCO,181,175,11,0.169176,169170183,0.03,-0.5,4.1,-18.2,4.6,-2.76,4,11.1,10.0,12.0,1.0,1.0,169170183,,,,91bbc2a7e466,live,48492,0.557081,0.50061,0.4,11.1552,,LIQUIDITY,0.4178,0.9163,0.557081,curve,0.33397,floor,inert,-0.9163,False,1.0,2026-09-18,absent,1.04914,no-feed,,,,,,
2026-09-18,EUTBL,74,176,11,1.21,793142854,0.0,-2.5,2.3,-22.5,-19.3,-9.66,4,14.5,7.7,12.0,1.0,1.0,790868646,,,,91bbc2a7e466,live,0.0,0.724838,0.384286,0.4,11.1418,,CONFIRM,0.4358,0.9564,0.724838,curve,0.0,zero-volume,inert,-0.9564,False,1.0,2026-09-18,absent,-0.03859,no-feed,,,,,,
2026-09-18,GHO,80,177,11,0.998502,697947961,1.97,-1.5,3.5,-21.5,-18.1,-8.57,4,14.2,8.0,12.0,1.0,1.0,697947961,,,,91bbc2a7e466,live,13782344,0.710956,0.401511,0.4,11.4183,,LIQUIDITY,0.4223,0.9163,0.710956,curve,0.377215,floor,inert,-0.9163,False,1.0,2026-09-18,absent,0.01374,no-feed,,,,,,
2026-09-18,REUSD,133,178,11,1.1,276129385,0.23,-1.4,3.8,-20.9,-2.0,-5.09,4,12.2,9.2,12.0,1.0,1.0,276129384,,,,91bbc2a7e466,live,647936,0.610278,0.459539,0.4,11.2179,,LIQUIDITY,0.4188,0.9163,0.610278,curve,0.338548,floor,inert,-0.9163,False,1.0,2026-09-18,absent,0.02515,no-feed,,,,,,
2026-09-18,SHFL,206,179,11,0.305619,146731259,0.54,-3.9,1.9,-18.1,22.3,-0.76,4,10.8,10.7,12.0,0.9507,1.0,281507278,,,,91bbc2a7e466,live,792833,0.541631,0.536324,0.4,11.0467,,LIQUIDITY,0.4159,0.9163,0.541631,curve,0.345341,floor,applied,-0.9163,False,1.0,2026-09-18,absent,-4.3993,no-feed,,,,,,
2026-09-18,SNX,224,180,11,0.21846,127056732,8.51,5.4,7.2,-6.0,-53.6,-8.8,4,10.5,8.0,15.7,1.0,1.0,127149378,10.95,,,91bbc2a7e466,live,10814557,0.525999,0.397833,0.52248,10.9334,,CONFIRM,0.4164,0.9217,0.525999,curve,0.52248,curve,inert,-0.9217,False,1.0,2026-09-18,current,5.25284,inert-band,gateio,3,418.5608,8.0,NEUTRAL,121660.81
2026-09-18,USD0,92,181,11,0.998653,545847830,0.69,-1.5,3.4,-21.5,-18.1,-8.6,4,13.7,8.0,12.0,1.0,1.0,545847830,,,,91bbc2a7e466,live,3748252,0.684268,0.40111,0.4,10.9787,,LIQUIDITY,0.4148,0.9163,0.684268,curve,0.348593,floor,inert,-0.9163,False,1.0,2026-09-18,absent,-0.03837,no-feed,,,,,,
2026-09-18,USDTB,97,182,11,0.9991,482920209,0.09,-1.6,3.4,-21.5,-18.2,-8.64,4,13.4,8.0,12.0,1.0,1.0,482920209,,,,91bbc2a7e466,live,435828,0.670969,0.40031,0.4,10.7438,,LIQUIDITY,0.4107,0.9163,0.670969,curve,0.335339,floor,inert,-0.9163,False,1.0,2026-09-18,absent,-0.02395,no-feed,,,,,,
2026-09-18,YLDS,95,183,11,0.999752,510875781,3.78,-1.5,3.4,-21.5,-18.1,-8.6,4,13.5,8.0,12.5,1.0,1.0,510875781,,,,91bbc2a7e466,live,19303408,0.677079,0.40111,0.4173,11.3332,,CONFIRM,0.4195,0.9135,0.677079,curve,0.4173,curve,inert,-0.9135,False,1.0,2026-09-18,absent,0.01654,no-feed,,,,,,
2026-09-18,A7A5,101,184,10,0.01181662,463615129,0.0,-1.6,6.2,-20.4,-25.6,-9.15,4,13.3,7.8,12.0,1.0,1.0,463615129,,,,91bbc2a7e466,live,3797.31,0.666539,0.39228,0.4,10.4588,,CONFIRM,0.4145,0.9358,0.666539,curve,0.333352,floor,inert,-0.9358,False,1.0,2026-09-18,absent,0.14414,no-feed,,,,,,
2026-09-18,APE,220,185,10,0.131749,131736687,9.18,-0.4,-2.3,-12.2,-41.9,-12.12,4,10.6,6.9,16.1,1.0,1.0,131736687,10.95,,,91bbc2a7e466,live,12090585,0.529927,0.347392,0.537285,9.891,,CONFIRM,0.457,1.0573,0.529927,curve,0.537285,curve,inert,-1.0573,False,1.0,2026-09-18,current,2.6073,inert-band,gateio,5,83.8349,8.0,NEUTRAL,226909.35
2026-09-18,AUSD,148,186,10,0.999088,235172779,2.4,-1.5,3.4,-21.5,-18.2,-8.62,4,11.9,8.0,12.0,1.0,1.0,235172779,,,,91bbc2a7e466,live,5654056,0.592847,0.40079,0.4,9.5043,,LIQUIDITY,0.3893,0.9163,0.592847,curve,0.38676,floor,inert,-0.9163,False,1.0,2026-09-18,absent,-0.0123,no-feed,,,,,,
2026-09-18,CVX,176,187,10,1.93,179930599,3.23,-7.0,-12.6,10.1,-19.0,-6.53,4,11.3,8.7,12.2,1.0,1.0,193052267,10.95,,,91bbc2a7e466,live,5806254,0.563776,0.435146,0.405043,9.9367,,LIQUIDITY,0.3914,0.9038,0.563776,curve,0.405043,curve,inert,-0.9038,False,1.0,2026-09-18,current,-0.72323,inert-band,gateio,2,118.5297,8.0,NEUTRAL,35141.83
2026-09-18,IOTA,167,188,10,0.04249888,197526283,2.9,7.2,9.6,7.5,-69.1,-7.39,4,11.5,8.4,12.0,1.0,1.0,211713678,10.95,,,91bbc2a7e466,live,5733382,0.573906,0.420806,0.4,9.6601,,LIQUIDITY,0.3921,0.9163,0.573906,curve,0.397835,floor,inert,-0.9163,False,1.0,2026-09-18,current,7.7482,inert-band,gateio,3,181.9711,8.0,NEUTRAL,326964.3
2026-09-18,JTRSY,114,189,10,1.12,350235306,0.0,-1.4,3.6,-21.2,-16.2,-8.06,4,12.7,8.2,12.0,1.0,1.0,350235306,,,,91bbc2a7e466,live,0.0,0.63609,0.409746,0.4,10.4254,,LIQUIDITY,0.4053,0.9163,0.63609,curve,0.0,zero-volume,inert,-0.9163,False,1.0,2026-09-18,absent,0.01201,no-feed,,,,,,
2026-09-18,MX,188,190,10,1.81,165971675,3.3,0.8,7.1,-10.5,-17.3,-4.07,4,11.1,9.5,12.2,0.9125,1.0,739204133,,,,91bbc2a7e466,live,5482269,0.555008,0.47738,0.406736,9.8335,,LIQUIDITY,0.3879,0.8996,0.555008,curve,0.406736,curve,applied,-0.8996,False,1.0,2026-09-18,absent,0.23286,no-feed,,,,,,
2026-09-18,NEO,197,191,10,2.24,158036930,2.01,2.7,11.2,11.2,-51.0,-3.79,4,11.0,9.6,12.0,0.9759,1.0,224070510,10.95,,,91bbc2a7e466,live,3169967,0.54969,0.482298,0.4,10.349,,LIQUIDITY,0.404,0.9163,0.54969,curve,0.377908,floor,applied,-0.9163,False,1.0,2026-09-18,current,6.59022,inert-band,gateio,3,70.18,8.0,NEUTRAL,85744.49
2026-09-18,NIGHT,111,192,10,0.02320368,385293695,2.49,9.1,10.5,8.8,-77.6,-7.96,4,12.9,8.2,12.0,0.9741,1.0,556802933,10.95,,,91bbc2a7e466,live,9611384,0.646448,0.411292,0.4,10.3597,,LIQUIDITY,0.4041,0.9163,0.646448,curve,0.388768,floor,applied,-0.9163,False,1.0,2026-09-18,current,11.84328,inert-band,gateio,3,3211.9409,8.0,NEUTRAL,105396.91
2026-09-18,OUSG,119,193,10,116.59,326341886,0.0,-1.4,3.6,-21.2,-16.2,-8.06,4,12.6,8.2,12.0,1.0,1.0,326341886,,,,91bbc2a7e466,live,0.0,0.628418,0.409746,0.4,10.2997,,LIQUIDITY,0.4031,0.9163,0.628418,curve,0.0,zero-volume,inert,-0.9163,False,1.0,2026-09-18,absent,0.00876,no-feed,,,,,,
2026-09-18,SOFID,120,194,10,0.999382,325053231,0.89,-1.5,3.5,-21.5,-18.1,-8.57,3,12.6,8.0,12.0,1.0,1.0,325053231,,,,91bbc2a7e466,live,2896122,0.627989,0.401511,0.4,10.0858,,LIQUIDITY,0.3994,0.9163,0.627989,curve,0.353133,floor,inert,-0.9163,False,1.0,2026-09-18,absent,-0.00819,no-feed,,,,,,
2026-09-18,STRCX,198,195,10,106.66,157615923,0.34,-0.5,4.4,-15.8,-11.0,-5.2,4,11.0,9.2,12.0,0.9507,1.0,302575835,,,,91bbc2a7e466,live,538919,0.5494,0.457727,0.4,9.5631,,LIQUIDITY,0.3904,0.9163,0.5494,curve,0.340932,floor,applied,-0.9163,False,1.0,2026-09-18,absent,9.31179,no-feed,,,,,,
2026-09-18,USDAI,126,196,10,0.999368,305681717,0.62,-1.5,3.4,-21.5,-18.2,-8.62,4,12.4,8.0,12.0,1.0,1.0,305681717,,,,91bbc2a7e466,live,1901567,0.621317,0.40079,0.4,9.9607,,LIQUIDITY,0.3973,0.9163,0.621317,curve,0.347157,floor,inert,-0.9163,False,1.0,2026-09-18,absent,0.00362,no-feed,,,,,,
2026-09-18,USX,149,197,10,0.999124,234992621,1.72,-1.5,3.5,-21.5,-18.2,-8.59,4,11.9,8.0,12.0,1.0,1.0,234992621,,,,91bbc2a7e466,live,4038649,0.592764,0.401191,0.4,9.5124,,LIQUIDITY,0.3895,0.9163,0.592764,curve,0.371525,floor,inert,-0.9163,False,1.0,2026-09-18,absent,0.01247,no-feed,,,,,,
2026-09-18,APYUSD,179,198,9,1.37,176722961,0.3,-1.2,3.5,-17.0,-18.1,-7.36,3,11.2,8.4,12.0,1.0,1.0,176701160,,,,91bbc2a7e466,live,529794,0.561823,0.421302,0.4,9.4679,,LIQUIDITY,0.3887,0.9163,0.561823,curve,0.339995,floor,inert,-0.9163,False,1.0,2026-09-18,absent,1.21358,no-feed,,,,,,
2026-09-18,BDX,86,199,9,0.075943,597820751,0.28,-2.7,-0.2,-29.1,-23.2,-12.78,4,13.9,6.8,12.0,0.9867,1.0,754966747,,,,91bbc2a7e466,live,1688171,0.694143,0.338174,0.4,9.2648,,CONFIRM,0.4557,1.0842,0.694143,curve,0.339609,floor,applied,-1.0842,False,1.0,2026-09-18,absent,-0.45767,no-feed,,,,,,
2026-09-18,BORG,189,200,9,0.168239,165058027,0.18,-0.9,-7.8,-2.4,-31.2,-9.06,4,11.1,7.9,12.0,1.0,1.0,165058027,,,,91bbc2a7e466,live,302983,0.554409,0.393703,0.4,8.7309,,CONFIRM,0.3823,0.9322,0.554409,curve,0.337412,floor,inert,-0.9322,False,1.0,2026-09-18,absent,0.05285,no-feed,,,,,,
2026-09-18,CASH,227,201,9,0.999123,126657473,5.22,-1.5,3.4,-21.5,-18.1,-8.6,4,10.5,8.0,13.5,1.0,1.0,126657473,,,,91bbc2a7e466,live,6609734,0.525658,0.40111,0.449302,9.4734,,CONFIRM,0.3876,0.9135,0.525658,curve,0.449302,curve,inert,-0.9135,False,1.0,2026-09-18,absent,-0.00134,no-feed,,,,,,
2026-09-18,EGLD,231,202,9,4.04,124356646,4.88,-15.0,-7.5,24.7,-44.5,-9.1,4,10.5,7.9,13.3,1.0,1.0,124356646,-27.7035,,,91bbc2a7e466,live,6069751,0.523667,0.39307,0.441798,9.0939,,CONFIRM,0.3895,0.9338,0.523667,curve,0.441798,curve,inert,-0.9338,False,1.0,2026-09-18,current,2.85285,cold-no-rsi,gateio,2,65.9108,8.0,SHORT_SQUEEZE_RISK,173486.75
2026-09-18,GNO,127,203,9,115.08,303751255,0.48,-1.1,0.7,-18.8,-27.1,-10.28,4,12.4,7.5,12.0,0.9968,1.0,345225626,,,,91bbc2a7e466,live,1450624,0.62063,0.374805,0.4,9.2748,,CONFIRM,0.4127,0.9813,0.62063,curve,0.343946,floor,applied,-0.9813,False,1.0,2026-09-18,absent,1.23339,no-feed,,,,,,
2026-09-18,PC0000031,163,204,9,1.0,202500000,0.0,-1.5,3.5,-21.5,-18.1,-8.57,4,11.5,8.0,12.0,1.0,1.0,202500000,,,,91bbc2a7e466,live,0.0,0.576606,0.401511,0.4,9.2606,,LIQUIDITY,0.3851,0.9163,0.576606,curve,0.0,zero-volume,inert,-0.9163,False,1.0,2026-09-18,absent,0.0,no-feed,,,,,,
2026-09-18,PC0000033,191,205,9,1.0,162500000,0.0,-1.5,3.5,-21.5,-18.1,-8.57,4,11.1,8.0,12.0,1.0,1.0,162500000,,,,91bbc2a7e466,live,0.0,0.552713,0.401511,0.4,8.8768,,LIQUIDITY,0.3784,0.9163,0.552713,curve,0.0,zero-volume,inert,-0.9163,False,1.0,2026-09-18,absent,0.0,no-feed,,,,,,
2026-09-18,PC0000097,218,206,9,1.0,134000000,0.0,-1.5,3.5,-21.5,-18.1,-8.57,4,10.6,8.0,12.0,1.0,1.0,0.0,,,,91bbc2a7e466,live,0.0,0.531776,0.401511,0.4,8.5406,,LIQUIDITY,0.3724,0.9163,0.531776,curve,0.0,zero-volume,unpublished,-0.9163,False,1.0,2026-09-18,absent,0.0,no-feed,,,,,,
2026-09-18,RLB,226,207,9,0.080699,126797135,0.1,-2.2,1.4,-19.6,-10.8,-7.37,4,10.5,8.4,12.0,1.0,1.0,126797135,0.0,,,91bbc2a7e466,live,132165,0.525777,0.421054,0.4,8.8552,,LIQUIDITY,0.378,0.9163,0.525777,curve,0.33565,floor,inert,-0.9163,False,1.0,2026-09-18,current,1.18795,inert-band,hyperliquid,1,,1.0,NEUTRAL,
2026-09-18,SAFO,187,208,9,1.021,166669677,0.0,-1.4,3.7,-21.2,-18.1,-8.42,3,11.1,8.1,12.0,1.0,1.0,166669677,,,,91bbc2a7e466,live,0.0,0.555464,0.404003,0.4,8.9764,,LIQUIDITY,0.3801,0.9163,0.555464,curve,0.0,zero-volume,inert,-0.9163,False,1.0,2026-09-18,absent,0.01107,no-feed,,,,,,
2026-09-18,TIBBIR,168,209,9,0.196348,196366628,1.58,10.1,-15.5,-38.2,9.6,-8.48,4,11.5,8.1,12.0,1.0,1.0,196366628,,41.1,-3.1259,91bbc2a7e466,live,3108677,0.573267,0.403037,0.4,9.2419,,LIQUIDITY,0.3848,0.9163,0.573267,curve,0.368513,floor,inert,-0.9163,False,1.0,2026-09-18,absent,-1.06567,no-feed,,,,,,
2026-09-18,USAT,174,210,9,0.998918,184119732,0.09,-1.6,3.5,-21.5,-18.1,-8.6,4,11.3,8.0,12.0,1.0,1.0,184119732,,,,91bbc2a7e466,live,162447,0.566275,0.40103,0.4,9.0837,,LIQUIDITY,0.382,0.9163,0.566275,curve,0.335294,floor,inert,-0.9163,False,1.0,2026-09-18,absent,0.01907,no-feed,,,,,,
2026-09-18,USTBL,184,211,9,1.096,168819742,0.0,-1.4,3.6,-21.2,-16.2,-8.06,4,11.1,8.2,12.0,1.0,1.0,168819742,,,,91bbc2a7e466,live,0.0,0.556856,0.409746,0.4,9.1268,,LIQUIDITY,0.3828,0.9163,0.556856,curve,0.0,zero-volume,inert,-0.9163,False,1.0,2026-09-18,absent,0.01259,no-feed,,,,,,
2026-09-18,VSN,195,212,9,0.042515,159815528,1.84,2.3,7.2,-2.3,-43.3,-6.75,4,11.0,8.6,12.0,0.9985,1.0,178564462,,,,91bbc2a7e466,live,2941745,0.550905,0.431453,0.4,9.4933,,LIQUIDITY,0.3892,0.9163,0.550905,curve,0.374238,floor,applied,-0.9163,False,1.0,2026-09-18,absent,2.48779,no-feed,,,,,,
2026-09-18,WLFI,42,213,9,0.057788,1836285963,1.92,4.6,4.7,-25.3,-63.1,-16.39,4,16.3,5.8,12.0,0.923,1.0,5778593896,10.95,,,91bbc2a7e466,live,35284864,0.815985,0.291057,0.4,8.7684,,CONFIRM,0.5071,1.2342,0.815985,curve,0.376034,floor,applied,-1.2342,False,1.0,2026-09-18,current,-2.05708,inert-band,gateio,5,65.2509,4.0,NEUTRAL,1685318.02
2026-09-18,ZBCN,177,214,9,0.00179804,179698572,4.53,-1.7,-2.9,-7.9,-38.5,-10.91,4,11.3,7.3,13.0,1.0,1.0,179698572,10.95,,,91bbc2a7e466,live,8136750,0.563636,0.365205,0.433956,8.9327,,CONFIRM,0.417,1.0073,0.563636,curve,0.433956,curve,inert,-1.0073,False,1.0,2026-09-18,current,3.97281,inert-band,gateio,1,,4.0,NEUTRAL,21422.1
2026-09-18,AVUSD,223,215,8,0.998404,127107660,0.0,-1.5,3.4,-21.6,-17.2,-8.44,4,10.5,8.1,12.0,1.0,1.0,127107605,,,,91bbc2a7e466,live,29.37,0.526043,0.4036,0.4,8.4924,,LIQUIDITY,0.3716,0.9163,0.526043,curve,0.333334,floor,inert,-0.9163,False,1.0,2026-09-18,absent,0.02162,no-feed,,,,,,
2026-09-18,BLORB,235,216,8,0.117589,117581564,2.36,-1.5,3.5,-21.5,-18.1,-8.57,0,10.4,8.0,12.0,1.0,1.0,117581564,,,,91bbc2a7e466,live,2775675,0.517585,0.401511,0.4,8.3126,,LIQUIDITY,0.3684,0.9163,0.517585,curve,0.385792,floor,inert,-0.9163,False,1.0,2026-09-18,absent,2.81124,no-feed,,,,,,
2026-09-18,CFX,141,217,8,0.04708795,246649216,1.66,1.4,3.6,-5.8,-72.3,-14.59,4,12.0,6.3,12.0,1.0,1.0,246658076,10.95,,,91bbc2a7e466,live,4084416,0.59802,0.313625,0.4,7.5022,,CONFIRM,0.4477,1.1596,0.59802,curve,0.370132,floor,inert,-1.1596,False,1.0,2026-09-18,current,3.36232,inert-band,gateio,4,23.959,8.0,NEUTRAL,444657.7
2026-09-18,JASMY,170,218,8,0.0039469,195287078,4.0,-0.3,-4.9,-5.6,-58.9,-14.5,4,11.5,6.3,12.7,1.0,1.0,197479097,10.95,,,91bbc2a7e466,live,7819422,0.572668,0.314866,0.422313,7.6149,,CONFIRM,0.4488,1.1556,0.572668,curve,0.422313,curve,inert,-1.1556,False,1.0,2026-09-18,current,4.68617,inert-band,gateio,2,45.99,8.0,NEUTRAL,152081.55
2026-09-18,JPYSC,225,219,8,0.00633684,126940251,0.0,-3.9,2.6,-20.7,-18.1,-9.31,3,10.5,7.8,12.0,1.0,1.0,126940251,,,,91bbc2a7e466,live,0.0,0.5259,0.389681,0.4,8.1973,,CONFIRM,0.3768,0.9424,0.5259,curve,0.0,zero-volume,inert,-0.9424,False,1.0,2026-09-18,absent,-1.34166,no-feed,,,,,,
2026-09-18,KAG,138,220,8,66.84,248788845,0.12,2.3,3.5,-15.3,-48.0,-11.86,4,12.0,7.0,12.0,1.0,1.0,245264412,,,,91bbc2a7e466,live,307687,0.598958,0.351214,0.4,8.4145,,CONFIRM,0.4227,1.0464,0.598958,curve,0.336082,floor,inert,-1.0464,False,1.0,2026-09-18,absent,3.85543,no-feed,,,,,,
2026-09-18,KAIA,173,221,8,0.02922999,187865529,2.68,2.0,-0.5,10.3,-72.5,-11.45,4,11.4,7.1,12.0,1.0,1.0,187866720,10.95,,,91bbc2a7e466,live,5040412,0.568462,0.357196,0.4,8.1221,,CONFIRM,0.4101,1.0295,0.568462,curve,0.392955,floor,inert,-1.0295,False,1.0,2026-09-18,current,3.53909,inert-band,gateio,2,22.3325,4.0,NEUTRAL,29907.26
2026-09-18,KAU,117,222,8,139.97,334000458,0.06,-1.5,0.8,-21.5,-37.4,-13.11,4,12.6,6.7,12.0,0.9616,1.0,557963152,,,,91bbc2a7e466,live,200844,0.630937,0.333579,0.4,8.0954,,CONFIRM,0.4367,1.0979,0.630937,curve,0.33467,floor,applied,-1.0979,False,1.0,2026-09-18,absent,0.59861,no-feed,,,,,,
2026-09-18,OZO,229,223,8,0.130868,125754944,0.17,-1.4,3.8,-21.1,-18.5,-8.45,4,10.5,8.1,12.0,1.0,1.0,130867504,,,,91bbc2a7e466,live,215279,0.524881,0.40352,0.4,8.472,,LIQUIDITY,0.3712,0.9163,0.524881,curve,0.337138,floor,inert,-0.9163,False,1.0,2026-09-18,absent,0.18025,no-feed,,,,,,
2026-09-18,THBILL,234,224,8,1.017,117810256,0.04,-1.6,3.5,-21.6,-17.8,-8.57,4,10.4,8.0,12.0,1.0,1.0,117810256,,,,91bbc2a7e466,live,49638,0.517796,0.401592,0.4,8.3177,,LIQUIDITY,0.3685,0.9163,0.517796,curve,0.33427,floor,inert,-0.9163,False,1.0,2026-09-18,absent,-0.09352,no-feed,,,,,,
2026-09-18,XDC,91,225,8,0.02756959,550016032,1.44,-2.0,1.8,-19.1,-45.0,-13.93,4,13.7,6.4,12.0,0.9511,1.0,1049634773,10.95,,,91bbc2a7e466,live,7914306,0.685094,0.322413,0.4,8.4033,,CONFIRM,0.4571,1.1319,0.685094,curve,0.365309,floor,applied,-1.1319,False,1.0,2026-09-18,current,1.20147,inert-band,gateio,1,,4.0,NEUTRAL,163599.78
2026-09-18,FLR,88,226,7,0.00639911,555758757,0.58,-0.3,-3.8,-12.2,-79.8,-20.05,4,13.7,5.0,12.0,0.9894,1.0,682001733,10.95,,,91bbc2a7e466,live,3230742,0.686222,0.250681,0.4,6.808,,CONFIRM,0.5149,1.3836,0.686222,curve,0.346252,floor,applied,-1.3836,False,1.0,2026-09-18,current,1.56237,inert-band,gateio,1,,8.0,NEUTRAL,15931.02
2026-09-18,KITE,134,227,7,0.109809,262831337,4.49,-0.4,-14.0,0.1,-72.0,-18.0,4,12.1,5.4,13.0,0.914,1.0,1099162662,11.169,,,91bbc2a7e466,live,11788259,0.604919,0.272447,0.433002,6.5225,,CONFIRM,0.4763,1.3003,0.604919,curve,0.433002,curve,applied,-1.3003,False,1.0,2026-09-18,current,5.02712,inert-band,gateio,1,,4.0,NEUTRAL,314335.82
2026-09-18,NFT,150,228,7,2.3648e-07,234135009,3.25,-0.1,1.4,-36.4,-46.9,-18.16,4,11.8,5.4,12.2,1.0,1.0,234135009,,,,91bbc2a7e466,live,7607085,0.592367,0.270614,0.405534,6.5008,,CONFIRM,0.4782,1.3071,0.592367,curve,0.405534,curve,inert,-1.3071,False,1.0,2026-09-18,absent,-0.80749,no-feed,,,,,,
2026-09-18,2Z,185,229,6,0.04812651,166998285,1.47,3.5,-4.1,-17.6,-51.2,-14.62,4,11.1,6.3,12.0,0.9268,1.0,481240964,10.95,,,91bbc2a7e466,live,2462430,0.555678,0.3133,0.4,6.454,,CONFIRM,0.4235,1.1606,0.555678,curve,0.366101,floor,applied,-1.1606,False,1.0,2026-09-18,current,2.7925,inert-band,gateio,3,260.4268,4.0,NEUTRAL,39543.77
2026-09-18,H,192,230,5,0.080712,160942117,1.56,0.6,5.2,-37.9,-51.5,-18.3,4,11.0,5.4,12.0,0.91,1.0,808030258,10.95,,,91bbc2a7e466,live,2511797,0.551667,0.269126,0.4,5.4042,,CONFIRM,0.4498,1.3126,0.551667,curve,0.368015,floor,applied,-1.3126,False,1.0,2026-09-18,current,-9.18988,inert-band,gateio,1,,4.0,NEUTRAL,1704686.61
2026-09-18,PI,67,231,5,0.082652,929144353,0.91,-14.5,-9.3,-25.4,-77.2,-28.46,4,14.8,3.7,12.0,0.9686,1.0,1429452851,10.95,,,91bbc2a7e466,live,8492631,0.742021,0.183726,0.4,5.2819,,CONFIRM,0.5761,1.6943,0.742021,curve,0.353645,floor,applied,-1.6943,False,1.0,2026-09-18,current,1.16434,inert-band,gateio,1,,4.0,NEUTRAL,1193998.62
2026-09-18,STABLE,83,232,5,0.02420004,639891297,1.59,-18.9,-15.1,-40.5,-44.5,-28.47,4,14.0,3.7,12.0,0.9167,1.0,2421232756,10.95,16.45,-0.5788,91bbc2a7e466,live,10177785,0.701527,0.183696,0.4,4.7253,,CONFIRM,0.5552,1.6945,0.701527,curve,0.368679,floor,applied,-1.6945,False,1.0,2026-09-18,current,2.45126,inert-band,gateio,2,26.1398,4.0,NEUTRAL,98270.81
2026-09-18,TEL,205,233,5,0.00149463,147456399,0.9,-14.5,-11.4,-18.1,-65.1,-24.74,4,10.8,4.2,12.0,1.0,1.0,149442620,,,,91bbc2a7e466,live,1332665,0.542166,0.209225,0.4,4.5374,,CONFIRM,0.5058,1.5643,0.542166,curve,0.353417,floor,inert,-1.5643,False,1.0,2026-09-18,absent,3.95695,no-feed,,,,,,
2026-09-18,HASH,108,234,4,0.00709763,411900196,0.0,-16.9,-5.3,-36.1,-75.5,-30.52,4,13.1,3.4,12.0,0.9633,1.0,674122131,,,,91bbc2a7e466,live,1583.42,0.653698,0.172049,0.4,4.3336,,CONFIRM,0.5607,1.76,0.653698,curve,0.333342,floor,applied,-1.76,False,1.0,2026-09-18,absent,-1.23557,no-feed,,,,,,
2026-09-18,ULTIMA,196,235,4,1880.33,159235547,4.25,-8.6,-8.9,-39.0,-78.5,-30.26,4,11.0,3.5,12.8,0.9932,1.0,187981710,,,,91bbc2a7e466,live,6761553,0.55051,0.173467,0.427695,4.0565,,CONFIRM,0.5466,1.7518,0.55051,curve,0.427695,curve,applied,-1.7518,False,1.0,2026-09-18,absent,-1.11831,no-feed,,,,,,
2026-09-19,ZEC,7,1,100,1540.72,26100116619,5.96,28.7,50.5,163.1,601.8,182.37,4,20.0,20.0,30.0,1.0,1.0,26100793090,-8.6505,83.3,2.0173,91bbc2a7e466,live,1556264853,1.0,1.0,1.0,100.0,,CONFIRM,1.0,0.0,1.104161,cap,0.465837,bypass,inert,-0.0,False,1.0,2026-09-19,current,4.55694,inert-band,gateio,5,41.0625,8.0,MILD_INVERSION,30358093.06
2026-09-19,NEAR,20,2,92,3.66,4786581393,28.34,49.5,62.1,95.9,150.0,84.35,4,18.4,20.0,30.0,1.0,1.0,4786581492,10.95,89.92,1.278,91bbc2a7e466,live,1356659177,0.920006,0.998945,1.0,91.9036,,DEPTH,0.9875,0.0834,0.920006,curve,0.963177,bypass,inert,-0.0834,False,1.0,2026-09-19,current,4.76707,inert-band,gateio,6,76.5559,8.0,NEUTRAL,11489001.57
2026-09-19,UNI,18,3,91,9.04,5614526565,28.3,37.3,39.8,131.8,105.0,75.09,4,18.7,20.0,30.0,0.9751,1.0,8030781181,10.95,84.26,0.1918,91bbc2a7e466,live,1589075592,0.937328,0.997791,1.0,91.1969,,DEPTH,0.7024,0.0647,0.937328,curve,0.962287,bypass,applied,-0.0647,False,1.0,2026-09-19,current,0.99897,inert-band,gateio,6,79.3875,8.0,NEUTRAL,11501526.5
2026-09-19,HYPE,9,4,88,91.94,20450999186,7.44,10.2,5.9,12.1,167.4,41.04,4,20.0,19.3,30.0,0.9133,1.0,87828099479,5.256,74.78,1.1272,91bbc2a7e466,live,1520800718,1.0,0.967463,1.0,88.3584,,SUPPLY,0.7327,0.0907,1.077679,cap,0.498585,bypass,applied,-0.0907,False,1.0,2026-09-19,current,1.5046,inert-band,gateio,5,42.3343,4.0,NEUTRAL,22209206.11
2026-09-19,WBT,13,5,78,83.04,9872630916,1.36,-1.6,11.5,23.7,51.9,18.7,4,20.0,16.7,30.0,0.9345,1.0,24369135734,,73.68,0.8674,91bbc2a7e466,live,134411637,0.998608,0.835279,1.0,77.9482,,CONFIRM,0.7225,0.18,0.998608,curve,0.363588,bypass,applied,-0.18,False,1.0,2026-09-19,absent,3.06169,no-feed,,,,,,
2026-09-19,XMR,11,6,73,585.73,11015676808,1.99,4.0,9.3,26.5,52.9,20.73,4,20.0,17.1,30.0,1.0,0.857,11015680674,255.2445,75.57,0.6253,91bbc2a7e466,live,218780120,1.0,0.856021,1.0,73.3267,,CONFIRM,0.5011,0.1555,1.010503,cap,0.377468,bypass,inert,-0.1555,False,0.857,2026-09-19,current,9.11787,hot-confirmed,gateio,4,255.2445,8.0,OVERHEATED_LONG,886175.35
2026-09-19,SOL,5,7,70,111.64,65566388214,8.3,4.5,6.9,14.7,10.5,8.85,4,20.0,14.1,30.0,1.0,1.0,70813661273,10.95,73.02,1.2548,91bbc2a7e466,live,5444761089,1.0,0.702963,1.0,70.2963,,CONFIRM,1.0,0.3525,1.20417,cap,0.517871,bypass,inert,-0.3525,True,1.0,2026-09-19,current,5.16836,inert-band,gateio,6,11.3154,8.0,NEUTRAL,417641181.58
2026-09-19,AVAX,23,8,67,9.18,4065463648,16.48,17.9,20.0,20.2,-20.6,11.3,4,18.0,14.8,30.0,1.0,1.0,4310271866,10.95,86.27,,91bbc2a7e466,live,670029751,0.902278,0.740594,1.0,66.8221,,CONFIRM,0.7449,0.3003,0.902278,curve,0.699578,bypass,inert,-0.3003,True,1.0,2026-09-19,current,14.78577,inert-band,gateio,6,35.916,8.0,NEUTRAL,4545657.34
2026-09-19,ENA,42,9,66,0.190408,1922230611,33.64,29.5,14.6,84.4,53.4,44.28,4,16.4,19.5,25.5,0.9716,1.0,2856123489,10.95,81.7,2.9125,91bbc2a7e466,live,646628329,0.820951,0.974683,0.848526,65.9681,,DEPTH,0.4743,0.1973,0.820951,curve,0.848526,curve,applied,-0.1973,False,1.0,2026-09-19,current,15.71076,inert-band,gateio,5,71.4326,4.0,NEUTRAL,4948061.17
2026-09-19,ARB,51,10,65,0.212422,1441407530,33.46,43.7,54.5,125.3,94.0,76.86,4,15.8,20.0,25.4,0.9724,1.0,2124223244,10.95,80.74,2.0175,91bbc2a7e466,live,482321537,0.789697,0.998082,0.846158,64.8519,,DEPTH,0.5452,0.2361,0.789697,curve,0.846158,curve,applied,-0.2361,False,1.0,2026-09-19,current,2.34233,inert-band,gateio,6,38.4602,8.0,NEUTRAL,2969917.91
2026-09-19,INJ,80,11,64,7.48,747862347,37.4,19.9,50.0,43.6,127.2,54.81,4,14.4,19.8,27.0,1.0,1.0,747862347,10.95,77.66,-0.6914,91bbc2a7e466,live,279702635,0.718455,0.988919,0.89867,63.85,,DEPTH,0.737,0.3307,0.718455,curve,0.89867,curve,inert,-0.3307,True,1.0,2026-09-19,current,7.92891,inert-band,gateio,6,69.2621,8.0,NEUTRAL,1500619.12
2026-09-19,ETH,2,12,63,2637.47,321934370325,6.68,-0.8,5.2,2.6,13.3,4.37,4,20.0,12.6,30.0,1.0,1.0,321934370325,10.4025,71.89,0.8736,91bbc2a7e466,live,21507037411,1.0,0.627869,1.0,62.7869,,CONFIRM,1.0,0.4654,1.376942,cap,0.48179,bypass,inert,-0.4654,True,1.0,2026-09-19,current,4.95502,inert-band,gateio,6,51.485,8.0,NEUTRAL,1642241004.43
2026-09-19,LINK,14,13,63,12.51,9355938134,5.71,3.4,4.0,5.1,12.2,5.73,4,19.9,13.0,30.0,0.9813,1.0,12506267216,10.95,67.58,1.196,91bbc2a7e466,live,534498677,0.992772,0.651457,1.0,63.4654,,CONFIRM,0.9425,0.4285,0.992772,curve,0.460287,bypass,applied,-0.4285,True,1.0,2026-09-19,current,5.37719,inert-band,gateio,6,30.1566,8.0,NEUTRAL,64518076.66
2026-09-19,DRV,115,14,61,0.378105,377988112,47.23,149.2,90.6,274.7,789.5,293.99,4,12.9,20.0,29.1,0.9708,1.0,567157846,,93.1,-1.1786,91bbc2a7e466,live,178529716,0.64437,1.0,0.970246,60.6941,,DEPTH,0.8802,0.4395,0.64437,curve,0.970246,curve,applied,-0.4395,True,1.0,2026-09-19,absent,59.65342,no-feed,,,,,,
2026-09-19,BNB,3,15,58,765.02,101870677363,1.25,-1.0,0.3,5.9,0.9,1.43,4,20.0,11.5,30.0,1.0,1.0,101870670768,2.5185,70.74,0.7882,91bbc2a7e466,live,1273588368,1.0,0.575712,1.0,57.5712,,CONFIRM,1.0,0.5521,1.252012,cap,0.361116,bypass,inert,-0.5521,True,1.0,2026-09-19,current,1.66951,inert-band,gateio,6,74.414,8.0,NEUTRAL,16807094.43
2026-09-19,DASH,79,16,58,60.26,773388394,24.67,2.1,-12.0,73.5,60.6,28.12,4,14.4,18.3,26.4,1.0,1.0,773389851,-0.438,64.0,2.2441,91bbc2a7e466,live,190790793,0.722099,0.914185,0.881544,58.1936,,DEPTH,0.6014,0.3256,0.722099,curve,0.881544,curve,inert,-0.3256,False,1.0,2026-09-19,current,3.11988,inert-band,gateio,4,73.2296,8.0,MILD_INVERSION,800713.45
2026-09-19,BTC,1,17,55,81192,1630866761999,2.43,0.0,0.0,0.0,0.0,0.0,4,20.0,11.0,30.0,1.0,1.0,1630866761999,10.95,71.3,1.0,91bbc2a7e466,live,39703987708,1.0,0.55,1.0,55.0,,CONFIRM,1.0,0.5978,1.553105,cap,0.387434,bypass,inert,-0.5978,True,1.0,2026-09-19,current,3.78769,inert-band,gateio,6,19.272,8.0,NEUTRAL,2662783808.84
2026-09-19,XLM,17,18,54,0.192811,6722788035,3.71,1.5,3.2,-4.3,6.6,1.49,4,19.1,11.5,30.0,0.9748,1.0,9640887115,10.95,59.96,1.5778,91bbc2a7e466,live,249652892,0.956887,0.576878,1.0,53.8097,,CONFIRM,0.8877,0.5501,0.956887,curve,0.415856,bypass,applied,-0.5501,True,1.0,2026-09-19,current,3.29596,inert-band,gateio,5,24.09,8.0,NEUTRAL,1570859.41
2026-09-19,LTC,21,19,51,57.04,4427593759,9.22,0.3,5.5,7.7,-14.7,0.45,4,18.2,11.2,30.0,1.0,1.0,4427740991,10.95,75.52,0.6818,91bbc2a7e466,live,408139026,0.911542,0.558099,1.0,50.8731,,CONFIRM,0.863,0.5832,0.911542,curve,0.53818,bypass,inert,-0.5832,True,1.0,2026-09-19,current,2.84629,inert-band,gateio,6,145.0875,8.0,NEUTRAL,5785017.99
2026-09-19,PENDLE,101,20,51,2.75,476912728,20.79,23.1,40.7,77.7,96.1,55.75,4,13.4,19.8,23.9,0.964,1.0,773509492,10.95,83.88,0.8393,91bbc2a7e466,live,99148316,0.66961,0.989713,0.795325,50.8104,,DEPTH,0.5923,0.4011,0.66961,curve,0.795325,curve,applied,-0.4011,False,1.0,2026-09-19,current,9.06934,inert-band,gateio,5,178.0317,8.0,NEUTRAL,444898.45
2026-09-19,AKE,54,21,50,0.061337,1398261829,16.07,313.8,222.8,586.1,26019.9,5500.35,4,15.7,20.0,20.7,0.9128,1.0,6133736157,10.95,85.43,-0.5489,91bbc2a7e466,live,224664521,0.786397,1.0,0.690387,49.5576,,LIQUIDITY,0.5278,0.3705,0.786397,curve,0.690387,curve,applied,-0.3705,False,1.0,2026-09-19,current,145.56581,inert-band,gateio,1,,4.0,NEUTRAL,5877703.0
2026-09-19,RAY,99,22,50,1.83,494603462,20.1,10.0,116.9,151.2,58.6,81.75,4,13.5,20.0,23.4,0.9458,1.0,1017669661,10.95,79.13,2.7672,91bbc2a7e466,live,99402293,0.673564,0.998701,0.779942,49.6222,,DEPTH,0.5639,0.3952,0.673564,curve,0.779942,curve,applied,-0.3952,False,1.0,2026-09-19,current,7.69291,inert-band,gateio,2,122.113,4.0,NEUTRAL,290006.16
2026-09-19,XRP,4,23,50,1.42,89205242258,4.79,-1.5,-1.3,10.3,-17.2,-1.64,4,20.0,10.4,30.0,0.9657,1.0,141847228595,10.95,60.42,1.9948,91bbc2a7e466,live,4273602346,1.0,0.520522,1.0,50.2668,,CONFIRM,0.9493,0.6529,1.237598,cap,0.439794,bypass,applied,-0.6529,True,1.0,2026-09-19,current,6.62273,inert-band,gateio,6,306.5277,8.0,NEUTRAL,158320206.13
2026-09-19,XTZ,116,24,48,0.335388,367777463,24.23,26.6,42.6,41.3,-35.4,21.88,4,12.8,17.3,26.2,1.0,1.0,374478418,-221.628,,,91bbc2a7e466,live,89120483,0.641396,0.866758,0.871826,48.4679,,DEPTH,0.6132,0.4441,0.641396,curve,0.871826,curve,inert,-0.4441,False,1.0,2026-09-19,current,25.02519,cold-no-rsi,gateio,2,97.9566,8.0,SHORT_SQUEEZE_RISK,253436.75
2026-09-19,FIL,76,25,47,0.979142,810547151,25.9,15.7,25.2,29.6,-29.7,12.47,4,14.5,15.2,27.3,0.937,1.0,1916221926,10.95,,,91bbc2a7e466,live,209966860,0.727195,0.757528,0.908985,46.9187,,DEPTH,0.421,0.3186,0.727195,curve,0.908985,curve,applied,-0.3186,False,1.0,2026-09-19,current,12.56283,inert-band,gateio,6,83.6599,8.0,NEUTRAL,2832813.54
2026-09-19,PONS,107,26,47,0.64843,444891763,17.85,-5.2,-27.8,1502.4,-22.1,362.67,3,13.2,20.0,21.9,1.0,0.969,444873904,34.602,55.69,5.8666,91bbc2a7e466,live,79411241,0.662064,1.0,0.72999,46.8221,,DEPTH,0.5435,0.4124,0.662064,curve,0.72999,curve,inert,-0.4124,False,0.969,2026-09-19,current,-7.62877,hot-confirmed,gateio,2,23.652,4.0,ELEVATED,2656772.58
2026-09-19,USELESS,143,27,47,0.263664,263648394,19.96,8.3,5.3,428.9,235.9,158.22,4,12.1,20.0,23.3,1.0,1.0,263648394,10.95,64.73,-3.4523,91bbc2a7e466,live,52630013,0.605256,0.999997,0.776938,47.0245,,DEPTH,0.6655,0.5021,0.605256,curve,0.776938,curve,inert,-0.5021,False,1.0,2026-09-19,current,4.88267,inert-band,gateio,2,13.1057,4.0,NEUTRAL,2671665.22
2026-09-19,DOGE,10,28,46,0.087672,13674908017,7.73,-1.8,-0.2,1.2,-24.7,-5.23,4,20.0,9.1,30.0,1.0,1.0,13674943086,7.446,62.19,1.457,91bbc2a7e466,live,1057242393,1.0,0.45721,1.0,45.721,,CONFIRM,1.0,0.7826,1.033981,cap,0.505139,bypass,inert,-0.7826,True,1.0,2026-09-19,current,2.27541,inert-band,gateio,6,59.2732,8.0,NEUTRAL,109163577.79
2026-09-19,TRX,6,29,46,0.337591,32056254719,1.4,-5.7,-0.5,-12.4,-2.0,-5.33,4,20.0,9.1,30.0,1.0,1.0,32056434158,7.3365,52.68,0.1945,91bbc2a7e466,live,448104257,1.0,0.455402,1.0,45.5402,,CONFIRM,1.0,0.7866,1.126478,cap,0.364397,bypass,inert,-0.7866,True,1.0,2026-09-19,current,0.10335,inert-band,gateio,5,10.1524,8.0,NEUTRAL,4885327.64
2026-09-19,AAVE,36,30,45,143.65,2216162043,16.78,8.4,7.9,34.3,-1.4,12.79,4,16.7,15.2,21.2,1.0,1.0,2298322225,3.504,72.49,1.138,91bbc2a7e466,live,371947874,0.8364,0.762036,0.706298,45.0171,,LIQUIDITY,0.4357,0.3477,0.8364,curve,0.706298,curve,inert,-0.3477,False,1.0,2026-09-19,current,6.19832,inert-band,gateio,6,64.7443,8.0,NEUTRAL,3797524.58
2026-09-19,ADA,15,31,45,0.224784,8434535402,7.71,2.7,3.2,5.6,-40.6,-5.11,4,19.6,9.2,30.0,0.9916,1.0,10115259140,10.95,66.48,1.8612,91bbc2a7e466,live,650654727,0.981515,0.45928,1.0,44.7004,,CONFIRM,0.9664,0.7781,0.981515,curve,0.504759,bypass,applied,-0.7781,True,1.0,2026-09-19,current,4.55448,inert-band,gateio,6,19.8642,8.0,NEUTRAL,41404173.98
2026-09-19,ZAMA,168,32,44,0.081646,206738675,57.88,69.0,59.1,68.3,316.9,115.93,4,11.6,20.0,24.8,0.9124,1.0,922958800,10.95,77.93,,91bbc2a7e466,live,119667094,0.578855,0.999916,0.828223,43.7387,,DEPTH,0.6611,0.5467,0.578855,curve,0.828223,curve,applied,-0.5467,False,1.0,2026-09-19,current,46.26299,inert-band,gateio,1,,4.0,NEUTRAL,391308.39
2026-09-19,APT,87,33,43,0.733539,638528992,45.5,13.7,20.1,17.5,-45.7,4.37,4,14.0,12.6,29.8,0.9778,1.0,886788198,10.95,,,91bbc2a7e466,live,290525633,0.701295,0.627869,0.993344,42.768,,CONFIRM,0.548,0.4654,0.701295,curve,0.993344,curve,applied,-0.4654,False,1.0,2026-09-19,current,8.4836,inert-band,gateio,6,59.2164,8.0,NEUTRAL,1440242.69
2026-09-19,RAIN,12,34,43,0.01392843,9878523518,0.33,-13.0,-17.4,-13.3,28.3,-5.91,4,20.0,8.9,30.0,0.9646,1.0,15911962351,,42.04,-0.057,91bbc2a7e466,live,32923848,0.998673,0.445473,1.0,42.9133,,CONFIRM,0.9558,0.8086,0.998673,curve,0.34074,bypass,applied,-0.8086,True,1.0,2026-09-19,absent,7.87301,no-feed,,,,,,
2026-09-19,SUI,26,35,41,0.854998,3502532040,23.92,12.5,6.8,5.2,-27.9,1.17,4,17.7,11.4,25.9,0.9351,1.0,8549982376,10.95,,,91bbc2a7e466,live,837896165,0.886096,0.571045,0.864946,40.9259,,CONFIRM,0.6271,0.5603,0.886096,curve,0.864946,curve,applied,-0.5603,False,1.0,2026-09-19,current,7.70901,inert-band,gateio,6,62.196,8.0,NEUTRAL,60868722.29
2026-09-19,AR,135,36,40,4.41,289823722,61.54,65.0,54.0,119.3,64.5,75.73,4,12.3,20.0,19.7,1.0,1.0,289823722,10.95,,,91bbc2a7e466,live,178347097,0.615533,0.9979,0.656424,40.3202,,DEPTH,0.5342,0.4853,0.615533,curve,0.656424,curve,inert,-0.4853,False,1.0,2026-09-19,current,42.31014,inert-band,gateio,3,82.5723,8.0,NEUTRAL,1547793.86
2026-09-19,PEPE,48,37,39,3.8e-06,1600109201,19.94,7.5,5.3,9.8,-10.7,3.89,4,16.0,12.4,23.3,1.0,1.0,1600109201,10.95,62.39,2.307,91bbc2a7e466,live,319094027,0.801037,0.619372,0.776489,38.5248,,CONFIRM,0.5022,0.479,0.801037,curve,0.776489,curve,inert,-0.479,False,1.0,2026-09-19,current,2.11781,inert-band,gateio,3,10.95,8.0,NEUTRAL,50179844.5
2026-09-19,AERO,86,38,38,0.674217,669283341,12.51,12.4,28.5,30.9,50.8,28.73,4,14.1,18.4,18.3,0.9478,1.0,1337135395,10.95,75.89,,91bbc2a7e466,live,83731232,0.706403,0.91787,0.611346,37.5697,,LIQUIDITY,0.5027,0.4921,0.706403,curve,0.611346,curve,applied,-0.4921,False,1.0,2026-09-19,current,8.4695,inert-band,gateio,3,130.8494,4.0,NEUTRAL,783518.09
2026-09-19,FIGR_HELOC,8,39,38,1.03,23395854250,0.23,-3.7,-2.9,-14.5,-22.1,-9.88,4,20.0,7.6,30.0,1.0,1.0,23395854250,,52.81,-0.2643,91bbc2a7e466,live,52703025,1.0,0.380875,1.0,38.0875,,CONFIRM,1.0,0.9653,1.092285,cap,0.338339,bypass,inert,-0.9653,True,1.0,2026-09-19,absent,0.22507,no-feed,,,,,,
2026-09-19,JUP,71,40,37,0.276883,919077016,12.32,6.8,24.2,33.6,26.0,21.69,4,14.8,17.3,18.2,0.9455,1.0,1899829317,10.95,60.62,1.4045,91bbc2a7e466,live,113244652,0.740838,0.865069,0.607146,36.7899,,LIQUIDITY,0.499,0.499,0.740838,curve,0.607146,curve,applied,-0.499,False,1.0,2026-09-19,current,8.00687,inert-band,gateio,5,78.5678,4.0,NEUTRAL,326150.3
2026-09-19,LIT,61,41,37,5.24,1310692270,8.41,13.8,11.4,71.6,280.0,80.89,4,15.6,20.0,15.6,0.9151,1.0,5242769081,10.95,72.23,1.0511,91bbc2a7e466,live,110187381,0.779375,0.99861,0.520151,37.0459,,LIQUIDITY,0.6582,0.6536,0.779375,curve,0.520151,curve,applied,-0.6536,False,1.0,2026-09-19,current,3.83749,inert-band,gateio,4,117.4638,4.0,NEUTRAL,1777597.21
2026-09-19,STONK,169,42,37,0.24539,205003318,15.53,-8.4,634.2,4806.9,-22.1,1353.33,3,11.6,20.0,20.4,1.0,0.948,205030387,55.407,63.14,0.2734,91bbc2a7e466,live,31826948,0.57794,1.0,0.678335,37.1691,,DEPTH,0.554,0.5483,0.57794,curve,0.678335,curve,inert,-0.5483,False,0.948,2026-09-19,current,-7.08752,hot-confirmed,gateio,1,,4.0,OVERHEATED_LONG,302786.54
2026-09-19,VVV,59,43,37,27.86,1338527239,7.29,15.2,52.5,83.2,287.0,95.89,4,15.6,20.0,14.9,0.9608,1.0,2256461949,10.95,77.74,0.5717,91bbc2a7e466,live,97512991,0.781657,0.999581,0.495224,37.1765,,LIQUIDITY,0.7102,0.7027,0.781657,curve,0.495224,curve,applied,-0.7027,True,1.0,2026-09-19,current,3.76011,inert-band,gateio,3,20.586,4.0,NEUTRAL,4925493.02
2026-09-19,CAKE,73,44,36,2.42,844314355,11.08,3.4,11.5,35.8,38.3,20.5,4,14.6,17.1,17.4,1.0,1.0,872555848,10.95,63.98,1.5336,91bbc2a7e466,live,93545070,0.731626,0.85383,0.579542,36.2031,,LIQUIDITY,0.5369,0.5455,0.731626,curve,0.579542,curve,inert,-0.5455,False,1.0,2026-09-19,current,-3.58715,inert-band,gateio,3,31.4083,4.0,NEUTRAL,281553.88
2026-09-19,OP,137,45,36,0.1241,285383390,49.54,22.3,20.9,23.9,-61.0,5.69,4,12.3,13.0,28.2,0.9527,1.0,533005313,10.95,,,91bbc2a7e466,live,141385926,0.613857,0.650687,0.939434,35.7489,,DEPTH,0.4744,0.488,0.613857,curve,0.939434,curve,applied,-0.488,False,1.0,2026-09-19,current,13.21518,inert-band,gateio,6,60.5652,8.0,NEUTRAL,904163.77
2026-09-19,PUMP,41,46,36,0.0041381,1935246063,8.2,10.2,-3.3,11.8,95.8,24.35,4,16.4,17.8,15.5,0.9564,1.0,3447784744,8.541,58.9,1.4165,91bbc2a7e466,live,158725971,0.821684,0.887666,0.515597,35.967,,LIQUIDITY,0.6478,0.6624,0.821684,curve,0.515597,curve,applied,-0.6624,False,1.0,2026-09-19,current,-3.16634,inert-band,gateio,4,10.95,4.0,NEUTRAL,1996797.42
2026-09-19,TAO,28,47,36,267.78,3036565407,10.38,8.4,11.3,14.8,25.1,14.07,4,17.4,15.6,16.9,0.9534,1.0,5623444857,10.95,65.66,-0.4237,91bbc2a7e466,live,315087250,0.870596,0.779457,0.563921,36.4839,,LIQUIDITY,0.5681,0.5728,0.870596,curve,0.563921,curve,applied,-0.5728,False,1.0,2026-09-19,current,7.41936,inert-band,gateio,5,83.5043,4.0,NEUTRAL,4337019.95
2026-09-19,ZEN,214,48,36,7.89,144677657,32.43,16.3,7.0,73.0,21.4,29.17,4,10.8,18.4,25.0,0.9961,0.864,165750234,89.1319,73.85,-1.5787,91bbc2a7e466,live,46918563,0.5401,0.92046,0.832396,35.6103,,DEPTH,0.5966,0.616,0.5401,curve,0.832396,curve,applied,-0.616,False,0.864,2026-09-19,current,11.83718,hot-confirmed,kraken,3,89.1319,1.0,OVERHEATED_LONG,193072.58
2026-09-19,ETHFI,83,49,35,0.738829,713228139,12.36,-3.2,30.0,17.2,26.8,16.2,4,14.3,16.1,18.2,1.0,1.0,713228139,10.95,69.23,0.0563,91bbc2a7e466,live,88135909,0.713307,0.806645,0.607941,34.98,,LIQUIDITY,0.4738,0.4977,0.713307,curve,0.607941,curve,inert,-0.4977,False,1.0,2026-09-19,current,7.10526,inert-band,gateio,4,43.938,4.0,NEUTRAL,983668.74
2026-09-19,META,224,50,35,5.83,132152585,36.61,17.6,1.9,9.3,19.2,11.92,4,10.6,15.0,26.6,1.0,1.0,132152585,0.0,,,91bbc2a7e466,live,48379810,0.530269,0.749655,0.888121,35.3045,,DEPTH,0.6093,0.6344,0.530269,curve,0.888121,curve,inert,-0.6344,False,1.0,2026-09-19,current,17.56244,inert-band,gateio,2,0.0,8.0,NEUTRAL,233778.4
2026-09-19,ONDO,39,51,35,0.406076,1977316261,11.25,10.3,8.0,3.1,39.8,13.82,4,16.5,15.5,17.5,0.9459,1.0,4060755788,10.95,57.81,,91bbc2a7e466,live,222506681,0.824019,0.776244,0.583399,35.2977,,LIQUIDITY,0.5175,0.5389,0.824019,curve,0.583399,curve,applied,-0.5389,False,1.0,2026-09-19,current,3.9881,inert-band,gateio,5,57.378,4.0,NEUTRAL,4262811.23
2026-09-19,PIEVERSE,106,52,35,1.62,445489797,10.92,24.5,55.1,60.6,197.9,75.86,4,13.2,20.0,17.3,0.9179,1.0,1621436931,10.95,97.97,,91bbc2a7e466,live,48652961,0.662209,0.997921,0.576027,34.9406,,LIQUIDITY,0.5246,0.5516,0.662209,curve,0.576027,curve,applied,-0.5516,False,1.0,2026-09-19,current,33.64765,inert-band,gateio,1,,8.0,NEUTRAL,3194998.28
2026-09-19,CC,22,53,34,0.110531,4380847928,0.27,6.5,-0.2,-6.4,-52.1,-10.12,4,18.2,7.5,30.0,1.0,1.0,4380847928,10.95,48.65,-1.1409,91bbc2a7e466,live,11757895,0.91039,0.377178,1.0,34.3379,,CONFIRM,0.9122,0.975,0.91039,curve,0.339298,bypass,inert,-0.975,True,1.0,2026-09-19,current,2.08891,inert-band,gateio,2,43.1639,4.0,NEUTRAL,171180.77
2026-09-19,FET,110,54,34,0.18089,418126063,24.55,1.2,7.3,22.3,-26.7,2.42,4,13.1,11.9,26.4,0.9937,1.0,491005075,10.95,,,91bbc2a7e466,live,102646771,0.655327,0.593424,0.878872,33.9629,,CONFIRM,0.4832,0.5218,0.655327,curve,0.878872,curve,applied,-0.5218,False,1.0,2026-09-19,current,-2.30936,inert-band,gateio,4,69.0609,8.0,NEUTRAL,1087808.33
2026-09-19,WIF,166,55,34,0.20997,209744957,45.6,3.5,-3.6,24.6,-19.6,2.38,4,11.6,11.9,29.8,1.0,1.0,209744957,10.95,57.68,0.3037,91bbc2a7e466,live,95640806,0.580423,0.592711,0.992018,34.1277,,DEPTH,0.506,0.544,0.580423,curve,0.992018,curve,inert,-0.544,False,1.0,2026-09-19,current,8.51958,inert-band,gateio,6,70.956,4.0,NEUTRAL,534298.96
2026-09-19,A,211,56,33,0.089823,149819806,23.21,9.5,12.6,21.1,-4.2,10.43,4,10.9,14.6,25.5,0.987,1.0,188627831,10.95,,,91bbc2a7e466,live,34770166,0.543892,0.727632,0.849066,33.1653,,DEPTH,0.5518,0.609,0.543892,curve,0.849066,curve,applied,-0.609,False,1.0,2026-09-19,current,5.53876,inert-band,gateio,1,,4.0,NEUTRAL,76414.27
2026-09-19,LEO,16,57,33,8.89,8176544938,0.0,-7.5,-6.2,-17.3,-23.9,-12.91,4,19.6,6.7,30.0,1.0,1.0,8757717361,,28.64,0.0031,91bbc2a7e466,live,51819,0.978142,0.336357,1.0,32.9005,,CONFIRM,0.9801,1.0896,0.978142,curve,0.333347,bypass,inert,-1.0896,True,1.0,2026-09-19,absent,-0.2942,no-feed,,,,,,
2026-09-19,MINA,209,58,33,0.117407,151880752,12.26,3.2,49.8,145.4,14.2,52.6,4,10.9,19.7,18.2,1.0,1.0,151880752,-6.351,70.55,,91bbc2a7e466,live,18620237,0.545376,0.986808,0.605773,32.6015,,DEPTH,0.5409,0.6063,0.545376,curve,0.605773,curve,inert,-0.6063,False,1.0,2026-09-19,current,23.34526,inert-band,gateio,3,326.6559,8.0,MILD_INVERSION,193632.03
2026-09-19,BCH,19,59,32,249.72,5017175714,5.89,2.6,-3.0,2.3,-65.3,-12.46,4,18.5,6.9,30.0,1.0,1.0,5017180396,4.161,49.89,-0.4149,91bbc2a7e466,live,295373726,0.925115,0.342685,1.0,31.7023,,CONFIRM,0.9322,1.0709,0.925115,curve,0.464161,bypass,inert,-1.0709,True,1.0,2026-09-19,current,0.31881,inert-band,gateio,5,36.6464,8.0,NEUTRAL,4201033.2
2026-09-19,BR,139,60,32,0.939739,278789275,10.92,275.8,204.5,275.9,1605.7,523.98,4,12.2,20.0,17.3,0.9205,1.0,939739131,10.95,,,91bbc2a7e466,live,30451705,0.611319,1.0,0.576063,32.4162,,LIQUIDITY,0.4896,0.5515,0.611319,curve,0.576063,curve,applied,-0.5515,False,1.0,2026-09-19,current,40.37406,inert-band,gateio,1,,4.0,NEUTRAL,3583787.67
2026-09-19,PENGU,98,61,32,0.00792189,497972997,39.76,3.3,-9.9,4.5,-5.6,-1.48,4,13.5,10.5,27.9,0.99,1.0,607789591,10.95,36.1,1.2758,91bbc2a7e466,live,198008988,0.674301,0.523391,0.930173,32.4997,,CONFIRM,0.576,0.6474,0.674301,curve,0.930173,curve,applied,-0.6474,False,1.0,2026-09-19,current,2.97769,inert-band,gateio,4,10.95,4.0,NEUTRAL,1456062.1
2026-09-19,CARDS,182,62,31,0.19019,180155107,10.86,24.1,29.0,-8.2,448.7,102.17,4,11.3,20.0,17.2,0.9448,1.0,376046861,,57.3,7.9984,91bbc2a7e466,live,19564709,0.563912,0.999746,0.574665,30.6094,,DEPTH,0.4839,0.5729,0.563912,curve,0.574665,curve,applied,-0.5729,False,1.0,2026-09-19,absent,21.8835,no-feed,,,,,,
2026-09-19,AI,133,63,30,0.302961,300323748,7.11,-18.2,24.1,3670.4,-22.1,913.75,3,12.4,20.0,14.7,1.0,1.0,300323803,0.0,52.17,0.299,91bbc2a7e466,live,21353164,0.619397,1.0,0.491334,30.4331,,LIQUIDITY,0.5973,0.7106,0.619397,curve,0.491334,curve,inert,-0.7106,False,1.0,2026-09-19,current,-16.94802,inert-band,hyperliquid,1,,1.0,NEUTRAL,
2026-09-19,BCAP,66,64,30,106.54,970804306,0.0,-5.1,-1.8,-12.7,346.2,64.08,4,14.9,19.9,12.0,1.0,1.0,970804306,,94.71,-0.0123,91bbc2a7e466,live,0.0,0.746783,0.99469,0.4,29.7127,,LIQUIDITY,0.755,0.9163,0.746783,curve,0.0,zero-volume,inert,-0.9163,True,1.0,2026-09-19,absent,0.0,no-feed,,,,,,
2026-09-19,STRK,124,65,30,0.04448102,326962440,81.87,46.6,50.0,67.2,-50.8,33.12,4,12.6,18.8,15.6,0.9797,1.0,444810209,10.95,,,91bbc2a7e466,live,267697864,0.628624,0.940588,0.520839,30.1708,,LIQUIDITY,0.5444,0.6523,0.628624,curve,0.520839,curve,applied,-0.6523,False,1.0,2026-09-19,current,30.17546,inert-band,gateio,5,127.0991,4.0,NEUTRAL,401397.52
2026-09-19,STX,91,66,30,0.299339,559075740,6.76,5.9,12.6,109.0,-18.8,28.41,4,13.7,18.3,14.5,1.0,1.0,559077321,10.95,84.6,-0.3871,91bbc2a7e466,live,37819999,0.686868,0.915939,0.483661,30.4285,,LIQUIDITY,0.6105,0.7264,0.686868,curve,0.483661,curve,inert,-0.7264,False,1.0,2026-09-19,current,7.68038,inert-band,gateio,3,183.6791,8.0,NEUTRAL,278379.32
2026-09-19,DOT,43,67,29,1.12,1912157636,10.6,2.9,20.7,27.2,-46.3,3.58,4,16.4,12.3,17.1,1.0,1.0,1912161933,10.95,76.96,2.4803,91bbc2a7e466,live,202623615,0.820381,0.614091,0.568813,28.6562,,LIQUIDITY,0.4514,0.5642,0.820381,curve,0.568813,curve,inert,-0.5642,False,1.0,2026-09-19,current,-1.66319,inert-band,gateio,6,33.726,8.0,NEUTRAL,3154012.88
2026-09-19,JST,67,68,29,0.11736,961030349,3.97,3.0,5.5,-2.2,127.1,27.15,4,14.9,18.2,12.6,1.0,1.0,961030349,10.95,76.15,-0.2795,91bbc2a7e466,live,38196784,0.745684,0.907903,0.421657,28.5466,,LIQUIDITY,0.6888,0.8636,0.745684,curve,0.421657,curve,inert,-0.8636,False,1.0,2026-09-19,current,-0.17364,inert-band,gateio,1,,4.0,NEUTRAL,90758.22
2026-09-19,龙虾,159,69,29,0.222278,222277911,7.48,69.2,147.9,923.5,7416.9,1771.99,4,11.7,20.0,15.0,1.0,1.0,222277911,10.95,,,91bbc2a7e466,live,16628197,0.586724,1.0,0.499574,29.3112,,LIQUIDITY,0.5655,0.694,0.586724,curve,0.499574,curve,inert,-0.694,False,1.0,2026-09-19,current,-9.24826,inert-band,gateio,1,,4.0,NEUTRAL,2535613.27
2026-09-19,MET,216,70,28,0.261017,143966028,14.73,3.9,35.5,8.5,29.1,17.99,4,10.8,16.5,19.8,0.9552,1.0,260425320,10.95,,,91bbc2a7e466,live,21208140,0.539565,0.827498,0.660697,28.1778,,DEPTH,0.4871,0.617,0.539565,curve,0.660697,curve,applied,-0.617,False,1.0,2026-09-19,current,5.4082,inert-band,gateio,2,0.0,4.0,NEUTRAL,113558.76
2026-09-19,WLD,50,71,28,0.42328,1523833539,16.53,0.6,4.3,4.2,-12.6,-0.22,4,15.9,10.9,21.0,0.9285,1.0,4232801102,-1.971,59.84,-0.4889,91bbc2a7e466,live,251840183,0.795734,0.54613,0.700594,28.2692,,CONFIRM,0.4788,0.6049,0.795734,curve,0.700594,curve,applied,-0.6049,False,1.0,2026-09-19,current,-2.40796,inert-band,gateio,5,35.2689,8.0,MILD_INVERSION,3424762.0
2026-09-19,MORPHO,40,72,27,2.77,1936934732,4.41,16.2,7.6,12.6,25.4,14.99,4,16.4,15.8,12.9,0.975,1.0,2771575081,10.95,76.04,0.2448,91bbc2a7e466,live,85490950,0.821779,0.791544,0.431416,27.3609,,LIQUIDITY,0.6486,0.8407,0.821779,curve,0.431416,curve,applied,-0.8407,False,1.0,2026-09-19,current,17.11399,inert-band,gateio,4,98.55,4.0,NEUTRAL,392790.39
2026-09-19,POL,62,73,27,0.104218,1116901594,11.3,3.5,8.2,14.3,-15.6,3.56,4,15.2,12.3,17.5,1.0,1.0,1116901594,10.95,40.14,1.2474,91bbc2a7e466,live,126240102,0.762004,0.613562,0.584505,27.3277,,LIQUIDITY,0.4139,0.537,0.762004,curve,0.584505,curve,inert,-0.537,False,1.0,2026-09-19,current,4.79874,inert-band,gateio,5,81.906,4.0,NEUTRAL,889467.92
2026-09-19,币安人生,97,74,27,0.506857,506857183,0.81,2.9,-5.9,-8.2,716.4,140.62,4,13.5,20.0,12.0,1.0,1.0,506857183,10.95,61.52,-0.4665,91bbc2a7e466,live,4080931,0.676221,0.999988,0.4,27.0485,,LIQUIDITY,0.7008,0.9163,0.676221,curve,0.351225,floor,inert,-0.9163,True,1.0,2026-09-19,current,-1.07307,inert-band,gateio,1,,8.0,NEUTRAL,178551.07
2026-09-19,CRV,95,75,25,0.34112,532582460,13.19,-4.0,-7.7,13.6,17.2,3.71,4,13.6,12.3,18.8,0.9679,1.0,825262753,10.95,47.05,0.2261,91bbc2a7e466,live,70231975,0.681597,0.616382,0.626379,25.471,,CONFIRM,0.3538,0.4839,0.681597,curve,0.626379,curve,applied,-0.4839,False,1.0,2026-09-19,current,1.50875,inert-band,gateio,5,36.201,8.0,NEUTRAL,774270.22
2026-09-19,VET,82,76,25,0.00855597,735685172,3.87,5.4,22.0,60.0,-22.2,17.68,4,14.3,16.5,12.6,1.0,1.0,735685172,10.95,,,91bbc2a7e466,live,28502459,0.716673,0.824013,0.419428,24.7693,,LIQUIDITY,0.6226,0.8689,0.716673,curve,0.419428,curve,inert,-0.8689,False,1.0,2026-09-19,current,13.9869,inert-band,gateio,2,,8.0,NEUTRAL,255897.2
2026-09-19,GT,63,77,24,10.01,1066929228,0.36,0.7,12.8,32.0,23.0,16.01,4,15.1,16.1,12.0,0.9987,1.0,1189509668,10.95,,,91bbc2a7e466,live,3865702,0.757034,0.804327,0.4,24.3245,,LIQUIDITY,0.6482,0.9163,0.757034,curve,0.341385,floor,applied,-0.9163,False,1.0,2026-09-19,current,1.27436,inert-band,gateio,1,,8.0,NEUTRAL,657205.52
2026-09-19,NPC,177,78,24,0.0242921,195554461,3.64,13.9,14.1,248.8,130.1,95.92,4,11.5,20.0,12.4,1.0,1.0,195554461,,,,91bbc2a7e466,live,7110452,0.572817,0.999582,0.414134,23.7124,,LIQUIDITY,0.6125,0.8816,0.572817,curve,0.414134,curve,inert,-0.8816,False,1.0,2026-09-19,absent,7.32712,no-feed,,,,,,
2026-09-19,UB,117,79,24,0.140864,352158798,3.75,9.7,7.5,7.2,308.8,68.34,4,12.7,19.9,12.5,0.9151,1.0,1408635193,10.95,59.84,-2.4593,91bbc2a7e466,live,13219135,0.636685,0.996217,0.41675,24.1892,,LIQUIDITY,0.6167,0.8753,0.636685,curve,0.41675,curve,applied,-0.8753,False,1.0,2026-09-19,current,7.39754,inert-band,gateio,1,,4.0,NEUTRAL,723471.0
2026-09-19,GRX,171,80,23,21.16,201304703,1.29,-5.1,60.0,48.9,411.0,107.9,4,11.5,20.0,12.0,1.0,1.0,211582075,,,,91bbc2a7e466,live,2602732,0.575963,0.999839,0.4,23.0348,,LIQUIDITY,0.6241,0.9163,0.575963,curve,0.362065,floor,inert,-0.9163,False,1.0,2026-09-19,absent,0.0504,no-feed,,,,,,
2026-09-19,MANA,200,81,23,0.081712,160020235,22.34,6.4,7.1,7.8,-42.7,-2.9,4,11.0,10.0,24.9,0.9983,1.0,179209831,10.95,,,91bbc2a7e466,live,35744872,0.551044,0.498122,0.829727,22.7362,,CONFIRM,0.4705,0.6969,0.551044,curve,0.829727,curve,applied,-0.6969,False,1.0,2026-09-19,current,5.462,inert-band,gateio,2,24.8838,8.0,NEUTRAL,92104.48
2026-09-19,OKB,32,82,23,118.57,2490019010,1.43,-1.1,4.1,-1.3,35.1,7.39,4,17.0,13.6,12.0,1.0,1.0,2490019010,10.95,83.05,0.4129,91bbc2a7e466,live,35718393,0.849051,0.679276,0.4,23.0696,,LIQUIDITY,0.6247,0.9163,0.849051,curve,0.36521,floor,inert,-0.9163,False,1.0,2026-09-19,current,3.38874,inert-band,gateio,1,,8.0,NEUTRAL,693938.7
2026-09-19,PYTH,102,83,23,0.060004,472531769,8.13,8.5,9.2,22.9,-13.2,7.93,4,13.4,13.8,15.4,0.9862,1.0,600043367,10.95,,,91bbc2a7e466,live,38426759,0.668608,0.688219,0.514047,23.3274,,LIQUIDITY,0.4572,0.6654,0.668608,curve,0.514047,curve,applied,-0.6654,False,1.0,2026-09-19,current,0.93692,inert-band,gateio,5,67.7066,4.0,NEUTRAL,530805.73
2026-09-19,RAIL,172,84,23,3.34,200673443,0.9,53.4,70.7,69.1,202.9,91.55,4,11.5,20.0,12.0,1.0,1.0,200673443,,,,91bbc2a7e466,live,1802829,0.575622,0.999407,0.4,23.0112,,LIQUIDITY,0.6237,0.9163,0.575622,curve,0.353298,floor,inert,-0.9163,False,1.0,2026-09-19,absent,23.03306,no-feed,,,,,,
2026-09-19,ANTFUN,205,85,22,0.082808,156311190,7.89,-0.9,17.1,92.1,-22.1,22.61,3,11.0,17.5,15.3,0.9136,1.0,663987350,,,,91bbc2a7e466,live,12325560,0.548498,0.873295,0.508562,22.2554,,LIQUIDITY,0.45,0.6762,0.548498,curve,0.508562,curve,applied,-0.6762,False,1.0,2026-09-19,absent,-4.29369,no-feed,,,,,,
2026-09-19,BTW,46,86,22,0.599708,1624095779,0.45,2.6,31.6,41.9,-22.1,14.73,3,16.1,15.8,12.0,0.9174,0.934,5997084387,80.811,51.67,0.1425,91bbc2a7e466,live,7255795,0.802653,0.788259,0.4,21.6944,,LIQUIDITY,0.5996,0.9163,0.802653,curve,0.343261,floor,applied,-0.9163,False,0.934,2026-09-19,current,-10.45557,hot-confirmed,gateio,1,,4.0,OVERHEATED_LONG,1354950.86
2026-09-19,CASHCAT,167,87,22,0.211964,209503440,7.82,12.8,-17.9,67.5,-22.1,11.82,3,11.6,15.0,15.2,1.0,1.0,209503440,10.95,48.15,2.878,91bbc2a7e466,live,16388314,0.580298,0.748206,0.507166,22.0203,,LIQUIDITY,0.4487,0.6789,0.580298,curve,0.507166,curve,inert,-0.6789,False,1.0,2026-09-19,current,1.98539,inert-band,gateio,2,14.7119,4.0,NEUTRAL,900746.55
2026-09-19,ETC,58,88,22,8.54,1351911613,5.87,6.2,9.2,14.4,-19.8,3.8,4,15.7,12.4,13.9,1.0,1.0,1351911613,10.95,,,91bbc2a7e466,live,79380292,0.782737,0.617878,0.463816,22.4318,,LIQUIDITY,0.514,0.7683,0.782737,curve,0.463816,curve,inert,-0.7683,False,1.0,2026-09-19,current,8.34745,inert-band,gateio,6,127.8268,8.0,NEUTRAL,1557104.58
2026-09-19,JTO,151,89,22,0.455207,238082243,19.06,-1.3,7.7,-36.6,28.9,-1.83,4,11.9,10.3,22.7,0.951,1.0,455207158,10.95,28.17,2.0536,91bbc2a7e466,live,45377672,0.594182,0.517029,0.756881,22.1127,,CONFIRM,0.4371,0.6597,0.594182,curve,0.756881,curve,applied,-0.6597,False,1.0,2026-09-19,current,0.2412,inert-band,gateio,5,99.499,8.0,NEUTRAL,477475.58
2026-09-19,THETA,160,90,22,0.220234,220234218,6.47,10.7,22.3,27.2,-4.7,14.64,4,11.7,15.7,14.3,1.0,1.0,220234218,10.95,,,91bbc2a7e466,live,14242556,0.585721,0.787091,0.477045,21.9925,,LIQUIDITY,0.4887,0.7401,0.585721,curve,0.477045,curve,inert,-0.7401,False,1.0,2026-09-19,current,6.09445,inert-band,gateio,2,18.6042,8.0,NEUTRAL,225632.5
2026-09-19,TIA,114,91,22,0.409037,396957211,14.45,8.6,10.2,10.7,-49.6,-2.12,4,13.0,10.2,19.6,0.9905,1.0,481651104,10.95,,,91bbc2a7e466,live,57348793,0.649686,0.512021,0.65438,21.5613,,CONFIRM,0.4363,0.6694,0.649686,curve,0.65438,curve,applied,-0.6694,False,1.0,2026-09-19,current,2.44104,inert-band,gateio,5,84.9355,4.0,NEUTRAL,441387.76
2026-09-19,FF,113,92,21,0.126643,397658978,2.16,-20.4,6.1,80.6,50.4,25.64,4,13.0,17.9,12.0,0.9226,0.971,1266429865,30.441,62.27,-2.9835,91bbc2a7e466,live,8571815,0.649878,0.897426,0.4,20.8903,,LIQUIDITY,0.5852,0.9163,0.649878,curve,0.381235,floor,applied,-0.9163,False,0.971,2026-09-19,current,1.31991,hot-confirmed,gateio,1,,4.0,ELEVATED,13320093.15
2026-09-19,RENDER,75,93,21,1.57,813803594,7.88,7.1,3.9,-0.7,-9.5,1.03,4,14.6,11.4,15.3,1.0,1.0,836957858,10.95,,,91bbc2a7e466,live,64087144,0.72763,0.56853,0.508334,21.0287,,LIQUIDITY,0.4339,0.6766,0.72763,curve,0.508334,curve,inert,-0.6766,False,1.0,2026-09-19,current,3.19047,inert-band,gateio,5,127.8292,4.0,NEUTRAL,238716.59
2026-09-19,RUNE,184,94,21,0.539889,177433486,12.21,0.8,10.6,9.6,-11.3,3.03,4,11.2,12.1,18.1,1.0,1.0,191087539,10.95,,,91bbc2a7e466,live,21670260,0.562259,0.604275,0.604737,20.5465,,DEPTH,0.3639,0.5758,0.562259,curve,0.604737,curve,inert,-0.5758,False,1.0,2026-09-19,current,4.12607,inert-band,gateio,5,186.4721,8.0,NEUTRAL,254992.01
2026-09-19,SKR,220,95,21,0.0197094,137959546,4.52,0.1,-16.0,153.4,-27.0,28.98,4,10.7,18.4,13.0,0.97,1.0,208913395,10.95,12.96,,91bbc2a7e466,live,6237917,0.534938,0.919351,0.433812,20.6947,,LIQUIDITY,0.5302,0.8351,0.534938,curve,0.433812,curve,applied,-0.8351,False,1.0,2026-09-19,current,0.59592,inert-band,gateio,2,0.0,4.0,NEUTRAL,473480.76
2026-09-19,1INCH,219,96,20,0.099194,139424957,23.42,3.5,6.7,0.4,-45.6,-6.3,4,10.7,8.8,25.6,1.0,1.0,148791483,10.95,,,91bbc2a7e466,live,32655584,0.536085,0.439026,0.853814,20.0949,,CONFIRM,0.513,0.8232,0.536085,curve,0.853814,curve,inert,-0.8232,False,1.0,2026-09-19,current,4.01052,inert-band,gateio,3,193.3038,8.0,NEUTRAL,138309.28
2026-09-19,ASTER,37,97,20,0.762635,2062220483,6.99,5.9,-1.8,0.0,-11.8,-1.04,4,16.6,10.6,14.7,0.9267,1.0,5948486450,10.95,,,91bbc2a7e466,live,144185391,0.828584,0.531291,0.488706,19.9368,,LIQUIDITY,0.444,0.716,0.828584,curve,0.488706,curve,applied,-0.716,False,1.0,2026-09-19,current,0.621,inert-band,gateio,5,45.2837,4.0,NEUTRAL,2501106.0
2026-09-19,AXS,186,98,20,1.009,176249089,23.23,3.7,4.8,-5.2,-40.4,-7.07,4,11.2,8.5,25.5,0.9682,1.0,272353003,10.95,,,91bbc2a7e466,live,40938664,0.561532,0.426027,0.849505,19.6763,,CONFIRM,0.5248,0.8533,0.561532,curve,0.849505,curve,applied,-0.8533,False,1.0,2026-09-19,current,0.77454,inert-band,gateio,3,65.3536,8.0,NEUTRAL,399741.78
2026-09-19,DGAI,215,99,20,0.963057,144458617,64.74,24.0,20.8,-13.3,-22.1,4.65,2,10.8,12.7,19.1,0.9059,1.0,963057447,10.95,,,91bbc2a7e466,live,93522565,0.539936,0.632835,0.635066,19.6577,,DEPTH,0.3789,0.6163,0.539936,curve,0.635066,curve,applied,-0.6163,False,1.0,2026-09-19,current,2.26094,inert-band,gateio,1,,4.0,NEUTRAL,916490.84
2026-09-19,ICP,47,100,20,2.88,1604516225,3.59,-1.1,7.2,10.6,-8.2,2.48,4,16.0,11.9,12.4,1.0,1.0,1604516225,-38.544,,,91bbc2a7e466,live,57589829,0.801336,0.594494,0.413094,19.6794,,LIQUIDITY,0.5438,0.8841,0.801336,curve,0.413094,curve,inert,-0.8841,False,1.0,2026-09-19,current,3.55792,cold-no-rsi,gateio,5,78.84,8.0,SHORT_SQUEEZE_RISK,905893.25
2026-09-19,S,231,101,20,0.03252087,126359781,42.84,15.5,8.0,20.2,-104.6,-9.22,4,10.5,7.8,29.1,1.0,1.0,126359781,10.95,,,91bbc2a7e466,live,54134548,0.525402,0.391176,0.971221,19.961,,CONFIRM,0.5825,0.9386,0.525402,curve,0.971221,curve,inert,-0.9386,False,1.0,2026-09-19,current,7.06477,inert-band,gateio,4,66.4327,4.0,NEUTRAL,133552.11
2026-09-19,SENT,226,102,20,0.01801897,130419203,8.22,21.1,31.4,32.2,-35.1,15.21,4,10.6,15.9,15.5,0.9111,1.0,619127208,10.95,,,91bbc2a7e466,live,10720067,0.528835,0.79435,0.515993,19.7489,,LIQUIDITY,0.4079,0.6617,0.528835,curve,0.515993,curve,applied,-0.6617,False,1.0,2026-09-19,current,3.96147,inert-band,gateio,1,,4.0,NEUTRAL,132834.43
2026-09-19,BC,235,103,19,0.03823947,122781610,0.09,-6.7,18.7,-3.1,416.0,85.09,4,10.4,20.0,12.0,0.926,1.0,359866467,,98.03,-0.2551,91bbc2a7e466,live,113034,0.522283,0.999006,0.4,19.3261,,LIQUIDITY,0.5575,0.9163,0.522283,curve,0.335379,floor,applied,-0.9163,False,1.0,2026-09-19,absent,1.10676,no-feed,,,,,,
2026-09-19,EIGEN,164,104,19,0.233168,215746990,19.53,2.1,13.9,9.8,-62.5,-5.94,4,11.7,8.9,23.0,0.948,1.0,430157994,10.95,,,91bbc2a7e466,live,42127404,0.583486,0.444962,0.767251,18.8843,,CONFIRM,0.4858,0.8098,0.583486,curve,0.767251,curve,applied,-0.8098,False,1.0,2026-09-19,current,1.99783,inert-band,gateio,5,137.9381,4.0,NEUTRAL,384289.82
2026-09-19,PRL,138,105,19,1.099,280359037,1.7,94.8,187.1,308.5,-22.1,147.92,3,12.2,20.0,12.0,0.904,0.866,2308424668,84.972,,,91bbc2a7e466,live,4766700,0.611929,0.999993,0.4,19.1666,,LIQUIDITY,0.5547,0.9163,0.611929,curve,0.371116,floor,applied,-0.9163,False,0.866,2026-09-19,current,28.00283,hot-confirmed,gateio,2,0.876,4.0,OVERHEATED_LONG,57205.7
2026-09-19,RLUSD,33,106,19,0.999996,2378987553,11.35,-5.1,-2.1,-13.3,-22.1,-9.8,4,16.9,7.6,17.6,1.0,1.0,2378987553,,46.63,0.0038,91bbc2a7e466,live,269948670,0.844098,0.382113,0.585494,18.8845,,CONFIRM,0.5772,0.962,0.844098,curve,0.585494,curve,inert,-0.962,False,1.0,2026-09-19,absent,0.00155,no-feed,,,,,,
2026-09-19,XPL,148,107,19,0.090587,251631378,23.44,3.9,-6.6,-2.7,-35.4,-8.24,4,12.0,8.1,25.6,0.9182,1.0,905872961,10.95,64.75,0.1855,91bbc2a7e466,live,58976332,0.600191,0.406908,0.854169,19.1543,,CONFIRM,0.5441,0.8992,0.600191,curve,0.854169,curve,applied,-0.8992,False,1.0,2026-09-19,current,2.10506,inert-band,gateio,5,111.5371,4.0,NEUTRAL,1508091.83
2026-09-19,AKT,190,108,18,0.564206,168113808,3.42,1.1,5.9,-3.6,69.8,14.87,4,11.1,15.8,12.3,1.0,1.0,168118350,10.95,,,91bbc2a7e466,live,5747454,0.556401,0.789938,0.409306,17.9899,,LIQUIDITY,0.5208,0.8933,0.556401,curve,0.409306,curve,inert,-0.8933,False,1.0,2026-09-19,current,3.63189,inert-band,gateio,2,309.7776,4.0,NEUTRAL,149611.19
2026-09-19,ATOM,70,109,18,1.73,921217361,7.4,0.7,10.3,3.2,-37.3,-3.88,4,14.8,9.6,14.9,1.0,1.0,921221438,10.95,,,91bbc2a7e466,live,68126853,0.741091,0.480803,0.497673,17.733,,CONFIRM,0.4234,0.7323,0.741091,curve,0.497673,curve,inert,-0.7323,False,1.0,2026-09-19,current,4.62829,inert-band,gateio,6,50.7427,8.0,NEUTRAL,1202877.66
2026-09-19,GOMINING,213,110,18,0.360835,145460641,14.64,-3.5,-3.9,3.4,-4.8,-2.14,4,10.8,10.2,19.8,1.0,1.0,145460641,,,,91bbc2a7e466,live,21294028,0.540686,0.511663,0.658645,18.2214,,CONFIRM,0.3936,0.6701,0.540686,curve,0.658645,curve,inert,-0.6701,False,1.0,2026-09-19,absent,4.89803,no-feed,,,,,,
2026-09-19,KAS,64,111,18,0.03813996,1056803911,1.93,2.3,24.2,25.3,-48.3,3.41,4,15.1,12.2,12.0,1.0,1.0,1056820814,10.95,,,91bbc2a7e466,live,20368264,0.755999,0.610914,0.4,18.474,,LIQUIDITY,0.5426,0.9163,0.755999,curve,0.376163,floor,inert,-0.9163,False,1.0,2026-09-19,current,4.98487,inert-band,gateio,3,145.5462,8.0,NEUTRAL,840151.92
2026-09-19,LDO,121,112,18,0.400714,334255711,14.08,1.1,2.0,4.5,-38.5,-5.75,4,12.6,9.0,19.4,0.9917,1.0,400713517,10.95,,,91bbc2a7e466,live,47069901,0.63102,0.448373,0.646267,18.1332,,CONFIRM,0.4698,0.8021,0.63102,curve,0.646267,curve,applied,-0.8021,False,1.0,2026-09-19,current,3.97445,inert-band,gateio,5,62.1529,8.0,NEUTRAL,683968.07
2026-09-19,SKY,45,113,18,0.071153,1666356225,2.63,7.1,3.5,3.5,-18.1,0.26,4,16.1,11.1,12.0,1.0,1.0,1669233998,8.541,,,91bbc2a7e466,live,43782011,0.805442,0.55468,0.4,17.8705,,LIQUIDITY,0.5321,0.9163,0.805442,curve,0.39172,floor,inert,-0.9163,False,1.0,2026-09-19,current,8.89443,inert-band,gateio,2,118.3724,4.0,NEUTRAL,317883.03
2026-09-19,TRUMP,92,114,18,2.04,557833312,48.06,-3.1,-16.0,9.1,-63.7,-15.4,4,13.7,6.1,28.8,0.9177,1.0,2042319667,10.95,56.48,-0.1248,91bbc2a7e466,live,268079183,0.686626,0.303311,0.959237,18.3331,,CONFIRM,0.7032,1.193,0.686626,curve,0.959237,curve,applied,-1.193,True,1.0,2026-09-19,current,0.06256,inert-band,gateio,5,10.95,4.0,NEUTRAL,3394215.38
2026-09-19,U,55,115,18,0.999881,1392963894,11.16,-5.0,-2.0,-13.2,-22.1,-9.72,4,15.7,7.7,17.4,1.0,1.0,1392963894,,61.53,-0.0038,91bbc2a7e466,live,155487087,0.785985,0.383354,0.581385,17.5177,,CONFIRM,0.5504,0.9588,0.785985,curve,0.581385,curve,inert,-0.9588,False,1.0,2026-09-19,absent,0.03709,no-feed,,,,,,
2026-09-19,BONK,144,116,17,2.99e-06,262810742,28.48,0.9,-12.9,2.4,-70.7,-16.5,4,12.1,5.8,29.0,1.0,1.0,262810742,10.95,,,91bbc2a7e466,live,74853346,0.604911,0.289796,0.966263,16.9387,,CONFIRM,0.6976,1.2386,0.604911,curve,0.966263,curve,inert,-1.2386,False,1.0,2026-09-19,current,6.30923,inert-band,gateio,2,10.95,4.0,NEUTRAL,277908.23
2026-09-19,COMP,165,117,17,21.47,214705660,9.04,2.1,4.9,1.7,-8.7,0.54,4,11.7,11.2,16.0,1.0,1.0,214705660,10.95,,,91bbc2a7e466,live,19416276,0.582961,0.559718,0.534293,17.4337,,LIQUIDITY,0.3588,0.6268,0.582961,curve,0.534293,curve,inert,-0.6268,False,1.0,2026-09-19,current,5.35653,inert-band,gateio,5,79.4373,8.0,NEUTRAL,136125.13
2026-09-19,ENS,142,118,17,6.34,267322114,7.41,3.4,6.2,33.1,-42.9,2.26,4,12.1,11.8,14.9,0.9368,1.0,633837552,10.95,,,91bbc2a7e466,live,19799249,0.606759,0.590659,0.497923,16.7171,,LIQUIDITY,0.3898,0.6973,0.606759,curve,0.497923,curve,applied,-0.6973,False,1.0,2026-09-19,current,4.44267,inert-band,gateio,3,105.3512,8.0,NEUTRAL,178569.46
2026-09-19,FARTCOIN,199,119,17,0.160735,160730622,22.3,5.5,-5.7,-9.3,-39.2,-9.94,4,11.0,7.6,24.9,1.0,1.0,160730622,10.95,40.4,1.3487,91bbc2a7e466,live,35838585,0.551525,0.379948,0.828829,17.3682,,CONFIRM,0.5528,0.9677,0.551525,curve,0.828829,curve,inert,-0.9677,False,1.0,2026-09-19,current,5.39712,inert-band,gateio,4,111.69,4.0,NEUTRAL,3909586.25
2026-09-19,MON,134,120,17,0.02475311,292709608,15.27,0.1,-3.9,-15.7,-2.0,-5.27,4,12.3,9.1,20.2,0.9037,1.0,2492215501,10.95,44.11,-0.7392,91bbc2a7e466,live,44684538,0.616609,0.456521,0.672574,17.1094,,CONFIRM,0.4441,0.7841,0.616609,curve,0.672574,curve,applied,-0.7841,False,1.0,2026-09-19,current,2.81094,inert-band,gateio,5,76.0832,4.0,NEUTRAL,488682.32
2026-09-19,AWE,221,121,16,0.070815,137552174,1.33,14.6,13.2,-2.6,18.3,10.69,4,10.7,14.6,12.0,1.0,1.0,137552174,10.95,,,91bbc2a7e466,live,1829288,0.534617,0.731491,0.4,15.6427,,LIQUIDITY,0.4939,0.9163,0.534617,curve,0.362886,floor,inert,-0.9163,False,1.0,2026-09-19,current,7.87832,inert-band,gateio,1,,8.0,NEUTRAL,27033.57
2026-09-19,EURCV,178,122,16,1.15,192961647,19.84,-5.9,-3.0,-15.0,-23.4,-10.95,4,11.4,7.3,23.2,1.0,1.0,192961647,,,,91bbc2a7e466,live,38274802,0.571368,0.364607,0.774121,16.1268,,CONFIRM,0.5529,1.0089,0.571368,curve,0.774121,curve,inert,-1.0089,False,1.0,2026-09-19,absent,0.25053,no-feed,,,,,,
2026-09-19,GRT,158,123,16,0.02059247,225308852,6.0,9.4,16.1,29.9,-61.2,2.08,4,11.8,11.7,14.0,1.0,1.0,239140301,10.95,,,91bbc2a7e466,live,13513282,0.588195,0.587354,0.466615,16.1205,,LIQUIDITY,0.4177,0.7623,0.588195,curve,0.466615,curve,inert,-0.7623,False,1.0,2026-09-19,current,4.58738,inert-band,gateio,2,74.0496,8.0,NEUTRAL,176562.13
2026-09-19,M,30,124,16,1.3,2952031482,0.07,4.4,13.8,-9.2,-24.7,-2.47,4,17.4,10.1,12.0,0.9366,1.0,7029169367,10.95,,,91bbc2a7e466,live,1939469,0.86753,0.505684,0.4,16.4353,,LIQUIDITY,0.5074,0.9163,0.86753,curve,0.334793,floor,applied,-0.9163,False,1.0,2026-09-19,current,1.24437,inert-band,gateio,1,,8.0,NEUTRAL,825735.59
2026-09-19,MNT,38,125,16,0.609372,2012324213,1.69,1.0,3.5,11.1,-29.5,-1.95,4,16.5,10.3,12.0,0.9521,1.0,3789874653,10.95,,,91bbc2a7e466,live,34047529,0.825924,0.514971,0.4,16.1982,,LIQUIDITY,0.5034,0.9163,0.825924,curve,0.370932,floor,applied,-0.9163,False,1.0,2026-09-19,current,2.22279,inert-band,gateio,3,334.4489,4.0,NEUTRAL,204630.47
2026-09-19,SHIB,27,126,16,5.44e-06,3208244463,3.05,-1.8,-1.1,-2.1,-24.0,-6.14,4,17.5,8.8,12.0,1.0,1.0,3209643886,10.95,,,91bbc2a7e466,live,97802277,0.876567,0.44165,0.401077,15.5271,,LIQUIDITY,0.4905,0.9136,0.876567,curve,0.401077,curve,inert,-0.9136,False,1.0,2026-09-19,current,1.04846,inert-band,gateio,2,10.95,8.0,NEUTRAL,3005504.19
2026-09-19,VIRTUAL,108,127,16,0.670791,441639195,13.82,0.0,-4.0,-9.6,-31.3,-9.66,4,13.2,7.7,19.2,0.9697,1.0,670790845,10.95,64.17,,91bbc2a7e466,live,61030320,0.661267,0.384286,0.640423,15.7811,,CONFIRM,0.518,0.9564,0.661267,curve,0.640423,curve,applied,-0.9564,False,1.0,2026-09-19,current,4.19307,inert-band,gateio,4,35.478,4.0,NEUTRAL,706063.5
2026-09-19,ZRO,112,128,16,1.14,401833960,11.53,6.3,5.3,13.7,-59.9,-5.34,4,13.0,9.1,17.7,0.9276,1.0,1137330325,10.95,,,91bbc2a7e466,live,46328150,0.651012,0.455316,0.589537,16.2096,,CONFIRM,0.4324,0.7868,0.651012,curve,0.589537,curve,applied,-0.7868,False,1.0,2026-09-19,current,-0.88608,inert-band,gateio,4,10.95,4.0,NEUTRAL,747085.02
2026-09-19,ALGO,72,129,15,0.098545,891059788,5.12,0.9,2.9,3.0,-37.3,-5.71,4,14.7,9.0,13.4,1.0,1.0,891064780,10.95,,,91bbc2a7e466,live,45630594,0.737477,0.448885,0.447132,14.802,,LIQUIDITY,0.4213,0.8049,0.737477,curve,0.447132,curve,inert,-0.8049,False,1.0,2026-09-19,current,3.74585,inert-band,gateio,5,89.8265,8.0,NEUTRAL,352637.91
2026-09-19,HBAR,25,130,15,0.080335,3521224571,2.74,2.8,-2.3,-1.9,-37.7,-7.75,4,17.7,8.3,12.0,0.9965,1.0,4016755061,10.95,,,91bbc2a7e466,live,96354873,0.886673,0.414803,0.4,14.6603,,LIQUIDITY,0.4772,0.9163,0.886673,curve,0.394142,floor,applied,-0.9163,False,1.0,2026-09-19,current,3.69063,inert-band,gateio,5,67.3772,8.0,NEUTRAL,1083666.39
2026-09-19,KMNO,204,131,15,0.02828037,157304748,3.13,5.1,10.3,27.5,-10.1,8.96,4,11.0,14.1,12.1,0.9557,1.0,282802519,10.95,,,91bbc2a7e466,live,4931000,0.549185,0.704712,0.402993,14.9056,,LIQUIDITY,0.4775,0.9088,0.549185,curve,0.402993,curve,applied,-0.9088,False,1.0,2026-09-19,current,2.57966,inert-band,gateio,1,,4.0,NEUTRAL,50090.56
2026-09-19,KOGE,157,132,15,67.79,229136081,0.02,-7.3,-1.2,18.6,19.2,6.0,4,11.8,13.1,12.0,1.0,1.0,229136081,,,,91bbc2a7e466,live,38787,0.590023,0.655973,0.4,15.4816,,LIQUIDITY,0.4912,0.9163,0.590023,curve,0.333709,floor,inert,-0.9163,False,1.0,2026-09-19,absent,0.44525,no-feed,,,,,,
2026-09-19,B,173,133,14,0.200204,200204391,5.78,-0.2,3.1,16.4,-28.7,-0.93,4,11.5,10.7,13.9,1.0,1.0,200204391,10.95,,,91bbc2a7e466,live,11574938,0.575368,0.533358,0.461812,14.172,,LIQUIDITY,0.3954,0.7726,0.575368,curve,0.461812,curve,inert,-0.7726,False,1.0,2026-09-19,current,11.91488,inert-band,gateio,1,,4.0,NEUTRAL,1677484.88
2026-09-19,BP,217,134,14,0.573567,143392094,2.26,-1.0,29.7,28.0,-22.1,9.7,3,10.8,14.3,12.0,0.9151,1.0,573568377,10.95,,,91bbc2a7e466,live,3238962,0.539131,0.716413,0.4,14.138,,LIQUIDITY,0.4684,0.9163,0.539131,curve,0.383529,floor,applied,-0.9163,False,1.0,2026-09-19,current,0.37102,inert-band,gateio,1,,4.0,NEUTRAL,217591.18
2026-09-19,GRASS,156,135,14,0.342718,232028021,9.25,-2.3,-2.9,-0.4,-17.5,-5.02,4,11.8,9.2,16.2,0.9722,1.0,342718300,10.95,,,91bbc2a7e466,live,21455103,0.591385,0.460922,0.538817,14.2789,,CONFIRM,0.3979,0.7745,0.591385,curve,0.538817,curve,applied,-0.7745,False,1.0,2026-09-19,current,1.49062,inert-band,gateio,3,249.8198,4.0,NEUTRAL,456281.83
2026-09-19,BGB,52,136,13,2.01,1409451364,1.09,-1.9,-1.7,-2.2,-28.0,-7.15,4,15.7,8.5,12.0,0.9838,1.0,1834161840,,,,91bbc2a7e466,live,15317982,0.787263,0.424781,0.4,13.1599,,LIQUIDITY,0.4518,0.9163,0.787263,curve,0.357485,floor,applied,-0.9163,False,1.0,2026-09-19,absent,2.84432,no-feed,,,,,,
2026-09-19,BSV,118,137,13,17.49,351264271,1.96,1.0,2.0,-2.8,-8.3,-1.56,4,12.7,10.4,12.0,1.0,1.0,351265036,10.95,,,91bbc2a7e466,live,6882250,0.636408,0.521956,0.4,13.2871,,LIQUIDITY,0.454,0.9163,0.636408,curve,0.376873,floor,inert,-0.9163,False,1.0,2026-09-19,current,3.37428,inert-band,gateio,2,95.6118,4.0,NEUTRAL,716513.33
2026-09-19,BTT,126,138,13,3.3106e-07,326769249,2.27,-3.3,9.0,7.5,-23.5,-1.56,4,12.6,10.4,12.0,1.0,1.0,327749888,,,,91bbc2a7e466,live,7428897,0.62856,0.521867,0.4,13.121,,LIQUIDITY,0.4512,0.9163,0.62856,curve,0.383854,floor,inert,-0.9163,False,1.0,2026-09-19,absent,1.65239,no-feed,,,,,,
2026-09-19,BUIDL,34,139,13,1.0,2329036631,0.0,-5.1,-2.1,-13.3,-22.1,-9.8,4,16.8,7.6,12.0,1.0,1.0,2329036631,,50.0,0.0,91bbc2a7e466,live,0.0,0.841794,0.382113,0.4,12.8664,,CONFIRM,0.4692,0.962,0.841794,curve,0.0,zero-volume,inert,-0.962,False,1.0,2026-09-19,absent,0.0,no-feed,,,,,,
2026-09-19,CHZ,202,140,13,0.01511489,159156926,15.44,-0.5,9.1,4.9,-80.1,-12.67,4,11.0,6.8,20.3,1.0,1.0,159156926,10.95,,,91bbc2a7e466,live,24574470,0.550456,0.339648,0.676453,12.6471,,CONFIRM,0.5222,1.0798,0.550456,curve,0.676453,curve,inert,-1.0798,False,1.0,2026-09-19,current,3.74067,inert-band,gateio,3,19.8315,8.0,NEUTRAL,123088.2
2026-09-19,CRO,29,141,13,0.059706,2969228512,0.35,-1.5,3.9,1.3,-51.6,-9.47,4,17.4,7.7,12.0,0.9481,1.0,5906763794,10.95,,,91bbc2a7e466,live,10506628,0.868161,0.387251,0.4,12.7499,,CONFIRM,0.4606,0.9487,0.868161,curve,0.341197,floor,applied,-0.9487,False,1.0,2026-09-19,current,0.0784,inert-band,gateio,2,116.4834,8.0,NEUTRAL,297209.46
2026-09-19,CRVUSD,163,142,13,0.998798,216051045,12.32,-5.2,-2.2,-13.4,-22.2,-9.9,4,11.7,7.6,18.2,1.0,1.0,216052123,,,,91bbc2a7e466,live,26607019,0.583639,0.380565,0.607003,13.4823,,CONFIRM,0.4821,0.9661,0.583639,curve,0.607003,curve,inert,-0.9661,False,1.0,2026-09-19,absent,-0.04488,no-feed,,,,,,
2026-09-19,DCR,130,143,13,17.66,310950618,0.67,4.0,3.5,34.3,-61.1,-1.57,4,12.5,10.4,12.0,1.0,1.0,310957258,,,,91bbc2a7e466,live,2082952,0.623173,0.521777,0.4,13.0063,,LIQUIDITY,0.4492,0.9163,0.623173,curve,0.348219,floor,inert,-0.9163,False,1.0,2026-09-19,absent,4.31,no-feed,,,,,,
2026-09-19,EDGE,175,144,13,0.566392,198237195,1.66,-9.4,-12.3,50.3,-22.1,2.26,3,11.5,11.8,12.0,0.9271,1.0,566391986,-210.678,,,91bbc2a7e466,live,3284062,0.574296,0.59057,0.4,12.5775,,LIQUIDITY,0.442,0.9163,0.574296,curve,0.370147,floor,applied,-0.9163,False,1.0,2026-09-19,current,-3.81012,cold-no-rsi,gateio,1,,4.0,SHORT_SQUEEZE_RISK,18969.35
2026-09-19,FLOKI,149,145,13,2.597e-05,250497717,8.89,-0.8,-4.0,1.0,-38.2,-8.63,4,12.0,8.0,15.9,1.0,1.0,143925644,10.95,,,91bbc2a7e466,live,22265494,0.599701,0.40055,0.530856,12.7517,,CONFIRM,0.4442,0.9149,0.599701,curve,0.530856,curve,inert,-0.9149,False,1.0,2026-09-19,current,3.49537,inert-band,gateio,1,,8.0,NEUTRAL,317287.44
2026-09-19,GRAM,24,146,13,1.37,3836218589,0.94,-5.4,-5.6,-14.7,-13.1,-9.32,4,17.9,7.8,12.0,0.9524,1.0,7199488972,10.95,,,91bbc2a7e466,live,36118244,0.895976,0.389681,0.4,13.301,,CONFIRM,0.4672,0.9424,0.895976,curve,0.354256,floor,applied,-0.9424,False,1.0,2026-09-19,current,-0.02279,inert-band,gateio,2,32.8373,4.0,NEUTRAL,1873897.86
2026-09-19,HTX,49,147,13,1.7e-06,1529178346,0.21,-4.9,0.7,-14.2,-15.7,-7.99,4,15.9,8.2,12.0,1.0,1.0,1529178346,,22.47,-0.1405,91bbc2a7e466,live,3224689,0.796115,0.410966,0.4,13.087,,LIQUIDITY,0.4506,0.9163,0.796115,curve,0.338019,floor,inert,-0.9163,False,1.0,2026-09-19,absent,1.29052,no-feed,,,,,,
2026-09-19,IOTA,161,148,13,0.047144,219264460,3.1,11.5,16.0,17.2,-63.1,-0.87,4,11.7,10.7,12.1,1.0,1.0,235010609,10.95,,,91bbc2a7e466,live,6796071,0.585242,0.534346,0.402211,12.578,,LIQUIDITY,0.4393,0.9108,0.585242,curve,0.402211,curve,inert,-0.9108,False,1.0,2026-09-19,current,9.66967,inert-band,gateio,3,339.5596,8.0,NEUTRAL,389863.44
2026-09-19,SEI,122,149,13,0.04860984,327306203,14.96,3.2,-0.2,2.4,-77.6,-14.01,4,12.6,6.4,20.0,0.9717,1.0,486098321,10.95,,,91bbc2a7e466,live,48959890,0.628739,0.321277,0.665743,13.0674,,CONFIRM,0.5579,1.1355,0.628739,curve,0.665743,curve,applied,-1.1355,False,1.0,2026-09-19,current,3.30457,inert-band,gateio,6,218.708,8.0,NEUTRAL,308257.95
2026-09-19,SHFL,207,150,13,0.321419,154386781,0.53,-3.1,1.5,-6.2,28.3,3.56,4,10.9,12.3,12.0,0.9509,1.0,295765652,,,,91bbc2a7e466,live,817339,0.547153,0.613562,0.4,12.7691,,LIQUIDITY,0.4452,0.9163,0.547153,curve,0.345098,floor,applied,-0.9163,False,1.0,2026-09-19,absent,5.10448,no-feed,,,,,,
2026-09-19,SPX,105,151,13,0.489678,455883757,2.41,-6.4,-20.0,14.6,-4.0,-4.07,4,13.3,9.5,12.0,1.0,1.0,455883757,10.95,43.56,1.1113,91bbc2a7e466,live,10980800,0.664714,0.47738,0.4,12.6928,,LIQUIDITY,0.4439,0.9163,0.664714,curve,0.38686,floor,inert,-0.9163,False,1.0,2026-09-19,current,-0.49556,inert-band,gateio,3,104.5447,4.0,NEUTRAL,502507.91
2026-09-19,SYRUP,146,152,13,0.219443,256149596,3.71,-5.8,0.6,19.0,-29.0,-2.64,4,12.0,10.1,12.5,1.0,1.0,273135694,10.95,,,91bbc2a7e466,live,9493752,0.602123,0.502656,0.415696,12.5815,,LIQUIDITY,0.4235,0.8778,0.602123,curve,0.415696,curve,inert,-0.8778,False,1.0,2026-09-19,current,-0.63305,inert-band,gateio,3,105.0729,8.0,NEUTRAL,210953.67
2026-09-19,TWT,152,153,13,0.565329,235544351,3.65,-2.2,-12.2,26.1,-5.5,1.71,4,11.9,11.6,12.4,0.9361,1.0,565329191,10.95,,,91bbc2a7e466,live,8586345,0.593018,0.580822,0.41434,13.3595,,LIQUIDITY,0.4377,0.8811,0.593018,curve,0.41434,curve,applied,-0.8811,False,1.0,2026-09-19,current,4.31846,inert-band,gateio,1,,8.0,NEUTRAL,153880.53
2026-09-19,USDY,35,154,13,1.14,2245682173,0.14,-5.1,-1.7,-12.8,-20.0,-9.16,4,16.8,7.8,12.0,1.0,1.0,2245682173,,50.0,0.0,91bbc2a7e466,live,3081130,0.837837,0.392201,0.4,13.144,,CONFIRM,0.4613,0.936,0.837837,curve,0.336382,floor,inert,-0.936,False,1.0,2026-09-19,absent,-0.15447,no-feed,,,,,,
2026-09-19,USYC,31,155,13,1.14,2508311923,0.0,-5.0,-2.0,-13.0,-20.4,-9.33,4,17.0,7.8,12.0,1.0,1.0,2508311923,,100.0,0.0,91bbc2a7e466,live,0.0,0.849845,0.389446,0.4,13.2387,,CONFIRM,0.4664,0.943,0.849845,curve,0.0,zero-volume,inert,-0.943,False,1.0,2026-09-19,absent,0.03042,no-feed,,,,,,
2026-09-19,APEPE,147,156,12,1.2e-06,251975619,3.82,-14.5,4.3,10.7,-11.9,-2.98,4,12.0,9.9,12.5,1.0,1.0,251975619,,,,91bbc2a7e466,live,9617969,0.60034,0.496613,0.418156,12.4667,,LIQUIDITY,0.4188,0.8719,0.60034,curve,0.418156,curve,inert,-0.8719,False,1.0,2026-09-19,absent,-1.30527,no-feed,,,,,,
2026-09-19,BFUSD,60,157,12,0.999665,1319558052,0.13,-5.1,-2.1,-13.2,-22.0,-9.76,4,15.6,7.7,12.0,1.0,1.0,1319558052,,,,91bbc2a7e466,live,1728186,0.780107,0.38281,0.4,11.9453,,CONFIRM,0.4519,0.9602,0.780107,curve,0.336244,floor,inert,-0.9602,False,1.0,2026-09-19,absent,0.10031,no-feed,,,,,,
2026-09-19,EURC,104,158,12,1.15,469332343,6.53,-5.9,-3.1,-15.0,-23.0,-10.89,4,13.4,7.3,14.4,1.0,1.0,469332343,-9.636,,,91bbc2a7e466,live,30668218,0.66787,0.365429,0.478543,11.6793,,CONFIRM,0.4688,1.0067,0.66787,curve,0.478543,curve,inert,-1.0067,False,1.0,2026-09-19,current,0.24589,inert-band,coinbase,1,,1.0,MILD_INVERSION,947015.5
2026-09-19,EURSAFO,53,159,12,1.16,1407771011,0.0,-6.1,-3.2,-15.0,-22.1,-10.8,3,15.7,7.3,12.0,1.0,1.0,1407771011,,,,91bbc2a7e466,live,0.0,0.787133,0.366854,0.4,11.5505,,CONFIRM,0.4646,1.0028,0.787133,curve,0.0,zero-volume,inert,-1.0028,False,1.0,2026-09-19,absent,0.06837,no-feed,,,,,,
2026-09-19,KCS,65,160,12,7.27,996814032,1.02,0.2,0.6,-13.2,-32.9,-9.67,4,15.0,7.7,12.0,1.0,1.0,1033152987,,,,91bbc2a7e466,live,10154355,0.749654,0.384131,0.4,11.5186,,CONFIRM,0.4427,0.9568,0.749654,curve,0.355971,floor,inert,-0.9568,False,1.0,2026-09-19,absent,1.53021,no-feed,,,,,,
2026-09-19,LUNC,136,161,12,5.192e-05,286164066,4.33,-3.5,-3.0,-11.5,-4.5,-5.58,4,12.3,9.0,12.9,0.994,1.0,334804974,10.95,,,91bbc2a7e466,live,12397379,0.614154,0.451281,0.429606,11.8353,,LIQUIDITY,0.3959,0.8449,0.614154,curve,0.429606,curve,applied,-0.8449,False,1.0,2026-09-19,current,1.45313,inert-band,gateio,1,,8.0,NEUTRAL,176986.45
2026-09-19,NEXO,74,162,12,0.84378,843779659,0.46,-3.9,-2.0,-4.5,-25.6,-7.92,4,14.6,8.2,12.0,1.0,1.0,843779659,,,,91bbc2a7e466,live,3851597,0.731557,0.412107,0.4,12.0592,,LIQUIDITY,0.4332,0.9163,0.731557,curve,0.343477,floor,inert,-0.9163,False,1.0,2026-09-19,absent,2.93471,no-feed,,,,,,
2026-09-19,NIGHT,111,163,12,0.02487845,413166326,2.84,12.8,12.5,14.3,-79.9,-5.44,4,13.1,9.1,12.0,0.9741,1.0,597082757,10.95,,,91bbc2a7e466,live,11752106,0.654031,0.453597,0.4,11.5593,,LIQUIDITY,0.4247,0.9163,0.654031,curve,0.396542,floor,applied,-0.9163,False,1.0,2026-09-19,current,7.60435,inert-band,gateio,3,2565.366,8.0,NEUTRAL,110271.96
2026-09-19,QNT,69,164,12,64.64,940193232,1.02,-4.8,-1.2,-8.6,-24.4,-8.77,4,14.9,8.0,12.0,1.0,1.0,944609503,10.95,,,91bbc2a7e466,live,9621752,0.743304,0.398312,0.4,11.8427,,CONFIRM,0.4315,0.9205,0.743304,curve,0.356075,floor,inert,-0.9205,False,1.0,2026-09-19,current,2.2128,inert-band,gateio,2,138.4758,8.0,NEUTRAL,85938.45
2026-09-19,SUN,123,165,12,0.01702337,327226391,6.13,-5.0,0.6,-14.0,-15.9,-8.03,4,12.6,8.2,14.1,1.0,1.0,338777567,10.95,,,91bbc2a7e466,live,20055869,0.628712,0.410234,0.469534,12.1102,,CONFIRM,0.4221,0.891,0.628712,curve,0.469534,curve,inert,-0.891,False,1.0,2026-09-19,current,1.23563,inert-band,gateio,1,,8.0,NEUTRAL,48872.74
2026-09-19,USDF,57,166,12,0.99571,1371138151,0.04,-5.2,-2.2,-13.3,-22.2,-9.88,4,15.7,7.6,12.0,1.0,1.0,1371138151,,,,91bbc2a7e466,live,526971,0.78427,0.380952,0.4,11.9508,,CONFIRM,0.4543,0.9651,0.78427,curve,0.334187,floor,inert,-0.9651,False,1.0,2026-09-19,absent,0.01304,no-feed,,,,,,
2026-09-19,USDGO,56,167,12,0.999841,1383567249,2.02,-5.1,-2.1,-13.3,-22.1,-9.8,3,15.7,7.6,12.0,1.0,1.0,1383567249,,,,91bbc2a7e466,live,27893310,0.78525,0.382113,0.4,12.0022,,CONFIRM,0.4538,0.962,0.78525,curve,0.378134,floor,inert,-0.962,False,1.0,2026-09-19,absent,-0.05747,no-feed,,,,,,
2026-09-19,XCN,195,168,12,0.00420918,165506167,6.34,-6.9,-1.8,22.5,-35.8,-4.06,4,11.1,9.6,14.2,0.9798,1.0,224766804,10.95,,,91bbc2a7e466,live,10495600,0.554704,0.477643,0.474256,12.3116,,LIQUIDITY,0.3562,0.746,0.554704,curve,0.474256,curve,applied,-0.746,False,1.0,2026-09-19,current,2.24283,inert-band,gateio,1,,4.0,NEUTRAL,168386.11
2026-09-19,XEC,196,169,12,8.1e-06,162749169,3.14,0.1,10.4,3.4,-20.9,-0.7,4,11.1,10.7,12.1,1.0,1.0,162749827,,,,91bbc2a7e466,live,5117632,0.55288,0.537403,0.403211,11.9802,,LIQUIDITY,0.4281,0.9083,0.55288,curve,0.403211,curve,inert,-0.9083,False,1.0,2026-09-19,absent,4.81025,no-feed,,,,,,
2026-09-19,A7A5,103,170,11,0.01199151,470482982,0.0,-3.7,1.6,-11.8,-26.3,-8.92,4,13.4,7.9,12.0,1.0,1.0,470482982,,,,91bbc2a7e466,live,5609.07,0.668136,0.395923,0.4,10.5812,,CONFIRM,0.4125,0.9265,0.668136,curve,0.33336,floor,inert,-0.9265,False,1.0,2026-09-19,absent,1.48519,no-feed,,,,,,
2026-09-19,APE,218,171,11,0.140108,140108116,10.48,-1.7,-3.8,-4.7,-37.9,-10.22,4,10.7,7.5,17.0,1.0,1.0,140108116,10.95,,,91bbc2a7e466,live,14677816,0.536616,0.375723,0.566135,11.4143,,CONFIRM,0.451,0.9789,0.536616,curve,0.566135,curve,inert,-0.9789,False,1.0,2026-09-19,current,5.5645,inert-band,gateio,5,74.46,8.0,NEUTRAL,256585.5
2026-09-19,EUTBL,77,172,11,1.22,791533121,0.0,-6.1,-3.2,-15.0,-22.1,-10.8,4,14.5,7.3,12.0,1.0,1.0,791533121,,,,91bbc2a7e466,live,0.0,0.724617,0.366854,0.4,10.6331,,CONFIRM,0.4474,1.0028,0.724617,curve,0.0,zero-volume,inert,-1.0028,False,1.0,2026-09-19,absent,0.06473,no-feed,,,,,,
2026-09-19,GHO,84,173,11,0.999096,698367817,1.25,-5.1,-2.1,-13.2,-22.2,-9.8,4,14.2,7.6,12.0,1.0,1.0,698367817,,,,91bbc2a7e466,live,8725525,0.711021,0.38219,0.4,10.8698,,CONFIRM,0.4334,0.9618,0.711021,curve,0.361098,floor,inert,-0.9618,False,1.0,2026-09-19,absent,0.06772,no-feed,,,,,,
2026-09-19,JAAA,78,174,11,1.05,776469917,0.0,-5.0,-1.9,-12.9,-19.9,-9.18,4,14.5,7.8,12.0,1.0,1.0,776469917,,,,91bbc2a7e466,live,0.0,0.722531,0.391807,0.4,11.3237,,CONFIRM,0.4302,0.937,0.722531,curve,0.0,zero-volume,inert,-0.937,False,1.0,2026-09-19,absent,0.0,no-feed,,,,,,
2026-09-19,JPYC,223,175,11,0.00626798,133416900,11.68,-8.6,-3.7,-13.5,-23.3,-11.54,4,10.6,7.1,17.8,1.0,1.0,133416900,,,,91bbc2a7e466,live,15582554,0.531303,0.355876,0.59288,11.21,,CONFIRM,0.4721,1.0332,0.531303,curve,0.59288,curve,inert,-1.0332,False,1.0,2026-09-19,absent,-4.17176,no-feed,,,,,,
2026-09-19,NEO,194,176,11,2.36,166653684,3.63,3.9,8.7,15.3,-48.8,-2.59,4,11.1,10.1,12.4,0.9759,1.0,236287656,10.95,,,91bbc2a7e466,live,6048626,0.555454,0.503546,0.413988,11.3,,LIQUIDITY,0.4045,0.8819,0.555454,curve,0.413988,curve,applied,-0.8819,False,1.0,2026-09-19,current,4.68058,inert-band,gateio,3,76.887,8.0,NEUTRAL,89000.23
2026-09-19,OHM,132,177,11,20.17,300958719,0.06,-6.4,-2.2,-4.7,-5.2,-4.69,4,12.4,9.3,12.0,0.9819,1.0,399867695,,,,91bbc2a7e466,live,172448,0.619627,0.466644,0.4,11.3565,,LIQUIDITY,0.4212,0.9163,0.619627,curve,0.334607,floor,applied,-0.9163,False,1.0,2026-09-19,absent,0.95969,no-feed,,,,,,
2026-09-19,REUSD,140,178,11,1.1,278709912,0.83,-5.0,-1.8,-12.7,-4.7,-6.07,4,12.2,8.9,12.0,1.0,1.0,278709912,,,,91bbc2a7e466,live,2318031,0.611288,0.442922,0.4,10.8301,,LIQUIDITY,0.4122,0.9163,0.611288,curve,0.351816,floor,inert,-0.9163,False,1.0,2026-09-19,absent,0.00638,no-feed,,,,,,
2026-09-19,SFP,212,179,11,0.29457,147284914,0.63,5.7,3.0,-7.3,-15.8,-2.53,4,10.8,10.1,12.0,1.0,1.0,147284914,10.95,,,91bbc2a7e466,live,930091,0.54204,0.504704,0.4,10.9428,,LIQUIDITY,0.4141,0.9163,0.54204,curve,0.347366,floor,inert,-0.9163,False,1.0,2026-09-19,current,1.16748,inert-band,gateio,1,,8.0,NEUTRAL,12088.4
2026-09-19,TRAC,210,180,11,0.335342,149989575,3.27,-2.7,1.1,11.1,-22.3,-2.22,4,10.9,10.2,12.2,0.9984,1.0,167670752,,,,91bbc2a7e466,live,4910787,0.544015,0.510145,0.406091,11.2521,,LIQUIDITY,0.4125,0.9012,0.544015,curve,0.406091,curve,applied,-0.9012,False,1.0,2026-09-19,absent,2.99763,no-feed,,,,,,
2026-09-19,USTB,81,181,11,11.22,741707846,0.0,-5.0,-2.0,-13.0,-20.2,-9.29,4,14.4,7.8,12.0,1.0,1.0,741707846,,,,91bbc2a7e466,live,0.0,0.717558,0.390074,0.4,11.196,,CONFIRM,0.4299,0.9414,0.717558,curve,0.0,zero-volume,inert,-0.9414,False,1.0,2026-09-19,absent,0.00952,no-feed,,,,,,
2026-09-19,APXUSD,128,182,10,0.980624,318336688,0.71,-4.6,-1.0,-9.7,-24.0,-8.86,4,12.5,7.9,12.0,1.0,1.0,318336688,,,,91bbc2a7e466,live,2271723,0.625722,0.396957,0.4,9.9354,,CONFIRM,0.4001,0.9239,0.625722,curve,0.349192,floor,inert,-0.9239,False,1.0,2026-09-19,absent,0.28855,no-feed,,,,,,
2026-09-19,AUSD,154,183,10,0.999547,233602046,4.48,-5.1,-2.1,-13.3,-22.1,-9.8,4,11.8,7.6,13.0,1.0,1.0,233602046,,,,91bbc2a7e466,live,10474356,0.592119,0.382113,0.432974,9.7963,,CONFIRM,0.4141,0.962,0.592119,curve,0.432974,curve,inert,-0.962,False,1.0,2026-09-19,absent,0.04988,no-feed,,,,,,
2026-09-19,BTSE,193,184,10,1.03,166901604,0.17,2.5,17.5,7.6,-57.1,-4.4,4,11.1,9.4,12.0,0.9889,1.0,205973168,,,,91bbc2a7e466,live,279913,0.555615,0.471695,0.4,10.3669,,LIQUIDITY,0.4043,0.9163,0.555615,curve,0.33706,floor,applied,-0.9163,False,1.0,2026-09-19,absent,-0.20147,no-feed,,,,,,
2026-09-19,COCO,188,185,10,0.168894,168893795,0.03,-5.8,-3.7,-9.0,-2.1,-5.33,4,11.1,9.1,12.0,1.0,1.0,168893795,,,,91bbc2a7e466,live,54062,0.556903,0.455402,0.4,10.1446,,LIQUIDITY,0.4004,0.9163,0.556903,curve,0.334045,floor,inert,-0.9163,False,1.0,2026-09-19,absent,-0.4012,no-feed,,,,,,
2026-09-19,CVX,179,186,10,2.0,186631803,2.86,-8.5,-12.7,7.0,-17.2,-7.42,4,11.4,8.4,12.0,1.0,1.0,200242790,10.95,,,91bbc2a7e466,live,5345140,0.567746,0.420311,0.4,9.5452,,LIQUIDITY,0.3901,0.9163,0.567746,curve,0.396978,floor,inert,-0.9163,False,1.0,2026-09-19,current,2.52468,inert-band,gateio,2,10.6043,8.0,NEUTRAL,38283.28
2026-09-19,JTRSY,119,187,10,1.12,350235306,0.0,-5.0,-2.0,-13.0,-20.2,-9.29,4,12.7,7.8,12.0,1.0,1.0,350235306,,,,91bbc2a7e466,live,0.0,0.63609,0.390074,0.4,9.9249,,CONFIRM,0.4075,0.9414,0.63609,curve,0.0,zero-volume,inert,-0.9414,False,1.0,2026-09-19,absent,0.0,no-feed,,,,,,
2026-09-19,MHA,94,188,10,0.053963,544517469,1.33,-5.1,-2.1,-13.3,-22.1,-9.8,0,13.7,7.6,12.0,1.0,1.0,544517469,,,,91bbc2a7e466,live,7249829,0.684003,0.382113,0.4,10.4546,,CONFIRM,0.426,0.962,0.684003,curve,0.362921,floor,inert,-0.962,False,1.0,2026-09-19,absent,-0.23905,no-feed,,,,,,
2026-09-19,MX,192,189,10,1.82,167232220,3.75,-2.4,1.3,-3.1,-20.8,-5.33,4,11.1,9.1,12.5,0.9125,1.0,744818344,,,,91bbc2a7e466,live,6266995,0.55583,0.455488,0.416611,9.6246,,LIQUIDITY,0.3741,0.8756,0.55583,curve,0.416611,curve,applied,-0.8756,False,1.0,2026-09-19,absent,0.7001,no-feed,,,,,,
2026-09-19,OUSG,125,190,10,116.61,326849960,0.0,-5.0,-2.0,-13.0,-20.2,-9.29,4,12.6,7.8,12.0,1.0,1.0,326849960,,,,91bbc2a7e466,live,0.0,0.628587,0.390074,0.4,9.8078,,CONFIRM,0.4054,0.9414,0.628587,curve,0.0,zero-volume,inert,-0.9414,False,1.0,2026-09-19,absent,0.01053,no-feed,,,,,,
2026-09-19,SNX,225,191,10,0.226375,131519700,7.46,3.0,4.4,-2.9,-52.0,-9.12,4,10.6,7.9,15.0,1.0,1.0,131615600,10.95,,,91bbc2a7e466,live,9807278,0.529748,0.392675,0.499042,10.381,,CONFIRM,0.4127,0.9348,0.529748,curve,0.499042,curve,inert,-0.9348,False,1.0,2026-09-19,current,2.72664,inert-band,gateio,3,1.7475,8.0,NEUTRAL,117323.29
2026-09-19,SOFID,127,192,10,0.999488,326665493,4.37,-5.1,-2.1,-13.2,-22.1,-9.78,3,12.6,7.7,12.9,1.0,1.0,326665493,,,,91bbc2a7e466,live,14288933,0.628526,0.3825,0.430537,10.3506,,CONFIRM,0.4237,0.961,0.628526,curve,0.430537,curve,inert,-0.961,False,1.0,2026-09-19,absent,0.01473,no-feed,,,,,,
2026-09-19,USD0,93,193,10,0.998822,545944068,0.01,-5.1,-2.1,-13.3,-22.0,-9.78,4,13.7,7.6,12.0,1.0,1.0,545944068,,,,91bbc2a7e466,live,69651,0.684287,0.382423,0.4,10.4675,,CONFIRM,0.4259,0.9612,0.684287,curve,0.333617,floor,inert,-0.9612,False,1.0,2026-09-19,absent,0.02146,no-feed,,,,,,
2026-09-19,USDTB,100,194,10,0.999596,482933377,0.07,-5.1,-2.1,-13.3,-22.2,-9.82,4,13.4,7.6,12.0,1.0,1.0,482933377,,,,91bbc2a7e466,live,331998,0.670972,0.381803,0.4,10.2472,,CONFIRM,0.4226,0.9629,0.670972,curve,0.334861,floor,inert,-0.9629,False,1.0,2026-09-19,absent,0.05467,no-feed,,,,,,
2026-09-19,YLDS,96,195,10,0.999766,516111874,2.62,-5.1,-2.1,-13.3,-22.1,-9.8,4,13.6,7.6,12.0,1.0,1.0,516111874,,,,91bbc2a7e466,live,13505565,0.678186,0.382113,0.4,10.3657,,CONFIRM,0.4244,0.962,0.678186,curve,0.391484,floor,inert,-0.962,False,1.0,2026-09-19,absent,0.01159,no-feed,,,,,,
2026-09-19,APYUSD,185,196,9,1.37,176518837,0.35,-5.0,-1.8,-10.2,-22.1,-8.92,3,11.2,7.9,12.0,1.0,1.0,176518837,,,,91bbc2a7e466,live,610961,0.561698,0.395923,0.4,8.8956,,CONFIRM,0.3829,0.9265,0.561698,curve,0.341025,floor,inert,-0.9265,False,1.0,2026-09-19,absent,0.14606,no-feed,,,,,,
2026-09-19,BDX,88,197,9,0.075679,595651923,0.57,-6.6,-7.5,-21.5,-27.4,-14.71,4,13.9,6.2,12.0,0.9867,1.0,752227442,,,,91bbc2a7e466,live,3424998,0.693748,0.312065,0.4,8.5446,,CONFIRM,0.4734,1.1645,0.693748,curve,0.346111,floor,applied,-1.1645,False,1.0,2026-09-19,absent,-0.31516,no-feed,,,,,,
2026-09-19,CASH,227,198,9,0.999505,127708136,4.67,-5.1,-2.1,-13.3,-22.2,-9.82,4,10.5,7.6,13.1,1.0,1.0,127708136,,,,91bbc2a7e466,live,5959193,0.526555,0.381803,0.437028,8.786,,CONFIRM,0.3959,0.9629,0.526555,curve,0.437028,curve,inert,-0.9629,False,1.0,2026-09-19,absent,0.04427,no-feed,,,,,,
2026-09-19,EGLD,229,199,9,4.11,126793978,5.7,-13.9,-14.9,29.2,-47.1,-10.02,4,10.5,7.6,13.8,1.0,1.0,126793978,-339.9975,,,91bbc2a7e466,live,7221108,0.525775,0.378792,0.459892,9.1592,,CONFIRM,0.4061,0.9708,0.525775,curve,0.459892,curve,inert,-0.9708,False,1.0,2026-09-19,current,1.51952,cold-no-rsi,gateio,2,432.4799,8.0,SHORT_SQUEEZE_RISK,205539.05
2026-09-19,GNO,129,200,9,119.41,315181621,0.39,-3.7,-0.8,-15.8,-29.4,-11.14,4,12.5,7.2,12.0,0.9968,1.0,358216700,,,,91bbc2a7e466,live,1232407,0.62464,0.361776,0.4,9.0103,,CONFIRM,0.4224,1.0167,0.62464,curve,0.342023,floor,applied,-1.0167,False,1.0,2026-09-19,absent,3.12762,no-feed,,,,,,
2026-09-19,KAU,120,201,9,142.58,340234134,0.03,-1.9,-0.8,-14.4,-37.9,-11.95,4,12.7,7.0,12.0,0.9616,1.0,568376796,,,,91bbc2a7e466,live,97129,0.632944,0.349912,0.4,8.5188,,CONFIRM,0.4264,1.0501,0.632944,curve,0.333968,floor,applied,-1.0501,False,1.0,2026-09-19,absent,1.8693,no-feed,,,,,,
2026-09-19,PC0000031,170,202,9,1.0,202500000,0.0,-5.1,-2.1,-13.3,-22.1,-9.8,4,11.5,7.6,12.0,1.0,1.0,202500000,,,,91bbc2a7e466,live,0.0,0.576606,0.382113,0.4,8.8131,,CONFIRM,0.3961,0.962,0.576606,curve,0.0,zero-volume,inert,-0.962,False,1.0,2026-09-19,absent,0.0,no-feed,,,,,,
2026-09-19,RLB,230,203,9,0.080587,126577169,0.12,-5.7,-2.9,-8.8,-16.5,-7.94,4,10.5,8.2,12.0,1.0,1.0,126578731,0.0,,,91bbc2a7e466,live,146231,0.525589,0.411781,0.4,8.6571,,LIQUIDITY,0.3745,0.9163,0.525589,curve,0.335901,floor,inert,-0.9163,False,1.0,2026-09-19,current,-0.13362,inert-band,hyperliquid,1,,1.0,NEUTRAL,
2026-09-19,SAFO,183,204,9,1.021,179632024,0.0,-5.0,-2.0,-12.9,-22.1,-9.64,3,11.3,7.7,12.0,1.0,1.0,179632024,,,,91bbc2a7e466,live,0.0,0.563596,0.38452,0.4,8.6686,,CONFIRM,0.3908,0.9558,0.563596,curve,0.0,zero-volume,inert,-0.9558,False,1.0,2026-09-19,absent,0.0333,no-feed,,,,,,
2026-09-19,STRCX,206,205,9,106.9,156308158,0.25,-4.8,-1.5,-9.2,-15.9,-7.3,4,11.0,8.4,12.0,0.9501,1.0,302678450,,,,91bbc2a7e466,live,387350,0.548495,0.422294,0.4,8.8027,,LIQUIDITY,0.3771,0.9163,0.548495,curve,0.33884,floor,applied,-0.9163,False,1.0,2026-09-19,absent,0.04625,no-feed,,,,,,
2026-09-19,TIBBIR,162,206,9,0.216291,216270126,1.03,-1.1,-13.3,-25.2,3.1,-9.34,4,11.7,7.8,12.0,1.0,1.0,216270126,,48.14,-1.5387,91bbc2a7e466,live,2231754,0.583749,0.389367,0.4,9.0917,,CONFIRM,0.3934,0.9432,0.583749,curve,0.356265,floor,inert,-0.9432,False,1.0,2026-09-19,absent,9.1823,no-feed,,,,,,
2026-09-19,USAT,180,207,9,0.99938,184203250,0.16,-5.1,-2.1,-13.2,-22.0,-9.76,4,11.3,7.7,12.0,1.0,1.0,184203250,,,,91bbc2a7e466,live,299126,0.566324,0.38281,0.4,8.6718,,CONFIRM,0.3927,0.9602,0.566324,curve,0.336942,floor,inert,-0.9602,False,1.0,2026-09-19,absent,0.05089,no-feed,,,,,,
2026-09-19,USDAI,131,208,9,0.999857,306258709,0.46,-5.1,-2.2,-13.2,-22.1,-9.8,4,12.4,7.6,12.0,1.0,1.0,306258709,,,,91bbc2a7e466,live,1417408,0.621522,0.382113,0.4,9.4997,,CONFIRM,0.4087,0.962,0.621522,curve,0.343618,floor,inert,-0.962,False,1.0,2026-09-19,absent,0.05178,no-feed,,,,,,
2026-09-19,USTBL,191,209,9,1.096,167375713,0.0,-5.0,-2.0,-13.0,-20.2,-9.29,4,11.1,7.8,12.0,1.0,1.0,167375713,,,,91bbc2a7e466,live,0.0,0.555923,0.390074,0.4,8.6741,,CONFIRM,0.3851,0.9414,0.555923,curve,0.0,zero-volume,inert,-0.9414,False,1.0,2026-09-19,absent,0.0114,no-feed,,,,,,
2026-09-19,USX,155,210,9,0.999593,232455154,0.41,-5.1,-2.1,-13.3,-22.1,-9.8,4,11.8,7.6,12.0,1.0,1.0,232455154,,,,91bbc2a7e466,live,944039,0.591585,0.382113,0.4,9.0421,,CONFIRM,0.4003,0.962,0.591585,curve,0.342358,floor,inert,-0.962,False,1.0,2026-09-19,absent,0.05017,no-feed,,,,,,
2026-09-19,VSN,201,211,9,0.04241992,159456818,1.51,-2.9,1.3,0.2,-44.1,-9.31,4,11.0,7.8,12.0,0.9985,1.0,178163670,,,,91bbc2a7e466,live,2413472,0.550661,0.389681,0.4,8.5704,,CONFIRM,0.3836,0.9424,0.550661,curve,0.366968,floor,applied,-0.9424,False,1.0,2026-09-19,absent,-0.22988,no-feed,,,,,,
2026-09-19,WLFI,44,212,9,0.05902,1875504010,1.86,-1.2,2.3,-15.7,-65.3,-16.77,4,16.4,5.7,12.0,0.923,1.0,5902007109,10.95,,,91bbc2a7e466,live,34868533,0.818279,0.286522,0.4,8.6561,,CONFIRM,0.5108,1.2499,0.818279,curve,0.374648,floor,applied,-1.2499,False,1.0,2026-09-19,current,1.71252,inert-band,gateio,5,57.378,4.0,NEUTRAL,1698445.8
2026-09-19,XDC,90,213,9,0.02845452,567573469,1.77,-3.6,0.5,-9.0,-43.9,-11.99,4,13.8,7.0,12.0,0.9511,1.0,1083140882,10.95,,,91bbc2a7e466,live,10057851,0.688506,0.349407,0.4,9.1522,,CONFIRM,0.4397,1.0515,0.688506,curve,0.372713,floor,applied,-1.0515,False,1.0,2026-09-19,current,2.83972,inert-band,gateio,1,,4.0,NEUTRAL,173364.91
2026-09-19,AVUSD,234,214,8,0.999151,122883901,0.0,-5.1,-2.1,-13.3,-22.1,-9.8,4,10.4,7.6,12.0,1.0,1.0,122883901,,,,91bbc2a7e466,live,289.41,0.522374,0.382113,0.4,7.9842,,CONFIRM,0.3806,0.962,0.522374,curve,0.333339,floor,inert,-0.962,False,1.0,2026-09-19,absent,0.07982,no-feed,,,,,,
2026-09-19,BLORB,233,215,8,0.123992,123991501,0.0,-5.1,-2.1,-13.3,-22.1,-9.8,0,10.5,7.6,12.0,1.0,1.0,123991501,,,,91bbc2a7e466,live,467.09,0.523348,0.382113,0.4,7.9991,,CONFIRM,0.3809,0.962,0.523348,curve,0.333342,floor,inert,-0.962,False,1.0,2026-09-19,absent,4.95289,no-feed,,,,,,
2026-09-19,BORG,189,216,8,0.171431,168234228,0.24,-4.1,-9.1,-0.4,-31.5,-9.91,4,11.1,7.6,12.0,1.0,1.0,168234228,,,,91bbc2a7e466,live,406014,0.556479,0.380488,0.4,8.4693,,CONFIRM,0.3914,0.9663,0.556479,curve,0.338696,floor,inert,-0.9663,False,1.0,2026-09-19,absent,1.89556,no-feed,,,,,,
2026-09-19,CFX,145,217,8,0.04995357,261791768,2.49,-0.1,2.3,-0.5,-70.7,-13.72,4,12.1,6.5,12.0,1.0,1.0,261795044,5.1465,,,91bbc2a7e466,live,6519992,0.604489,0.325171,0.4,7.8625,,CONFIRM,0.4418,1.1234,0.604489,curve,0.388678,floor,inert,-1.1234,False,1.0,2026-09-19,current,4.90591,inert-band,gateio,4,170.6754,8.0,NEUTRAL,503852.29
2026-09-19,JPYSC,228,218,8,0.0063744,127692727,0.0,-7.2,-2.5,-12.4,-22.1,-10.3,3,10.5,7.5,12.0,1.0,1.0,127692727,,,,91bbc2a7e466,live,0.0,0.526542,0.374347,0.4,7.8844,,CONFIRM,0.3868,0.9826,0.526542,curve,0.0,zero-volume,inert,-0.9826,False,1.0,2026-09-19,absent,0.62925,no-feed,,,,,,
2026-09-19,KAG,150,219,8,65.93,245401930,0.08,-3.1,-1.4,-14.2,-43.8,-13.59,4,11.9,6.5,12.0,1.0,1.0,241925477,,,,91bbc2a7e466,live,202145,0.597469,0.326931,0.4,7.8133,,CONFIRM,0.4385,1.118,0.597469,curve,0.335164,floor,inert,-1.118,False,1.0,2026-09-19,absent,-1.58106,no-feed,,,,,,
2026-09-19,KITE,141,220,8,0.115997,277372758,3.51,4.4,-13.8,7.1,-61.5,-12.66,4,12.2,6.8,12.3,0.914,1.0,1159974994,10.95,,,91bbc2a7e466,live,9726213,0.610766,0.339859,0.411257,7.8025,,CONFIRM,0.4231,1.0792,0.610766,curve,0.411257,curve,applied,-1.0792,False,1.0,2026-09-19,current,5.44146,inert-band,gateio,1,,4.0,NEUTRAL,305426.59
2026-09-19,OZO,232,221,8,0.130783,125673507,0.18,-4.9,-2.3,-13.2,-22.6,-9.87,4,10.5,7.6,12.0,1.0,1.0,130782756,,,,91bbc2a7e466,live,220637,0.524811,0.381106,0.4,8.0004,,CONFIRM,0.3819,0.9647,0.524811,curve,0.337235,floor,inert,-0.9647,False,1.0,2026-09-19,absent,-0.07808,no-feed,,,,,,
2026-09-19,PC0000033,197,222,8,1.0,162500000,0.0,-5.1,-2.1,-13.3,-22.1,-9.8,4,11.1,7.6,12.0,1.0,1.0,162500000,,,,91bbc2a7e466,live,0.0,0.552713,0.382113,0.4,8.4479,,CONFIRM,0.3893,0.962,0.552713,curve,0.0,zero-volume,inert,-0.962,False,1.0,2026-09-19,absent,0.0,no-feed,,,,,,
2026-09-19,PC0000097,222,223,8,1.0,134000000,0.0,-5.1,-2.1,-13.3,-22.1,-9.8,4,10.6,7.6,12.0,1.0,1.0,0.0,,,,91bbc2a7e466,live,0.0,0.531776,0.382113,0.4,8.1279,,CONFIRM,0.3833,0.962,0.531776,curve,0.0,zero-volume,unpublished,-0.962,False,1.0,2026-09-19,absent,0.0,no-feed,,,,,,
2026-09-19,ZBCN,181,224,8,0.00183074,183071803,4.3,-5.1,-4.4,-13.0,-41.3,-14.14,4,11.3,6.4,12.9,1.0,1.0,183071803,10.95,,,91bbc2a7e466,live,7866457,0.565655,0.319546,0.428821,7.751,,CONFIRM,0.4461,1.1409,0.565655,curve,0.428821,curve,inert,-1.1409,False,1.0,2026-09-19,current,1.82074,inert-band,gateio,1,,4.0,NEUTRAL,27480.07
2026-09-19,FLR,89,225,7,0.0065546,569193418,0.53,-2.5,-3.7,-10.7,-79.3,-20.21,4,13.8,5.0,12.0,0.9894,1.0,698594407,10.95,,,91bbc2a7e466,live,2991102,0.688815,0.249082,0.4,6.7901,,CONFIRM,0.5168,1.39,0.688815,curve,0.345011,floor,applied,-1.39,False,1.0,2026-09-19,current,2.00273,inert-band,gateio,1,,8.0,NEUTRAL,16087.4
2026-09-19,JASMY,174,226,7,0.00403535,199528012,3.68,-5.4,-9.7,-4.6,-57.5,-16.7,4,11.5,5.7,12.5,1.0,1.0,201767634,10.95,,,91bbc2a7e466,live,7349030,0.575001,0.287411,0.415182,6.8614,,CONFIRM,0.4654,1.2468,0.575001,curve,0.415182,curve,inert,-1.2468,False,1.0,2026-09-19,current,1.22824,inert-band,gateio,2,67.014,8.0,NEUTRAL,172293.72
2026-09-19,KAIA,176,227,7,0.03050451,195932211,2.54,-0.6,-3.9,7.7,-72.9,-13.81,4,11.5,6.5,12.0,1.0,1.0,195936740,10.95,,,91bbc2a7e466,live,4985759,0.573026,0.323957,0.4,7.4254,,CONFIRM,0.4335,1.1271,0.573026,curve,0.389881,floor,inert,-1.1271,False,1.0,2026-09-19,current,3.33435,inert-band,gateio,2,110.3114,4.0,NEUTRAL,34768.54
2026-09-19,2Z,187,228,6,0.050078,173745191,1.95,1.2,-6.5,-17.5,-51.9,-16.02,4,11.2,5.9,12.0,0.9268,1.0,500683605,10.95,,,91bbc2a7e466,live,3387161,0.559978,0.29555,0.4,6.1355,,CONFIRM,0.4367,1.2189,0.559978,curve,0.376656,floor,applied,-1.2189,False,1.0,2026-09-19,current,3.34392,inert-band,gateio,3,321.2674,4.0,NEUTRAL,49965.0
2026-09-19,NFT,153,229,6,2.37026e-07,234680949,3.13,-3.4,-4.1,-27.5,-51.1,-19.14,4,11.9,5.2,12.1,1.0,1.0,234680949,,,,91bbc2a7e466,live,7356507,0.592619,0.260036,0.402993,6.2102,,CONFIRM,0.4847,1.3469,0.592619,curve,0.402993,curve,inert,-1.3469,False,1.0,2026-09-19,absent,0.00068,no-feed,,,,,,
2026-09-19,STABLE,85,230,6,0.02533739,670354696,1.45,-13.6,-15.3,-26.2,-38.8,-22.21,4,14.1,4.6,12.0,0.9167,1.0,2533738924,10.95,18.25,-0.9691,91bbc2a7e466,live,9742926,0.706576,0.230184,0.4,5.9638,,CONFIRM,0.521,1.4689,0.706576,curve,0.365631,floor,applied,-1.4689,False,1.0,2026-09-19,current,5.37574,inert-band,gateio,2,0.0,4.0,NEUTRAL,97391.79
2026-09-19,H,203,231,5,0.079356,158059938,2.74,-16.0,-2.7,-17.2,-57.8,-21.34,4,11.0,4.8,12.0,0.91,1.0,793559916,10.95,,,91bbc2a7e466,live,4327058,0.549705,0.238221,0.4,4.7666,,CONFIRM,0.4713,1.4346,0.549705,curve,0.394169,floor,applied,-1.4346,False,1.0,2026-09-19,current,-2.96852,inert-band,gateio,1,,4.0,NEUTRAL,1696542.65
2026-09-19,PI,68,232,5,0.084953,955132556,0.77,-15.4,-12.7,-18.8,-80.0,-28.5,4,14.9,3.7,12.0,0.9686,1.0,1469434688,10.95,,,91bbc2a7e466,live,7383889,0.745016,0.183544,0.4,5.298,,CONFIRM,0.5771,1.6953,0.745016,curve,0.350513,floor,applied,-1.6953,False,1.0,2026-09-19,current,2.20184,inert-band,gateio,1,,4.0,NEUTRAL,1248299.05
2026-09-19,TEL,208,233,5,0.00155186,153123106,0.79,-12.8,-10.9,-19.5,-64.0,-24.24,4,10.9,4.3,12.0,1.0,1.0,155185657,,,,91bbc2a7e466,live,1215393,0.54626,0.213162,0.4,4.6577,,CONFIRM,0.504,1.5457,0.54626,curve,0.350972,floor,inert,-1.5457,False,1.0,2026-09-19,absent,3.38238,no-feed,,,,,,
2026-09-19,HASH,109,234,4,0.0072155,419004033,0.0,-19.1,-12.5,-27.0,-76.7,-30.95,4,13.1,3.4,12.0,0.9633,1.0,685316837,,,,91bbc2a7e466,live,2636.61,0.655555,0.169828,0.4,4.2898,,CONFIRM,0.563,1.773,0.655555,curve,0.333347,floor,applied,-1.773,False,1.0,2026-09-19,absent,1.02732,no-feed,,,,,,
2026-09-19,ULTIMA,198,235,4,1916.63,162353706,4.22,-10.7,-12.4,-32.8,-81.7,-30.85,4,11.1,3.4,12.8,0.9932,1.0,191662778,,,,91bbc2a7e466,live,6845427,0.552616,0.170319,0.42703,3.9919,,CONFIRM,0.5496,1.7701,0.552616,curve,0.42703,curve,applied,-1.7701,False,1.0,2026-09-19,absent,1.95668,no-feed,,,,,,
2026-09-20,ZEC,7,1,100,1434.22,24299029597,4.11,27.7,20.9,119.1,515.1,146.33,4,20.0,20.0,30.0,1.0,1.0,24299329887,10.95,67.61,1.9182,91bbc2a7e466,live,998007343,1.0,0.999993,1.0,99.9993,,CONFIRM,1.0,0.0,1.096397,cap,0.424604,bypass,inert,-0.0,False,1.0,2026-09-20,current,-6.82309,inert-band,gateio,5,23.2556,8.0,NEUTRAL,26946748.15
2026-09-20,NEAR,20,2,92,3.57,4666503280,24.22,49.3,48.7,84.3,143.5,76.74,4,18.3,20.0,30.0,1.0,1.0,4666503323,10.95,83.67,1.2631,91bbc2a7e466,live,1130035757,0.917248,0.998063,1.0,91.5471,,DEPTH,0.978,0.0864,0.917248,curve,0.871464,bypass,inert,-0.0864,False,1.0,2026-09-20,current,-1.93897,inert-band,gateio,6,28.47,8.0,NEUTRAL,11253945.53
2026-09-20,UNI,18,3,91,8.72,5417049374,15.05,36.3,24.6,119.3,93.7,65.61,4,18.7,19.9,30.0,0.9751,1.0,7748558451,10.95,76.11,0.2144,91bbc2a7e466,live,815490175,0.933441,0.995294,1.0,90.5915,,DEPTH,0.6971,0.0689,0.933441,curve,0.66787,bypass,applied,-0.0689,False,1.0,2026-09-20,current,-4.50544,inert-band,gateio,6,56.416,8.0,NEUTRAL,12022910.9
2026-09-20,HYPE,9,4,89,90.75,20187056035,4.14,11.9,2.9,19.5,164.0,41.97,4,20.0,19.4,30.0,0.9133,1.0,86694579048,10.95,69.98,1.0698,91bbc2a7e466,live,834855897,1.0,0.969718,1.0,88.5643,,SUPPLY,0.7468,0.0907,1.076268,cap,0.425236,bypass,applied,-0.0907,False,1.0,2026-09-20,current,-1.41927,inert-band,gateio,5,27.394,4.0,NEUTRAL,22530832.69
2026-09-20,AVAX,22,5,77,9.93,4399457986,25.22,28.6,27.1,25.7,-8.9,20.0,4,18.2,17.0,30.0,1.0,1.0,4664378341,6.6795,88.98,,91bbc2a7e466,live,1109684093,0.91085,0.848817,1.0,77.3144,,CONFIRM,0.6371,0.1639,0.91085,curve,0.893849,bypass,inert,-0.1639,False,1.0,2026-09-20,current,7.12548,inert-band,gateio,6,22.338,8.0,NEUTRAL,5396679.52
2026-09-20,WBT,12,6,74,81.7,9713586241,0.7,-2.1,10.4,14.3,48.5,15.25,4,19.9,15.9,30.0,0.9345,1.0,23976557372,,64.06,0.8528,91bbc2a7e466,live,68229157,0.996845,0.794794,1.0,74.0391,,CONFIRM,0.7641,0.2297,0.996845,curve,0.348942,bypass,applied,-0.2297,True,1.0,2026-09-20,absent,-1.69301,no-feed,,,,,,
2026-09-20,XMR,11,7,72,520.46,9788370744,1.29,-7.5,-4.6,22.7,38.8,10.04,4,20.0,14.4,30.0,1.0,1.0,9788389168,10.95,49.1,0.7489,91bbc2a7e466,live,126451798,0.997678,0.721516,1.0,71.984,,CONFIRM,0.9929,0.3264,0.997678,curve,0.362041,bypass,inert,-0.3264,True,1.0,2026-09-20,current,-11.52789,inert-band,gateio,4,141.6111,8.0,NEUTRAL,711734.53
2026-09-20,ENA,37,8,70,0.203823,2057655610,38.18,41.2,15.1,45.0,58.4,39.06,4,16.6,19.2,27.3,0.9716,1.0,3057343114,10.95,85.32,2.9834,91bbc2a7e466,live,785518308,0.828343,0.962128,0.909005,70.3878,,DEPTH,0.5363,0.1883,0.828343,curve,0.909005,curve,applied,-0.1883,False,1.0,2026-09-20,current,7.19028,inert-band,gateio,5,149.5262,4.0,NEUTRAL,5107849.96
2026-09-20,ARB,51,9,67,0.212118,1439345013,24.18,49.8,9.1,118.5,92.2,65.28,4,15.8,19.9,26.1,0.9724,1.0,2121183683,4.4895,80.45,1.5447,91bbc2a7e466,live,348093783,0.789541,0.995171,0.87076,66.5297,,DEPTH,0.5799,0.2363,0.789541,curve,0.87076,curve,applied,-0.2363,False,1.0,2026-09-20,current,-0.07307,inert-band,gateio,6,56.064,8.0,NEUTRAL,2815410.98
2026-09-20,SOL,5,10,66,108.01,63440720436,4.58,3.6,1.0,14.8,6.9,6.41,4,20.0,13.3,30.0,1.0,1.0,68518067620,10.95,61.55,1.265,91bbc2a7e466,live,2902848748,1.0,0.662916,1.0,66.2916,,CONFIRM,1.0,0.4111,1.200592,cap,0.435015,bypass,inert,-0.4111,True,1.0,2026-09-20,current,-3.46971,inert-band,gateio,6,27.4378,8.0,NEUTRAL,393539476.5
2026-09-20,ETH,2,11,61,2570.89,313815142883,3.22,-1.1,2.4,3.9,11.4,3.53,4,20.0,12.3,30.0,1.0,1.0,313815142883,5.5845,60.12,0.9102,91bbc2a7e466,live,10100092333,1.0,0.613033,1.0,61.3033,,CONFIRM,1.0,0.4893,1.374168,cap,0.404855,bypass,inert,-0.4893,True,1.0,2026-09-20,current,-2.5799,inert-band,gateio,6,21.1653,8.0,NEUTRAL,1550099216.48
2026-09-20,STRK,120,12,60,0.04652819,342010355,45.28,56.3,51.0,68.4,-17.1,43.32,4,12.7,19.5,29.9,0.9797,1.0,465281875,10.95,,,91bbc2a7e466,live,154867610,0.63351,0.972724,0.996246,60.1454,,DEPTH,0.8979,0.4565,0.63351,curve,0.996246,curve,applied,-0.4565,True,1.0,2026-09-20,current,0.83894,inert-band,gateio,5,120.4383,4.0,NEUTRAL,505623.27
2026-09-20,INJ,79,13,59,7.7,769778823,31.73,28.8,49.8,55.0,136.1,62.06,4,14.4,19.9,24.7,1.0,1.0,769778823,10.95,79.41,-0.4165,91bbc2a7e466,live,244279496,0.721591,0.993762,0.823116,59.0249,,DEPTH,0.6189,0.3263,0.721591,curve,0.823116,curve,inert,-0.3263,False,1.0,2026-09-20,current,2.58234,inert-band,gateio,6,36.1112,8.0,NEUTRAL,1663430.99
2026-09-20,BNB,3,14,58,750.67,99958927193,0.98,-0.1,-1.7,7.3,2.6,1.89,4,20.0,11.7,30.0,1.0,1.0,99958926352,10.95,60.46,0.7629,91bbc2a7e466,live,975190638,1.0,0.583955,1.0,58.3955,,CONFIRM,1.0,0.5379,1.249955,cap,0.355013,bypass,inert,-0.5379,True,1.0,2026-09-20,current,-1.98491,inert-band,gateio,6,48.5867,8.0,NEUTRAL,15328610.12
2026-09-20,LINK,14,15,56,12.01,8982213072,4.9,0.8,-3.0,1.4,7.9,1.42,4,19.8,11.5,30.0,0.9813,1.0,12006701547,10.95,56.39,1.2339,91bbc2a7e466,live,440069307,0.988346,0.575533,1.0,55.8188,,CONFIRM,0.9475,0.5525,0.988346,curve,0.442208,bypass,applied,-0.5525,True,1.0,2026-09-20,current,-4.00212,inert-band,gateio,6,78.8334,8.0,NEUTRAL,60973488.58
2026-09-20,TRX,6,16,56,0.342084,32482885211,1.19,-3.9,1.9,-2.7,8.4,0.31,4,20.0,11.1,30.0,1.0,1.0,32483800444,10.95,66.07,0.1836,91bbc2a7e466,live,387047463,1.0,0.55558,1.0,55.558,,CONFIRM,1.0,0.5877,1.127914,cap,0.359812,bypass,inert,-0.5877,True,1.0,2026-09-20,current,1.3286,inert-band,gateio,5,45.6423,8.0,NEUTRAL,4834741.67
2026-09-20,BTC,1,17,55,80325,1613486320571,1.48,0.0,0.0,0.0,0.0,0.0,4,20.0,11.0,30.0,1.0,1.0,1613488328705,6.6795,64.15,1.0,91bbc2a7e466,live,23840842157,1.0,0.55,1.0,55.0,,CONFIRM,1.0,0.5978,1.551941,cap,0.366169,bypass,inert,-0.5978,True,1.0,2026-09-20,current,-1.16599,inert-band,gateio,6,10.95,8.0,NEUTRAL,2523919560.35
2026-09-20,DRV,116,18,55,0.375311,375193982,24.75,153.5,127.6,226.5,789.7,292.51,4,12.9,20.0,26.5,0.9708,1.0,562965910,,91.93,4.058,91bbc2a7e466,live,92853314,0.643564,1.0,0.883291,55.1855,,DEPTH,0.7414,0.4407,0.643564,curve,0.883291,curve,applied,-0.4407,True,1.0,2026-09-20,absent,-0.84054,no-feed,,,,,,
2026-09-20,LTC,21,19,53,56.92,4418832101,6.94,1.3,4.5,9.3,-11.0,1.64,4,18.2,11.6,30.0,1.0,1.0,4418987929,10.1835,74.4,0.6709,91bbc2a7e466,live,306501682,0.911327,0.579478,1.0,52.8094,,CONFIRM,0.8546,0.5456,0.911327,curve,0.487472,bypass,inert,-0.5456,True,1.0,2026-09-20,current,-0.57837,inert-band,gateio,6,102.3467,8.0,NEUTRAL,5875802.23
2026-09-20,XLM,17,20,53,0.189194,6596693601,3.76,1.3,1.0,-5.2,8.6,1.06,4,19.1,11.4,30.0,0.9748,1.0,9460062136,2.628,55.14,1.5481,91bbc2a7e466,live,247955690,0.954832,0.569069,1.0,52.9672,,CONFIRM,0.8871,0.5638,0.954832,curve,0.416862,bypass,applied,-0.5638,True,1.0,2026-09-20,current,-2.21937,inert-band,gateio,5,43.8998,8.0,NEUTRAL,1346149.68
2026-09-20,AR,135,21,51,4.29,281325768,32.96,65.8,43.8,101.1,50.4,66.05,4,12.2,19.9,25.2,1.0,1.0,281325768,10.95,,,91bbc2a7e466,live,92731088,0.612302,0.995456,0.839496,51.169,,DEPTH,0.7321,0.4905,0.612302,curve,0.839496,curve,inert,-0.4905,True,1.0,2026-09-20,current,-7.46314,inert-band,gateio,3,214.0905,8.0,NEUTRAL,1339003.71
2026-09-20,AKE,57,22,48,0.060526,1379762660,10.99,474.7,501.9,938.9,35011.9,7504.99,4,15.7,20.0,17.3,0.9128,1.15,6052586107,-2823.348,84.13,3.2747,91bbc2a7e466,live,151611121,0.784951,1.0,0.577516,47.5861,,LIQUIDITY,0.5371,0.549,0.784951,curve,0.577516,curve,applied,-0.549,False,1.15,2026-09-20,current,-1.73902,cold-squeeze,gateio,1,,1.0,SHORT_SQUEEZE_RISK,3105987.03
2026-09-20,PONS,113,23,48,0.574747,394187387,17.98,-1.5,-38.0,1267.2,-12.2,304.41,3,13.0,20.0,22.0,1.0,1.0,394161538,10.95,47.41,3.6098,91bbc2a7e466,live,70878944,0.648926,1.0,0.732912,47.5605,,DEPTH,0.5819,0.4324,0.648926,curve,0.732912,curve,inert,-0.4324,False,1.0,2026-09-20,current,-12.4984,inert-band,gateio,2,0.0,4.0,NEUTRAL,2665544.53
2026-09-20,FIGR_HELOC,8,24,47,1.017,23140466333,0.0,-3.1,0.7,-4.4,-13.8,-4.62,4,20.0,9.4,30.0,1.0,1.0,23140466333,,45.47,-0.2487,91bbc2a7e466,live,345014,1.0,0.467861,1.0,46.7861,,CONFIRM,1.0,0.7596,1.091093,cap,0.333366,bypass,inert,-0.7596,True,1.0,2026-09-20,absent,-1.31428,no-feed,,,,,,
2026-09-20,PEPE,46,25,44,3.93e-06,1654503447,31.84,10.7,7.7,7.0,-2.2,6.45,4,16.1,13.3,24.7,1.0,1.0,1654503447,2.847,67.27,2.0524,91bbc2a7e466,live,526842464,0.804667,0.663506,0.824572,44.0241,,CONFIRM,0.5,0.4102,0.804667,curve,0.824572,curve,inert,-0.4102,False,1.0,2026-09-20,current,2.88274,inert-band,gateio,3,430.7652,8.0,NEUTRAL,52848192.96
2026-09-20,XRP,4,26,43,1.38,86475675940,3.31,-2.2,-3.5,-6.2,-15.6,-6.21,4,20.0,8.8,30.0,0.9657,1.0,137506884826,10.95,53.04,1.9877,91bbc2a7e466,live,2863828242,1.0,0.440548,1.0,42.5438,,CONFIRM,0.9592,0.8197,1.234223,cap,0.406927,bypass,applied,-0.8197,True,1.0,2026-09-20,current,-3.44573,inert-band,gateio,6,326.7404,8.0,NEUTRAL,152382284.44
2026-09-20,CAKE,71,27,42,2.47,904754395,14.39,7.6,11.2,40.7,38.5,22.95,4,14.8,17.5,19.6,1.0,1.0,933502380,10.95,66.56,0.8504,91bbc2a7e466,live,130217919,0.739133,0.87627,0.653169,42.3045,,LIQUIDITY,0.4951,0.4259,0.739133,curve,0.653169,curve,inert,-0.4259,False,1.0,2026-09-20,current,1.8295,inert-band,gateio,3,58.2756,4.0,NEUTRAL,345146.58
2026-09-20,DOGE,10,28,42,0.084742,13218920669,7.82,-3.2,-6.7,-2.8,-21.3,-7.59,4,20.0,8.3,30.0,1.0,1.0,13219075746,2.628,50.83,1.405,91bbc2a7e466,live,1033334277,1.0,0.417346,1.0,41.7346,,CONFIRM,1.0,0.8738,1.030299,cap,0.507046,bypass,inert,-0.8738,True,1.0,2026-09-20,current,-3.87219,inert-band,gateio,6,43.4636,8.0,NEUTRAL,105704823.07
2026-09-20,ADA,15,29,41,0.21964,8241541137,5.41,2.3,-0.7,-1.4,-37.5,-7.33,4,19.6,8.4,30.0,0.9916,1.0,9883807506,10.95,60.01,1.8295,91bbc2a7e466,live,445599838,0.979002,0.421632,1.0,40.9312,,CONFIRM,0.9668,0.8636,0.979002,curve,0.453483,bypass,applied,-0.8636,True,1.0,2026-09-20,current,-2.86694,inert-band,gateio,6,39.1224,8.0,NEUTRAL,41537320.44
2026-09-20,LEO,16,30,41,8.95,8234642322,0.0,-6.0,-4.9,-7.0,-14.4,-7.66,4,19.6,8.3,30.0,1.0,1.0,8819944191,,36.18,0.0495,91bbc2a7e466,live,135866,0.978911,0.416361,1.0,40.758,,CONFIRM,0.9763,0.8762,0.978911,curve,0.33337,bypass,inert,-0.8762,True,1.0,2026-09-20,absent,0.708,no-feed,,,,,,
2026-09-20,PENDLE,104,31,40,2.59,449400568,13.72,17.3,21.6,60.0,86.5,42.89,4,13.3,19.4,19.1,0.964,1.0,728868032,10.95,68.83,1.097,91bbc2a7e466,live,61664556,0.663158,0.971799,0.638256,39.652,,LIQUIDITY,0.4854,0.449,0.663158,curve,0.638256,curve,applied,-0.449,False,1.0,2026-09-20,current,-5.90669,inert-band,gateio,5,94.0424,8.0,NEUTRAL,394088.42
2026-09-20,DASH,81,32,39,55.69,714701304,15.15,-2.2,-20.1,56.7,46.4,17.77,4,14.3,16.5,20.1,1.0,1.0,714705712,2.7375,48.77,2.0388,91bbc2a7e466,live,108248864,0.713531,0.82503,0.669912,39.4367,,LIQUIDITY,0.4305,0.4006,0.713531,curve,0.669912,curve,inert,-0.4006,False,1.0,2026-09-20,current,-8.0329,inert-band,gateio,4,40.237,8.0,NEUTRAL,682378.33
2026-09-20,RAIN,13,33,39,0.0131777,9346144198,0.28,-19.0,-23.1,-11.9,31.4,-8.17,4,19.9,8.2,30.0,0.9646,1.0,15054321351,,35.08,0.1139,91bbc2a7e466,live,25924600,0.992658,0.407961,1.0,39.063,,CONFIRM,0.9538,0.8966,0.992658,curve,0.339497,bypass,applied,-0.8966,True,1.0,2026-09-20,absent,-4.98391,no-feed,,,,,,
2026-09-20,FIL,76,34,38,0.949174,788385312,32.99,12.4,18.5,18.7,-30.7,6.88,4,14.5,13.4,25.2,0.9372,1.0,1857571198,5.1465,67.07,,91bbc2a7e466,live,260081010,0.724185,0.670806,0.839854,38.2369,,CONFIRM,0.4153,0.3993,0.724185,curve,0.839854,curve,applied,-0.3993,False,1.0,2026-09-20,current,-3.67147,inert-band,gateio,6,37.0579,8.0,NEUTRAL,2547823.95
2026-09-20,RAY,105,35,38,1.63,440150006,12.6,3.7,41.5,122.1,46.4,51.29,4,13.2,19.7,18.4,0.9458,1.0,905629137,10.95,61.5,2.0087,91bbc2a7e466,live,55457103,0.6609,0.985374,0.613324,37.7769,,LIQUIDITY,0.5022,0.4889,0.6609,curve,0.613324,curve,applied,-0.4889,False,1.0,2026-09-20,current,-10.7725,inert-band,gateio,2,68.8329,4.0,NEUTRAL,242191.88
2026-09-20,XTZ,117,36,38,0.337018,369594690,15.74,22.3,42.1,45.6,-29.1,22.8,4,12.8,17.5,20.5,1.0,1.0,376328373,10.95,,,91bbc2a7e466,live,58156659,0.641931,0.874898,0.683006,38.3593,,DEPTH,0.4626,0.4433,0.641931,curve,0.683006,curve,inert,-0.4433,False,1.0,2026-09-20,current,1.17633,inert-band,gateio,2,19.7396,8.0,NEUTRAL,298242.64
2026-09-20,ONDO,39,37,37,0.411232,2002425983,11.92,14.5,8.7,5.6,38.6,15.64,4,16.5,16.0,17.9,0.9459,1.0,4112322880,10.95,59.91,,91bbc2a7e466,live,238657676,0.825389,0.799819,0.598187,37.3536,,LIQUIDITY,0.5218,0.5139,0.825389,curve,0.598187,curve,applied,-0.5139,False,1.0,2026-09-20,current,-0.5251,inert-band,gateio,5,562.9751,4.0,NEUTRAL,5122875.58
2026-09-20,SUI,26,38,37,0.81637,3344290544,25.39,9.6,1.2,-0.8,-29.2,-2.86,4,17.6,10.0,26.9,0.9351,1.0,8163701254,10.95,,,91bbc2a7e466,live,849038489,0.881076,0.498743,0.897504,36.8795,,CONFIRM,0.6974,0.6957,0.881076,curve,0.897504,curve,applied,-0.6957,False,1.0,2026-09-20,current,-5.43565,inert-band,gateio,6,22.5945,8.0,NEUTRAL,58921687.2
2026-09-20,STONK,160,39,36,0.267175,222465824,12.78,-9.3,97.4,3650.3,-12.2,931.69,3,11.7,20.0,18.5,1.0,1.0,222465824,10.95,66.48,-1.2442,91bbc2a7e466,live,28433833,0.586816,1.0,0.61736,36.2277,,DEPTH,0.525,0.533,0.586816,curve,0.61736,curve,inert,-0.533,False,1.0,2026-09-20,current,9.68592,inert-band,gateio,1,,4.0,NEUTRAL,296212.08
2026-09-20,USELESS,146,40,36,0.25666,256645139,11.88,10.3,20.2,346.0,256.6,145.96,4,12.0,20.0,17.9,1.0,1.0,256645139,10.95,62.08,-1.4763,91bbc2a7e466,live,30494795,0.602333,0.999992,0.59738,35.9819,,LIQUIDITY,0.504,0.5152,0.602333,curve,0.59738,curve,inert,-0.5152,False,1.0,2026-09-20,current,-2.97142,inert-band,gateio,2,5.6295,4.0,NEUTRAL,2725023.42
2026-09-20,APT,87,41,34,0.723629,629941111,20.75,17.9,15.1,12.7,-41.7,3.98,4,14.0,12.4,23.8,0.9778,1.0,874846428,10.95,,,91bbc2a7e466,live,130681600,0.699825,0.621041,0.794334,33.7569,,CONFIRM,0.4386,0.4764,0.699825,curve,0.794334,curve,applied,-0.4764,False,1.0,2026-09-20,current,-2.58193,inert-band,gateio,6,185.8606,8.0,NEUTRAL,1322736.19
2026-09-20,CC,23,42,34,0.103354,4097171911,0.2,4.0,-7.1,-2.4,-46.2,-10.42,4,18.1,7.5,30.0,1.0,1.0,4097171911,-3.942,34.95,1.177,91bbc2a7e466,live,8213171,0.903121,0.372672,1.0,33.6568,,CONFIRM,0.9064,0.9871,0.903121,curve,0.337788,bypass,inert,-0.9871,True,1.0,2026-09-20,current,-6.49207,inert-band,gateio,2,14.892,4.0,MILD_INVERSION,163175.34
2026-09-20,OP,134,43,34,0.122367,281397122,31.82,23.0,9.2,17.7,-19.5,9.72,4,12.2,14.3,24.7,0.9527,1.0,525560232,10.95,,,91bbc2a7e466,live,89551862,0.61233,0.716724,0.82432,34.4659,,DEPTH,0.4605,0.4905,0.61233,curve,0.82432,curve,applied,-0.4905,False,1.0,2026-09-20,current,-2.03404,inert-band,gateio,6,48.1888,8.0,NEUTRAL,862367.54
2026-09-20,STX,89,44,34,0.314944,588287267,8.92,10.0,17.9,92.1,-10.0,28.5,4,13.8,18.3,15.9,1.0,1.0,588293919,10.95,87.01,-0.7139,91bbc2a7e466,live,52468720,0.692397,0.916486,0.531531,33.7295,,LIQUIDITY,0.5815,0.632,0.692397,curve,0.531531,curve,inert,-0.632,False,1.0,2026-09-20,current,2.71546,inert-band,gateio,3,43.5436,8.0,NEUTRAL,289428.03
2026-09-20,VVV,55,45,34,28.81,1384860256,5.12,19.4,66.9,79.4,347.7,111.94,4,15.7,20.0,13.4,0.9608,1.0,2334255428,10.95,80.01,0.582,91bbc2a7e466,live,70939039,0.785351,0.999884,0.447166,33.7377,,LIQUIDITY,0.7407,0.8048,0.785351,curve,0.447166,curve,applied,-0.8048,True,1.0,2026-09-20,current,2.3262,inert-band,gateio,3,0.438,4.0,NEUTRAL,4986498.84
2026-09-20,LIT,61,46,33,4.68,1171032007,6.05,8.0,1.8,68.4,240.4,68.03,4,15.3,19.9,14.0,0.9151,1.0,4684128026,4.38,52.13,1.0374,91bbc2a7e466,live,70838404,0.767142,0.996121,0.467761,32.71,,LIQUIDITY,0.6799,0.7598,0.767142,curve,0.467761,curve,applied,-0.7598,False,1.0,2026-09-20,current,-10.09168,inert-band,gateio,4,26.28,4.0,NEUTRAL,1559838.24
2026-09-20,AAVE,36,47,32,135.55,2091322145,10.38,4.1,0.3,20.9,2.8,7.09,4,16.6,13.5,16.9,1.0,1.0,2168842462,10.95,58.28,1.1818,91bbc2a7e466,live,217096605,0.830105,0.674305,0.564018,31.5706,,LIQUIDITY,0.4967,0.5727,0.830105,curve,0.564018,curve,inert,-0.5727,False,1.0,2026-09-20,current,-5.41903,inert-band,gateio,6,37.3728,8.0,NEUTRAL,3414553.3
2026-09-20,AI,153,48,32,0.24345,241329797,9.21,-7.4,24.7,1248.4,-12.2,313.62,3,11.9,20.0,16.1,1.0,1.0,241329797,0.0,43.96,2.129,91bbc2a7e466,live,22224144,0.595653,1.0,0.537979,32.0448,,LIQUIDITY,0.5447,0.6199,0.595653,curve,0.537979,curve,inert,-0.6199,False,1.0,2026-09-20,current,-19.30203,inert-band,hyperliquid,1,,1.0,NEUTRAL,
2026-09-20,BR,118,49,32,1.21,357639212,9.46,372.7,398.3,404.6,2057.3,724.0,4,12.8,20.0,16.3,0.9205,1.0,1205525438,10.95,,,91bbc2a7e466,live,33827052,0.638361,1.0,0.543521,31.9379,,LIQUIDITY,0.5342,0.6097,0.638361,curve,0.543521,curve,applied,-0.6097,False,1.0,2026-09-20,current,28.23618,inert-band,gateio,1,,4.0,NEUTRAL,4397283.81
2026-09-20,JTO,141,50,32,0.497136,260195981,20.32,11.0,11.6,-21.7,43.0,9.37,4,12.1,14.2,23.5,0.951,1.0,497135516,10.95,32.92,0.48,91bbc2a7e466,live,52878739,0.603825,0.711261,0.784948,32.0598,,DEPTH,0.4435,0.5045,0.603825,curve,0.784948,curve,applied,-0.5045,False,1.0,2026-09-20,current,8.78904,inert-band,gateio,5,74.8074,8.0,NEUTRAL,523251.62
2026-09-20,PUMP,42,51,32,0.00403082,1884375505,6.87,4.4,-0.5,1.4,84.9,18.52,4,16.4,16.7,14.6,0.9564,1.0,3357669627,10.293,53.33,1.2625,91bbc2a7e466,live,129453100,0.818792,0.833387,0.485996,31.717,,LIQUIDITY,0.6284,0.7216,0.818792,curve,0.485996,curve,applied,-0.7216,False,1.0,2026-09-20,current,-2.73539,inert-band,gateio,4,32.4628,4.0,NEUTRAL,1929319.11
2026-09-20,BLORB,142,52,31,0.259656,259656053,7.79,6442.7,-0.5,-3.1,-12.2,1929.47,1,12.1,20.0,15.2,1.0,1.0,259656053,,,,91bbc2a7e466,live,20215546,0.6036,1.0,0.506345,30.5629,,LIQUIDITY,0.5741,0.6805,0.6036,curve,0.506345,curve,inert,-0.6805,False,1.0,2026-09-20,absent,109.29999,no-feed,,,,,,
2026-09-20,JST,68,53,31,0.113926,932907640,3.28,-3.5,1.3,4.0,122.5,24.77,4,14.8,17.8,12.2,1.0,1.143,932907640,-52.779,60.57,0.0893,91bbc2a7e466,live,30612943,0.74246,0.891005,0.406255,30.7291,,LIQUIDITY,0.6221,0.9008,0.74246,curve,0.406255,curve,inert,-0.9008,False,1.143,2026-09-20,current,-3.17481,cold-squeeze,gateio,1,,4.0,SHORT_SQUEEZE_RISK,84179.51
2026-09-20,JUP,73,54,31,0.268801,892248297,9.17,10.1,6.4,31.4,23.3,17.14,4,14.8,16.4,16.1,0.9455,1.0,1844371508,10.95,55.55,1.7782,91bbc2a7e466,live,81818715,0.737621,0.817817,0.53711,30.6347,,LIQUIDITY,0.5254,0.6216,0.737621,curve,0.53711,curve,applied,-0.6216,False,1.0,2026-09-20,current,-2.92413,inert-band,gateio,5,160.8438,4.0,NEUTRAL,328047.5
2026-09-20,BCAP,66,55,30,106.54,970804306,0.0,-4.6,-0.2,-2.5,356.1,69.17,4,14.9,19.9,12.0,1.0,1.0,970804306,,94.71,-0.016,91bbc2a7e466,live,0.0,0.746783,0.996456,0.4,29.7655,,LIQUIDITY,0.7561,0.9163,0.746783,curve,0.0,zero-volume,inert,-0.9163,True,1.0,2026-09-20,absent,0.0,no-feed,,,,,,
2026-09-20,PIEVERSE,99,56,30,1.74,478584021,7.8,44.6,71.6,51.4,218.5,87.83,4,13.4,20.0,15.2,0.9179,0.96,1741889067,26.499,98.21,,91bbc2a7e466,live,37343232,0.66999,0.999201,0.50673,29.8927,,LIQUIDITY,0.5629,0.6798,0.66999,curve,0.50673,curve,applied,-0.6798,False,0.96,2026-09-20,current,9.27225,hot-confirmed,gateio,1,,8.0,ELEVATED,3554025.38
2026-09-20,ZAMA,162,57,30,0.087266,218104398,76.72,75.4,50.1,82.3,324.9,120.7,4,11.7,20.0,16.7,0.9121,1.0,986491584,4.161,80.28,,91bbc2a7e466,live,167329404,0.584666,0.999942,0.555201,29.6057,,LIQUIDITY,0.4834,0.5884,0.584666,curve,0.555201,curve,applied,-0.5884,False,1.0,2026-09-20,current,13.55339,inert-band,gateio,1,,4.0,NEUTRAL,541439.57
2026-09-20,BCH,19,58,29,245.91,4940741597,3.09,5.3,-6.3,-9.3,-59.2,-14.15,4,18.5,6.4,30.0,1.0,1.0,4940809222,8.8695,45.73,0.3477,91bbc2a7e466,live,152800481,0.923448,0.319413,1.0,29.4961,,CONFIRM,0.9348,1.1413,0.923448,curve,0.402059,bypass,inert,-1.1413,True,1.0,2026-09-20,current,-2.08629,inert-band,gateio,5,152.7658,8.0,NEUTRAL,4001138.89
2026-09-20,TAO,30,59,29,249.89,2833672723,9.13,2.1,5.0,8.2,12.7,6.47,4,17.3,13.3,16.1,0.9534,1.0,5247705932,10.95,54.29,0.4481,91bbc2a7e466,live,258646036,0.863087,0.663928,0.536169,29.2922,,LIQUIDITY,0.5076,0.6233,0.863087,curve,0.536169,curve,applied,-0.6233,False,1.0,2026-09-20,current,-7.99556,inert-band,gateio,5,129.8742,4.0,NEUTRAL,4184897.5
2026-09-20,AERO,85,60,28,0.642535,637831666,6.43,10.9,15.5,29.5,40.8,22.68,4,14.0,17.5,14.3,0.9478,1.0,1274301121,10.95,69.43,,91bbc2a7e466,live,41011370,0.701177,0.873904,0.476218,27.6575,,LIQUIDITY,0.5772,0.7419,0.701177,curve,0.476218,curve,applied,-0.7419,False,1.0,2026-09-20,current,-5.40782,inert-band,gateio,3,27.594,4.0,NEUTRAL,750569.78
2026-09-20,MINA,220,61,28,0.104199,134795424,9.67,-3.2,38.6,106.7,0.5,35.47,4,10.6,19.0,16.4,1.0,1.0,134795424,0.876,63.3,,91bbc2a7e466,live,13033813,0.532419,0.950188,0.548207,27.7337,,DEPTH,0.4915,0.6303,0.532419,curve,0.548207,curve,inert,-0.6303,False,1.0,2026-09-20,current,-10.33232,inert-band,gateio,3,515.8908,8.0,NEUTRAL,167714.46
2026-09-20,S,216,62,28,0.03623513,140791506,28.03,26.3,12.8,29.3,-93.4,-0.27,4,10.7,10.9,28.7,1.0,1.0,140791506,10.95,,,91bbc2a7e466,live,39468975,0.537144,0.54523,0.956303,28.007,,DEPTH,0.4883,0.6215,0.537144,curve,0.956303,curve,inert,-0.6215,False,1.0,2026-09-20,current,11.05546,inert-band,gateio,4,239.2143,4.0,NEUTRAL,159453.65
2026-09-20,龙虾,151,63,28,0.24343,243429599,5.91,61.4,194.2,984.4,13491.9,3011.45,4,11.9,20.0,13.9,1.0,1.0,243429599,10.95,,,91bbc2a7e466,live,14396010,0.596593,1.0,0.464752,27.7268,,LIQUIDITY,0.5973,0.7663,0.596593,curve,0.464752,curve,inert,-0.7663,False,1.0,2026-09-20,current,9.81278,inert-band,gateio,1,,4.0,NEUTRAL,2612134.46
2026-09-20,M,27,64,27,1.45,3298441108,0.13,20.8,26.5,21.1,-2.2,17.7,4,17.6,16.5,12.0,0.9366,1.0,7851517475,10.95,,,91bbc2a7e466,live,4166834,0.879577,0.82424,0.4,27.1607,,LIQUIDITY,0.703,0.9163,0.879577,curve,0.336141,floor,applied,-0.9163,True,1.0,2026-09-20,current,11.84103,inert-band,gateio,1,,8.0,NEUTRAL,965191.78
2026-09-20,UB,106,65,27,0.173627,434066515,5.31,38.5,25.0,44.5,375.1,103.95,4,13.2,20.0,13.5,0.9151,1.0,1736266060,10.95,74.86,1.4732,91bbc2a7e466,live,23036122,0.659389,0.99978,0.451268,27.2238,,LIQUIDITY,0.6116,0.7957,0.659389,curve,0.451268,curve,applied,-0.7957,False,1.0,2026-09-20,current,23.42382,inert-band,gateio,1,,4.0,NEUTRAL,889022.55
2026-09-20,ZEN,217,66,27,7.53,138008884,13.0,15.6,3.3,53.6,16.1,22.12,4,10.7,17.4,18.7,0.9961,0.925,158110141,160.6899,64.48,0.5306,91bbc2a7e466,live,17937262,0.534977,0.869012,0.62216,26.6621,,DEPTH,0.4732,0.6255,0.534977,curve,0.62216,curve,applied,-0.6255,False,0.925,2026-09-20,current,-5.26526,hot-confirmed,kraken,3,160.6899,1.0,OVERHEATED_LONG,302527.48
2026-09-20,币安人生,97,67,27,0.489087,489087106,0.57,-1.0,-8.4,-12.0,675.2,129.64,4,13.4,20.0,12.0,1.0,1.0,489087106,10.95,54.64,-0.2481,91bbc2a7e466,live,2810394,0.672347,0.999972,0.4,26.8931,,LIQUIDITY,0.6977,0.9163,0.672347,curve,0.346103,floor,inert,-0.9163,False,1.0,2026-09-20,current,-3.88144,inert-band,gateio,1,,8.0,NEUTRAL,171236.63
2026-09-20,BTW,38,68,26,0.740183,2004521696,0.83,20.9,62.9,54.5,6875.5,1410.72,4,16.5,20.0,12.0,0.9174,0.855,7401833023,115.632,72.71,-0.0737,91bbc2a7e466,live,16729565,0.825503,1.0,0.4,25.9032,,LIQUIDITY,0.6783,0.9163,0.825503,curve,0.35188,floor,applied,-0.9163,False,0.855,2026-09-20,current,24.28332,hot-confirmed,gateio,1,,4.0,OVERHEATED_LONG,1670373.98
2026-09-20,DOT,43,69,26,1.093,1861804493,10.28,4.0,15.3,19.2,-42.3,1.37,4,16.3,11.5,16.9,1.0,1.0,1861817509,10.95,72.9,0.1671,91bbc2a7e466,live,191310850,0.817484,0.574546,0.561679,26.381,,LIQUIDITY,0.4329,0.5768,0.817484,curve,0.561679,curve,inert,-0.5768,False,1.0,2026-09-20,current,-3.21113,inert-band,gateio,6,10.95,8.0,NEUTRAL,2648015.47
2026-09-20,ETHFI,84,70,26,0.696321,672193536,6.76,-2.2,16.7,20.6,15.5,11.76,4,14.1,14.9,14.5,1.0,1.0,672193536,10.95,60.58,0.6831,91bbc2a7e466,live,45439981,0.706874,0.747408,0.483555,25.5473,,LIQUIDITY,0.5324,0.7266,0.706874,curve,0.483555,curve,inert,-0.7266,False,1.0,2026-09-20,current,-6.48004,inert-band,gateio,4,140.598,4.0,NEUTRAL,882403.6
2026-09-20,FET,112,71,26,0.17064,394436113,26.79,-2.4,0.5,3.0,-32.9,-6.42,4,13.0,8.7,27.9,0.9937,1.0,463182937,10.95,,,91bbc2a7e466,live,105650370,0.648994,0.436831,0.928559,26.1589,,CONFIRM,0.6176,0.8282,0.648994,curve,0.928559,curve,applied,-0.8282,False,1.0,2026-09-20,current,-6.55187,inert-band,gateio,4,249.0736,8.0,NEUTRAL,1058020.95
2026-09-20,GT,63,72,26,10.15,1082620183,0.35,6.3,10.8,36.8,31.7,20.13,4,15.2,17.0,12.0,0.9987,1.0,1207002656,10.95,,,91bbc2a7e466,live,3815668,0.758619,0.85012,0.4,25.7632,,LIQUIDITY,0.6756,0.9163,0.758619,curve,0.341166,floor,applied,-0.9163,False,1.0,2026-09-20,current,1.06445,inert-band,gateio,1,,8.0,NEUTRAL,692427.55
2026-09-20,PENGU,100,73,26,0.0076101,478374068,33.15,1.2,-13.8,-2.6,-7.0,-5.14,4,13.4,9.2,25.3,0.99,1.0,583868563,10.95,31.8,-0.0681,91bbc2a7e466,live,158578056,0.669942,0.458762,0.841992,25.6193,,CONFIRM,0.5722,0.7792,0.669942,curve,0.841992,curve,applied,-0.7792,False,1.0,2026-09-20,current,-4.94388,inert-band,gateio,4,92.418,4.0,NEUTRAL,1388144.47
2026-09-20,WLD,50,74,26,0.420167,1513226832,12.73,2.6,3.6,3.2,-7.4,1.0,4,15.9,11.4,18.5,0.9285,1.0,4201672985,7.227,58.61,-0.2628,91bbc2a7e466,live,192682773,0.794976,0.56799,0.616294,25.8384,,CONFIRM,0.418,0.5657,0.794976,curve,0.616294,curve,applied,-0.5657,False,1.0,2026-09-20,current,-1.7375,inert-band,gateio,5,95.2508,8.0,NEUTRAL,3447298.8
2026-09-20,RUNE,181,75,25,0.537857,176764611,17.49,2.4,9.9,11.7,-11.9,3.74,4,11.2,12.3,21.7,1.0,1.0,190368034,10.95,,,91bbc2a7e466,live,30912890,0.561849,0.616822,0.721959,25.0203,,DEPTH,0.4161,0.5765,0.561849,curve,0.721959,curve,inert,-0.5765,False,1.0,2026-09-20,current,-0.73818,inert-band,gateio,5,209.231,8.0,NEUTRAL,248223.7
2026-09-20,BP,184,76,24,0.692772,173193072,6.62,40.4,65.8,66.2,-12.2,42.68,3,11.2,19.4,14.4,0.9151,1.0,692772289,10.95,,,91bbc2a7e466,live,11471686,0.559633,0.971336,0.480525,23.9033,,LIQUIDITY,0.5121,0.7329,0.559633,curve,0.480525,curve,applied,-0.7329,False,1.0,2026-09-20,current,20.67305,inert-band,gateio,1,,4.0,NEUTRAL,263033.23
2026-09-20,WIF,174,77,24,0.195887,195676756,38.37,-0.3,-7.9,6.9,-23.2,-4.98,4,11.5,9.2,27.3,1.0,1.0,195676756,10.95,46.8,-1.5878,91bbc2a7e466,live,75072045,0.572885,0.461527,0.911538,24.1012,,CONFIRM,0.5434,0.7732,0.572885,curve,0.911538,curve,inert,-0.7732,False,1.0,2026-09-20,current,-7.16768,inert-band,gateio,6,46.883,4.0,NEUTRAL,536404.76
2026-09-20,CARDS,198,78,23,0.169469,160527223,5.1,20.2,14.5,-17.6,361.3,77.55,4,11.0,20.0,13.4,0.9448,1.0,335076675,,50.48,6.8739,91bbc2a7e466,live,8188585,0.551387,0.998184,0.44669,23.2281,,LIQUIDITY,0.5521,0.8059,0.551387,curve,0.44669,curve,applied,-0.8059,False,1.0,2026-09-20,absent,-8.60295,no-feed,,,,,,
2026-09-20,GRX,170,79,23,21.16,201272402,1.06,-4.7,61.6,59.0,420.9,112.92,4,11.5,20.0,12.0,1.0,1.0,211548125,,,,91bbc2a7e466,live,2128146,0.575946,0.999893,0.4,23.0354,,LIQUIDITY,0.6241,0.9163,0.575946,curve,0.35683,floor,inert,-0.9163,False,1.0,2026-09-20,absent,-0.01632,no-feed,,,,,,
2026-09-20,NPC,179,80,23,0.02253902,181441931,2.05,9.3,8.6,193.9,96.8,72.78,4,11.3,19.9,12.0,1.0,1.0,181441931,,,,91bbc2a7e466,live,3713082,0.564684,0.997342,0.4,22.5273,,LIQUIDITY,0.6148,0.9163,0.564684,curve,0.37881,floor,inert,-0.9163,False,1.0,2026-09-20,absent,-4.34182,no-feed,,,,,,
2026-09-20,OKB,32,81,23,115.24,2419967780,1.74,-3.2,0.9,3.7,36.9,7.57,4,16.9,13.6,12.0,1.0,1.0,2419967780,10.95,80.69,0.2963,91bbc2a7e466,live,42126139,0.845952,0.682243,0.4,23.0858,,LIQUIDITY,0.625,0.9163,0.845952,curve,0.372017,floor,inert,-0.9163,False,1.0,2026-09-20,current,-5.70197,inert-band,gateio,1,,8.0,NEUTRAL,648374.81
2026-09-20,TIA,111,82,23,0.410867,398904848,14.57,13.6,5.5,9.6,-40.2,-0.19,4,13.0,10.9,19.7,0.9906,1.0,483836168,-3.066,,,91bbc2a7e466,live,58101444,0.650217,0.54667,0.657005,23.134,,CONFIRM,0.4125,0.6039,0.650217,curve,0.657005,curve,applied,-0.6039,False,1.0,2026-09-20,current,-0.4396,inert-band,gateio,5,115.7494,4.0,MILD_INVERSION,478684.91
2026-09-20,ZK,234,83,23,0.01182501,122629896,21.99,19.4,8.6,27.4,-70.5,0.72,4,10.4,11.3,24.7,0.9469,1.0,248325183,10.95,,,91bbc2a7e466,live,26971156,0.522149,0.562956,0.822088,22.8819,,DEPTH,0.4406,0.6498,0.522149,curve,0.822088,curve,applied,-0.6498,False,1.0,2026-09-20,current,5.6668,inert-band,gateio,3,24.4762,8.0,NEUTRAL,169353.1
2026-09-20,POL,62,84,22,0.10405,1115161899,6.17,4.8,7.7,12.6,-11.5,4.21,4,15.2,12.5,14.1,1.0,1.0,1115161899,10.95,39.93,0.8315,91bbc2a7e466,live,68808520,0.761834,0.625159,0.47045,22.406,,LIQUIDITY,0.5041,0.7541,0.761834,curve,0.47045,curve,inert,-0.7541,False,1.0,2026-09-20,current,-1.05841,inert-band,gateio,5,1262.2691,4.0,NEUTRAL,850691.55
2026-09-20,PRL,139,85,22,1.07,272868109,0.73,108.9,201.3,299.1,-12.2,155.33,3,12.2,20.0,12.0,0.904,1.0,2246745747,10.95,,,91bbc2a7e466,live,1982877,0.608988,0.999996,0.4,22.0209,,LIQUIDITY,0.6055,0.9163,0.608988,curve,0.349482,floor,applied,-0.9163,False,1.0,2026-09-20,current,-8.47767,inert-band,gateio,2,17.082,4.0,NEUTRAL,44827.07
2026-09-20,RAIL,192,86,22,2.77,165942896,0.67,31.7,24.6,36.5,137.2,52.23,4,11.1,19.7,12.0,1.0,1.0,165942896,,,,91bbc2a7e466,live,1104859,0.55499,0.986412,0.4,21.8979,,LIQUIDITY,0.6033,0.9163,0.55499,curve,0.348129,floor,inert,-0.9163,False,1.0,2026-09-20,absent,-16.78812,no-feed,,,,,,
2026-09-20,VET,82,87,22,0.00820266,705306017,2.8,3.4,18.1,48.9,-21.8,13.41,4,14.2,15.4,12.0,1.0,1.0,705306017,10.95,,,91bbc2a7e466,live,19739868,0.712094,0.770616,0.4,21.9501,,LIQUIDITY,0.6043,0.9163,0.712094,curve,0.395528,floor,inert,-0.9163,False,1.0,2026-09-20,current,-4.12834,inert-band,gateio,2,,8.0,NEUTRAL,229119.76
2026-09-20,ETC,60,88,21,8.27,1308270660,5.83,5.1,6.4,8.0,-17.3,1.67,4,15.6,11.6,13.9,1.0,1.0,1308276536,10.95,,,91bbc2a7e466,live,76298365,0.779174,0.580015,0.462933,20.9215,,LIQUIDITY,0.4923,0.7702,0.779174,curve,0.462933,curve,inert,-0.7702,False,1.0,2026-09-20,current,-2.88119,inert-band,gateio,6,29.9748,8.0,NEUTRAL,1587114.1
2026-09-20,FF,110,89,21,0.129726,407340470,1.61,-15.7,7.8,87.4,61.9,31.47,4,13.0,18.7,12.0,0.9226,0.918,1297262642,77.964,64.21,-6.1892,91bbc2a7e466,live,6574659,0.652489,0.93283,0.4,20.6134,,LIQUIDITY,0.5802,0.9163,0.652489,curve,0.369201,floor,applied,-0.9163,False,0.918,2026-09-20,current,2.76225,hot-confirmed,gateio,1,,4.0,OVERHEATED_LONG,13698119.36
2026-09-20,GOMINING,209,90,21,0.362373,146080715,14.29,-2.6,-1.3,6.8,6.1,1.82,4,10.8,11.7,19.5,1.0,1.0,146080715,,,,91bbc2a7e466,live,20872810,0.541148,0.582613,0.650857,20.5202,,DEPTH,0.3877,0.6141,0.541148,curve,0.650857,curve,inert,-0.6141,False,1.0,2026-09-20,absent,0.30116,no-feed,,,,,,
2026-09-20,KAS,64,91,21,0.03849694,1066779794,2.31,7.7,27.8,29.9,-39.1,8.91,4,15.1,14.1,12.0,1.0,1.0,1066788792,10.95,,,91bbc2a7e466,live,24593484,0.757019,0.703997,0.4,21.3176,,LIQUIDITY,0.5928,0.9163,0.757019,curve,0.384564,floor,inert,-0.9163,False,1.0,2026-09-20,current,0.64899,inert-band,gateio,3,100.9792,8.0,NEUTRAL,848583.81
2026-09-20,MET,218,92,21,0.247113,136317272,9.36,-0.2,21.1,9.2,27.9,13.1,4,10.7,15.3,16.2,0.9552,1.0,246552470,10.95,,,91bbc2a7e466,live,12764838,0.533638,0.766282,0.541424,21.1479,,DEPTH,0.4042,0.628,0.533638,curve,0.541424,curve,applied,-0.628,False,1.0,2026-09-20,current,-5.03684,inert-band,gateio,2,0.0,4.0,NEUTRAL,90098.47
2026-09-20,MORPHO,45,93,21,2.48,1734892553,1.67,9.6,-3.0,6.5,14.3,6.62,4,16.2,13.3,12.0,0.975,1.0,2482290930,7.008,55.43,-0.274,91bbc2a7e466,live,28943937,0.809818,0.666367,0.4,21.0458,,LIQUIDITY,0.5879,0.9163,0.809818,curve,0.370408,floor,applied,-0.9163,False,1.0,2026-09-20,current,-9.27749,inert-band,gateio,4,90.099,4.0,NEUTRAL,341523.38
2026-09-20,ANTFUN,205,94,20,0.081447,153742131,5.49,-9.4,13.1,95.9,-12.2,21.99,3,10.9,17.4,13.7,0.9136,1.0,652147798,,,,91bbc2a7e466,live,8446739,0.546698,0.867798,0.455424,19.7396,,LIQUIDITY,0.4847,0.7865,0.546698,curve,0.455424,curve,applied,-0.7865,False,1.0,2026-09-20,absent,-1.88673,no-feed,,,,,,
2026-09-20,CRV,95,95,20,0.331506,517656326,11.4,-7.5,-11.0,2.6,14.5,-1.45,4,13.6,10.5,17.6,0.9679,1.0,802099351,10.95,41.93,0.1552,91bbc2a7e466,live,59008143,0.67851,0.523929,0.586647,20.1853,,CONFIRM,0.4039,0.6464,0.67851,curve,0.586647,curve,applied,-0.6464,False,1.0,2026-09-20,current,-3.16353,inert-band,gateio,5,35.7842,8.0,NEUTRAL,835973.64
2026-09-20,FARTCOIN,194,96,20,0.163188,163183808,23.12,10.7,-7.9,-10.6,-30.7,-7.55,4,11.1,8.4,25.4,1.0,1.0,163183808,10.95,41.46,-1.6648,91bbc2a7e466,live,37733020,0.553169,0.418004,0.847178,19.589,,CONFIRM,0.5351,0.8723,0.553169,curve,0.847178,curve,inert,-0.8723,False,1.0,2026-09-20,current,1.12731,inert-band,gateio,4,109.1794,4.0,NEUTRAL,4075320.18
2026-09-20,LDO,123,97,20,0.400085,333731149,15.18,4.3,-1.2,8.9,-36.2,-4.03,4,12.6,9.6,20.1,0.9917,1.0,400084661,8.6505,,,91bbc2a7e466,live,50668808,0.630849,0.47817,0.670723,20.0646,,CONFIRM,0.4593,0.7378,0.630849,curve,0.670723,curve,applied,-0.7378,False,1.0,2026-09-20,current,-0.44575,inert-band,gateio,5,29.0885,8.0,NEUTRAL,650869.6
2026-09-20,MANA,201,98,20,0.080046,156756007,20.19,-1.3,5.8,5.2,-37.9,-5.22,4,11.0,9.1,23.5,0.9983,1.0,175554166,10.95,,,91bbc2a7e466,live,31642089,0.548806,0.457382,0.781901,19.5935,,CONFIRM,0.4799,0.7822,0.548806,curve,0.781901,curve,applied,-0.7822,False,1.0,2026-09-20,current,-2.06878,inert-band,gateio,2,46.8476,8.0,NEUTRAL,95079.39
2026-09-20,RENDER,77,99,20,1.52,786432351,7.76,5.9,2.2,-0.6,-11.9,-0.21,4,14.5,10.9,15.2,1.0,1.0,808807851,10.95,,,91bbc2a7e466,live,61024315,0.723915,0.54622,0.50577,19.999,,LIQUIDITY,0.4235,0.6817,0.723915,curve,0.50577,curve,inert,-0.6817,False,1.0,2026-09-20,current,-4.2861,inert-band,gateio,5,66.6184,4.0,NEUTRAL,219760.2
2026-09-20,RLUSD,33,100,20,0.999806,2378535819,8.05,-4.6,-0.5,-3.1,-12.2,-4.72,4,16.9,9.3,15.4,1.0,1.0,2378535819,,33.91,-0.0001,91bbc2a7e466,live,191473813,0.844077,0.466035,0.512224,20.1493,,CONFIRM,0.4766,0.7635,0.844077,curve,0.512224,curve,inert,-0.7635,False,1.0,2026-09-20,absent,-0.02516,no-feed,,,,,,
2026-09-20,TRUMP,91,101,20,2.01,550040351,42.79,-2.9,-15.4,10.4,-55.2,-13.16,4,13.7,6.7,29.1,0.9177,1.0,2013788351,3.723,55.43,-2.735,91bbc2a7e466,live,235365413,0.685099,0.332819,0.970541,20.3084,,CONFIRM,0.6901,1.1002,0.685099,curve,0.970541,curve,applied,-1.1002,False,1.0,2026-09-20,current,-1.80553,inert-band,gateio,5,16.9121,4.0,NEUTRAL,3334579.11
2026-09-20,ALGO,70,102,19,0.101694,919560999,7.83,3.7,5.7,6.8,-31.5,-2.07,4,14.8,10.3,15.2,1.0,1.0,919563427,10.95,,,91bbc2a7e466,live,71982846,0.740895,0.512914,0.507288,19.2777,,LIQUIDITY,0.4123,0.6787,0.740895,curve,0.507288,curve,inert,-0.6787,False,1.0,2026-09-20,current,2.55339,inert-band,gateio,5,1475.4538,8.0,NEUTRAL,432762.39
2026-09-20,ASTER,40,103,19,0.731056,1976827139,7.35,1.6,-6.7,-1.4,-9.1,-3.37,4,16.5,9.8,14.9,0.9267,1.0,5702168876,10.95,,,91bbc2a7e466,live,145375234,0.823992,0.489793,0.496755,18.5788,,CONFIRM,0.4241,0.7138,0.823992,curve,0.496755,curve,applied,-0.7138,False,1.0,2026-09-20,current,-4.46604,inert-band,gateio,5,149.2092,4.0,NEUTRAL,2998725.1
2026-09-20,BC,232,104,19,0.03893549,125016436,0.1,-1.4,15.2,-0.9,415.5,86.26,4,10.5,20.0,12.0,0.926,1.0,366416625,,98.14,-0.0422,91bbc2a7e466,live,130975,0.524242,0.999094,0.4,19.4003,,LIQUIDITY,0.5588,0.9163,0.524242,curve,0.335661,floor,applied,-0.9163,False,1.0,2026-09-20,absent,1.58125,no-feed,,,,,,
2026-09-20,DGAI,214,105,19,0.954629,143194321,78.39,25.0,20.5,-3.1,-12.2,9.41,2,10.8,14.2,16.3,0.9059,1.0,954628810,10.95,,,91bbc2a7e466,live,112247742,0.538981,0.71181,0.544077,18.9094,,DEPTH,0.3711,0.6181,0.538981,curve,0.544077,curve,applied,-0.6181,False,1.0,2026-09-20,current,-1.05408,inert-band,gateio,1,,4.0,NEUTRAL,912996.44
2026-09-20,ICP,48,106,19,2.77,1543325833,3.81,-0.5,2.8,9.6,-12.2,0.51,4,15.9,11.2,12.5,1.0,1.0,1543325929,8.8695,,,91bbc2a7e466,live,58818229,0.797114,0.559179,0.418025,18.6326,,LIQUIDITY,0.5191,0.8722,0.797114,curve,0.418025,curve,inert,-0.8722,False,1.0,2026-09-20,current,-3.75686,inert-band,gateio,5,39.0463,8.0,NEUTRAL,770379.45
2026-09-20,SENT,230,107,19,0.0173505,125580909,8.98,15.4,29.0,29.4,-31.2,12.98,4,10.5,15.3,16.0,0.9111,1.0,596158811,10.95,,,91bbc2a7e466,live,11275296,0.524731,0.764687,0.532856,19.4803,,DEPTH,0.3942,0.6449,0.524731,curve,0.532856,curve,applied,-0.6449,False,1.0,2026-09-20,current,-3.75995,inert-band,gateio,1,,4.0,NEUTRAL,124640.67
2026-09-20,SKR,221,108,19,0.01919425,134440716,3.13,-2.7,-11.9,137.9,-29.0,24.89,4,10.6,17.8,12.1,0.97,1.0,203540013,10.95,12.58,,91bbc2a7e466,live,4201372,0.532133,0.891883,0.402779,18.5424,,LIQUIDITY,0.5396,0.9094,0.532133,curve,0.402779,curve,applied,-0.9094,False,1.0,2026-09-20,current,-2.88551,inert-band,gateio,2,0.0,4.0,NEUTRAL,461362.93
2026-09-20,U,54,109,19,0.999658,1392653089,7.96,-4.6,-0.4,-3.1,-12.2,-4.7,4,15.7,9.3,15.3,1.0,1.0,1392653089,,57.2,0.0099,91bbc2a7e466,live,110924641,0.785961,0.46647,0.510333,18.7102,,CONFIRM,0.455,0.7626,0.785961,curve,0.510333,curve,inert,-0.7626,False,1.0,2026-09-20,absent,-0.02721,no-feed,,,,,,
2026-09-20,KOGE,159,110,18,68.68,232123177,0.03,-6.1,-1.2,33.4,30.0,12.22,4,11.8,15.1,12.0,1.0,1.0,232123177,,,,91bbc2a7e466,live,81172,0.59143,0.753969,0.4,17.8368,,LIQUIDITY,0.5315,0.9163,0.59143,curve,0.33411,floor,inert,-0.9163,False,1.0,2026-09-20,absent,1.29303,no-feed,,,,,,
2026-09-20,PYTH,103,111,18,0.057633,453855316,6.12,2.3,4.2,15.7,-14.1,2.85,4,13.3,12.0,14.1,0.9862,1.0,576327117,10.95,,,91bbc2a7e466,live,27760893,0.664229,0.60099,0.46926,18.4741,,LIQUIDITY,0.448,0.7566,0.664229,curve,0.46926,curve,applied,-0.7566,False,1.0,2026-09-20,current,-4.85143,inert-band,gateio,5,54.5485,4.0,NEUTRAL,522737.58
2026-09-20,1INCH,222,112,17,0.09548,134203572,17.85,0.7,0.7,2.0,-34.4,-6.0,4,10.6,8.9,21.9,1.0,1.0,143219327,10.95,,,91bbc2a7e466,live,23953703,0.531941,0.444112,0.729973,17.245,,CONFIRM,0.4618,0.8117,0.531941,curve,0.729973,curve,inert,-0.8117,False,1.0,2026-09-20,current,-3.89539,inert-band,gateio,3,67.7122,8.0,NEUTRAL,119538.04
2026-09-20,COMP,166,113,17,20.79,207898524,9.27,0.6,-0.4,4.7,-8.0,-0.34,4,11.6,10.9,16.2,1.0,1.0,207898524,10.95,,,91bbc2a7e466,live,19270388,0.579463,0.54379,0.539314,16.9941,,LIQUIDITY,0.3484,0.6175,0.579463,curve,0.539314,curve,inert,-0.6175,False,1.0,2026-09-20,current,-3.68798,inert-band,gateio,5,33.288,8.0,NEUTRAL,108313.97
2026-09-20,XPL,148,114,17,0.090333,250924783,19.56,7.2,-3.1,-13.9,-36.2,-9.33,4,12.0,7.8,23.0,0.9182,1.05,903329217,-21.9,64.21,-1.2668,91bbc2a7e466,live,49088836,0.599886,0.389446,0.76807,17.2999,,CONFIRM,0.5092,0.943,0.599886,curve,0.76807,curve,applied,-0.943,False,1.05,2026-09-20,current,-1.072,cold-squeeze,gateio,5,101.4581,4.0,SHORT_SQUEEZE_RISK,1443577.11
2026-09-20,ATOM,72,115,16,1.68,895396006,5.75,2.0,5.3,4.1,-33.4,-3.73,4,14.8,9.7,13.8,1.0,1.0,895433219,10.95,,,91bbc2a7e466,live,51458627,0.738004,0.483354,0.461045,16.4463,,LIQUIDITY,0.4289,0.7743,0.738004,curve,0.461045,curve,inert,-0.7743,False,1.0,2026-09-20,current,-3.52772,inert-band,gateio,6,25.404,8.0,NEUTRAL,1136708.42
2026-09-20,B,168,116,16,0.203206,203205983,4.1,-3.5,14.8,27.6,-23.8,4.79,4,11.5,12.7,12.7,1.0,1.0,203205983,10.95,,,91bbc2a7e466,live,8339615,0.576984,0.63518,0.424534,15.5587,,LIQUIDITY,0.4605,0.8568,0.576984,curve,0.424534,curve,inert,-0.8568,False,1.0,2026-09-20,current,1.1,inert-band,gateio,1,,4.0,NEUTRAL,1731971.14
2026-09-20,BUIDL,34,117,16,1.0,2329036631,0.0,-4.6,-0.5,-3.1,-12.2,-4.72,4,16.8,9.3,12.0,1.0,1.0,2329036631,,50.0,0.0,91bbc2a7e466,live,0.0,0.841794,0.466035,0.4,15.6922,,LIQUIDITY,0.4948,0.9163,0.841794,curve,0.0,zero-volume,inert,-0.9163,False,1.0,2026-09-20,absent,0.0,no-feed,,,,,,
2026-09-20,ENS,144,118,16,6.11,257890606,11.53,2.4,-0.3,16.0,-38.5,-3.05,4,12.1,9.9,17.7,0.9368,1.0,611474854,10.95,,,91bbc2a7e466,live,29744589,0.602859,0.495282,0.58964,16.4931,,CONFIRM,0.3899,0.7026,0.602859,curve,0.58964,curve,applied,-0.7026,False,1.0,2026-09-20,current,-3.61973,inert-band,gateio,3,32.2847,8.0,NEUTRAL,168262.06
2026-09-20,GRASS,154,119,16,0.354488,239996550,8.43,2.8,2.0,6.1,-15.8,-0.29,4,11.9,10.9,15.6,0.9722,1.0,354488261,10.95,,,91bbc2a7e466,live,20225509,0.595051,0.54469,0.520609,16.4048,,LIQUIDITY,0.3611,0.6528,0.595051,curve,0.520609,curve,applied,-0.6528,False,1.0,2026-09-20,current,3.02359,inert-band,gateio,3,97.4628,4.0,NEUTRAL,486129.39
2026-09-20,HBAR,25,120,16,0.080331,3521038504,3.8,2.0,-1.9,1.7,-33.6,-6.17,4,17.7,8.8,12.5,0.9965,1.0,4016542810,4.599,,,91bbc2a7e466,live,133698215,0.886668,0.441141,0.417714,16.2815,,LIQUIDITY,0.4809,0.873,0.886668,curve,0.417714,curve,applied,-0.873,False,1.0,2026-09-20,current,-0.22686,inert-band,gateio,5,1023.0239,8.0,NEUTRAL,1101404.42
2026-09-20,KMNO,206,121,16,0.02707111,150782382,6.52,3.5,6.4,19.2,-12.5,4.95,4,10.9,12.8,14.3,0.9558,1.0,270709928,10.95,,,91bbc2a7e466,live,9829808,0.544588,0.637954,0.478204,15.8795,,LIQUIDITY,0.4009,0.7377,0.544588,curve,0.478204,curve,applied,-0.7377,False,1.0,2026-09-20,current,-5.24443,inert-band,gateio,1,,4.0,NEUTRAL,51298.16
2026-09-20,MNT,41,122,16,0.590378,1949601901,1.92,2.3,-3.5,11.5,-28.6,-3.03,4,16.4,9.9,12.0,0.9521,1.0,3671747713,10.95,,,91bbc2a7e466,live,37384964,0.822486,0.495725,0.4,15.5279,,LIQUIDITY,0.492,0.9163,0.822486,curve,0.375946,floor,applied,-0.9163,False,1.0,2026-09-20,current,-3.00755,inert-band,gateio,3,57.8913,4.0,NEUTRAL,199152.21
2026-09-20,SHIB,28,123,16,5.33e-06,3142289412,2.98,-2.2,-2.4,-0.9,-21.6,-5.8,4,17.5,8.9,12.0,1.0,1.0,3143660425,10.95,,,91bbc2a7e466,live,93673518,0.874312,0.447348,0.4,15.6449,,LIQUIDITY,0.494,0.9163,0.874312,curve,0.399579,floor,inert,-0.9163,False,1.0,2026-09-20,current,-2.29359,inert-band,gateio,2,10.95,8.0,NEUTRAL,3056950.61
2026-09-20,SKY,47,124,16,0.069036,1616653323,0.79,6.1,-3.5,1.4,-18.5,-2.4,4,16.0,10.1,12.0,1.0,1.0,1619560603,10.95,,,91bbc2a7e466,live,12715066,0.802154,0.507021,0.4,16.2684,,LIQUIDITY,0.5046,0.9163,0.802154,curve,0.350811,floor,inert,-0.9163,False,1.0,2026-09-20,current,-0.88167,inert-band,gateio,2,10.9642,4.0,NEUTRAL,290041.34
2026-09-20,THETA,165,125,16,0.211377,211377166,3.65,-1.6,16.3,18.5,-5.5,7.12,4,11.6,13.5,12.4,1.0,1.0,211377166,10.95,,,91bbc2a7e466,live,7709575,0.581265,0.674804,0.414385,16.2538,,LIQUIDITY,0.4849,0.881,0.581265,curve,0.414385,curve,inert,-0.881,False,1.0,2026-09-20,current,-3.88459,inert-band,gateio,2,12.8946,8.0,NEUTRAL,177576.0
2026-09-20,TWT,156,126,16,0.563008,234577392,5.09,0.8,-8.8,31.7,-0.7,5.82,4,11.9,13.1,13.4,0.9361,1.0,563008396,10.95,,,91bbc2a7e466,live,11950346,0.592572,0.652993,0.446543,16.1746,,LIQUIDITY,0.4426,0.8062,0.592572,curve,0.446543,curve,applied,-0.8062,False,1.0,2026-09-20,current,-2.25305,inert-band,gateio,1,,8.0,NEUTRAL,149164.6
2026-09-20,USDGO,56,127,16,1.001,1384721186,4.12,-4.6,-0.4,-3.1,-12.2,-4.7,3,15.7,9.3,12.7,1.0,1.0,1384721186,,,,91bbc2a7e466,live,57003479,0.785341,0.46647,0.424813,15.5625,,LIQUIDITY,0.4602,0.8561,0.785341,curve,0.424813,curve,inert,-0.8561,False,1.0,2026-09-20,absent,0.08373,no-feed,,,,,,
2026-09-20,USDY,35,128,16,1.15,2249998080,0.03,-5.0,-0.9,-3.3,-8.9,-4.33,4,16.8,9.5,12.0,1.0,1.0,2249998080,,100.0,0.0,91bbc2a7e466,live,700135,0.838046,0.47283,0.4,15.8501,,LIQUIDITY,0.4974,0.9163,0.838046,curve,0.334025,floor,inert,-0.9163,False,1.0,2026-09-20,absent,0.32053,no-feed,,,,,,
2026-09-20,USYC,31,129,16,1.14,2508311923,0.0,-4.5,-0.4,-2.8,-10.5,-4.25,4,17.0,9.5,12.0,1.0,1.0,2508311923,,100.0,0.0,91bbc2a7e466,live,0.0,0.849845,0.474229,0.4,16.1208,,LIQUIDITY,0.5021,0.9163,0.849845,curve,0.0,zero-volume,inert,-0.9163,False,1.0,2026-09-20,absent,0.0,no-feed,,,,,,
2026-09-20,A,212,130,15,0.086643,144533544,4.87,1.0,7.0,15.9,-3.8,5.27,4,10.8,12.9,13.2,0.987,1.0,181949496,10.95,,,91bbc2a7e466,live,7031669,0.539992,0.643393,0.441446,15.1377,,LIQUIDITY,0.4331,0.8177,0.539992,curve,0.441446,curve,applied,-0.8177,False,1.0,2026-09-20,current,-3.60596,inert-band,gateio,1,,4.0,NEUTRAL,84673.68
2026-09-20,AXS,185,131,15,0.98765,172568460,15.55,-0.3,2.5,-4.8,-34.0,-7.47,4,11.2,8.4,20.4,0.9682,1.0,266665425,10.95,,,91bbc2a7e466,live,26835710,0.55924,0.419486,0.678906,15.4202,,CONFIRM,0.4647,0.8687,0.55924,curve,0.678906,curve,applied,-0.8687,False,1.0,2026-09-20,current,-2.77169,inert-band,gateio,3,47.9894,8.0,NEUTRAL,456611.68
2026-09-20,BFUSD,59,132,15,0.999514,1319358509,0.59,-4.6,-0.6,-3.1,-12.1,-4.72,4,15.6,9.3,12.0,1.0,1.0,1319358509,,,,91bbc2a7e466,live,7759853,0.780091,0.465948,0.4,14.5393,,LIQUIDITY,0.4752,0.9163,0.780091,curve,0.346403,floor,inert,-0.9163,False,1.0,2026-09-20,absent,-0.01376,no-feed,,,,,,
2026-09-20,BGB,53,133,15,2.0,1398819222,0.77,-1.1,-0.4,4.9,-20.1,-3.23,4,15.7,9.8,12.0,0.9838,1.0,1820325912,,,,91bbc2a7e466,live,10733651,0.78644,0.49227,0.4,15.2348,,LIQUIDITY,0.487,0.9163,0.78644,curve,0.350385,floor,applied,-0.9163,False,1.0,2026-09-20,absent,-0.78789,no-feed,,,,,,
2026-09-20,GRAM,24,134,15,1.37,3842463469,1.1,-3.3,-3.7,-8.0,-10.3,-5.97,4,17.9,8.9,12.0,0.9524,1.0,7210509382,-48.837,,,91bbc2a7e466,live,42222014,0.896152,0.444452,0.4,15.1735,,LIQUIDITY,0.4859,0.9163,0.896152,curve,0.357752,floor,applied,-0.9163,False,1.0,2026-09-20,current,0.01001,cold-no-rsi,gateio,2,59.787,4.0,SHORT_SQUEEZE_RISK,1588328.84
2026-09-20,HTX,49,135,15,1.7e-06,1531334662,0.33,-4.7,0.7,-5.5,-5.7,-3.75,4,15.9,9.7,12.0,1.0,1.0,1531334662,,22.47,-0.1967,91bbc2a7e466,live,5106302,0.796268,0.483002,0.4,15.3839,,LIQUIDITY,0.4895,0.9163,0.796268,curve,0.340743,floor,inert,-0.9163,False,1.0,2026-09-20,absent,0.12366,no-feed,,,,,,
2026-09-20,USDF,58,136,15,0.995553,1370907841,0.04,-4.7,-0.6,-3.1,-12.3,-4.79,4,15.7,9.3,12.0,1.0,1.0,1370907841,,,,91bbc2a7e466,live,610933,0.784252,0.464733,0.4,14.5787,,LIQUIDITY,0.4758,0.9163,0.784252,curve,0.334324,floor,inert,-0.9163,False,1.0,2026-09-20,absent,-0.02412,no-feed,,,,,,
2026-09-20,VIRTUAL,108,137,15,0.641148,422122696,12.9,-0.8,-6.9,-8.1,-29.6,-9.91,4,13.1,7.6,18.6,0.9697,1.0,641147894,10.95,59.51,,91bbc2a7e466,live,54470642,0.65636,0.380411,0.620089,15.0136,,CONFIRM,0.5097,0.9665,0.65636,curve,0.620089,curve,applied,-0.9665,False,1.0,2026-09-20,current,-5.29387,inert-band,gateio,4,26.7815,4.0,NEUTRAL,794663.27
2026-09-20,AKT,196,138,14,0.54372,162030692,2.77,-3.8,-3.1,-6.6,45.1,5.46,4,11.0,12.9,12.0,1.0,1.0,162032937,10.95,,,91bbc2a7e466,live,4491295,0.552399,0.646661,0.4,14.2886,,LIQUIDITY,0.4709,0.9163,0.552399,curve,0.394931,floor,inert,-0.9163,False,1.0,2026-09-20,current,-3.80533,inert-band,gateio,2,103.8569,4.0,NEUTRAL,125958.44
2026-09-20,APEPE,147,139,14,1.21e-06,253799704,4.32,-11.3,4.6,7.7,-3.2,-0.95,4,12.0,10.7,12.9,1.0,1.0,253799704,,,,91bbc2a7e466,live,10951846,0.601123,0.532818,0.429226,13.7476,,LIQUIDITY,0.4262,0.8458,0.601123,curve,0.429226,curve,inert,-0.8458,False,1.0,2026-09-20,absent,0.12104,no-feed,,,,,,
2026-09-20,BONK,143,140,14,2.95e-06,259516478,20.91,2.0,-13.6,-1.1,-64.5,-15.97,4,12.1,5.9,23.9,1.0,1.0,259516478,5.475,,,91bbc2a7e466,live,54257128,0.603541,0.296102,0.797933,14.2598,,CONFIRM,0.6249,1.2171,0.603541,curve,0.797933,curve,inert,-1.2171,False,1.0,2026-09-20,current,-1.92785,inert-band,gateio,2,5.475,4.0,NEUTRAL,282776.62
2026-09-20,BTT,127,141,14,3.29264e-07,324995889,2.07,-5.1,8.9,9.2,-15.9,-0.18,4,12.6,10.9,12.0,1.0,1.0,325971206,,,,91bbc2a7e466,live,6711182,0.627969,0.54667,0.4,13.7317,,LIQUIDITY,0.4615,0.9163,0.627969,curve,0.379222,floor,inert,-0.9163,False,1.0,2026-09-20,absent,-0.5146,no-feed,,,,,,
2026-09-20,DCR,132,142,14,17.23,303495147,0.78,2.0,1.7,37.5,-52.5,-0.1,4,12.4,11.0,12.0,1.0,1.0,303498431,,,,91bbc2a7e466,live,2360272,0.620538,0.5482,0.4,13.6072,,LIQUIDITY,0.4594,0.9163,0.620538,curve,0.350615,floor,inert,-0.9163,False,1.0,2026-09-20,absent,-2.96943,no-feed,,,,,,
2026-09-20,EDGE,172,143,14,0.56201,196703521,2.44,-8.5,-12.6,55.7,-12.2,5.79,3,11.5,13.0,12.0,0.9271,1.0,562010061,10.95,,,91bbc2a7e466,live,4805723,0.573453,0.65231,0.4,13.872,,LIQUIDITY,0.4639,0.9163,0.573453,curve,0.387625,floor,applied,-0.9163,False,1.0,2026-09-20,current,-1.65526,inert-band,gateio,1,,4.0,NEUTRAL,13840.72
2026-09-20,EIGEN,167,144,14,0.224415,207647652,13.79,2.1,6.4,2.7,-59.2,-8.94,4,11.6,7.9,19.2,0.948,1.0,414009471,10.95,,,91bbc2a7e466,live,28642351,0.579332,0.395685,0.639861,13.905,,CONFIRM,0.4699,0.9271,0.579332,curve,0.639861,curve,applied,-0.9271,False,1.0,2026-09-20,current,-4.75685,inert-band,gateio,5,34.7429,4.0,NEUTRAL,355745.18
2026-09-20,EURSAFO,52,145,14,1.16,1407771011,0.0,-5.6,-1.6,-4.8,-12.2,-5.72,3,15.7,9.0,12.0,1.0,1.0,1407771011,,,,91bbc2a7e466,live,0.0,0.787133,0.4488,0.4,14.1306,,LIQUIDITY,0.4683,0.9163,0.787133,curve,0.0,zero-volume,inert,-0.9163,False,1.0,2026-09-20,absent,0.0,no-feed,,,,,,
2026-09-20,JAAA,78,146,14,1.05,776469917,0.0,-4.5,-0.3,-2.7,-10.0,-4.1,4,14.5,9.5,12.0,1.0,1.0,776469917,,,,91bbc2a7e466,live,0.0,0.722531,0.476855,0.4,13.7817,,LIQUIDITY,0.4623,0.9163,0.722531,curve,0.0,zero-volume,inert,-0.9163,False,1.0,2026-09-20,absent,0.0,no-feed,,,,,,
2026-09-20,MON,138,147,14,0.02328173,275310357,13.05,-3.1,-11.5,-16.5,-3.6,-8.65,4,12.2,8.0,18.7,0.9037,1.0,2344073174,2.19,37.53,-0.5619,91bbc2a7e466,live,35921181,0.609956,0.400229,0.623278,13.7503,,CONFIRM,0.4615,0.9157,0.609956,curve,0.623278,curve,applied,-0.9157,False,1.0,2026-09-20,current,-6.0593,inert-band,gateio,5,86.7047,4.0,NEUTRAL,435543.73
2026-09-20,REUSD,136,148,14,1.1,281081350,0.5,-4.4,-0.2,-2.6,10.5,0.08,4,12.2,11.0,12.0,1.0,1.0,281081350,,,,91bbc2a7e466,live,1393069,0.612208,0.55144,0.4,13.5038,,LIQUIDITY,0.4576,0.9163,0.612208,curve,0.344347,floor,inert,-0.9163,False,1.0,2026-09-20,absent,0.03007,no-feed,,,,,,
2026-09-20,SUN,124,149,14,0.01706611,328047896,5.37,-4.5,0.8,-5.6,-6.0,-3.75,4,12.6,9.7,13.6,1.0,1.0,339628072,10.95,,,91bbc2a7e466,live,17623722,0.628984,0.483002,0.452718,13.7536,,LIQUIDITY,0.3995,0.7925,0.628984,curve,0.452718,curve,inert,-0.7925,False,1.0,2026-09-20,current,0.16583,inert-band,gateio,1,,8.0,NEUTRAL,60469.9
2026-09-20,USTB,80,150,14,11.22,747343798,0.0,-4.5,-0.4,-2.8,-10.3,-4.21,4,14.4,9.5,12.0,1.0,1.0,747343798,,,,91bbc2a7e466,live,0.0,0.71838,0.474928,0.4,13.6472,,LIQUIDITY,0.4601,0.9163,0.71838,curve,0.0,zero-volume,inert,-0.9163,False,1.0,2026-09-20,absent,0.0,no-feed,,,,,,
2026-09-20,ZANO,225,151,14,8.28,128080860,1.32,19.9,21.4,1.5,-23.1,7.08,4,10.5,13.5,12.0,1.0,1.0,128082336,,,,91bbc2a7e466,live,1692894,0.526871,0.674056,0.4,14.2056,,LIQUIDITY,0.4695,0.9163,0.526871,curve,0.362705,floor,inert,-0.9163,False,1.0,2026-09-20,absent,8.85422,no-feed,,,,,,
2026-09-20,ZRO,115,152,14,1.067,376836464,10.92,0.6,-2.0,11.2,-56.0,-8.72,4,12.9,8.0,17.3,0.9276,1.0,1066578688,10.95,,,91bbc2a7e466,live,41131708,0.644038,0.39911,0.575889,13.7311,,CONFIRM,0.4626,0.9185,0.644038,curve,0.575889,curve,applied,-0.9185,False,1.0,2026-09-20,current,-6.94896,inert-band,gateio,4,68.4381,4.0,NEUTRAL,708014.81
2026-09-20,BTSE,186,153,13,1.063,172315829,0.17,1.5,26.0,14.6,-44.8,1.64,4,11.2,11.6,12.0,0.9889,1.0,212654860,,,,91bbc2a7e466,live,287808,0.559081,0.579478,0.4,12.8152,,LIQUIDITY,0.446,0.9163,0.559081,curve,0.337045,floor,applied,-0.9163,False,1.0,2026-09-20,absent,2.30031,no-feed,,,,,,
2026-09-20,CASHCAT,207,154,13,0.151203,149381342,15.93,-15.3,-34.7,17.0,-12.2,-11.46,3,10.9,7.1,20.6,1.0,1.0,149381342,10.95,31.41,0.1331,91bbc2a7e466,live,23796435,0.543574,0.357123,0.687333,13.3427,,CONFIRM,0.5112,1.0297,0.543574,curve,0.687333,curve,inert,-1.0297,False,1.0,2026-09-20,current,-29.32959,inert-band,gateio,2,21.3032,4.0,NEUTRAL,668233.26
2026-09-20,CHZ,202,155,13,0.01470348,154849117,18.81,-5.1,4.7,3.1,-72.5,-14.08,4,10.9,6.4,22.5,1.0,1.0,154851058,10.95,,,91bbc2a7e466,live,29133057,0.547477,0.320343,0.751419,13.1784,,CONFIRM,0.5617,1.1384,0.547477,curve,0.751419,curve,inert,-1.1384,False,1.0,2026-09-20,current,-3.14535,inert-band,gateio,3,56.1067,8.0,NEUTRAL,151797.06
2026-09-20,EUTBL,75,156,13,1.22,791533121,0.0,-5.6,-1.6,-4.9,-12.2,-5.75,4,14.5,9.0,12.0,1.0,1.0,791533121,,,,91bbc2a7e466,live,0.0,0.724617,0.448373,0.4,12.9959,,LIQUIDITY,0.449,0.9163,0.724617,curve,0.0,zero-volume,inert,-0.9163,False,1.0,2026-09-20,absent,0.0,no-feed,,,,,,
2026-09-20,GHO,83,157,13,0.998963,698274871,0.55,-4.6,-0.5,-3.1,-12.3,-4.74,4,14.2,9.3,12.0,1.0,1.0,698274871,,,,91bbc2a7e466,live,3866688,0.711007,0.465688,0.4,13.2443,,LIQUIDITY,0.4532,0.9163,0.711007,curve,0.345639,floor,inert,-0.9163,False,1.0,2026-09-20,absent,-0.02302,no-feed,,,,,,
2026-09-20,GRT,161,158,13,0.02028498,221944482,5.54,6.5,-1.8,22.2,-56.8,-4.31,4,11.7,9.5,13.7,1.0,1.0,235569397,10.95,,,91bbc2a7e466,live,12299398,0.586561,0.47318,0.456481,12.6696,,LIQUIDITY,0.3796,0.7842,0.586561,curve,0.456481,curve,inert,-0.7842,False,1.0,2026-09-20,current,-2.50428,inert-band,gateio,2,135.6731,8.0,NEUTRAL,170652.56
2026-09-20,MHA,94,159,13,0.054659,544517469,1.11,-4.6,-0.5,-3.1,-12.2,-4.72,0,13.7,9.3,12.0,1.0,1.0,544517469,,,,91bbc2a7e466,live,6032072,0.684003,0.466035,0.4,12.7508,,LIQUIDITY,0.4449,0.9163,0.684003,curve,0.357951,floor,inert,-0.9163,False,1.0,2026-09-20,absent,1.29153,no-feed,,,,,,
2026-09-20,OHM,133,160,13,19.98,298108981,0.02,-5.6,-1.9,4.0,2.8,-0.59,4,12.4,10.8,12.0,0.9819,1.0,396081804,,,,91bbc2a7e466,live,63793,0.618594,0.539292,0.4,13.1026,,LIQUIDITY,0.4509,0.9163,0.618594,curve,0.333809,floor,applied,-0.9163,False,1.0,2026-09-20,absent,-0.93133,no-feed,,,,,,
2026-09-20,QNT,69,161,13,63.66,925940424,0.87,-4.7,-3.6,-3.1,-19.0,-6.88,4,14.8,8.6,12.0,1.0,1.0,930289747,10.95,,,91bbc2a7e466,live,8013087,0.741646,0.429111,0.4,12.7299,,LIQUIDITY,0.4445,0.9163,0.741646,curve,0.352564,floor,inert,-0.9163,False,1.0,2026-09-20,current,-2.24482,inert-band,gateio,2,275.8941,8.0,NEUTRAL,91247.34
2026-09-20,SEI,128,162,13,0.04725643,318193296,16.11,1.8,-3.2,-0.1,-70.3,-14.35,4,12.5,6.3,20.7,0.9717,1.0,472564301,10.95,,,91bbc2a7e466,live,51271706,0.625673,0.316835,0.691409,13.3183,,CONFIRM,0.5701,1.1494,0.625673,curve,0.691409,curve,applied,-1.1494,False,1.0,2026-09-20,current,-3.51249,inert-band,gateio,6,99.2657,8.0,NEUTRAL,303840.66
2026-09-20,USD0,93,163,13,0.998639,545840896,0.01,-4.6,-0.5,-3.1,-12.2,-4.72,4,13.7,9.3,12.0,1.0,1.0,545840896,,,,91bbc2a7e466,live,65822,0.684267,0.466035,0.4,12.7557,,LIQUIDITY,0.445,0.9163,0.684267,curve,0.333601,floor,inert,-0.9163,False,1.0,2026-09-20,absent,-0.026,no-feed,,,,,,
2026-09-20,YLDS,96,164,13,0.999523,515986236,0.55,-4.6,-0.5,-3.1,-12.2,-4.72,4,13.6,9.3,12.0,1.0,1.0,515986236,,,,91bbc2a7e466,live,2838963,0.67816,0.466035,0.4,12.6419,,LIQUIDITY,0.443,0.9163,0.67816,curve,0.34556,floor,inert,-0.9163,False,1.0,2026-09-20,absent,-0.03235,no-feed,,,,,,
2026-09-20,A7A5,102,165,12,0.01173334,460353520,0.0,-4.6,1.3,-5.4,-20.6,-6.53,4,13.3,8.7,12.0,1.0,1.0,460353520,,,,91bbc2a7e466,live,1217.58,0.665773,0.435146,0.4,11.5883,,LIQUIDITY,0.4252,0.9163,0.665773,curve,0.333339,floor,inert,-0.9163,False,1.0,2026-09-20,absent,-2.16118,no-feed,,,,,,
2026-09-20,APXUSD,129,166,12,0.977576,317288043,0.14,-4.5,0.3,0.0,-14.4,-4.15,4,12.5,9.5,12.0,1.0,1.0,317288043,,,,91bbc2a7e466,live,449868,0.625363,0.475891,0.4,11.9042,,LIQUIDITY,0.4305,0.9163,0.625363,curve,0.336484,floor,inert,-0.9163,False,1.0,2026-09-20,absent,-0.29065,no-feed,,,,,,
2026-09-20,AWE,235,167,12,0.062843,122066781,1.61,0.2,2.5,-7.2,10.4,0.97,4,10.4,11.3,12.0,1.0,1.0,122066781,10.95,,,91bbc2a7e466,live,1967410,0.521649,0.567361,0.4,11.8385,,LIQUIDITY,0.4294,0.9163,0.521649,curve,0.36915,floor,inert,-0.9163,False,1.0,2026-09-20,current,-11.74912,inert-band,gateio,1,,8.0,NEUTRAL,19942.42
2026-09-20,BSV,122,168,12,16.64,334168617,1.9,-6.6,-1.7,-6.6,-6.3,-5.31,4,12.6,9.1,12.0,1.0,1.0,334169500,10.95,,,91bbc2a7e466,live,6338715,0.630991,0.455746,0.4,11.5029,,LIQUIDITY,0.4237,0.9163,0.630991,curve,0.375486,floor,inert,-0.9163,False,1.0,2026-09-20,current,-4.65945,inert-band,gateio,2,0.0,4.0,NEUTRAL,672666.16
2026-09-20,CRO,29,169,12,0.057728,2870958357,0.21,-5.8,0.4,0.0,-46.5,-10.94,4,17.3,7.3,12.0,0.9481,1.0,5711154891,10.95,,,91bbc2a7e466,live,5942532,0.864507,0.364756,0.4,11.9587,,CONFIRM,0.4749,1.0085,0.864507,curve,0.337933,floor,applied,-1.0085,False,1.0,2026-09-20,current,-3.5611,inert-band,gateio,2,72.9512,8.0,NEUTRAL,299298.24
2026-09-20,EURC,101,170,12,1.15,469328610,2.89,-5.5,-1.5,-4.9,-13.2,-5.89,4,13.4,8.9,12.0,1.0,1.0,469328610,-8.76,,,91bbc2a7e466,live,13580342,0.667869,0.445899,0.4,11.9121,,LIQUIDITY,0.4307,0.9163,0.667869,curve,0.397635,floor,inert,-0.9163,False,1.0,2026-09-20,current,-0.08711,inert-band,coinbase,1,,1.0,MILD_INVERSION,1022142.5
2026-09-20,EURCV,175,171,12,1.15,192876599,5.74,-5.4,-1.5,-4.8,-13.4,-5.88,4,11.4,8.9,13.8,1.0,1.0,192876599,,,,91bbc2a7e466,live,11078189,0.57132,0.446155,0.46097,11.75,,CONFIRM,0.3769,0.8071,0.57132,curve,0.46097,curve,inert,-0.8071,False,1.0,2026-09-20,absent,-0.04892,no-feed,,,,,,
2026-09-20,FLOKI,152,172,12,2.509e-05,241992310,10.31,-1.9,-5.3,-6.0,-37.2,-10.84,4,11.9,7.3,16.9,1.0,1.0,139050576,7.7745,,,91bbc2a7e466,live,24940904,0.59595,0.366329,0.562366,12.2772,,CONFIRM,0.4788,1.0042,0.59595,curve,0.562366,curve,inert,-1.0042,False,1.0,2026-09-20,current,-3.69942,inert-band,gateio,1,,8.0,NEUTRAL,262909.88
2026-09-20,IOTA,164,173,12,0.04610127,214450131,3.87,9.3,9.0,11.7,-57.8,-3.6,4,11.7,9.7,12.6,1.0,1.0,229848007,10.95,,,91bbc2a7e466,live,8300917,0.582832,0.485732,0.419351,11.8718,,LIQUIDITY,0.4078,0.869,0.582832,curve,0.419351,curve,inert,-0.869,False,1.0,2026-09-20,current,-2.26038,inert-band,gateio,3,162.1015,8.0,NEUTRAL,384847.29
2026-09-20,JTRSY,119,174,12,1.12,350235306,0.0,-4.5,-0.4,-2.9,-10.4,-4.25,4,12.7,9.5,12.0,1.0,1.0,350235306,,,,91bbc2a7e466,live,0.0,0.63609,0.474141,0.4,12.0639,,LIQUIDITY,0.4332,0.9163,0.63609,curve,0.0,zero-volume,inert,-0.9163,False,1.0,2026-09-20,absent,0.0,no-feed,,,,,,
2026-09-20,KCS,65,175,12,7.15,980736182,1.64,-0.7,-1.0,-10.2,-32.0,-9.41,4,15.0,7.8,12.0,1.0,1.0,1016489018,,,,91bbc2a7e466,live,16065381,0.747888,0.38819,0.4,11.6129,,CONFIRM,0.4395,0.9463,0.747888,curve,0.369735,floor,inert,-0.9463,False,1.0,2026-09-20,absent,-1.67211,no-feed,,,,,,
2026-09-20,NEXO,74,176,12,0.832231,832230886,0.27,-4.0,-1.1,-6.8,-21.3,-7.43,4,14.6,8.4,12.0,1.0,1.0,832230886,,,,91bbc2a7e466,live,2277182,0.730061,0.419981,0.4,12.2645,,LIQUIDITY,0.4366,0.9163,0.730061,curve,0.339414,floor,inert,-0.9163,False,1.0,2026-09-20,absent,-1.4795,no-feed,,,,,,
2026-09-20,OUSG,125,177,12,116.61,326749475,0.0,-4.5,-0.4,-2.8,-10.3,-4.21,4,12.6,9.5,12.0,1.0,1.0,326749475,,,,91bbc2a7e466,live,0.0,0.628554,0.474928,0.4,11.9407,,LIQUIDITY,0.4312,0.9163,0.628554,curve,0.0,zero-volume,inert,-0.9163,False,1.0,2026-09-20,absent,0.0,no-feed,,,,,,
2026-09-20,SHFL,208,178,12,0.310251,149213642,0.41,-0.9,6.3,2.8,-0.1,1.99,4,10.9,11.7,12.0,0.9509,1.0,285489300,,,,91bbc2a7e466,live,619175,0.543452,0.585655,0.4,12.1059,,LIQUIDITY,0.434,0.9163,0.543452,curve,0.342555,floor,applied,-0.9163,False,1.0,2026-09-20,absent,-3.52977,no-feed,,,,,,
2026-09-20,SOFID,126,179,12,0.999224,326579456,1.41,-4.6,-0.4,-3.0,-12.2,-4.67,3,12.6,9.3,12.0,1.0,1.0,326579456,,,,91bbc2a7e466,live,4595887,0.628497,0.466904,0.4,11.7379,,LIQUIDITY,0.4277,0.9163,0.628497,curve,0.364606,floor,inert,-0.9163,False,1.0,2026-09-20,absent,-0.03622,no-feed,,,,,,
2026-09-20,SYRUP,149,180,12,0.214669,250577663,2.2,-4.8,0.4,12.2,-25.5,-3.39,4,12.0,9.8,12.0,1.0,1.0,267194268,10.95,,,91bbc2a7e466,live,5522841,0.599736,0.489351,0.4,11.7393,,LIQUIDITY,0.4277,0.9163,0.599736,curve,0.382312,floor,inert,-0.9163,False,1.0,2026-09-20,current,-2.66319,inert-band,gateio,3,119.614,8.0,NEUTRAL,205394.26
2026-09-20,USDAI,131,181,12,0.999734,307519357,0.99,-4.6,-0.6,-3.1,-12.2,-4.74,4,12.4,9.3,12.0,1.0,1.0,307519357,,,,91bbc2a7e466,live,3058438,0.621968,0.465601,0.4,11.5836,,LIQUIDITY,0.4251,0.9163,0.621968,curve,0.355434,floor,inert,-0.9163,False,1.0,2026-09-20,absent,-0.01034,no-feed,,,,,,
2026-09-20,USDTB,98,182,12,0.999274,482778090,0.08,-4.6,-0.6,-3.1,-12.3,-4.76,4,13.4,9.3,12.0,1.0,1.0,482778090,,,,91bbc2a7e466,live,393836,0.670937,0.465254,0.4,12.4862,,LIQUIDITY,0.4404,0.9163,0.670937,curve,0.335146,floor,inert,-0.9163,False,1.0,2026-09-20,absent,-0.04159,no-feed,,,,,,
2026-09-20,APYUSD,183,183,11,1.36,174861826,0.16,-5.3,-0.8,-1.0,-12.2,-4.48,3,11.2,9.4,12.0,1.0,1.0,174861826,,,,91bbc2a7e466,live,275123,0.560674,0.470212,0.4,10.5454,,LIQUIDITY,0.4073,0.9163,0.560674,curve,0.33683,floor,inert,-0.9163,False,1.0,2026-09-20,absent,-0.6795,no-feed,,,,,,
2026-09-20,AUSD,157,184,11,0.999401,234262304,1.03,-4.6,-0.6,-3.1,-12.2,-4.74,4,11.8,9.3,12.0,1.0,1.0,234262304,,,,91bbc2a7e466,live,2403575,0.592426,0.465601,0.4,11.0334,,LIQUIDITY,0.4157,0.9163,0.592426,curve,0.356134,floor,inert,-0.9163,False,1.0,2026-09-20,absent,-0.01508,no-feed,,,,,,
2026-09-20,BDX,88,185,11,0.075926,597598397,0.64,-5.0,-4.3,-11.3,-16.8,-8.76,4,13.9,8.0,12.0,0.9867,1.0,754685118,,,,91bbc2a7e466,live,3804969,0.694102,0.398471,0.4,10.9161,,CONFIRM,0.4154,0.9201,0.694102,curve,0.347482,floor,applied,-0.9201,False,1.0,2026-09-20,absent,0.30135,no-feed,,,,,,
2026-09-20,CASH,227,186,11,0.999355,127688958,5.24,-4.6,-0.6,-3.1,-12.3,-4.76,4,10.5,9.3,13.5,1.0,1.0,127688958,,,,91bbc2a7e466,live,6695351,0.526538,0.465254,0.449855,11.0203,,LIQUIDITY,0.3622,0.7988,0.526538,curve,0.449855,curve,inert,-0.7988,False,1.0,2026-09-20,absent,-0.01336,no-feed,,,,,,
2026-09-20,COCO,189,187,11,0.167966,167966352,0.03,-4.8,-3.3,-1.6,2.3,-2.2,4,11.1,10.2,12.0,1.0,1.0,167966352,,,,91bbc2a7e466,live,42402,0.556306,0.510413,0.4,11.3578,,LIQUIDITY,0.4212,0.9163,0.556306,curve,0.333894,floor,inert,-0.9163,False,1.0,2026-09-20,absent,-0.58093,no-feed,,,,,,
2026-09-20,CRVUSD,163,188,11,0.999409,215829090,3.82,-4.8,-0.7,-3.3,-12.2,-4.88,4,11.7,9.3,12.5,1.0,1.0,215786203,,,,91bbc2a7e466,live,8248294,0.583527,0.463259,0.41826,11.3066,,LIQUIDITY,0.3999,0.8717,0.583527,curve,0.41826,curve,inert,-0.8717,False,1.0,2026-09-20,absent,0.05298,no-feed,,,,,,
2026-09-20,LUNC,137,189,11,5.081e-05,280014462,3.38,-4.3,-3.5,-11.6,-0.1,-5.08,4,12.2,9.2,12.3,0.994,1.0,327617621,10.95,,,91bbc2a7e466,live,9470708,0.611795,0.459712,0.408494,11.4199,,LIQUIDITY,0.4126,0.8953,0.611795,curve,0.408494,curve,applied,-0.8953,False,1.0,2026-09-20,current,-2.44154,inert-band,gateio,1,,8.0,NEUTRAL,174377.87
2026-09-20,MX,188,190,11,1.84,168601502,2.83,-0.8,5.4,7.5,-11.6,0.67,4,11.1,11.2,12.0,0.9125,1.0,750916846,,,,91bbc2a7e466,live,4778227,0.556715,0.561967,0.4,11.4192,,LIQUIDITY,0.4223,0.9163,0.556715,curve,0.396312,floor,applied,-0.9163,False,1.0,2026-09-20,absent,0.86707,no-feed,,,,,,
2026-09-20,PC0000031,169,191,11,1.0,202500000,0.0,-4.6,-0.5,-3.1,-12.2,-4.72,4,11.5,9.3,12.0,1.0,1.0,202500000,,,,91bbc2a7e466,live,0.0,0.576606,0.466035,0.4,10.7488,,LIQUIDITY,0.4108,0.9163,0.576606,curve,0.0,zero-volume,inert,-0.9163,False,1.0,2026-09-20,absent,0.0,no-feed,,,,,,
2026-09-20,RLB,229,192,11,0.080775,126825110,0.08,-4.5,4.2,-0.7,-8.9,-2.25,4,10.5,10.2,12.0,1.0,1.0,126826504,0.0,,,91bbc2a7e466,live,99105,0.525801,0.50952,0.4,10.7162,,LIQUIDITY,0.4103,0.9163,0.525801,curve,0.33507,floor,inert,-0.9163,False,1.0,2026-09-20,current,-0.29882,inert-band,hyperliquid,1,,1.0,NEUTRAL,
2026-09-20,SAFO,180,193,11,1.021,179632024,0.0,-4.5,-0.4,-2.8,-12.2,-4.59,3,11.3,9.4,12.0,1.0,1.0,179632024,,,,91bbc2a7e466,live,0.0,0.563596,0.468296,0.4,10.5572,,LIQUIDITY,0.4075,0.9163,0.563596,curve,0.0,zero-volume,inert,-0.9163,False,1.0,2026-09-20,absent,0.0,no-feed,,,,,,
2026-09-20,TRAC,210,194,11,0.325832,145736008,2.39,-0.5,-3.3,8.6,-16.5,-2.13,4,10.8,10.2,12.0,0.9984,1.0,162915763,,,,91bbc2a7e466,live,3477097,0.540892,0.511842,0.4,11.0563,,LIQUIDITY,0.4161,0.9163,0.540892,curve,0.386353,floor,applied,-0.9163,False,1.0,2026-09-20,absent,-3.06088,no-feed,,,,,,
2026-09-20,USAT,178,195,11,0.998948,184123642,0.09,-4.6,-0.5,-3.1,-12.3,-4.74,4,11.3,9.3,12.0,1.0,1.0,184123642,,,,91bbc2a7e466,live,169137,0.566277,0.465688,0.4,10.5483,,LIQUIDITY,0.4074,0.9163,0.566277,curve,0.335375,floor,inert,-0.9163,False,1.0,2026-09-20,absent,-0.04497,no-feed,,,,,,
2026-09-20,USTBL,190,196,11,1.096,167375713,0.0,-4.5,-0.4,-2.8,-10.3,-4.21,4,11.1,9.5,12.0,1.0,1.0,167375713,,,,91bbc2a7e466,live,0.0,0.555923,0.474928,0.4,10.5609,,LIQUIDITY,0.4076,0.9163,0.555923,curve,0.0,zero-volume,inert,-0.9163,False,1.0,2026-09-20,absent,0.0,no-feed,,,,,,
2026-09-20,USX,158,197,11,0.999371,232403689,0.31,-4.6,-0.5,-3.1,-12.2,-4.72,4,11.8,9.3,12.0,1.0,1.0,232403689,,,,91bbc2a7e466,live,713283,0.591561,0.466035,0.4,11.0275,,LIQUIDITY,0.4156,0.9163,0.591561,curve,0.340154,floor,inert,-0.9163,False,1.0,2026-09-20,absent,-0.03616,no-feed,,,,,,
2026-09-20,VSN,197,198,11,0.04284747,161063965,0.96,-0.9,5.0,9.5,-34.4,-3.52,4,11.0,9.7,12.0,0.9985,1.0,179959361,,,,91bbc2a7e466,live,1551816,0.55175,0.486967,0.4,10.7312,,LIQUIDITY,0.4105,0.9163,0.55175,curve,0.354744,floor,applied,-0.9163,False,1.0,2026-09-20,absent,0.88315,no-feed,,,,,,
2026-09-20,XCN,200,199,11,0.00406354,159790006,3.45,-4.7,-1.9,17.3,-33.2,-4.2,4,11.0,9.5,12.3,0.9798,1.0,217002963,10.95,,,91bbc2a7e466,live,5508858,0.550887,0.475103,0.409946,10.5127,,LIQUIDITY,0.3959,0.8917,0.550887,curve,0.409946,curve,applied,-0.8917,False,1.0,2026-09-20,current,-4.05378,inert-band,gateio,1,,4.0,NEUTRAL,165757.78
2026-09-20,XEC,204,200,11,7.67e-06,154014380,2.21,-5.2,4.0,1.6,-15.3,-3.22,4,10.9,9.8,12.0,1.0,1.0,154014691,,,,91bbc2a7e466,live,3403352,0.54689,0.492358,0.4,10.7706,,LIQUIDITY,0.4112,0.9163,0.54689,curve,0.382439,floor,inert,-0.9163,False,1.0,2026-09-20,absent,-5.43376,no-feed,,,,,,
2026-09-20,APE,219,201,10,0.134956,134956324,9.55,-4.7,-6.2,-5.5,-40.8,-12.5,4,10.7,6.8,16.4,1.0,1.0,134956324,10.95,,,91bbc2a7e466,live,12883532,0.532548,0.342118,0.545477,9.9383,,CONFIRM,0.4646,1.0726,0.532548,curve,0.545477,curve,inert,-1.0726,False,1.0,2026-09-20,current,-4.25877,inert-band,gateio,5,76.6656,8.0,NEUTRAL,254851.65
2026-09-20,AVUSD,233,202,10,0.99903,123336932,0.0,-4.6,-0.6,-3.2,-12.1,-4.75,4,10.5,9.3,12.0,1.0,1.0,123336932,,,,91bbc2a7e466,live,167.18,0.522773,0.465514,0.4,9.7343,,LIQUIDITY,0.3933,0.9163,0.522773,curve,0.333336,floor,inert,-0.9163,False,1.0,2026-09-20,absent,0.00305,no-feed,,,,,,
2026-09-20,BORG,191,203,10,0.17007,166899068,0.14,-0.2,-8.6,6.0,-24.2,-5.55,4,11.1,9.0,12.0,1.0,1.0,166899068,,,,91bbc2a7e466,live,235849,0.555613,0.451709,0.4,10.039,,LIQUIDITY,0.3986,0.9163,0.555613,curve,0.336474,floor,inert,-0.9163,False,1.0,2026-09-20,absent,0.88923,no-feed,,,,,,
2026-09-20,GNO,130,204,10,116.93,308648814,0.32,-3.8,-1.5,-7.1,-25.2,-8.33,4,12.4,8.1,12.0,0.9968,1.0,350791900,,,,91bbc2a7e466,live,998951,0.622366,0.405373,0.4,10.0593,,LIQUIDITY,0.399,0.9163,0.622366,curve,0.340526,floor,applied,-0.9163,False,1.0,2026-09-20,absent,-2.08969,no-feed,,,,,,
2026-09-20,JPYC,224,205,10,0.00627038,133468079,3.37,-7.7,-1.9,-2.9,-13.6,-6.23,4,10.6,8.8,12.2,1.0,1.0,133468079,,,,91bbc2a7e466,live,4495422,0.531344,0.440125,0.408181,9.5456,,LIQUIDITY,0.3814,0.896,0.531344,curve,0.408181,curve,inert,-0.896,False,1.0,2026-09-20,absent,0.13961,no-feed,,,,,,
2026-09-20,JPYSC,226,206,10,0.0063744,127692727,0.0,-6.7,-0.7,-2.0,-12.2,-5.12,3,10.5,9.2,12.0,1.0,1.0,127692727,,,,91bbc2a7e466,live,0.0,0.526542,0.459021,0.4,9.6677,,LIQUIDITY,0.3922,0.9163,0.526542,curve,0.0,zero-volume,inert,-0.9163,False,1.0,2026-09-20,absent,0.0,no-feed,,,,,,
2026-09-20,KAG,150,207,10,66.4,247152988,0.04,1.4,1.4,-3.0,-34.1,-6.8,4,12.0,8.6,12.0,1.0,1.0,243651729,,,,91bbc2a7e466,live,92404,0.598241,0.430532,0.4,10.3025,,LIQUIDITY,0.4032,0.9163,0.598241,curve,0.334164,floor,inert,-0.9163,False,1.0,2026-09-20,absent,0.77601,no-feed,,,,,,
2026-09-20,KAU,121,208,10,141.06,336605810,0.0,-3.2,-2.6,-7.3,-27.7,-8.97,4,12.6,7.9,12.0,0.9616,1.0,562315513,,,,91bbc2a7e466,live,3859.71,0.63178,0.39505,0.4,9.6,,CONFIRM,0.3963,0.9287,0.63178,curve,0.333359,floor,applied,-0.9287,False,1.0,2026-09-20,absent,-1.06669,no-feed,,,,,,
2026-09-20,NEO,193,209,10,2.34,165112557,3.6,-2.4,8.3,7.4,-43.0,-5.39,4,11.1,9.1,12.4,0.9759,1.0,234102591,10.95,,,91bbc2a7e466,live,5949337,0.554445,0.45437,0.413404,10.1636,,LIQUIDITY,0.3863,0.8833,0.554445,curve,0.413404,curve,applied,-0.8833,False,1.0,2026-09-20,current,-1.39915,inert-band,gateio,3,122.2242,8.0,NEUTRAL,108928.76
2026-09-20,NIGHT,114,210,10,0.02367003,393097579,1.93,10.4,5.0,4.1,-73.9,-9.39,4,13.0,7.8,12.0,0.9741,1.0,568080628,10.95,,,91bbc2a7e466,live,7585143,0.648625,0.388582,0.4,9.8207,,CONFIRM,0.4073,0.9453,0.648625,curve,0.376213,floor,applied,-0.9453,False,1.0,2026-09-20,current,-4.95567,inert-band,gateio,3,3861.294,8.0,NEUTRAL,95431.93
2026-09-20,OZO,231,211,10,0.13056,125459880,0.17,-4.7,-0.7,-3.1,-12.9,-4.94,4,10.5,9.2,12.0,1.0,1.0,130560444,,,,91bbc2a7e466,live,218577,0.524626,0.46222,0.4,9.6997,,LIQUIDITY,0.3927,0.9163,0.524626,curve,0.337205,floor,inert,-0.9163,False,1.0,2026-09-20,absent,-0.10296,no-feed,,,,,,
2026-09-20,PC0000033,195,212,10,1.0,162500000,0.0,-4.6,-0.5,-3.1,-12.2,-4.72,4,11.1,9.3,12.0,1.0,1.0,162500000,,,,91bbc2a7e466,live,0.0,0.552713,0.466035,0.4,10.3034,,LIQUIDITY,0.4032,0.9163,0.552713,curve,0.0,zero-volume,inert,-0.9163,False,1.0,2026-09-20,absent,0.0,no-feed,,,,,,
2026-09-20,PC0000097,223,213,10,1.0,134000000,0.0,-4.6,-0.5,-3.1,-12.2,-4.72,4,10.6,9.3,12.0,1.0,1.0,0.0,,,,91bbc2a7e466,live,0.0,0.531776,0.466035,0.4,9.9131,,LIQUIDITY,0.3964,0.9163,0.531776,curve,0.0,zero-volume,unpublished,-0.9163,False,1.0,2026-09-20,absent,0.0,no-feed,,,,,,
2026-09-20,SFP,215,214,10,0.284516,142257982,0.55,-2.3,0.0,-1.5,-14.0,-3.87,4,10.8,9.6,12.0,1.0,1.0,142257982,10.95,,,91bbc2a7e466,live,777301,0.538269,0.480979,0.4,10.3558,,LIQUIDITY,0.4041,0.9163,0.538269,curve,0.345476,floor,inert,-0.9163,False,1.0,2026-09-20,current,-3.17397,inert-band,gateio,1,,8.0,NEUTRAL,11548.58
2026-09-20,STRCX,203,215,10,105.77,154650037,0.16,-4.9,-1.0,-0.5,-6.3,-3.1,4,10.9,9.9,12.0,0.9501,1.0,299467632,,,,91bbc2a7e466,live,251272,0.547338,0.494396,0.4,10.2839,,LIQUIDITY,0.4028,0.9163,0.547338,curve,0.336944,floor,applied,-0.9163,False,1.0,2026-09-20,absent,-1.22141,no-feed,,,,,,
2026-09-20,ZBCN,176,216,10,0.00189807,189804439,4.66,2.5,-1.1,-8.3,-32.5,-8.1,4,11.4,8.2,13.1,1.0,1.0,189804439,10.95,,,91bbc2a7e466,live,8845937,0.569577,0.409096,0.436901,10.1803,,CONFIRM,0.3912,0.8938,0.569577,curve,0.436901,curve,inert,-0.8938,False,1.0,2026-09-20,current,3.93831,inert-band,gateio,1,,4.0,NEUTRAL,28424.53
2026-09-20,SPX,109,217,9,0.45021,419139526,2.15,-10.9,-26.5,-0.9,-10.4,-12.2,4,13.1,6.9,12.0,1.0,1.0,419139526,10.95,40.22,2.3991,91bbc2a7e466,live,8996815,0.65559,0.346318,0.4,9.0817,,CONFIRM,0.442,1.0604,0.65559,curve,0.381033,floor,inert,-1.0604,False,1.0,2026-09-20,current,-8.12542,inert-band,gateio,3,138.8528,4.0,NEUTRAL,458459.54
2026-09-20,WLFI,44,218,9,0.058035,1844203563,1.68,-3.2,1.6,-9.2,-58.2,-14.5,4,16.3,6.3,12.0,0.923,1.0,5803505920,10.95,,,91bbc2a7e466,live,30917577,0.816452,0.314801,0.4,9.4892,,CONFIRM,0.4908,1.1558,0.816452,curve,0.370588,floor,applied,-1.1558,False,1.0,2026-09-20,current,-1.7025,inert-band,gateio,5,117.6343,4.0,NEUTRAL,1718467.25
2026-09-20,XDC,92,219,9,0.02757461,550022112,1.26,-5.2,-1.8,-8.9,-40.6,-12.35,4,13.7,6.9,12.0,0.9511,1.0,1049646377,10.95,,,91bbc2a7e466,live,6918755,0.685095,0.344105,0.4,8.9687,,CONFIRM,0.4424,1.0668,0.685095,curve,0.361287,floor,applied,-1.0668,False,1.0,2026-09-20,current,-3.25531,inert-band,gateio,1,,4.0,NEUTRAL,168366.7
2026-09-20,CFX,145,220,8,0.04899142,256764135,3.94,-2.6,-1.9,-0.3,-64.0,-14.13,4,12.0,6.4,12.6,1.0,1.0,256765750,10.95,,,91bbc2a7e466,live,10112731,0.602384,0.319679,0.420856,8.1044,,CONFIRM,0.4539,1.1404,0.602384,curve,0.420856,curve,inert,-1.1404,False,1.0,2026-09-20,current,-2.54149,inert-band,gateio,4,76.0454,8.0,NEUTRAL,507040.47
2026-09-20,CVX,182,221,8,1.89,175864699,2.84,-12.5,-19.2,0.4,-21.1,-12.67,4,11.2,6.8,12.0,1.0,1.0,188690648,10.95,,,91bbc2a7e466,live,4986999,0.561295,0.339648,0.4,7.6257,,CONFIRM,0.4196,1.0798,0.561295,curve,0.396349,floor,inert,-1.0798,False,1.0,2026-09-20,current,-5.66905,inert-band,gateio,2,96.6495,8.0,NEUTRAL,33888.4
2026-09-20,JASMY,173,222,8,0.00396192,195897192,5.54,-3.8,-8.6,-9.3,-53.8,-16.38,4,11.5,5.8,13.7,1.0,1.0,198096059,10.95,,,91bbc2a7e466,live,10848865,0.573007,0.291238,0.456401,7.6165,,CONFIRM,0.4791,1.2336,0.573007,curve,0.456401,curve,inert,-1.2336,False,1.0,2026-09-20,current,-2.31216,inert-band,gateio,2,72.27,8.0,NEUTRAL,178458.96
2026-09-20,NFT,155,223,8,2.37391e-07,235042476,3.08,-3.0,-2.6,-17.4,-41.3,-14.16,4,11.9,6.4,12.1,1.0,1.0,235042476,,,,91bbc2a7e466,live,7246760,0.592787,0.31928,0.401848,7.6056,,CONFIRM,0.4432,1.1417,0.592787,curve,0.401848,curve,inert,-1.1417,False,1.0,2026-09-20,absent,0.47479,no-feed,,,,,,
2026-09-20,SNX,228,224,8,0.2188,127118781,5.7,-3.4,-1.9,-6.4,-51.0,-13.3,4,10.5,6.6,13.8,1.0,1.0,127211472,10.95,,,91bbc2a7e466,live,7239546,0.526052,0.33096,0.459891,8.0068,,CONFIRM,0.4379,1.1058,0.526052,curve,0.459891,curve,inert,-1.1058,False,1.0,2026-09-20,current,-3.18678,inert-band,gateio,3,22.4073,8.0,NEUTRAL,106834.04
2026-09-20,TIBBIR,171,225,8,0.199209,199189848,0.63,-1.7,-19.1,-17.1,-10.7,-11.7,4,11.5,7.1,12.0,1.0,1.0,199189848,,41.98,-0.5205,91bbc2a7e466,live,1255301,0.574817,0.353538,0.4,8.1288,,CONFIRM,0.4143,1.0398,0.574817,curve,0.347338,floor,inert,-1.0398,False,1.0,2026-09-20,absent,-7.91607,no-feed,,,,,,
2026-09-20,FLR,90,226,7,0.00644761,560002584,0.52,-4.7,-3.5,-16.1,-74.2,-21.15,4,13.7,4.8,12.0,0.9894,1.0,687238880,10.95,,,91bbc2a7e466,live,2907688,0.687048,0.239962,0.4,6.5247,,CONFIRM,0.5229,1.4273,0.687048,curve,0.344872,floor,applied,-1.4273,False,1.0,2026-09-20,current,-2.3545,inert-band,gateio,1,,8.0,NEUTRAL,16227.16
2026-09-20,KITE,140,227,7,0.112969,270130276,3.03,-0.9,-11.9,4.5,-63.7,-14.86,4,12.2,6.2,12.0,0.914,1.0,1129686878,10.95,,,91bbc2a7e466,live,8197018,0.607893,0.310126,0.400766,6.9056,,CONFIRM,0.438,1.1708,0.607893,curve,0.400766,curve,applied,-1.1708,False,1.0,2026-09-20,current,-2.50769,inert-band,gateio,1,,4.0,NEUTRAL,282857.57
2026-09-20,2Z,187,228,6,0.04884154,169455189,1.12,-1.1,-6.7,-16.5,-46.6,-15.45,4,11.1,6.1,12.0,0.9268,1.0,488321194,10.95,,,91bbc2a7e466,live,1896514,0.557264,0.30262,0.4,6.2518,,CONFIRM,0.4311,1.1953,0.557264,curve,0.358204,floor,applied,-1.1953,False,1.0,2026-09-20,current,-2.65187,inert-band,gateio,3,234.0243,4.0,NEUTRAL,48750.25
2026-09-20,HASH,107,229,6,0.00729921,424149903,0.0,-7.8,-10.9,-13.7,-64.9,-21.47,4,13.1,4.7,12.0,0.9634,1.0,693267439,,,,91bbc2a7e466,live,1501.82,0.65688,0.236963,0.4,5.9984,,CONFIRM,0.5117,1.4399,0.65688,curve,0.333341,floor,applied,-1.4399,False,1.0,2026-09-20,absent,0.96312,no-feed,,,,,,
2026-09-20,KAIA,177,230,6,0.02932531,188379524,1.86,-7.7,-6.2,-2.5,-66.6,-17.8,4,11.4,5.5,12.0,1.0,1.0,188387747,10.95,,,91bbc2a7e466,live,3507661,0.568758,0.274575,0.4,6.2467,,CONFIRM,0.4661,1.2925,0.568758,curve,0.374712,floor,inert,-1.2925,False,1.0,2026-09-20,current,-3.63501,inert-band,gateio,2,90.2648,4.0,NEUTRAL,34765.9
2026-09-20,PI,67,231,6,0.084547,950566743,0.48,-17.3,-11.9,-13.3,-71.3,-25.75,4,14.9,4.0,12.0,0.9686,1.0,1462410365,10.95,,,91bbc2a7e466,live,4566916,0.744496,0.201741,0.4,5.8192,,CONFIRM,0.5629,1.6008,0.744496,curve,0.34401,floor,applied,-1.6008,False,1.0,2026-09-20,current,-0.73845,inert-band,gateio,1,,4.0,NEUTRAL,1191563.15
2026-09-20,H,211,232,5,0.072703,144807706,2.09,-21.8,-2.7,-6.9,-53.3,-19.6,4,10.8,5.1,12.0,0.91,1.0,727025405,10.95,,,91bbc2a7e466,live,3022268,0.540198,0.255252,0.4,5.0191,,CONFIRM,0.4564,1.3655,0.540198,curve,0.379713,floor,applied,-1.3655,False,1.0,2026-09-20,current,-8.35231,inert-band,gateio,1,,4.0,NEUTRAL,1547996.23
2026-09-20,STABLE,86,233,5,0.02402559,636382181,1.89,-19.7,-16.7,-28.8,-36.0,-24.48,4,14.0,4.2,12.0,0.9168,1.0,2402558935,10.95,16.21,-0.4806,91bbc2a7e466,live,12025207,0.70093,0.211237,0.4,5.4297,,CONFIRM,0.5337,1.5548,0.70093,curve,0.375325,floor,applied,-1.5548,False,1.0,2026-09-20,current,-5.07785,inert-band,gateio,2,60.7276,4.0,NEUTRAL,89181.52
2026-09-20,ULTIMA,199,234,5,1891.19,160199298,3.96,-8.2,-11.3,-21.9,-71.8,-25.12,4,11.0,4.1,12.6,0.9932,1.0,189119444,,,,91bbc2a7e466,live,6345810,0.551165,0.206379,0.42136,4.7603,,CONFIRM,0.5183,1.578,0.551165,curve,0.42136,curve,applied,-1.578,False,1.0,2026-09-20,absent,-1.11161,no-feed,,,,,,
2026-09-20,TEL,213,235,4,0.00145881,143941916,0.66,-12.6,-14.7,-27.9,-63.2,-27.07,4,10.8,3.9,12.0,1.0,1.0,145880797,,,,91bbc2a7e466,live,955209,0.539547,0.192594,0.4,4.1565,,CONFIRM,0.5179,1.6472,0.539547,curve,0.34808,floor,inert,-1.6472,False,1.0,2026-09-20,absent,-6.23242,no-feed,,,,,,
2026-09-23,ZEC,7,1,100,1612.9,27327809156,8.2,23.27,24.18,86.98,661.95,167.16,4,20.0,20.0,30.0,1.0,1.0,27332347467,10.95,76.33,2.6906,91bbc2a7e466,live,2241269109,1.0,0.999999,1.0,99.9999,,CONFIRM,1.0,0.0,1.109151,cap,0.515587,bypass,inert,-0.0,False,1.0,2026-09-23,current,6.14429,inert-band,gateio,5,56.4338,8.0,NEUTRAL,57940520.58
2026-09-23,NEAR,20,2,94,4.53,5926829683,35.35,77.29,80.96,122.36,252.45,124.51,4,18.9,20.0,30.0,1.0,1.0,5926830068,10.95,91.24,1.6891,91bbc2a7e466,live,2094878640,0.943206,0.999958,1.0,94.3166,,DEPTH,0.9993,0.0585,0.943206,curve,0.871276,bypass,inert,-0.0585,False,1.0,2026-09-23,current,0.26075,inert-band,gateio,6,49.932,8.0,NEUTRAL,32560855.17
2026-09-23,UNI,19,3,92,9.71,6036286477,40.03,42.51,39.71,116.07,114.64,74.63,4,18.9,20.0,30.0,0.9751,1.0,8635245672,10.95,82.29,1.3671,91bbc2a7e466,live,2416439479,0.945192,0.997707,1.0,91.9544,,DEPTH,0.672,0.0564,0.945192,curve,0.933759,bypass,applied,-0.0564,False,1.0,2026-09-23,current,11.52927,inert-band,gateio,6,27.1647,8.0,NEUTRAL,22814764.56
2026-09-23,HYPE,9,4,89,95.1,21167126861,5.37,10.22,3.17,11.41,185.52,43.82,4,20.0,19.5,30.0,0.9133,1.0,90903554721,10.95,76.43,1.5828,91bbc2a7e466,live,1136336529,1.0,0.973754,1.0,88.9329,,SUPPLY,0.7732,0.0907,1.081415,cap,0.452631,bypass,applied,-0.0907,False,1.0,2026-09-23,current,-0.35258,inert-band,gateio,5,14.4581,4.0,NEUTRAL,43235623.97
2026-09-23,AVAX,21,5,85,11.03,4883547322,12.14,41.2,33.3,39.17,-2.75,29.93,4,18.4,18.5,30.0,1.0,1.0,5177579051,10.95,91.75,3.4607,91bbc2a7e466,live,592796955,0.922184,0.924736,1.0,85.2777,,DEPTH,0.5087,0.081,0.922184,curve,0.603081,bypass,inert,-0.081,False,1.0,2026-09-23,current,0.69105,inert-band,gateio,6,30.66,8.0,NEUTRAL,11946847.36
2026-09-23,XMR,11,6,79,556.71,10470095362,1.4,-0.03,5.46,23.39,38.07,14.82,4,20.0,15.8,30.0,1.0,1.0,10470099036,10.95,58.51,1.2612,91bbc2a7e466,live,146488930,1.0,0.789324,1.0,78.9324,,CONFIRM,1.0,0.2366,1.004988,cap,0.364425,bypass,inert,-0.2366,True,1.0,2026-09-23,current,-2.22582,inert-band,gateio,4,18.9611,8.0,NEUTRAL,776739.66
2026-09-23,BCH,18,7,78,348.21,6993333442,26.05,47.87,28.28,19.48,-48.83,16.54,4,19.2,16.2,30.0,1.0,1.0,6993415014,10.95,83.48,0.6618,91bbc2a7e466,live,1821969326,0.961171,0.810705,1.0,77.9227,,CONFIRM,0.8412,0.2099,0.961171,curve,0.912288,bypass,inert,-0.2099,False,1.0,2026-09-23,current,29.24717,inert-band,gateio,5,16.228,8.0,NEUTRAL,6035634.27
2026-09-23,SOL,5,8,71,116.49,68447223055,6.53,7.75,4.77,13.39,12.39,9.34,4,20.0,14.2,30.0,1.0,1.0,73925696308,-6.351,73.08,1.6354,91bbc2a7e466,live,4467368025,1.0,0.71073,1.0,71.073,,CONFIRM,1.0,0.3415,1.208839,cap,0.478372,bypass,inert,-0.3415,True,1.0,2026-09-23,current,-0.62484,inert-band,gateio,6,17.301,8.0,MILD_INVERSION,409822512.24
2026-09-23,PEPE,41,9,67,4.69e-06,1974339719,27.75,31.04,23.39,9.17,16.3,20.71,4,16.5,17.1,28.5,1.0,1.0,1974339719,10.95,82.64,1.9986,91bbc2a7e466,live,547973805,0.823855,0.855851,0.950106,66.9918,,DEPTH,0.4837,0.1938,0.823855,curve,0.950106,curve,inert,-0.1938,False,1.0,2026-09-23,current,-5.28963,inert-band,gateio,3,10.95,8.0,NEUTRAL,62665259.58
2026-09-23,ARB,50,10,66,0.234214,1588996935,33.77,37.98,34.84,131.76,117.34,76.51,4,16.0,20.0,25.5,0.9724,1.0,2341727898,5.3655,85.05,1.5805,91bbc2a7e466,live,536641381,0.800281,0.998028,0.850298,66.0391,,DEPTH,0.5369,0.2228,0.800281,curve,0.850298,curve,applied,-0.2228,False,1.0,2026-09-23,current,7.48111,inert-band,gateio,6,52.56,8.0,NEUTRAL,3100671.72
2026-09-23,SUI,25,11,66,1.003,4111638099,23.14,34.55,17.24,13.49,-18.74,14.3,4,18.1,15.7,30.0,0.9351,1.0,10036862725,10.95,,,91bbc2a7e466,live,951631753,0.903504,0.782554,1.0,66.1153,,CONFIRM,0.5926,0.2452,0.903504,curve,0.847663,bypass,applied,-0.2452,False,1.0,2026-09-23,current,-1.37015,inert-band,gateio,6,30.66,8.0,NEUTRAL,82802758.1
2026-09-23,XLM,17,12,65,0.213652,7464743510,5.61,10.04,6.63,0.48,15.84,7.96,4,19.4,13.8,30.0,0.975,1.0,10684837963,10.95,72.56,1.6816,91bbc2a7e466,live,419102221,0.968254,0.688569,1.0,65.0042,,CONFIRM,0.8663,0.3731,0.968254,curve,0.458098,bypass,applied,-0.3731,True,1.0,2026-09-23,current,1.19167,inert-band,gateio,5,37.0555,8.0,NEUTRAL,2208583.55
2026-09-23,WBT,12,13,63,85.85,10205539101,1.2,-2.56,-3.08,8.25,32.18,6.96,4,20.0,13.4,30.0,0.9345,1.0,25195386008,,75.58,1.061,91bbc2a7e466,live,122186513,1.0,0.672163,1.0,62.8136,,CONFIRM,0.8543,0.3973,1.002209,cap,0.359939,bypass,applied,-0.3973,True,1.0,2026-09-23,absent,-0.74679,no-feed,,,,,,
2026-09-23,INJ,78,14,62,7.99,799105795,23.99,39.58,23.22,42.45,160.03,60.3,4,14.5,19.9,26.0,1.0,1.0,799105795,9.3075,81.63,-0.1995,91bbc2a7e466,live,191745167,0.725651,0.992825,0.866555,62.4305,,DEPTH,0.6807,0.3207,0.725651,curve,0.866555,curve,inert,-0.3207,False,1.0,2026-09-23,current,2.30049,inert-band,gateio,6,146.6162,8.0,NEUTRAL,1289406.55
2026-09-23,DASH,79,15,61,61.86,794452251,28.34,6.48,-10.72,42.01,67.95,23.36,4,14.5,17.6,28.9,1.0,1.0,794459599,10.95,62.74,2.1103,91bbc2a7e466,live,225117984,0.725017,0.879655,0.963028,61.4185,,DEPTH,0.6597,0.3216,0.725017,curve,0.963028,curve,inert,-0.3216,False,1.0,2026-09-23,current,4.25549,inert-band,gateio,4,75.774,8.0,NEUTRAL,865775.44
2026-09-23,ETH,2,16,60,2717.77,331856494216,4.92,0.63,1.03,0.31,11.32,2.79,4,20.0,12.0,30.0,1.0,1.0,331856494216,9.198,71.94,1.1004,91bbc2a7e466,live,16334257526,1.0,0.599957,1.0,59.9957,,CONFIRM,1.0,0.5109,1.380238,cap,0.442713,bypass,inert,-0.5109,True,1.0,2026-09-23,current,-0.94572,inert-band,gateio,6,11.2091,8.0,NEUTRAL,1521776812.97
2026-09-23,HBAR,24,17,60,0.095051,4170411377,5.41,17.36,14.22,11.38,-25.94,6.42,4,18.1,13.3,30.0,0.9965,1.0,4757299817,10.95,,,91bbc2a7e466,live,225761360,0.905045,0.663115,1.0,59.8048,,CONFIRM,0.7991,0.4108,0.905045,curve,0.453631,bypass,applied,-0.4108,True,1.0,2026-09-23,current,1.08508,inert-band,gateio,5,129.1699,8.0,NEUTRAL,1301879.86
2026-09-23,LTC,22,18,59,62.03,4815208599,12.11,10.4,7.38,7.43,-10.0,4.82,4,18.4,12.7,30.0,1.0,1.0,4815371404,10.95,85.25,0.6825,91bbc2a7e466,live,582985371,0.920654,0.63573,1.0,58.5287,,CONFIRM,0.8457,0.453,0.920654,curve,0.602382,bypass,inert,-0.453,True,1.0,2026-09-23,current,2.6664,inert-band,gateio,6,85.7438,8.0,NEUTRAL,12745237.54
2026-09-23,ENA,39,19,58,0.208873,2108993924,18.86,35.06,21.67,22.05,82.48,37.94,4,16.6,19.2,22.6,0.9716,1.0,3133623536,7.665,86.49,2.3235,91bbc2a7e466,live,397685582,0.831019,0.958739,0.75237,58.2412,,LIQUIDITY,0.5263,0.2845,0.831019,curve,0.75237,curve,applied,-0.2845,False,1.0,2026-09-23,current,-0.51813,inert-band,gateio,5,343.2718,4.0,NEUTRAL,10847166.25
2026-09-23,LINK,13,20,58,12.68,9490319554,6.12,5.92,-3.44,0.82,5.94,2.31,4,19.9,11.8,30.0,0.9813,1.0,12685897512,-6.4605,65.36,1.6328,91bbc2a7e466,live,580333802,0.99432,0.591438,1.0,57.7082,,CONFIRM,0.9553,0.5252,0.99432,curve,0.469222,bypass,applied,-0.5252,True,1.0,2026-09-23,current,-2.0601,inert-band,gateio,6,73.3356,8.0,MILD_INVERSION,65764489.27
2026-09-23,ADA,14,21,56,0.249415,9358520841,9.66,17.46,7.65,4.67,-35.17,1.28,4,19.9,11.5,30.0,0.9917,1.0,11221528478,-3.8325,75.87,1.9759,91bbc2a7e466,live,904198272,0.992802,0.573093,1.0,56.4245,,CONFIRM,0.9728,0.5567,0.992802,curve,0.548039,bypass,applied,-0.5567,True,1.0,2026-09-23,current,1.36858,inert-band,gateio,6,18.8067,8.0,MILD_INVERSION,51863608.9
2026-09-23,DOGE,10,22,56,0.098978,15442915996,11.75,12.04,2.14,-1.16,-16.67,0.52,4,20.0,11.2,30.0,1.0,1.0,15443096127,-3.504,75.84,1.4829,91bbc2a7e466,live,1814746313,1.0,0.559378,1.0,55.9378,,CONFIRM,1.0,0.5809,1.047182,cap,0.594474,bypass,inert,-0.5809,True,1.0,2026-09-23,current,0.99513,inert-band,gateio,6,22.776,8.0,MILD_INVERSION,124410685.34
2026-09-23,MET,168,23,56,0.398181,220145183,44.7,89.92,86.58,60.36,112.55,86.22,4,11.7,20.0,29.9,0.9552,1.0,397991411,-38.982,,,91bbc2a7e466,live,98413027,0.585677,0.999092,0.996049,55.6723,,DEPTH,0.9134,0.535,0.585677,curve,0.996049,curve,applied,-0.535,True,1.0,2026-09-23,current,36.61741,cold-no-rsi,gateio,2,10.8933,4.0,SHORT_SQUEEZE_RISK,195461.87
2026-09-23,BTC,1,24,55,85444,1716937425594,2.38,0.0,0.0,0.0,0.0,0.0,4,20.0,11.0,30.0,1.0,1.0,1716940587977,10.95,78.8,1.0,91bbc2a7e466,live,40897331341,1.0,0.55,1.0,55.0,,CONFIRM,1.0,0.5978,1.558689,cap,0.386267,bypass,inert,-0.5978,True,1.0,2026-09-23,current,-0.67157,inert-band,gateio,6,8.9069,8.0,NEUTRAL,2726937186.87
2026-09-23,XRP,4,25,55,1.57,98652202790,7.4,10.26,3.32,-3.05,-10.49,1.05,4,20.0,11.4,30.0,0.9657,1.0,156869049468,10.731,72.0,1.9431,91bbc2a7e466,live,7297648032,1.0,0.568856,1.0,54.9345,,CONFIRM,0.9417,0.5641,1.248527,cap,0.497719,bypass,applied,-0.5641,True,1.0,2026-09-23,current,1.88552,inert-band,gateio,6,579.1805,8.0,NEUTRAL,188864491.89
2026-09-23,TIA,100,26,54,0.519355,504221709,27.83,48.59,22.76,31.36,-42.48,19.61,4,13.5,16.9,28.6,0.9907,1.0,610901899,10.95,,,91bbc2a7e466,live,140302659,0.675655,0.844844,0.95168,53.8189,,DEPTH,0.6328,0.3921,0.675655,curve,0.95168,curve,applied,-0.3921,False,1.0,2026-09-23,current,17.97661,inert-band,gateio,5,75.4975,4.0,NEUTRAL,676732.96
2026-09-23,ZAMA,155,27,53,0.097574,240406222,28.57,95.26,83.52,56.79,377.3,139.11,4,11.9,20.0,29.0,0.9118,1.0,1104414524,10.95,83.51,,91bbc2a7e466,live,68689521,0.595236,0.999987,0.968273,52.551,,DEPTH,0.8064,0.5188,0.595236,curve,0.968273,curve,applied,-0.5188,True,1.0,2026-09-23,current,5.80151,inert-band,gateio,1,,4.0,NEUTRAL,501470.48
2026-09-23,BNB,3,28,52,781.28,104041312171,1.1,-2.59,-4.26,1.5,-1.6,-1.79,4,20.0,10.4,30.0,1.0,1.0,104041313960,10.95,70.96,0.8066,91bbc2a7e466,live,1142384129,1.0,0.517909,1.0,51.7909,,CONFIRM,1.0,0.658,1.254301,cap,0.357734,bypass,inert,-0.658,True,1.0,2026-09-23,current,-0.74353,inert-band,gateio,6,19.443,8.0,NEUTRAL,34781174.29
2026-09-23,USELESS,130,29,52,0.319247,319728536,32.46,24.71,-1.14,380.11,305.68,163.29,4,12.5,20.0,25.0,1.0,1.0,319728536,10.95,73.44,-1.2651,91bbc2a7e466,live,103768345,0.626195,0.999998,0.832735,52.1454,,DEPTH,0.7189,0.4681,0.626195,curve,0.832735,curve,inert,-0.4681,True,1.0,2026-09-23,current,3.95258,inert-band,gateio,2,6.9836,4.0,NEUTRAL,4098459.73
2026-09-23,APT,82,30,49,0.820189,714209543,24.28,42.67,20.42,24.57,-39.5,16.15,4,14.3,16.1,26.2,0.9778,1.0,991830427,10.95,,,91bbc2a7e466,live,173379100,0.713456,0.806018,0.872793,49.0765,,DEPTH,0.4743,0.3376,0.713456,curve,0.872793,curve,applied,-0.3376,False,1.0,2026-09-23,current,8.22361,inert-band,gateio,6,254.0801,8.0,NEUTRAL,1300287.66
2026-09-23,PONS,104,31,49,0.695565,475915305,23.4,3.94,-19.92,902.92,-26.26,216.68,3,13.4,20.0,25.6,1.0,0.861,475887324,129.867,59.05,3.8661,91bbc2a7e466,live,111379103,0.669382,1.0,0.853403,49.1849,,DEPTH,0.5657,0.4014,0.669382,curve,0.853403,curve,inert,-0.4014,False,0.861,2026-09-23,current,8.90079,hot-confirmed,gateio,2,71.51,4.0,OVERHEATED_LONG,2950636.63
2026-09-23,MINA,181,32,48,0.148167,192063186,33.18,69.54,60.94,156.23,38.69,82.89,4,11.4,20.0,25.3,1.0,1.0,192063186,10.95,79.82,,91bbc2a7e466,live,63727833,0.570861,0.998815,0.842409,48.0328,,DEPTH,0.7645,0.5606,0.570861,curve,0.842409,curve,inert,-0.5606,True,1.0,2026-09-23,current,9.79167,inert-band,gateio,3,426.7589,8.0,NEUTRAL,297109.25
2026-09-23,OP,132,33,48,0.134764,310287207,42.16,35.51,24.53,16.03,-11.3,18.53,4,12.5,16.7,28.9,0.9527,1.0,579517713,-38.106,,,91bbc2a7e466,live,130830514,0.622941,0.83348,0.962191,47.5948,,DEPTH,0.6375,0.4733,0.622941,curve,0.962191,curve,applied,-0.4733,False,1.0,2026-09-23,current,8.78651,cold-no-rsi,gateio,6,56.1857,8.0,SHORT_SQUEEZE_RISK,1053583.59
2026-09-23,STONK,146,34,46,0.327645,269967463,18.7,83.91,47.97,2934.4,-26.26,765.51,3,12.2,20.0,22.5,1.0,1.0,269943049,10.95,74.1,-1.3335,91bbc2a7e466,live,50483956,0.607828,1.0,0.748889,45.5196,,DEPTH,0.6326,0.4979,0.607828,curve,0.748889,curve,inert,-0.4979,False,1.0,2026-09-23,current,-1.12095,inert-band,gateio,1,,4.0,NEUTRAL,621190.26
2026-09-23,ZEN,218,35,46,8.04,147602937,25.24,13.36,2.01,37.09,19.58,17.7,4,10.8,16.5,26.8,0.9961,1.15,169101586,-122.7521,75.34,0.2082,91bbc2a7e466,live,37252880,0.542274,0.824226,0.894191,45.7821,,DEPTH,0.5769,0.612,0.542274,curve,0.894191,curve,applied,-0.612,False,1.15,2026-09-23,current,5.05527,cold-squeeze,kraken,3,200.1247,1.0,SHORT_SQUEEZE_RISK,273240.69
2026-09-23,龙虾,199,36,46,0.166006,166056195,22.08,-30.56,183.41,630.83,9041.48,2002.69,4,11.1,20.0,24.7,1.0,1.0,166056195,10.95,,,91bbc2a7e466,live,36660582,0.555064,1.0,0.823938,45.7338,,DEPTH,0.7525,0.5887,0.555064,curve,0.823938,curve,inert,-0.5887,True,1.0,2026-09-23,current,-6.992,inert-band,gateio,1,,4.0,NEUTRAL,1570021.56
2026-09-23,BONK,122,37,45,3.78e-06,332635533,51.17,47.38,25.33,16.67,-56.61,13.39,4,12.6,15.4,27.5,1.0,1.0,332635533,10.95,,,91bbc2a7e466,live,170194736,0.630492,0.770369,0.917793,44.5783,,DEPTH,0.5709,0.4613,0.630492,curve,0.917793,curve,inert,-0.4613,False,1.0,2026-09-23,current,10.81448,inert-band,gateio,2,9.3022,4.0,NEUTRAL,612510.29
2026-09-23,FIL,75,38,44,1.018,845812220,25.25,16.33,17.04,27.16,-33.3,9.29,4,14.6,14.2,26.8,0.9372,1.0,1992431910,10.95,70.6,,91bbc2a7e466,live,213596589,0.731818,0.709957,0.894521,43.557,,CONFIRM,0.4122,0.3426,0.731818,curve,0.894521,curve,applied,-0.3426,False,1.0,2026-09-23,current,2.37032,inert-band,gateio,6,29.784,8.0,NEUTRAL,4045832.23
2026-09-23,PENDLE,112,39,44,2.42,420301330,20.81,-1.56,9.02,26.28,76.56,23.67,4,13.1,17.6,23.9,0.964,1.0,681631908,10.95,56.31,1.2332,91bbc2a7e466,live,87472845,0.65589,0.882249,0.795821,44.393,,DEPTH,0.5194,0.4218,0.65589,curve,0.795821,curve,applied,-0.4218,False,1.0,2026-09-23,current,0.27534,inert-band,gateio,5,54.312,8.0,NEUTRAL,418975.47
2026-09-23,S,201,40,44,0.04255418,165191133,28.68,56.92,38.1,46.69,-106.26,17.02,4,11.1,16.3,29.1,1.0,1.0,165191133,10.95,,,91bbc2a7e466,live,47380163,0.554497,0.816448,0.970712,43.9458,,DEPTH,0.7172,0.5897,0.554497,curve,0.970712,curve,inert,-0.5897,True,1.0,2026-09-23,current,-4.44027,inert-band,gateio,4,348.21,4.0,NEUTRAL,166076.31
2026-09-23,DRV,106,41,43,0.473898,473818140,14.65,163.46,172.17,203.91,546.0,252.26,4,13.4,20.0,19.8,0.9708,1.0,710968953,,94.67,4.3264,91bbc2a7e466,live,69437681,0.668903,1.0,0.658998,42.7934,,LIQUIDITY,0.4913,0.417,0.668903,curve,0.658998,curve,applied,-0.417,False,1.0,2026-09-23,absent,16.60749,no-feed,,,,,,
2026-09-23,FET,107,42,43,0.204553,472757361,26.91,25.37,10.01,15.43,-27.39,8.49,4,13.4,13.9,27.9,0.9937,1.0,555154905,10.95,,,91bbc2a7e466,live,127219032,0.66866,0.697229,0.931333,43.1461,,DEPTH,0.4788,0.4025,0.66866,curve,0.931333,curve,applied,-0.4025,False,1.0,2026-09-23,current,-1.20791,inert-band,gateio,4,69.3296,8.0,NEUTRAL,1668074.41
2026-09-23,TAO,28,43,43,301.64,3420205831,10.45,30.39,11.91,20.55,40.44,25.32,4,17.7,17.9,17.0,0.9534,1.0,6333912270,10.95,75.41,-0.8346,91bbc2a7e466,live,357418063,0.883513,0.895119,0.56556,42.643,,LIQUIDITY,0.6687,0.5699,0.883513,curve,0.56556,curve,applied,-0.5699,False,1.0,2026-09-23,current,-5.34475,inert-band,gateio,5,73.3468,4.0,NEUTRAL,12641756.24
2026-09-23,ZRO,96,44,43,1.47,520302776,35.93,41.33,23.45,20.01,-48.61,13.54,4,13.6,15.4,26.4,0.9276,1.0,1472638415,10.95,,,91bbc2a7e466,live,186929344,0.679064,0.772455,0.879027,42.7707,,DEPTH,0.4557,0.387,0.679064,curve,0.879027,curve,applied,-0.387,False,1.0,2026-09-23,current,25.18375,inert-band,gateio,4,185.7003,4.0,NEUTRAL,861074.6
2026-09-23,RAY,98,45,42,1.9,513548586,14.89,29.44,41.02,141.34,37.09,61.84,4,13.6,19.9,19.9,0.9458,1.0,1056650136,10.95,71.5,2.4103,91bbc2a7e466,live,76475442,0.677645,0.993653,0.664257,42.3032,,LIQUIDITY,0.4755,0.4091,0.677645,curve,0.664257,curve,applied,-0.4091,False,1.0,2026-09-23,current,5.43585,inert-band,gateio,2,303.1643,4.0,NEUTRAL,300679.87
2026-09-23,CAKE,76,46,41,2.61,831063646,14.2,7.57,6.36,40.69,33.74,20.78,4,14.6,17.1,19.5,1.0,1.0,861367826,10.95,72.9,0.8291,91bbc2a7e466,live,117998762,0.729909,0.856523,0.648856,40.5654,,LIQUIDITY,0.4794,0.4325,0.729909,curve,0.648856,curve,inert,-0.4325,False,1.0,2026-09-23,current,4.23497,inert-band,gateio,3,83.3531,4.0,NEUTRAL,486695.71
2026-09-23,WIF,153,47,41,0.243032,242959502,53.4,26.55,7.89,14.17,1.1,13.7,4,11.9,15.5,26.6,1.0,1.0,242959502,-0.657,71.66,0.3559,91bbc2a7e466,live,129745303,0.596383,0.774594,0.887973,41.0203,,DEPTH,0.58,0.5169,0.596383,curve,0.887973,curve,inert,-0.5169,False,1.0,2026-09-23,current,-4.97407,inert-band,gateio,6,106.2385,4.0,MILD_INVERSION,707965.41
2026-09-23,BSV,110,48,40,22.38,447417555,15.14,26.9,23.32,23.91,25.17,24.91,4,13.3,17.8,20.1,1.0,1.0,447430780,-39.201,,,91bbc2a7e466,live,67721464,0.662678,0.892048,0.669691,39.5881,,DEPTH,0.444,0.4115,0.662678,curve,0.669691,curve,inert,-0.4115,False,1.0,2026-09-23,current,15.80217,cold-no-rsi,gateio,2,50.151,4.0,SHORT_SQUEEZE_RISK,1072203.16
2026-09-23,FARTCOIN,178,49,40,0.196342,196268788,28.19,35.66,13.14,5.39,-24.02,10.52,4,11.5,14.6,28.8,1.0,1.0,196268788,12.264,61.75,-1.0774,91bbc2a7e466,live,55319248,0.573213,0.728985,0.959677,40.0853,,DEPTH,0.6088,0.5565,0.573213,curve,0.959677,curve,inert,-0.5565,False,1.0,2026-09-23,current,-3.29815,hot-confirmed,gateio,4,82.782,4.0,ELEVATED,5668315.22
2026-09-23,TRX,6,50,40,0.342715,32540823039,1.6,-10.63,-7.53,-10.96,-5.3,-8.87,4,20.0,7.9,30.0,1.0,1.0,32541357401,0.9855,67.57,0.1599,91bbc2a7e466,live,519164321,1.0,0.396716,1.0,39.6716,,CONFIRM,1.0,0.9245,1.128107,cap,0.368787,bypass,inert,-0.9245,True,1.0,2026-09-23,current,-1.04804,inert-band,gateio,5,50.1402,8.0,NEUTRAL,4706432.2
2026-09-23,AAVE,36,51,39,146.95,2267159002,16.77,12.18,7.84,-1.82,3.63,5.89,4,16.8,13.1,21.2,1.0,1.0,2351062514,10.95,68.44,2.1294,91bbc2a7e466,live,380213937,0.83887,0.654034,0.706011,38.7353,,CONFIRM,0.4477,0.4246,0.83887,curve,0.706011,curve,inert,-0.4246,False,1.0,2026-09-23,current,3.83784,inert-band,gateio,6,25.891,8.0,NEUTRAL,4275792.19
2026-09-23,STRK,133,52,38,0.0416889,306392420,16.98,44.47,27.9,43.31,-38.26,23.49,4,12.4,17.6,21.3,0.9797,1.0,416826092,10.95,,,91bbc2a7e466,live,52031066,0.62157,0.880792,0.710708,38.1195,,DEPTH,0.493,0.4755,0.62157,curve,0.710708,curve,applied,-0.4755,False,1.0,2026-09-23,current,-1.98021,inert-band,gateio,5,131.189,4.0,NEUTRAL,254906.93
2026-09-23,LIT,60,53,37,5.09,1271411462,8.19,8.37,-7.23,41.11,325.0,75.98,4,15.5,20.0,15.5,0.9151,1.0,5085645848,8.322,61.32,2.2938,91bbc2a7e466,live,104072552,0.776072,0.997942,0.515235,36.5158,,LIQUIDITY,0.6582,0.6631,0.776072,curve,0.515235,curve,applied,-0.6631,False,1.0,2026-09-23,current,6.75792,inert-band,gateio,4,112.566,4.0,NEUTRAL,1250351.87
2026-09-23,ONDO,40,54,37,0.431159,2097387349,10.17,21.11,8.85,6.19,46.15,19.32,4,16.6,16.8,16.8,0.9459,1.0,4307342223,-1.752,67.26,1.5398,91bbc2a7e466,live,213261649,0.83042,0.841892,0.559288,36.9858,,LIQUIDITY,0.5842,0.5811,0.83042,curve,0.559288,curve,applied,-0.5811,False,1.0,2026-09-23,current,0.09509,inert-band,gateio,5,461.2941,4.0,MILD_INVERSION,10827235.6
2026-09-23,VVV,52,55,37,31.6,1520465914,4.21,29.7,15.17,78.5,397.28,111.78,4,15.9,20.0,12.8,0.9609,1.121,2560143869,-37.449,85.2,0.2927,91bbc2a7e466,live,63992666,0.795494,0.999882,0.426861,36.589,,LIQUIDITY,0.6894,0.8513,0.795494,curve,0.426861,curve,applied,-0.8513,False,1.121,2026-09-23,current,-2.75922,cold-squeeze,gateio,3,62.853,4.0,SHORT_SQUEEZE_RISK,10028824.22
2026-09-23,WLD,49,56,35,0.449715,1641258936,21.66,12.19,-6.18,3.72,-6.46,1.75,4,16.1,11.6,24.4,0.9291,1.0,4498611497,10.95,66.42,-0.6271,91bbc2a7e466,live,355555296,0.803794,0.581475,0.814746,35.3802,,CONFIRM,0.5218,0.5422,0.803794,curve,0.814746,curve,applied,-0.5422,False,1.0,2026-09-23,current,0.15499,inert-band,gateio,5,68.5056,8.0,NEUTRAL,4164353.07
2026-09-23,FIGR_HELOC,8,57,34,1.031,23679089427,0.8,-10.3,-9.15,-7.66,-25.57,-12.41,4,20.0,6.9,30.0,1.0,1.0,23679089427,,53.57,-0.1152,91bbc2a7e466,live,188754758,1.0,0.343379,1.0,34.3379,,CONFIRM,1.0,1.0689,1.093591,cap,0.351047,bypass,inert,-1.0689,True,1.0,2026-09-23,absent,1.7654,no-feed,,,,,,
2026-09-23,JUP,69,58,34,0.297629,988355882,8.64,29.88,14.86,34.84,25.85,26.56,4,15.0,18.1,15.8,0.9455,1.0,2043035986,10.95,68.1,1.9605,91bbc2a7e466,live,85425437,0.748728,0.903944,0.525404,33.6218,,LIQUIDITY,0.5904,0.6436,0.748728,curve,0.525404,curve,applied,-0.6436,False,1.0,2026-09-23,current,1.73046,inert-band,gateio,5,76.8703,4.0,NEUTRAL,362765.67
2026-09-23,PYTH,97,59,34,0.065791,518751958,15.45,15.57,16.02,22.71,-12.3,11.89,4,13.6,15.0,20.3,0.9862,1.0,658735997,-13.797,,,91bbc2a7e466,live,80121243,0.67874,0.749265,0.676556,33.9318,,LIQUIDITY,0.3615,0.3907,0.67874,curve,0.676556,curve,applied,-0.3907,False,1.0,2026-09-23,current,5.44784,inert-band,gateio,5,66.4402,4.0,MILD_INVERSION,628767.16
2026-09-23,AERO,84,60,33,0.690904,686039651,9.76,18.38,8.22,29.23,44.44,23.77,4,14.2,17.7,16.5,0.9478,1.0,1370703857,10.95,77.02,,91bbc2a7e466,live,66963693,0.709087,0.883029,0.550242,32.6547,,LIQUIDITY,0.5338,0.5974,0.709087,curve,0.550242,curve,applied,-0.5974,False,1.0,2026-09-23,current,-0.12654,inert-band,gateio,3,304.41,4.0,NEUTRAL,824162.91
2026-09-23,AI,147,61,33,0.265595,263139858,9.7,-13.0,9.26,878.73,-26.26,212.84,3,12.1,20.0,16.5,1.0,1.0,263139858,0.0,46.7,1.499,91bbc2a7e466,live,25527806,0.605047,1.0,0.548916,33.212,,LIQUIDITY,0.5442,0.5998,0.605047,curve,0.548916,curve,inert,-0.5998,False,1.0,2026-09-23,current,8.25521,inert-band,hyperliquid,1,,1.0,NEUTRAL,
2026-09-23,BR,135,62,33,1.036,305920256,10.69,233.6,232.95,358.83,1521.32,522.29,4,12.4,20.0,17.1,0.9205,1.0,1031191877,10.95,,,91bbc2a7e466,live,32690720,0.621402,1.0,0.570801,32.6498,,LIQUIDITY,0.5009,0.5607,0.621402,curve,0.570801,curve,applied,-0.5607,False,1.0,2026-09-23,current,-4.0925,inert-band,gateio,1,,4.0,NEUTRAL,3005136.82
2026-09-23,GRAM,26,63,33,1.44,4054229177,1.35,-2.67,-4.88,-11.75,-22.22,-9.4,4,18.0,7.8,30.0,0.9527,1.0,7576337553,10.95,,,91bbc2a7e466,live,54590159,0.901977,0.388286,1.0,33.366,,CONFIRM,0.8619,0.946,0.901977,curve,0.363256,bypass,applied,-0.946,True,1.0,2026-09-23,current,1.50912,inert-band,gateio,2,0.0,4.0,NEUTRAL,1802549.19
2026-09-23,SEI,113,64,33,0.060183,405592073,21.9,33.74,15.35,20.76,-72.78,4.6,4,13.0,12.6,24.6,0.9717,1.0,602364465,10.95,,,91bbc2a7e466,live,88832740,0.652022,0.631795,0.820044,32.8253,,CONFIRM,0.4122,0.4592,0.652022,curve,0.820044,curve,applied,-0.4592,False,1.0,2026-09-23,current,-0.97192,inert-band,gateio,6,245.6158,8.0,NEUTRAL,613358.33
2026-09-23,PUMP,43,65,32,0.00419695,1959132531,8.97,5.42,-11.3,-23.82,99.87,12.82,4,16.5,15.2,16.0,0.9563,1.0,3492770564,-9.417,60.14,0.6589,91bbc2a7e466,live,175785994,0.823016,0.762467,0.532725,31.9688,,LIQUIDITY,0.5522,0.6297,0.823016,curve,0.532725,curve,applied,-0.6297,False,1.0,2026-09-23,current,-10.22206,inert-band,gateio,4,140.7209,4.0,MILD_INVERSION,2322403.91
2026-09-23,AIOZ,203,66,31,0.127021,162523225,10.33,75.24,75.77,121.75,70.03,85.96,4,11.1,20.0,16.9,1.0,1.0,162563909,,,,91bbc2a7e466,live,16792777,0.552729,0.999072,0.562945,31.0868,,DEPTH,0.5074,0.5929,0.552729,curve,0.562945,curve,inert,-0.5929,False,1.0,2026-09-23,absent,-3.92237,no-feed,,,,,,
2026-09-23,AR,140,67,31,4.51,295566763,7.65,72.99,54.06,101.6,45.3,69.87,4,12.4,19.9,15.1,1.0,1.0,295566763,10.95,87.98,,91bbc2a7e466,live,22596963,0.617664,0.99665,0.503229,30.9785,,LIQUIDITY,0.586,0.6867,0.617664,curve,0.503229,curve,inert,-0.6867,False,1.0,2026-09-23,current,3.1106,inert-band,gateio,3,253.0861,8.0,NEUTRAL,1160565.49
2026-09-23,CC,23,68,31,0.112266,4453589818,0.44,10.86,-2.9,-19.89,-52.62,-12.96,4,18.2,6.7,30.0,1.0,1.0,4453589818,10.95,53.37,1.2021,91bbc2a7e466,live,19529033,0.912178,0.335571,1.0,30.61,,CONFIRM,0.9224,1.0919,0.912178,curve,0.343078,bypass,inert,-1.0919,True,1.0,2026-09-23,current,-4.87208,inert-band,gateio,2,0.0,4.0,NEUTRAL,180918.37
2026-09-23,DGAI,212,69,31,1.047,156991735,47.46,21.19,28.78,-10.74,-26.26,5.61,2,11.0,13.0,29.0,0.9059,1.0,1046611568,10.95,,,91bbc2a7e466,live,74506122,0.548969,0.649366,0.967218,31.2351,,DEPTH,0.5154,0.5997,0.548969,curve,0.967218,curve,applied,-0.5997,False,1.0,2026-09-23,current,-0.09404,inert-band,gateio,1,,4.0,NEUTRAL,981300.24
2026-09-23,MARSCOIN,225,70,31,0.12952,129872310,66.95,16.01,-14.77,240.15,-26.26,55.9,3,10.6,19.8,18.6,1.0,0.964,129872310,38.325,54.44,,91bbc2a7e466,live,86951053,0.528379,0.989832,0.620325,31.2884,,DEPTH,0.549,0.6379,0.528379,curve,0.620325,curve,inert,-0.6379,False,0.964,2026-09-23,current,-0.4113,hot-confirmed,gateio,1,,4.0,ELEVATED,1280826.41
2026-09-23,SENT,206,71,31,0.02241169,161821761,14.53,38.37,46.41,70.06,-36.78,33.27,4,11.0,18.8,19.7,0.9111,1.0,768201712,10.95,,,91bbc2a7e466,live,23507213,0.552259,0.941265,0.656147,31.0758,,DEPTH,0.508,0.5937,0.552259,curve,0.656147,curve,applied,-0.5937,False,1.0,2026-09-23,current,18.79951,inert-band,gateio,1,,4.0,NEUTRAL,176285.76
2026-09-23,BCAP,70,72,30,107.53,979825296,0.0,-12.14,-7.76,-9.17,346.4,61.4,4,15.0,19.9,12.0,1.0,1.0,977656523,,99.45,0.0072,91bbc2a7e466,live,0.0,0.747787,0.993428,0.4,29.7149,,LIQUIDITY,0.7551,0.9163,0.747787,curve,0.0,zero-volume,inert,-0.9163,True,1.0,2026-09-23,absent,0.0,no-feed,,,,,,
2026-09-23,ETC,53,73,30,9.27,1468429816,9.99,19.11,4.82,11.8,-10.73,7.74,4,15.8,13.7,16.7,1.0,1.0,1468429816,10.95,,,91bbc2a7e466,live,146757593,0.791713,0.685081,0.555426,30.1257,,LIQUIDITY,0.4901,0.588,0.791713,curve,0.555426,curve,inert,-0.588,False,1.0,2026-09-23,current,6.41322,inert-band,gateio,6,83.463,8.0,NEUTRAL,1686606.43
2026-09-23,GRT,142,74,30,0.02669574,292091564,10.47,44.17,30.61,45.39,-51.97,21.86,4,12.3,17.3,17.0,1.0,1.0,310022727,10.95,,,91bbc2a7e466,live,30592101,0.61638,0.866585,0.566077,30.2367,,LIQUIDITY,0.4757,0.569,0.61638,curve,0.566077,curve,inert,-0.569,False,1.0,2026-09-23,current,13.20643,inert-band,gateio,2,39.3694,8.0,NEUTRAL,264585.33
2026-09-23,LEO,16,75,30,8.97,8249633544,0.0,-12.04,-11.05,-14.75,-26.58,-15.38,4,19.6,6.1,30.0,1.0,1.0,8836000958,,39.71,0.052,91bbc2a7e466,live,105566,0.979109,0.303519,1.0,29.7178,,CONFIRM,0.9826,1.1923,0.979109,curve,0.333362,bypass,inert,-1.1923,True,1.0,2026-09-23,absent,-0.13615,no-feed,,,,,,
2026-09-23,PENGU,88,76,30,0.01017531,639398335,85.96,38.45,19.8,-0.84,26.34,21.55,4,14.0,17.3,14.8,0.99,1.0,780402945,10.95,70.44,-0.4391,91bbc2a7e466,live,549633509,0.701443,0.863742,0.493593,29.6061,,LIQUIDITY,0.5801,0.706,0.701443,curve,0.493593,curve,applied,-0.706,False,1.0,2026-09-23,current,13.18013,inert-band,gateio,5,376.696,4.0,NEUTRAL,2015929.11
2026-09-23,RAIN,15,77,30,0.0128197,9092177727,0.16,-19.58,-28.4,-18.49,15.23,-14.55,4,19.8,6.3,30.0,0.9646,1.0,14645229869,,32.12,0.258,91bbc2a7e466,live,14264856,0.989667,0.31412,1.0,29.9869,,CONFIRM,0.9615,1.158,0.989667,curve,0.33682,bypass,applied,-1.158,True,1.0,2026-09-23,absent,-4.77721,no-feed,,,,,,
2026-09-23,RENDER,72,78,29,1.78,923541071,7.74,27.41,12.53,12.07,-3.43,13.69,4,14.8,15.5,15.2,1.0,1.0,949817576,10.95,,,91bbc2a7e466,live,71450491,0.741364,0.774391,0.505257,29.0071,,LIQUIDITY,0.5516,0.6827,0.741364,curve,0.505257,curve,inert,-0.6827,False,1.0,2026-09-23,current,-2.1212,inert-band,gateio,5,78.5314,4.0,NEUTRAL,239377.76
2026-09-23,VIRTUAL,102,79,29,0.748926,493258929,22.16,16.9,-0.77,-8.58,-15.49,-0.36,4,13.5,10.9,24.8,0.9697,1.0,749194314,10.95,78.19,,91bbc2a7e466,live,109329772,0.673269,0.543434,0.825884,29.3016,,CONFIRM,0.4968,0.6098,0.673269,curve,0.825884,curve,applied,-0.6098,False,1.0,2026-09-23,current,4.24648,inert-band,gateio,4,60.851,4.0,NEUTRAL,839992.5
2026-09-23,APE,208,80,28,0.160448,160450327,42.37,19.77,4.97,2.15,-45.71,-1.43,4,11.0,10.5,28.9,1.0,1.0,160450327,10.95,,,91bbc2a7e466,live,67978704,0.551335,0.524256,0.964899,27.8895,,CONFIRM,0.5057,0.6458,0.551335,curve,0.964899,curve,inert,-0.6458,False,1.0,2026-09-23,current,10.12444,inert-band,gateio,5,85.9307,8.0,NEUTRAL,358401.14
2026-09-23,ENS,141,81,28,7.0,295110509,20.9,20.67,10.57,13.88,-47.83,2.74,4,12.3,12.0,23.9,0.9368,1.0,699725585,10.95,,,91bbc2a7e466,live,61672198,0.617496,0.599203,0.797733,27.6512,,CONFIRM,0.3984,0.5122,0.617496,curve,0.797733,curve,applied,-0.5122,False,1.0,2026-09-23,current,5.82669,inert-band,gateio,3,49.5142,8.0,NEUTRAL,218574.72
2026-09-23,AKE,64,82,27,0.04877487,1113268148,3.79,56.74,198.37,438.3,14740.95,3124.38,4,15.2,20.0,12.5,0.9128,0.93,4883558253,98.55,66.96,3.3323,91bbc2a7e466,live,42245962,0.76165,1.0,0.417662,27.0017,,LIQUIDITY,0.6668,0.8731,0.76165,curve,0.417662,curve,applied,-0.8731,False,0.93,2026-09-23,current,-6.49124,hot-confirmed,gateio,1,,4.0,OVERHEATED_LONG,2469406.24
2026-09-23,AXS,179,83,27,1.12,195989490,22.45,13.81,10.87,6.53,-30.1,2.47,4,11.5,11.9,25.0,0.9682,1.0,302857317,10.95,,,91bbc2a7e466,live,43996588,0.573058,0.594331,0.832188,27.4418,,DEPTH,0.4306,0.5568,0.573058,curve,0.832188,curve,applied,-0.5568,False,1.0,2026-09-23,current,5.72608,inert-band,gateio,3,27.4533,8.0,NEUTRAL,433022.73
2026-09-23,BTW,32,84,27,0.935592,2530916822,0.84,8.25,102.96,120.17,7335.83,1525.42,4,17.0,20.0,12.0,0.9174,0.872,9345582914,77.088,82.71,-0.84,91bbc2a7e466,live,21139752,0.850819,1.0,0.4,27.2159,,LIQUIDITY,0.7041,0.9163,0.850819,curve,0.351895,floor,applied,-0.9163,True,0.872,2026-09-23,current,10.1506,hot-confirmed,gateio,1,,4.0,OVERHEATED_LONG,1978092.59
2026-09-23,GRASS,138,85,27,0.447735,303081334,9.89,34.32,16.81,11.66,-10.48,15.32,4,12.4,15.9,16.6,0.9722,1.0,447667997,10.95,,,91bbc2a7e466,live,29985692,0.62039,0.795731,0.553191,26.5498,,LIQUIDITY,0.4464,0.5921,0.62039,curve,0.553191,curve,applied,-0.5921,False,1.0,2026-09-23,current,0.72456,inert-band,gateio,3,44.1318,4.0,NEUTRAL,580066.33
2026-09-23,JST,73,86,27,0.112668,922630909,3.19,-16.27,0.13,1.29,105.52,16.58,4,14.8,16.2,12.1,1.0,1.094,922630909,-41.61,55.81,-0.4195,91bbc2a7e466,live,29390963,0.741257,0.81119,0.404124,26.589,,LIQUIDITY,0.6021,0.906,0.741257,curve,0.404124,curve,inert,-0.906,False,1.094,2026-09-23,current,-3.13956,cold-squeeze,gateio,1,,4.0,SHORT_SQUEEZE_RISK,76849.5
2026-09-23,AKT,167,87,26,0.748275,222809325,5.96,38.9,20.61,22.68,66.26,35.74,4,11.7,19.0,14.0,1.0,1.0,222848351,10.95,,,91bbc2a7e466,live,13283978,0.586983,0.951228,0.465823,26.0095,,LIQUIDITY,0.5673,0.7639,0.586983,curve,0.465823,curve,inert,-0.7639,False,1.0,2026-09-23,current,10.25335,inert-band,gateio,2,98.7936,4.0,NEUTRAL,278118.55
2026-09-23,ETHFI,86,88,26,0.695207,670879904,8.21,8.7,4.93,2.51,7.34,5.94,4,14.1,13.1,15.5,1.0,1.086,670879904,-28.032,60.39,-1.3059,91bbc2a7e466,live,55087779,0.706661,0.654934,0.515806,25.9301,,LIQUIDITY,0.4369,0.662,0.706661,curve,0.515806,curve,inert,-0.662,False,1.086,2026-09-23,current,-0.49128,cold-squeeze,gateio,4,157.4542,4.0,SHORT_SQUEEZE_RISK,913020.49
2026-09-23,RUNE,175,89,26,0.62674,205992825,10.63,17.07,20.65,21.84,-6.62,14.42,4,11.6,15.7,17.1,1.0,1.0,221849641,10.95,,,91bbc2a7e466,live,21893968,0.578463,0.784138,0.569522,25.8333,,LIQUIDITY,0.4159,0.563,0.578463,curve,0.569522,curve,inert,-0.563,False,1.0,2026-09-23,current,-2.47132,inert-band,gateio,5,285.0372,8.0,NEUTRAL,360378.43
2026-09-23,UB,118,90,26,0.146017,365007972,2.15,1.46,10.0,13.27,304.64,67.18,4,12.8,19.9,12.0,0.9151,1.099,1460031888,-30.66,63.29,-0.0263,91bbc2a7e466,live,7847409,0.640576,0.99585,0.4,25.6503,,LIQUIDITY,0.5917,0.9163,0.640576,curve,0.38111,floor,applied,-0.9163,False,1.099,2026-09-23,current,-1.08292,cold-squeeze,gateio,1,,4.0,SHORT_SQUEEZE_RISK,738153.14
2026-09-23,币安人生,99,91,26,0.507058,507079902,0.87,-6.13,-8.85,-10.85,697.4,132.72,4,13.5,20.0,12.0,1.0,0.964,507079902,34.9305,61.59,0.6405,91bbc2a7e466,live,4432678,0.676269,0.999978,0.4,26.0872,,LIQUIDITY,0.6819,0.9163,0.676269,curve,0.352759,floor,inert,-0.9163,False,0.964,2026-09-23,current,1.24071,hot-confirmed,gateio,1,,8.0,ELEVATED,192349.15
2026-09-23,BTT,117,92,25,3.82787e-07,377828337,9.19,9.36,14.18,20.03,-11.11,9.14,4,12.9,14.2,16.1,1.0,1.0,378962205,,,,91bbc2a7e466,live,34739437,0.644324,0.707525,0.537656,24.5104,,LIQUIDITY,0.4413,0.6205,0.644324,curve,0.537656,curve,inert,-0.6205,False,1.0,2026-09-23,absent,-1.53426,no-feed,,,,,,
2026-09-23,GT,61,93,25,10.86,1159231160,0.15,5.84,8.67,28.68,26.96,16.48,4,15.3,16.2,12.0,0.9987,1.0,1292410563,10.95,,,91bbc2a7e466,live,1699030,0.766043,0.810062,0.4,24.7894,,LIQUIDITY,0.657,0.9163,0.766043,curve,0.33659,floor,applied,-0.9163,False,1.0,2026-09-23,current,-0.71689,inert-band,gateio,1,,8.0,NEUTRAL,818366.37
2026-09-23,JTO,149,94,25,0.496156,260242290,15.08,10.11,4.8,-24.19,34.57,5.1,4,12.1,12.8,20.1,0.9512,1.0,496170736,-8.6505,32.77,1.422,91bbc2a7e466,live,39244589,0.603844,0.640478,0.668445,24.5905,,DEPTH,0.3596,0.5044,0.603844,curve,0.668445,curve,applied,-0.5044,False,1.0,2026-09-23,current,-1.23832,inert-band,gateio,5,157.6149,8.0,MILD_INVERSION,442619.82
2026-09-23,KMNO,176,95,25,0.0364412,203945577,7.27,35.29,30.21,35.89,10.18,29.15,4,11.5,18.4,14.8,0.9561,1.0,364677572,10.95,,,91bbc2a7e466,live,14817074,0.577379,0.920325,0.494782,25.1374,,LIQUIDITY,0.5096,0.7036,0.577379,curve,0.494782,curve,applied,-0.7036,False,1.0,2026-09-23,current,11.19849,inert-band,gateio,1,,4.0,NEUTRAL,78117.09
2026-09-23,PIEVERSE,103,96,25,1.75,481170393,1.82,35.9,23.81,67.53,205.57,74.72,4,13.4,20.0,12.0,0.9179,1.0,1751302614,10.95,98.23,,91bbc2a7e466,live,8739916,0.670575,0.997724,0.4,24.5648,,LIQUIDITY,0.6527,0.9163,0.670575,curve,0.373697,floor,applied,-0.9163,False,1.0,2026-09-23,current,-5.05186,inert-band,gateio,1,,8.0,NEUTRAL,4041574.08
2026-09-23,XEC,186,97,25,9.17e-06,184181109,11.28,19.05,19.35,19.7,-10.71,13.34,4,11.3,15.4,17.5,1.0,1.0,184181453,,,,91bbc2a7e466,live,20782058,0.566311,0.769597,0.584078,25.4559,,DEPTH,0.4156,0.5686,0.566311,curve,0.584078,curve,inert,-0.5686,False,1.0,2026-09-23,absent,5.34167,no-feed,,,,,,
2026-09-23,CRV,94,98,24,0.35142,549210219,12.47,1.27,-9.0,-0.83,22.72,2.47,4,13.7,11.9,18.3,0.968,1.0,850820980,10.95,53.77,-0.0736,91bbc2a7e466,live,68504412,0.684935,0.594268,0.610517,24.0549,,CONFIRM,0.3653,0.5204,0.684935,curve,0.610517,curve,applied,-0.5204,False,1.0,2026-09-23,current,-2.53017,inert-band,gateio,5,55.5601,8.0,NEUTRAL,1033381.95
2026-09-23,VET,77,99,24,0.00938811,808990133,2.85,18.69,13.56,57.46,-30.23,17.32,4,14.5,16.4,12.0,1.0,1.0,808990133,10.95,,,91bbc2a7e466,live,23025141,0.726986,0.819882,0.4,23.8417,,LIQUIDITY,0.6391,0.9163,0.726986,curve,0.396581,floor,inert,-0.9163,False,1.0,2026-09-23,current,4.7003,inert-band,gateio,2,,8.0,NEUTRAL,243013.73
2026-09-23,BAT,220,100,23,0.092572,138470571,11.79,19.24,15.05,25.05,-33.2,9.16,4,10.7,14.2,17.9,1.0,1.0,138866372,10.95,,,91bbc2a7e466,live,16320860,0.535339,0.707819,0.595256,22.5556,,DEPTH,0.4196,0.6249,0.535339,curve,0.595256,curve,inert,-0.6249,False,1.0,2026-09-23,current,10.60968,inert-band,gateio,2,66.7451,8.0,NEUTRAL,97769.34
2026-09-23,ICP,47,101,23,3.09,1720719929,4.35,10.28,0.07,17.87,-8.54,5.86,4,16.2,13.1,12.9,1.0,1.0,1720719934,10.95,,,91bbc2a7e466,live,74795767,0.808928,0.653598,0.429928,22.7309,,LIQUIDITY,0.5698,0.8441,0.808928,curve,0.429928,curve,inert,-0.8441,False,1.0,2026-09-23,current,4.99419,inert-band,gateio,5,79.3552,8.0,NEUTRAL,1018481.19
2026-09-23,NPC,180,102,23,0.02417013,194667190,2.02,7.47,11.83,108.34,93.18,50.92,4,11.4,19.7,12.0,1.0,1.0,194667190,,,,91bbc2a7e466,live,3927002,0.572323,0.984941,0.4,22.5482,,LIQUIDITY,0.6152,0.9163,0.572323,curve,0.378162,floor,inert,-0.9163,False,1.0,2026-09-23,absent,3.89178,no-feed,,,,,,
2026-09-23,SN51,226,103,23,27.08,129733908,4.7,29.75,10.02,32.54,244.41,68.45,4,10.6,19.9,13.1,1.0,1.0,129733908,,,,91bbc2a7e466,live,6102448,0.528263,0.996247,0.437863,23.0439,,LIQUIDITY,0.5627,0.8259,0.528263,curve,0.437863,curve,inert,-0.8259,False,1.0,2026-09-23,absent,3.78998,no-feed,,,,,,
2026-09-23,STX,92,104,23,0.32179,602509335,4.98,23.96,11.96,25.17,-20.93,12.29,4,13.9,15.1,13.3,1.0,1.0,602513753,10.95,87.97,-1.1342,91bbc2a7e466,live,30020172,0.694991,0.754918,0.444056,23.2979,,LIQUIDITY,0.5572,0.8118,0.694991,curve,0.444056,curve,inert,-0.8118,False,1.0,2026-09-23,current,-7.92228,inert-band,gateio,3,94.6098,8.0,NEUTRAL,302918.49
2026-09-23,BP,172,105,22,0.84877,212189249,4.02,77.38,37.52,96.22,-26.26,51.4,3,11.6,19.7,12.7,0.9151,1.0,848756994,10.95,,,91bbc2a7e466,live,8535729,0.581681,0.985497,0.422727,22.1752,,LIQUIDITY,0.5717,0.861,0.581681,curve,0.422727,curve,applied,-0.861,False,1.0,2026-09-23,current,4.49861,inert-band,gateio,1,,4.0,NEUTRAL,316663.2
2026-09-23,FLOKI,145,106,22,2.928e-05,282509670,15.84,15.85,5.7,-1.14,-37.83,-1.67,4,12.3,10.4,20.6,1.0,1.0,162332791,-6.57,,,91bbc2a7e466,live,44736219,0.612758,0.519959,0.685229,21.832,,CONFIRM,0.4298,0.654,0.612758,curve,0.685229,curve,inert,-0.654,False,1.0,2026-09-23,current,0.26554,inert-band,gateio,1,,8.0,MILD_INVERSION,271234.26
2026-09-23,RAIL,191,107,22,2.96,177682889,0.37,43.98,20.87,27.24,126.39,50.5,4,11.2,19.7,12.0,1.0,1.0,177682889,,,,91bbc2a7e466,live,662636,0.562411,0.984436,0.4,22.1463,,LIQUIDITY,0.6078,0.9163,0.562411,curve,0.341621,floor,inert,-0.9163,False,1.0,2026-09-23,absent,-12.11628,no-feed,,,,,,
2026-09-23,SKR,217,108,22,0.02132336,151600205,5.38,5.39,-13.16,154.08,-39.19,29.01,4,10.9,18.4,13.6,0.9713,1.0,226240788,10.95,14.3,,91bbc2a7e466,live,8157246,0.545175,0.919518,0.452906,22.0525,,LIQUIDITY,0.5239,0.7921,0.545175,curve,0.452906,curve,applied,-0.7921,False,1.0,2026-09-23,current,3.15446,inert-band,gateio,2,0.0,4.0,NEUTRAL,488044.01
2026-09-23,CARDS,196,109,21,0.179945,170452822,2.98,29.57,37.82,-26.95,418.4,95.27,4,11.2,20.0,12.0,0.9448,1.0,355795019,,53.71,-2.6963,91bbc2a7e466,live,5080148,0.557901,0.999559,0.4,21.0749,,LIQUIDITY,0.5885,0.9163,0.557901,curve,0.399564,floor,applied,-0.9163,False,1.0,2026-09-23,absent,-1.77892,no-feed,,,,,,
2026-09-23,CHZ,192,110,21,0.01678168,176788990,25.12,11.82,11.22,7.52,-78.9,-7.55,4,11.2,8.4,26.7,1.0,1.0,176788990,10.95,,,91bbc2a7e466,live,44400751,0.561864,0.418112,0.891447,20.942,,CONFIRM,0.5578,0.872,0.561864,curve,0.891447,curve,inert,-0.872,False,1.0,2026-09-23,current,7.03872,inert-band,gateio,3,153.0007,8.0,NEUTRAL,170563.67
2026-09-23,DOT,42,111,21,1.15,1962909881,10.24,8.6,-9.52,17.81,-48.18,-4.98,4,16.5,9.2,16.8,1.0,1.0,1962911890,8.8695,78.31,-0.3255,91bbc2a7e466,live,200930041,0.823225,0.46152,0.560807,21.307,,CONFIRM,0.5001,0.7732,0.823225,curve,0.560807,curve,inert,-0.7732,False,1.0,2026-09-23,current,-1.28562,inert-band,gateio,6,37.6137,8.0,NEUTRAL,3154694.48
2026-09-23,KAS,62,112,21,0.0412895,1144301521,1.52,17.62,8.88,36.57,-48.25,7.0,4,15.3,13.5,12.0,1.0,1.0,1144333195,4.0515,,,91bbc2a7e466,live,17362760,0.764635,0.672817,0.4,20.5784,,LIQUIDITY,0.5796,0.9163,0.764635,curve,0.367052,floor,inert,-0.9163,False,1.0,2026-09-23,current,-2.12921,inert-band,gateio,3,53.4005,8.0,NEUTRAL,1064210.57
2026-09-23,LDO,120,113,21,0.42048,350868043,16.46,14.51,1.98,-0.87,-46.32,-4.63,4,12.7,9.4,21.0,0.9917,1.0,420628768,10.95,,,91bbc2a7e466,live,57738439,0.636286,0.467544,0.69902,20.6227,,CONFIRM,0.4815,0.7603,0.636286,curve,0.69902,curve,applied,-0.7603,False,1.0,2026-09-23,current,1.68228,inert-band,gateio,5,168.63,8.0,NEUTRAL,1040414.69
2026-09-23,MANA,195,114,21,0.087226,170815687,15.48,10.89,9.31,9.11,-41.19,-0.37,4,11.2,10.9,20.3,0.9983,1.0,191299950,10.95,,,91bbc2a7e466,live,26447423,0.558132,0.543398,0.6774,20.5098,,CONFIRM,0.385,0.6099,0.558132,curve,0.6774,curve,applied,-0.6099,False,1.0,2026-09-23,current,2.52214,inert-band,gateio,2,91.6572,8.0,NEUTRAL,159220.25
2026-09-23,SHIB,27,115,21,5.97e-06,3517061549,3.9,11.43,3.49,0.88,-22.32,0.06,4,17.7,11.0,12.6,1.0,1.0,3518596144,10.95,,,91bbc2a7e466,live,137250377,0.886545,0.551024,0.420054,20.5199,,LIQUIDITY,0.5477,0.8674,0.886545,curve,0.420054,curve,inert,-0.8674,False,1.0,2026-09-23,current,0.49432,inert-band,gateio,2,10.95,8.0,NEUTRAL,3546696.2
2026-09-23,ALGO,68,116,20,0.109349,988816688,5.48,13.98,5.26,10.43,-33.42,1.43,4,15.0,11.5,13.7,1.0,1.0,990233294,10.95,,,91bbc2a7e466,live,54159114,0.748779,0.575791,0.455048,19.619,,LIQUIDITY,0.4834,0.7874,0.748779,curve,0.455048,curve,inert,-0.7874,False,1.0,2026-09-23,current,0.09365,inert-band,gateio,5,64.2204,8.0,NEUTRAL,446075.58
2026-09-23,RLUSD,34,117,20,0.999989,2426465166,17.96,-13.07,-8.74,-10.74,-26.26,-14.04,4,16.9,6.4,22.0,1.0,1.0,2430464966,,45.94,-0.0032,91bbc2a7e466,live,435799277,0.846244,0.32082,0.73245,19.8854,,CONFIRM,0.7039,1.1369,0.846244,curve,0.73245,curve,inert,-1.1369,True,1.0,2026-09-23,absent,-0.00311,no-feed,,,,,,
2026-09-23,XTZ,119,118,20,0.332765,364980700,2.23,24.2,26.73,35.42,-40.88,14.62,4,12.8,15.7,12.0,1.0,1.0,371628196,10.95,,,91bbc2a7e466,live,8151822,0.640567,0.786797,0.4,20.1599,,LIQUIDITY,0.5722,0.9163,0.640567,curve,0.382967,floor,inert,-0.9163,False,1.0,2026-09-23,current,-0.90481,inert-band,gateio,2,7.5578,8.0,NEUTRAL,291214.14
2026-09-23,A,205,119,19,0.097172,162221849,4.78,16.77,12.25,22.58,-0.0,13.74,4,11.1,15.5,13.2,0.987,1.0,204139121,10.95,,,91bbc2a7e466,live,7748277,0.552527,0.775076,0.439474,18.5759,,LIQUIDITY,0.4884,0.8222,0.552527,curve,0.439474,curve,applied,-0.8222,False,1.0,2026-09-23,current,3.97131,inert-band,gateio,1,,4.0,NEUTRAL,117045.65
2026-09-23,EIGEN,160,120,19,0.25254,233648170,16.57,22.27,11.93,2.71,-73.02,-4.27,4,11.8,9.5,21.0,0.948,1.0,465849503,10.95,,,91bbc2a7e466,live,38707133,0.592141,0.473959,0.701476,18.6632,,CONFIRM,0.4448,0.7466,0.592141,curve,0.701476,curve,applied,-0.7466,False,1.0,2026-09-23,current,6.51872,inert-band,gateio,5,90.4139,4.0,NEUTRAL,399810.59
2026-09-23,GOMINING,214,121,19,0.385106,155240390,11.91,-1.55,-1.68,11.23,1.31,2.18,4,11.0,11.8,17.9,1.0,1.0,155240390,,,,91bbc2a7e466,live,18496528,0.547751,0.589168,0.598106,19.3019,,DEPTH,0.3659,0.6019,0.547751,curve,0.598106,curve,inert,-0.6019,False,1.0,2026-09-23,absent,-0.89817,no-feed,,,,,,
2026-09-23,MNT,38,122,19,0.6725,2224180723,2.51,12.23,-2.8,17.65,-26.37,2.11,4,16.7,11.8,12.0,0.9521,1.0,4188870805,-7.008,,,91bbc2a7e466,live,55926088,0.836793,0.587851,0.4,18.7339,,LIQUIDITY,0.5471,0.9163,0.836793,curve,0.38921,floor,applied,-0.9163,False,1.0,2026-09-23,current,2.2806,inert-band,gateio,3,231.5953,4.0,MILD_INVERSION,218351.65
2026-09-23,MON,137,123,19,0.02573733,304615904,20.88,5.04,-8.07,-21.11,-9.05,-7.59,4,12.4,8.3,23.9,0.9037,1.0,2593589200,10.95,49.98,-0.1918,91bbc2a7e466,live,63596602,0.620938,0.417378,0.797281,18.673,,CONFIRM,0.5207,0.8738,0.620938,curve,0.797281,curve,applied,-0.8738,False,1.0,2026-09-23,current,1.59042,inert-band,gateio,5,99.426,4.0,NEUTRAL,492641.2
2026-09-23,MORPHO,46,124,19,2.58,1804390101,2.05,11.49,2.04,-17.4,14.74,2.56,4,16.3,11.9,12.0,0.9751,1.0,2580211122,-0.876,66.22,-0.7404,91bbc2a7e466,live,37026740,0.814083,0.595855,0.4,18.9199,,LIQUIDITY,0.5503,0.9163,0.814083,curve,0.378934,floor,applied,-0.9163,False,1.0,2026-09-23,current,0.11575,inert-band,gateio,4,276.0796,4.0,MILD_INVERSION,394958.21
2026-09-23,POL,63,125,19,0.106646,1142866353,9.44,1.79,3.21,-15.0,-14.73,-5.36,4,15.3,9.1,16.3,1.0,1.0,1142866353,-36.573,44.4,-0.5602,91bbc2a7e466,live,107861775,0.764499,0.455021,0.543063,18.8912,,CONFIRM,0.4725,0.7874,0.764499,curve,0.543063,curve,inert,-0.7874,False,1.0,2026-09-23,current,-1.33308,cold-downtrend,gateio,5,66.2056,4.0,SHORT_SQUEEZE_RISK,857783.97
2026-09-23,THETA,163,126,19,0.226166,226146418,4.31,15.93,17.62,14.85,-0.9,12.72,4,11.8,15.2,12.9,1.0,1.0,226146418,10.95,,,91bbc2a7e466,live,9737298,0.588597,0.761042,0.429017,19.2177,,LIQUIDITY,0.5131,0.8463,0.588597,curve,0.429017,curve,inert,-0.8463,False,1.0,2026-09-23,current,1.92303,inert-band,gateio,2,35.9928,8.0,NEUTRAL,173985.02
2026-09-23,TIBBIR,151,127,19,0.256595,256589728,0.69,14.3,16.18,2.39,36.05,16.14,4,12.0,16.1,12.0,1.0,1.0,256589728,,70.31,-2.2885,91bbc2a7e466,live,1774589,0.60231,0.805937,0.4,19.4169,,LIQUIDITY,0.559,0.9163,0.60231,curve,0.348702,floor,inert,-0.9163,False,1.0,2026-09-23,absent,-1.40337,no-feed,,,,,,
2026-09-23,1INCH,219,128,18,0.102423,143802966,20.03,6.07,3.22,3.95,-55.12,-7.41,4,10.8,8.4,23.4,1.0,1.0,153463605,10.95,,,91bbc2a7e466,live,28803047,0.539442,0.420437,0.778434,17.655,,CONFIRM,0.4996,0.8665,0.539442,curve,0.778434,curve,inert,-0.8665,False,1.0,2026-09-23,current,0.95902,inert-band,gateio,3,187.5245,8.0,NEUTRAL,124078.01
2026-09-23,B,162,129,18,0.228784,228781860,3.0,3.49,10.02,65.85,-29.54,14.11,4,11.8,15.6,12.0,1.0,0.959,228781860,30.441,,,91bbc2a7e466,live,6869315,0.589855,0.780027,0.400057,17.6502,,LIQUIDITY,0.5282,0.9161,0.589855,curve,0.400057,curve,inert,-0.9161,False,0.959,2026-09-23,current,5.81097,hot-confirmed,gateio,1,,4.0,ELEVATED,1941355.25
2026-09-23,COMP,164,130,18,22.58,225850002,9.41,8.95,1.83,4.39,-14.79,1.28,4,11.8,11.5,16.3,1.0,1.0,225850002,10.95,,,91bbc2a7e466,live,21243086,0.588455,0.573082,0.542352,18.2899,,LIQUIDITY,0.3602,0.6118,0.588455,curve,0.542352,curve,inert,-0.6118,False,1.0,2026-09-23,current,1.66893,inert-band,gateio,5,103.3176,8.0,NEUTRAL,110781.77
2026-09-23,QNT,65,131,18,74.06,1078166262,1.97,13.0,2.03,5.77,-19.09,2.03,4,15.2,11.7,12.0,1.0,1.0,1083230620,10.95,,,91bbc2a7e466,live,21223356,0.758171,0.586471,0.4,17.7858,,LIQUIDITY,0.5306,0.9163,0.758171,curve,0.377077,floor,inert,-0.9163,False,1.0,2026-09-23,current,6.21068,inert-band,gateio,2,44.4053,8.0,NEUTRAL,117692.05
2026-09-23,OKB,31,132,17,121.43,2551382157,1.37,-1.77,-1.0,-2.87,-5.56,-2.61,4,17.0,10.1,12.0,1.0,1.0,2551382157,10.95,84.66,0.3991,91bbc2a7e466,live,35054469,0.851694,0.50311,0.4,17.1398,,LIQUIDITY,0.5195,0.9163,0.851694,curve,0.363865,floor,inert,-0.9163,False,1.0,2026-09-23,current,-0.54741,inert-band,gateio,1,,8.0,NEUTRAL,788782.17
2026-09-23,SAND,228,133,17,0.04367927,128274689,36.23,20.86,3.47,-6.53,-84.01,-11.31,4,10.5,7.2,26.5,1.0,1.0,130997708,-16.9725,,,91bbc2a7e466,live,46470293,0.527035,0.359277,0.883029,16.7203,,CONFIRM,0.5723,1.0237,0.527035,curve,0.883029,curve,inert,-1.0237,False,1.0,2026-09-23,current,5.43343,cold-no-rsi,gateio,3,44.4154,8.0,SHORT_SQUEEZE_RISK,271967.38
2026-09-23,SKY,48,134,17,0.072406,1695402979,1.62,11.24,5.12,-3.78,-21.37,-0.57,4,16.1,10.8,12.0,1.0,1.0,1697984878,10.95,,,91bbc2a7e466,live,27492698,0.807318,0.539827,0.4,17.4325,,LIQUIDITY,0.5245,0.9163,0.807318,curve,0.369369,floor,inert,-0.9163,False,1.0,2026-09-23,current,7.1481,inert-band,gateio,2,11.7124,4.0,NEUTRAL,320415.56
2026-09-23,SNX,216,135,17,0.26112,151687581,9.99,21.46,12.5,5.43,-48.33,1.25,4,10.9,11.5,16.7,1.0,1.0,151798187,10.95,,,91bbc2a7e466,live,15156779,0.545238,0.572545,0.55538,17.3375,,DEPTH,0.3461,0.6065,0.545238,curve,0.55538,curve,inert,-0.6065,False,1.0,2026-09-23,current,12.53588,inert-band,gateio,3,72.7311,8.0,NEUTRAL,123807.63
2026-09-23,XPL,148,136,17,0.094479,262425146,30.54,5.5,-6.96,-14.34,-30.82,-9.84,4,12.1,7.6,24.2,0.9182,1.0,944730525,-3.285,74.28,-1.9631,91bbc2a7e466,live,80142292,0.604751,0.381523,0.807188,17.1006,,CONFIRM,0.5456,0.9636,0.604751,curve,0.807188,curve,applied,-0.9636,False,1.0,2026-09-23,current,1.14689,inert-band,gateio,5,115.2978,4.0,MILD_INVERSION,1367545.61
2026-09-23,ZK,232,137,17,0.01215747,126110854,11.06,28.63,11.61,26.69,-80.94,1.97,4,10.5,11.7,17.4,0.9469,1.0,255374113,10.95,,,91bbc2a7e466,live,13951260,0.525188,0.585458,0.579171,16.8625,,DEPTH,0.3618,0.644,0.525188,curve,0.579171,curve,applied,-0.644,False,1.0,2026-09-23,current,0.54265,inert-band,gateio,3,158.7893,8.0,NEUTRAL,161674.87
2026-09-23,U,56,138,16,0.99931,1418330091,12.88,-13.08,-8.74,-10.75,-26.34,-14.06,4,15.8,6.4,18.6,1.0,1.0,1418330091,,48.59,-0.0086,91bbc2a7e466,live,182650005,0.787944,0.320546,0.619507,15.647,,CONFIRM,0.6134,1.1377,0.787944,curve,0.619507,curve,inert,-1.1377,False,1.0,2026-09-23,absent,-0.02053,no-feed,,,,,,
2026-09-23,LUNC,136,139,15,5.541e-05,305564971,5.41,4.92,-3.39,-7.01,3.53,-0.42,4,12.4,10.8,13.6,0.994,1.0,357519471,10.95,,,91bbc2a7e466,live,16533290,0.621276,0.542469,0.453572,15.1947,,LIQUIDITY,0.4196,0.7906,0.621276,curve,0.453572,curve,applied,-0.7906,False,1.0,2026-09-23,current,1.68987,inert-band,gateio,1,,8.0,NEUTRAL,203760.84
2026-09-23,M,30,140,15,1.27,2904209572,0.03,3.33,-1.59,4.3,-36.73,-5.67,4,17.3,9.0,12.0,0.9366,1.0,6907171708,10.95,,,91bbc2a7e466,live,905781,0.865757,0.449664,0.4,14.5847,,LIQUIDITY,0.4759,0.9163,0.865757,curve,0.334026,floor,applied,-0.9163,False,1.0,2026-09-23,current,-4.22556,inert-band,gateio,1,,8.0,NEUTRAL,880438.5
2026-09-23,SN64,234,141,15,20.65,124837152,0.9,28.77,2.52,5.48,-8.23,8.98,4,10.5,14.1,12.0,1.0,1.0,124837152,,,,91bbc2a7e466,live,1129187,0.524086,0.705103,0.4,14.7814,,LIQUIDITY,0.4793,0.9163,0.524086,curve,0.353434,floor,inert,-0.9163,False,1.0,2026-09-23,absent,-4.57847,no-feed,,,,,,
2026-09-23,TWT,156,142,15,0.571366,238199157,4.51,1.24,-6.96,25.8,-9.4,3.2,4,11.9,12.1,13.0,0.9361,1.0,571700982,10.95,,,91bbc2a7e466,live,10732243,0.594235,0.607289,0.433457,14.6427,,LIQUIDITY,0.4351,0.836,0.594235,curve,0.433457,curve,applied,-0.836,False,1.0,2026-09-23,current,-1.59949,inert-band,gateio,1,,8.0,NEUTRAL,151109.01
2026-09-23,ASTER,44,143,14,0.712308,1931310110,7.68,-5.43,-12.65,-5.26,-22.91,-10.69,4,16.4,7.4,15.1,0.9268,1.0,5554718436,10.95,,,91bbc2a7e466,live,148352305,0.821463,0.368516,0.504032,14.1413,,CONFIRM,0.5103,0.9983,0.821463,curve,0.504032,curve,applied,-0.9983,False,1.0,2026-09-23,current,-2.01698,inert-band,gateio,5,26.0391,4.0,NEUTRAL,3600467.75
2026-09-23,ATOM,71,144,14,1.79,951748137,6.76,8.03,-18.6,4.3,-42.66,-9.7,4,14.9,7.7,14.5,1.0,1.0,951748137,10.95,,,91bbc2a7e466,live,64370469,0.744631,0.383697,0.483631,13.8179,,CONFIRM,0.484,0.9579,0.744631,curve,0.483631,curve,inert,-0.9579,False,1.0,2026-09-23,current,2.3357,inert-band,gateio,6,229.074,8.0,NEUTRAL,1169573.71
2026-09-23,CRO,29,145,14,0.065002,3236957304,0.41,6.72,2.35,-0.48,-49.97,-7.51,4,17.6,8.4,12.0,0.9481,1.0,6438835164,10.95,,,91bbc2a7e466,live,13250505,0.877534,0.418712,0.4,13.9346,,LIQUIDITY,0.4649,0.9163,0.877534,curve,0.34243,floor,applied,-0.9163,False,1.0,2026-09-23,current,-0.40442,inert-band,gateio,2,8.7083,8.0,NEUTRAL,430643.31
2026-09-23,FF,116,146,14,0.121632,380696127,3.25,-20.24,-26.09,30.45,41.69,3.36,4,12.9,12.2,12.2,0.9226,0.955,1212408049,47.742,59.36,-1.5137,91bbc2a7e466,live,12383642,0.645145,0.610042,0.40562,14.0595,,LIQUIDITY,0.4599,0.9023,0.645145,curve,0.40562,curve,applied,-0.9023,False,0.955,2026-09-23,current,-4.72857,hot-confirmed,gateio,1,,4.0,OVERHEATED_LONG,12976066.98
2026-09-23,KOGE,159,147,14,69.24,234022356,0.05,-11.55,-9.19,17.9,18.01,2.31,4,11.8,11.8,12.0,1.0,1.0,234022356,,,,91bbc2a7e466,live,125257,0.592314,0.591521,0.4,14.0147,,LIQUIDITY,0.4663,0.9163,0.592314,curve,0.334523,floor,inert,-0.9163,False,1.0,2026-09-23,absent,0.09386,no-feed,,,,,,
2026-09-23,XCN,189,148,14,0.00462608,181986708,5.88,4.84,7.25,13.71,-33.22,0.05,4,11.3,11.0,13.9,0.9798,1.0,247134235,10.95,,,91bbc2a7e466,live,10696868,0.56501,0.550853,0.463952,14.1482,,LIQUIDITY,0.3927,0.768,0.56501,curve,0.463952,curve,applied,-0.768,False,1.0,2026-09-23,current,5.79436,inert-band,gateio,1,,4.0,NEUTRAL,184198.97
2026-09-23,BGB,54,149,13,2.09,1462540199,0.97,-2.33,-1.87,0.99,-30.01,-6.92,4,15.8,8.6,12.0,0.9838,1.0,1903247953,,,,91bbc2a7e466,live,14181819,0.791277,0.428491,0.4,13.3425,,LIQUIDITY,0.4549,0.9163,0.791277,curve,0.354882,floor,applied,-0.9163,False,1.0,2026-09-23,absent,-1.422,no-feed,,,,,,
2026-09-23,DCR,124,150,13,18.83,330708550,1.03,11.25,0.92,25.72,-59.33,-1.83,4,12.6,10.3,12.0,1.0,1.0,330714933,,,,91bbc2a7e466,live,3394339,0.629861,0.517071,0.4,13.0273,,LIQUIDITY,0.4496,0.9163,0.629861,curve,0.356142,floor,inert,-0.9163,False,1.0,2026-09-23,absent,5.54432,no-feed,,,,,,
2026-09-23,EDGE,171,151,13,0.614226,214541148,1.51,-11.46,-2.28,50.98,-26.26,3.48,3,11.7,12.2,12.0,0.9271,1.0,612974710,10.95,,,91bbc2a7e466,live,3236431,0.582878,0.61231,0.4,13.2353,,LIQUIDITY,0.4531,0.9163,0.582878,curve,0.366856,floor,applied,-0.9163,False,1.0,2026-09-23,current,1.16852,inert-band,gateio,1,,4.0,NEUTRAL,16240.69
2026-09-23,IMX,224,152,13,0.151472,133269757,6.39,20.15,10.37,10.09,-51.73,0.82,4,10.6,11.3,14.3,0.9393,1.0,303067636,10.95,,,91bbc2a7e466,live,8510409,0.531183,0.564677,0.475241,13.3894,,LIQUIDITY,0.37,0.7439,0.531183,curve,0.475241,curve,applied,-0.7439,False,1.0,2026-09-23,current,1.26826,inert-band,gateio,4,238.478,4.0,NEUTRAL,313838.61
2026-09-23,KITE,128,153,13,0.136745,326841792,6.98,24.75,12.68,7.22,-77.07,-3.01,4,12.6,9.9,14.7,0.914,0.947,1366854871,42.267,,,91bbc2a7e466,live,22828020,0.628584,0.496036,0.488543,13.1904,,LIQUIDITY,0.3536,0.7163,0.628584,curve,0.488543,curve,applied,-0.7163,False,0.947,2026-09-23,current,3.15615,hot-confirmed,gateio,1,,4.0,OVERHEATED_LONG,311469.98
2026-09-23,NEO,185,154,13,2.63,185179357,4.3,15.47,9.23,11.92,-49.84,-0.04,4,11.3,11.0,12.9,0.9759,1.0,262554030,10.95,,,91bbc2a7e466,live,7960278,0.566898,0.549256,0.42886,13.0317,,LIQUIDITY,0.4155,0.8466,0.566898,curve,0.42886,curve,applied,-0.8466,False,1.0,2026-09-23,current,5.41872,inert-band,gateio,3,97.3648,8.0,NEUTRAL,143346.89
2026-09-23,EURCV,183,155,12,1.14,191334585,15.74,-14.21,-10.56,-12.97,-27.82,-15.71,4,11.4,6.0,20.5,1.0,1.0,191334585,,,,91bbc2a7e466,live,30114493,0.570448,0.299385,0.683093,11.6661,,CONFIRM,0.5613,1.206,0.570448,curve,0.683093,curve,inert,-1.206,False,1.0,2026-09-23,absent,-0.52742,no-feed,,,,,,
2026-09-23,GLM,229,156,12,0.128249,128239522,1.72,3.78,9.39,7.53,-23.73,0.62,4,10.5,11.2,12.0,1.0,1.0,128239522,10.95,,,91bbc2a7e466,live,2210495,0.527005,0.561149,0.4,11.8291,,LIQUIDITY,0.4293,0.9163,0.527005,curve,0.371638,floor,inert,-0.9163,False,1.0,2026-09-23,current,4.62429,inert-band,gateio,1,,4.0,NEUTRAL,33018.0
2026-09-23,HTX,51,157,12,1.74e-06,1558631868,0.65,-8.4,-6.06,-11.68,-18.26,-10.61,4,16.0,7.4,12.0,1.0,1.0,1558631868,,29.75,-0.3905,91bbc2a7e466,live,10153024,0.798186,0.369767,0.4,11.8057,,CONFIRM,0.4656,0.9949,0.798186,curve,0.347809,floor,inert,-0.9949,False,1.0,2026-09-23,absent,-0.30704,no-feed,,,,,,
2026-09-23,NEXO,74,158,12,0.878209,878468088,0.71,-2.32,-4.89,-3.91,-29.53,-8.8,4,14.7,8.0,12.0,1.0,1.0,878468088,,,,91bbc2a7e466,live,6194004,0.735931,0.397783,0.4,11.7097,,CONFIRM,0.4298,0.9218,0.735931,curve,0.349002,floor,inert,-0.9218,False,1.0,2026-09-23,absent,1.80913,no-feed,,,,,,
2026-09-23,SFP,215,159,12,0.305129,152572648,0.78,2.88,2.81,3.47,-12.97,-0.16,4,10.9,10.9,12.0,1.0,1.0,152572648,10.95,,,91bbc2a7e466,live,1186528,0.545869,0.547133,0.4,11.9465,,LIQUIDITY,0.4313,0.9163,0.545869,curve,0.350615,floor,inert,-0.9163,False,1.0,2026-09-23,current,1.87926,inert-band,gateio,1,,8.0,NEUTRAL,12876.59
2026-09-23,USDGO,57,160,12,1.0,1418213505,5.63,-13.1,-8.76,-10.76,-26.25,-14.06,4,15.8,6.4,13.8,1.0,1.0,1418213505,,,,91bbc2a7e466,live,79797086,0.787935,0.320573,0.458369,11.578,,CONFIRM,0.5276,1.1376,0.787935,curve,0.458369,curve,inert,-1.1376,False,1.0,2026-09-23,absent,-0.00688,no-feed,,,,,,
2026-09-23,ZBCN,173,161,12,0.00208319,208316722,4.11,9.48,6.2,4.0,-39.24,-2.45,4,11.6,10.1,12.7,1.0,1.0,208316722,10.95,,,91bbc2a7e466,live,8556811,0.579681,0.505969,0.424613,12.4539,,LIQUIDITY,0.4112,0.8566,0.579681,curve,0.424613,curve,inert,-0.8566,False,1.0,2026-09-23,current,3.07602,inert-band,gateio,1,,4.0,NEUTRAL,34388.16
2026-09-23,APEPE,150,162,11,1.24e-06,259885580,7.58,-10.73,-4.14,-11.45,-19.7,-11.06,4,12.1,7.3,15.1,1.0,1.0,259885580,,,,91bbc2a7e466,live,19708705,0.603696,0.362997,0.501858,10.9977,,CONFIRM,0.4591,1.0134,0.603696,curve,0.501858,curve,inert,-1.0134,False,1.0,2026-09-23,absent,0.01684,no-feed,,,,,,
2026-09-23,BUIDL,35,163,11,1.0,2280893730,0.0,-13.07,-8.74,-10.74,-26.26,-14.04,4,16.8,6.4,12.0,1.0,1.0,2280893730,,50.0,0.0,91bbc2a7e466,live,0.0,0.839526,0.320817,0.4,10.7734,,CONFIRM,0.5103,1.1369,0.839526,curve,0.0,zero-volume,inert,-1.1369,False,1.0,2026-09-23,absent,0.0,no-feed,,,,,,
2026-09-23,CASHCAT,207,164,11,0.163645,161798457,10.36,-7.67,-19.22,1.42,-26.26,-12.0,3,11.0,7.0,16.9,1.0,1.0,161798457,10.95,33.78,-1.2321,91bbc2a7e466,live,16760521,0.552244,0.349165,0.563531,10.8662,,CONFIRM,0.4741,1.0522,0.552244,curve,0.563531,curve,inert,-1.0522,False,1.0,2026-09-23,current,-3.51622,inert-band,gateio,2,0.0,4.0,NEUTRAL,798351.31
2026-09-23,JASMY,166,165,11,0.00452583,223607258,5.72,14.49,2.1,-4.9,-60.52,-8.46,4,11.7,8.1,13.8,1.0,1.0,226117160,10.95,,,91bbc2a7e466,live,12788021,0.587371,0.403304,0.460421,10.9069,,CONFIRM,0.4098,0.9081,0.587371,curve,0.460421,curve,inert,-0.9081,False,1.0,2026-09-23,current,4.67449,inert-band,gateio,2,23.214,8.0,NEUTRAL,248129.85
2026-09-23,MX,190,166,11,1.96,180459001,3.23,-1.1,2.31,8.24,-18.31,-1.35,4,11.3,10.5,12.2,0.9125,1.0,803727739,,,,91bbc2a7e466,live,5836320,0.564095,0.525651,0.405203,10.9637,,LIQUIDITY,0.4087,0.9034,0.564095,curve,0.405203,curve,applied,-0.9034,False,1.0,2026-09-23,absent,2.18523,no-feed,,,,,,
2026-09-23,SUN,121,167,11,0.01735149,333643298,5.31,-8.37,-6.03,-11.47,-18.93,-10.67,4,12.6,7.4,13.5,1.0,1.0,345420993,10.95,,,91bbc2a7e466,live,17723401,0.630821,0.368769,0.45138,10.5003,,CONFIRM,0.4426,0.9976,0.630821,curve,0.45138,curve,inert,-0.9976,False,1.0,2026-09-23,current,-0.4434,inert-band,gateio,1,,8.0,NEUTRAL,64596.3
2026-09-23,TRUMP,91,168,11,2.15,606938126,63.82,4.2,-10.24,-20.6,-57.66,-17.98,4,13.9,5.5,19.2,0.9187,1.0,2153271260,3.285,60.69,-1.3147,91bbc2a7e466,live,387366793,0.695786,0.27259,0.641179,11.1722,,CONFIRM,0.593,1.2998,0.695786,curve,0.641179,curve,applied,-1.2998,False,1.0,2026-09-23,current,-0.04397,inert-band,gateio,5,18.4749,4.0,NEUTRAL,4041486.73
2026-09-23,USDY,37,169,11,1.14,2261520076,0.21,-12.88,-8.47,-10.48,-24.06,-13.41,4,16.8,6.6,12.0,1.0,1.0,2261540019,,50.0,0.0,91bbc2a7e466,live,4783714,0.8386,0.329379,0.4,11.0487,,CONFIRM,0.5041,1.1105,0.8386,curve,0.338034,floor,inert,-1.1105,False,1.0,2026-09-23,absent,-0.20825,no-feed,,,,,,
2026-09-23,USYC,33,170,11,1.14,2508825557,0.0,-13.01,-8.62,-10.48,-24.55,-13.59,4,17.0,6.5,12.0,1.0,1.0,2508825557,,100.0,0.0,91bbc2a7e466,live,0.0,0.849868,0.326982,0.4,11.1156,,CONFIRM,0.5089,1.1179,0.849868,curve,0.0,zero-volume,inert,-1.1179,False,1.0,2026-09-23,absent,0.00923,no-feed,,,,,,
2026-09-23,BFUSD,59,171,10,0.999861,1319791035,0.76,-13.01,-8.73,-10.74,-26.2,-14.01,4,15.6,6.4,12.0,1.0,1.0,1319791035,,,,91bbc2a7e466,live,9982253,0.780126,0.321273,0.4,10.0253,,CONFIRM,0.4937,1.1355,0.780126,curve,0.350141,floor,inert,-1.1355,False,1.0,2026-09-23,absent,0.01709,no-feed,,,,,,
2026-09-23,BORG,188,172,10,0.186319,182840734,0.27,2.12,-2.63,0.94,-27.13,-5.21,4,11.3,9.1,12.0,1.0,1.0,182840734,,,,91bbc2a7e466,live,487758,0.565518,0.457482,0.4,10.3486,,LIQUIDITY,0.404,0.9163,0.565518,curve,0.339261,floor,inert,-0.9163,False,1.0,2026-09-23,absent,4.13426,no-feed,,,,,,
2026-09-23,CFX,143,173,10,0.054555,286114449,3.7,12.37,3.83,3.63,-78.79,-10.18,4,12.3,7.5,12.5,1.0,1.0,286136306,-3.723,,,91bbc2a7e466,live,10583911,0.614135,0.376219,0.415538,9.601,,CONFIRM,0.4172,0.9776,0.614135,curve,0.415538,curve,inert,-0.9776,False,1.0,2026-09-23,current,3.135,inert-band,gateio,4,85.4206,8.0,MILD_INVERSION,567860.84
2026-09-23,EGLD,221,174,10,4.37,134582443,5.23,2.87,-17.74,14.26,-42.83,-8.58,4,10.6,8.0,13.5,1.0,1.0,134582443,10.95,,,91bbc2a7e466,live,7039315,0.532247,0.401425,0.449566,9.6053,,CONFIRM,0.3896,0.9127,0.532247,curve,0.449566,curve,inert,-0.9127,False,1.0,2026-09-23,current,0.38514,inert-band,gateio,2,26.8877,8.0,NEUTRAL,223116.1
2026-09-23,EURC,108,175,10,1.14,463888331,7.34,-14.13,-10.53,-12.9,-27.93,-15.68,4,13.3,6.0,14.9,1.0,1.0,463889405,-3.504,,,91bbc2a7e466,live,34030912,0.666603,0.299704,0.496356,9.9164,,CONFIRM,0.5214,1.205,0.666603,curve,0.496356,curve,inert,-1.205,False,1.0,2026-09-23,current,-0.47891,inert-band,coinbase,1,,1.0,MILD_INVERSION,1200630.5
2026-09-23,EURSAFO,55,176,10,1.16,1445175403,0.0,-14.14,-10.52,-12.71,-26.26,-15.3,3,15.8,6.1,12.0,1.0,1.0,1445175403,,,,91bbc2a7e466,live,0.0,0.78998,0.304468,0.4,9.621,,CONFIRM,0.5079,1.1892,0.78998,curve,0.0,zero-volume,inert,-1.1892,False,1.0,2026-09-23,absent,-0.41865,no-feed,,,,,,
2026-09-23,IOTA,165,177,10,0.04851776,225722900,3.29,15.35,8.23,1.23,-68.67,-6.76,4,11.8,8.6,12.2,1.0,1.0,241922167,10.95,,,91bbc2a7e466,live,7434533,0.588394,0.431121,0.406526,10.3123,,LIQUIDITY,0.3962,0.9001,0.588394,curve,0.406526,curve,inert,-0.9001,False,1.0,2026-09-23,current,3.08512,inert-band,gateio,3,4479.5655,8.0,NEUTRAL,438531.26
2026-09-23,KAIA,169,178,10,0.0341682,219629979,4.62,15.22,2.81,0.4,-73.98,-9.43,4,11.7,7.8,13.1,1.0,1.0,219642220,10.95,,,91bbc2a7e466,live,10147125,0.585423,0.387932,0.436002,9.9018,,CONFIRM,0.4095,0.9469,0.585423,curve,0.436002,curve,inert,-0.9469,False,1.0,2026-09-23,current,7.71996,inert-band,gateio,2,62.1985,4.0,NEUTRAL,49304.23
2026-09-23,KCS,67,179,10,7.31,1003071521,3.37,-4.78,-3.3,-10.81,-42.63,-13.49,4,15.0,6.6,12.2,1.0,1.0,1039638594,,,,91bbc2a7e466,live,33844377,0.750333,0.32833,0.408313,10.0591,,CONFIRM,0.4849,1.1137,0.750333,curve,0.408313,curve,inert,-1.1137,False,1.0,2026-09-23,absent,-1.837,no-feed,,,,,,
2026-09-23,OHM,139,180,10,20.18,301037638,0.09,-12.54,-9.18,-1.73,-8.67,-8.22,4,12.4,8.1,12.0,0.9819,1.0,399982571,,,,91bbc2a7e466,live,279052,0.619655,0.407101,0.4,9.9079,,LIQUIDITY,0.3963,0.9163,0.619655,curve,0.335393,floor,applied,-0.9163,False,1.0,2026-09-23,absent,0.19655,no-feed,,,,,,
2026-09-23,SHFL,210,181,10,0.332039,160188241,0.4,-10.31,-2.03,2.39,-7.94,-4.59,4,11.0,9.4,12.0,0.9511,1.0,305722075,,,,91bbc2a7e466,live,637465,0.551158,0.46833,0.4,9.8201,,LIQUIDITY,0.3948,0.9163,0.551158,curve,0.342177,floor,applied,-0.9163,False,1.0,2026-09-23,absent,2.27655,no-feed,,,,,,
2026-09-23,SPX,111,182,10,0.477711,444641652,4.44,-9.31,-16.0,-3.73,-15.75,-10.88,4,13.2,7.3,13.0,1.0,1.0,444641652,4.599,42.49,-2.7065,91bbc2a7e466,live,19761329,0.662003,0.365707,0.432096,10.461,,CONFIRM,0.4456,1.0059,0.662003,curve,0.432096,curve,inert,-1.0059,False,1.0,2026-09-23,current,-7.8881,inert-band,gateio,3,52.6339,4.0,NEUTRAL,485432.9
2026-09-23,TRAC,211,183,10,0.356881,159635473,2.21,4.46,0.83,-12.37,-18.01,-5.15,4,11.0,9.2,12.0,0.9984,1.0,178453734,,,,91bbc2a7e466,live,3532890,0.550782,0.458599,0.4,10.0874,,LIQUIDITY,0.3994,0.9163,0.550782,curve,0.382513,floor,applied,-0.9163,False,1.0,2026-09-23,absent,-0.56726,no-feed,,,,,,
2026-09-23,USDF,58,184,10,0.995798,1371267563,0.02,-13.06,-8.87,-10.76,-26.23,-14.07,4,15.7,6.4,12.0,1.0,1.0,1371267563,,,,91bbc2a7e466,live,320760,0.784281,0.320421,0.4,10.052,,CONFIRM,0.4954,1.1381,0.784281,curve,0.333853,floor,inert,-1.1381,False,1.0,2026-09-23,absent,0.05487,no-feed,,,,,,
2026-09-23,XDC,90,185,10,0.03129044,624191795,1.98,1.18,0.39,-8.7,-44.88,-10.7,4,14.0,7.4,12.0,0.9511,1.0,1191189666,10.95,,,91bbc2a7e466,live,12369628,0.69883,0.368367,0.4,9.7935,,CONFIRM,0.4298,0.9987,0.69883,curve,0.377371,floor,applied,-0.9987,False,1.0,2026-09-23,current,1.70019,inert-band,gateio,1,,4.0,NEUTRAL,188094.94
2026-09-23,AUSD,161,186,9,0.999808,230804684,5.26,-13.01,-8.72,-10.74,-26.26,-14.02,4,11.8,6.4,13.5,1.0,1.0,230804684,,,,91bbc2a7e466,live,12144984,0.590811,0.321141,0.450267,8.5431,,CONFIRM,0.4617,1.1359,0.590811,curve,0.450267,curve,inert,-1.1359,False,1.0,2026-09-23,absent,0.00566,no-feed,,,,,,
2026-09-23,CASH,227,187,9,0.999623,128781180,8.56,-13.01,-8.77,-10.74,-26.34,-14.05,4,10.5,6.4,15.7,1.0,1.0,128781180,,,,91bbc2a7e466,live,11019603,0.527463,0.320756,0.523485,8.8567,,CONFIRM,0.4691,1.1371,0.527463,curve,0.523485,curve,inert,-1.1371,False,1.0,2026-09-23,absent,-0.00551,no-feed,,,,,,
2026-09-23,CRVUSD,158,188,9,0.999553,234534274,5.25,-13.02,-8.67,-10.75,-26.44,-14.05,4,11.9,6.4,13.5,1.0,1.0,234534416,,,,91bbc2a7e466,live,12310820,0.592552,0.320737,0.449979,8.552,,CONFIRM,0.4624,1.1371,0.592552,curve,0.449979,curve,inert,-1.1371,False,1.0,2026-09-23,absent,0.16384,no-feed,,,,,,
2026-09-23,EUTBL,80,189,9,1.21,762944469,0.0,-14.15,-10.54,-12.75,-27.0,-15.47,4,14.4,6.0,12.0,1.0,1.0,767905633,,,,91bbc2a7e466,live,0.0,0.720623,0.302393,0.4,8.7165,,CONFIRM,0.4902,1.196,0.720623,curve,0.0,zero-volume,inert,-1.196,False,1.0,2026-09-23,absent,-0.41926,no-feed,,,,,,
2026-09-23,FLR,89,190,9,0.00730348,634685855,1.02,4.47,4.94,-5.78,-80.68,-15.0,4,14.0,6.2,12.0,0.9894,1.0,778805223,10.95,,,91bbc2a7e466,live,6469668,0.70064,0.308273,0.4,8.548,,CONFIRM,0.4785,1.1768,0.70064,curve,0.355986,floor,applied,-1.1768,False,1.0,2026-09-23,current,5.48648,inert-band,gateio,1,,8.0,NEUTRAL,19379.35
2026-09-23,GHO,83,191,9,0.998895,698213999,1.02,-13.02,-8.68,-10.73,-26.36,-14.03,4,14.2,6.4,12.0,1.0,1.0,698213999,,,,91bbc2a7e466,live,7105119,0.710997,0.321007,0.4,9.1294,,CONFIRM,0.4747,1.1363,0.710997,curve,0.355947,floor,inert,-1.1363,False,1.0,2026-09-23,absent,-0.01153,no-feed,,,,,,
2026-09-23,JAAA,85,192,9,1.05,677692166,0.0,-12.99,-8.57,-10.35,-23.89,-13.41,4,14.2,6.6,12.0,1.0,1.0,677692166,,,,91bbc2a7e466,live,0.0,0.707758,0.329426,0.4,9.3262,,CONFIRM,0.4681,1.1104,0.707758,curve,0.0,zero-volume,inert,-1.1104,False,1.0,2026-09-23,absent,0.0,no-feed,,,,,,
2026-09-23,NIGHT,114,193,9,0.02416965,401405172,2.68,9.65,-2.92,15.45,-84.03,-10.78,4,13.0,7.3,12.0,0.9741,1.0,580086255,10.95,,,91bbc2a7e466,live,10767695,0.650896,0.367223,0.4,9.3133,,CONFIRM,0.422,1.0018,0.650896,curve,0.392944,floor,applied,-1.0018,False,1.0,2026-09-23,current,2.48408,inert-band,gateio,3,2565.366,8.0,NEUTRAL,104102.54
2026-09-23,REUSD,144,194,9,1.1,285583995,1.5,-12.93,-8.52,-10.2,-7.84,-10.13,4,12.3,7.5,12.0,1.0,1.0,285614136,,,,91bbc2a7e466,live,4278264,0.613933,0.377089,0.4,9.2603,,CONFIRM,0.4099,0.9753,0.613933,curve,0.366624,floor,inert,-0.9753,False,1.0,2026-09-23,absent,-0.01122,no-feed,,,,,,
2026-09-23,SYRUP,152,195,9,0.211941,247476396,3.97,-4.01,-14.32,-1.33,-35.6,-12.24,4,12.0,6.9,12.6,1.0,1.0,263887346,10.95,,,91bbc2a7e466,live,9818480,0.598383,0.345787,0.421499,8.7214,,CONFIRM,0.4353,1.0619,0.598383,curve,0.421499,curve,inert,-1.0619,False,1.0,2026-09-23,current,-3.02228,inert-band,gateio,3,69.4,8.0,NEUTRAL,183717.64
2026-09-23,USD0,95,196,9,0.999197,546191188,0.23,-13.06,-8.71,-10.69,-26.21,-14.01,4,13.7,6.4,12.0,1.0,1.0,546191188,,,,91bbc2a7e466,live,1271173,0.684336,0.321267,0.4,8.7942,,CONFIRM,0.4671,1.1355,0.684336,curve,0.338505,floor,inert,-1.1355,False,1.0,2026-09-23,absent,0.01168,no-feed,,,,,,
2026-09-23,USDTB,105,197,9,0.999442,475653963,0.14,-13.06,-8.77,-10.8,-26.25,-14.06,4,13.4,6.4,12.0,1.0,1.0,475653963,,,,91bbc2a7e466,live,681875,0.669323,0.320573,0.4,8.5827,,CONFIRM,0.4633,1.1376,0.669323,curve,0.336519,floor,inert,-1.1376,False,1.0,2026-09-23,absent,-0.02081,no-feed,,,,,,
2026-09-23,USTB,81,198,9,11.22,733260285,0.0,-13.0,-8.58,-10.43,-24.36,-13.53,4,14.3,6.6,12.0,1.0,1.0,733260285,,,,91bbc2a7e466,live,0.0,0.716315,0.327811,0.4,9.3926,,CONFIRM,0.4715,1.1153,0.716315,curve,0.0,zero-volume,inert,-1.1153,False,1.0,2026-09-23,absent,0.0287,no-feed,,,,,,
2026-09-23,YLDS,101,199,9,0.999811,501685316,1.9,-13.04,-8.74,-10.74,-26.27,-14.03,4,13.5,6.4,12.0,1.0,1.0,501685316,,,,91bbc2a7e466,live,9509209,0.675108,0.32096,0.4,8.6673,,CONFIRM,0.4647,1.1364,0.675108,curve,0.375455,floor,inert,-1.1364,False,1.0,2026-09-23,absent,-0.03565,no-feed,,,,,,
2026-09-23,A7A5,109,200,8,0.01182157,463815985,0.0,-13.47,-7.95,-11.48,-32.41,-15.38,4,13.3,6.1,12.0,1.0,1.0,463815985,,,,91bbc2a7e466,live,300.34,0.666586,0.303485,0.4,8.092,,CONFIRM,0.4743,1.1924,0.666586,curve,0.333335,floor,inert,-1.1924,False,1.0,2026-09-23,absent,-0.67622,no-feed,,,,,,
2026-09-23,APXUSD,131,201,8,0.983527,317430279,0.93,-11.39,-7.48,-7.91,-27.95,-12.86,4,12.5,6.7,12.0,1.0,1.0,317430279,,,,91bbc2a7e466,live,2963953,0.625412,0.337037,0.4,8.4315,,CONFIRM,0.4397,1.0876,0.625412,curve,0.354083,floor,inert,-1.0876,False,1.0,2026-09-23,absent,-0.08552,no-feed,,,,,,
2026-09-23,APYUSD,194,202,8,1.39,171570816,0.39,-10.73,-7.68,-7.87,-26.26,-12.36,3,11.2,6.9,12.0,1.0,1.0,171570816,,,,91bbc2a7e466,live,677545,0.558611,0.344075,0.4,7.6882,,CONFIRM,0.4159,1.0669,0.558611,curve,0.342109,floor,inert,-1.0669,False,1.0,2026-09-23,absent,0.47198,no-feed,,,,,,
2026-09-23,BDX,93,203,8,0.076048,598586465,0.6,-13.07,-7.87,-19.44,-31.12,-16.97,4,13.9,5.7,12.0,0.9867,1.0,755930609,,,,91bbc2a7e466,live,3606047,0.694282,0.284159,0.4,7.7865,,CONFIRM,0.4929,1.2582,0.694282,curve,0.346721,floor,applied,-1.2582,False,1.0,2026-09-23,absent,0.01509,no-feed,,,,,,
2026-09-23,CVX,182,204,8,2.06,191686202,4.84,-0.31,-13.91,-12.07,-32.39,-13.07,4,11.4,6.7,13.2,1.0,1.0,205666951,10.95,,,91bbc2a7e466,live,9269205,0.570648,0.334117,0.440791,8.4043,,CONFIRM,0.4427,1.0963,0.570648,curve,0.440791,curve,inert,-1.0963,False,1.0,2026-09-23,current,0.61553,inert-band,gateio,2,25.1965,8.0,NEUTRAL,36970.67
2026-09-23,JTRSY,127,205,8,1.12,326864933,0.0,-13.02,-8.63,-10.5,-24.41,-13.57,4,12.6,6.5,12.0,1.0,1.0,326864933,,,,91bbc2a7e466,live,0.0,0.628592,0.327219,0.4,8.2275,,CONFIRM,0.4473,1.1171,0.628592,curve,0.0,zero-volume,inert,-1.1171,False,1.0,2026-09-23,absent,0.0,no-feed,,,,,,
2026-09-23,OUSG,129,206,8,116.65,322379554,0.0,-13.0,-8.61,-10.44,-24.39,-13.54,4,12.5,6.6,12.0,1.0,1.0,322379554,,,,91bbc2a7e466,live,0.0,0.627092,0.327594,0.4,8.2173,,CONFIRM,0.4466,1.116,0.627092,curve,0.0,zero-volume,inert,-1.116,False,1.0,2026-09-23,absent,0.00967,no-feed,,,,,,
2026-09-23,RLB,230,207,8,0.081056,127120060,0.13,-9.36,-6.96,-8.99,-21.23,-11.04,4,10.5,7.3,12.0,1.0,1.0,127120060,0.0,,,91bbc2a7e466,live,160122,0.526054,0.363237,0.4,7.6433,,CONFIRM,0.3938,1.0127,0.526054,curve,0.336132,floor,inert,-1.0127,False,1.0,2026-09-23,current,0.83443,inert-band,hyperliquid,1,,1.0,NEUTRAL,
2026-09-23,SOFID,123,208,8,0.999427,330948139,3.14,-13.09,-8.79,-10.75,-26.26,-14.07,3,12.6,6.4,12.1,1.0,1.0,330948139,,,,91bbc2a7e466,live,10376996,0.62994,0.320524,0.403012,8.1373,,CONFIRM,0.4535,1.1378,0.62994,curve,0.403012,curve,inert,-1.1378,False,1.0,2026-09-23,absent,-0.01088,no-feed,,,,,,
2026-09-23,STRCX,213,209,8,107.67,156457033,0.27,-10.84,-6.86,-3.7,-18.92,-9.68,4,11.0,7.7,12.0,0.9496,1.0,304843508,,,,91bbc2a7e466,live,415272,0.548599,0.384036,0.4,8.0025,,CONFIRM,0.379,0.957,0.548599,curve,0.339232,floor,applied,-0.957,False,1.0,2026-09-23,absent,1.94034,no-feed,,,,,,
2026-09-23,TEL,193,210,8,0.00178941,176576813,1.1,10.48,-7.63,-5.33,-63.83,-12.86,4,11.2,6.7,12.0,1.0,1.0,178955282,,,,91bbc2a7e466,live,1937511,0.561733,0.33698,0.4,7.5717,,CONFIRM,0.4215,1.0877,0.561733,curve,0.357717,floor,inert,-1.0877,False,1.0,2026-09-23,absent,9.66677,no-feed,,,,,,
2026-09-23,USDAI,126,211,8,0.999889,328735490,0.02,-13.01,-8.77,-10.73,-26.23,-14.03,4,12.6,6.4,12.0,1.0,1.0,328735490,,,,91bbc2a7e466,live,74116,0.629212,0.321076,0.4,8.081,,CONFIRM,0.4516,1.1361,0.629212,curve,0.333834,floor,inert,-1.1361,False,1.0,2026-09-23,absent,0.00172,no-feed,,,,,,
2026-09-23,USX,170,212,8,0.999557,218053422,0.21,-13.02,-8.72,-10.73,-26.25,-14.02,4,11.7,6.4,12.0,1.0,1.0,218053422,,,,91bbc2a7e466,live,456969,0.584641,0.321156,0.4,7.5104,,CONFIRM,0.4387,1.1358,0.584641,curve,0.33799,floor,inert,-1.1358,False,1.0,2026-09-23,absent,0.00925,no-feed,,,,,,
2026-09-23,2Z,184,213,7,0.053519,185855869,2.68,7.09,-1.36,-13.61,-54.46,-12.51,4,11.3,6.8,12.0,0.9268,1.0,535583316,10.95,,,91bbc2a7e466,live,4977949,0.567294,0.34193,0.4,7.191,,CONFIRM,0.4077,1.0731,0.567294,curve,0.392853,floor,applied,-1.0731,False,1.0,2026-09-23,current,3.42152,inert-band,gateio,3,47.8591,4.0,NEUTRAL,50459.93
2026-09-23,AVUSD,235,214,7,0.998302,124749630,0.0,-13.01,-8.73,-10.77,-26.26,-14.03,4,10.5,6.4,12.0,1.0,1.0,124749630,,,,91bbc2a7e466,live,1610.41,0.52401,0.320993,0.4,6.7281,,CONFIRM,0.421,1.1363,0.52401,curve,0.333362,floor,inert,-1.1363,False,1.0,2026-09-23,absent,-0.10678,no-feed,,,,,,
2026-09-23,BTSE,200,215,7,1.021,165535605,0.17,-18.93,6.75,11.19,-63.37,-13.87,4,11.1,6.5,12.0,0.9889,1.0,204287390,,,,91bbc2a7e466,live,285694,0.554723,0.323184,0.4,7.0915,,CONFIRM,0.4268,1.1295,0.554723,curve,0.337169,floor,applied,-1.1295,False,1.0,2026-09-23,absent,-1.97124,no-feed,,,,,,
2026-09-23,COCO,202,216,7,0.164149,164080113,0.03,-13.9,-13.35,-12.23,-17.87,-14.14,4,11.1,6.4,12.0,1.0,1.0,164080113,,,,91bbc2a7e466,live,42171,0.553764,0.319565,0.4,7.0786,,CONFIRM,0.4308,1.1408,0.553764,curve,0.333904,floor,inert,-1.1408,False,1.0,2026-09-23,absent,0.60588,no-feed,,,,,,
2026-09-23,GNO,134,217,7,116.01,306241232,0.51,-9.43,-9.32,-16.17,-33.54,-15.91,4,12.4,5.9,12.0,0.9968,1.0,348055586,,,,91bbc2a7e466,live,1552615,0.621516,0.296867,0.4,7.3567,,CONFIRM,0.4654,1.2145,0.621516,curve,0.3446,floor,applied,-1.2145,False,1.0,2026-09-23,absent,-0.15538,no-feed,,,,,,
2026-09-23,KAG,154,218,7,64.67,240692084,0.26,-11.75,-10.76,4.17,-48.49,-14.87,4,11.9,6.2,12.0,1.0,1.0,236959012,,,,91bbc2a7e466,live,625519,0.595365,0.310009,0.4,7.3827,,CONFIRM,0.4494,1.1712,0.595365,curve,0.339109,floor,inert,-1.1712,False,1.0,2026-09-23,absent,-1.3009,no-feed,,,,,,
2026-09-23,OZO,233,219,7,0.130775,125593356,0.18,-12.88,-8.37,-10.68,-26.64,-13.95,4,10.5,6.4,12.0,1.0,1.0,130699347,,,,91bbc2a7e466,live,220340,0.524742,0.322015,0.4,6.759,,CONFIRM,0.4206,1.1332,0.524742,curve,0.337232,floor,inert,-1.1332,False,1.0,2026-09-23,absent,-0.03387,no-feed,,,,,,
2026-09-23,PC0000031,177,220,7,1.0,202500000,0.0,-13.07,-8.74,-10.74,-26.26,-14.04,4,11.5,6.4,12.0,1.0,1.0,202500000,,,,91bbc2a7e466,live,0.0,0.576606,0.320817,0.4,7.3994,,CONFIRM,0.4366,1.1369,0.576606,curve,0.0,zero-volume,inert,-1.1369,False,1.0,2026-09-23,absent,0.0,no-feed,,,,,,
2026-09-23,PC0000033,204,221,7,1.0,162500000,0.0,-13.07,-8.74,-10.74,-26.26,-14.04,4,11.1,6.4,12.0,1.0,1.0,162500000,,,,91bbc2a7e466,live,0.0,0.552713,0.320817,0.4,7.0928,,CONFIRM,0.4296,1.1369,0.552713,curve,0.0,zero-volume,inert,-1.1369,False,1.0,2026-09-23,absent,0.0,no-feed,,,,,,
2026-09-23,PC0000097,223,222,7,1.0,134000000,0.0,-13.07,-8.74,-10.74,-26.26,-14.04,4,10.6,6.4,12.0,1.0,1.0,0.0,,,,91bbc2a7e466,live,0.0,0.531776,0.320817,0.4,6.8241,,CONFIRM,0.4235,1.1369,0.531776,curve,0.0,zero-volume,unpublished,-1.1369,False,1.0,2026-09-23,absent,0.0,no-feed,,,,,,
2026-09-23,SAFO,174,223,7,1.022,207443793,0.0,-12.99,-8.57,-10.41,-26.26,-13.9,3,11.6,6.5,12.0,1.0,1.0,207443793,,,,91bbc2a7e466,live,0.0,0.579225,0.322808,0.4,7.4791,,CONFIRM,0.436,1.1307,0.579225,curve,0.0,zero-volume,inert,-1.1307,False,1.0,2026-09-23,absent,0.01155,no-feed,,,,,,
2026-09-23,USAT,187,224,7,0.999287,183178419,0.11,-13.04,-8.76,-10.78,-26.31,-14.06,4,11.3,6.4,12.0,1.0,1.0,183178419,,,,91bbc2a7e466,live,196228,0.565719,0.320609,0.4,7.255,,CONFIRM,0.4336,1.1375,0.565719,curve,0.335714,floor,inert,-1.1375,False,1.0,2026-09-23,absent,0.0203,no-feed,,,,,,
2026-09-23,USTBL,197,225,7,1.097,168718639,0.0,-13.0,-8.62,-10.45,-24.37,-13.54,4,11.1,6.6,12.0,1.0,1.0,168718639,,,,91bbc2a7e466,live,0.0,0.556791,0.3276,0.4,7.2962,,CONFIRM,0.4263,1.116,0.556791,curve,0.0,zero-volume,inert,-1.116,False,1.0,2026-09-23,absent,0.00866,no-feed,,,,,,
2026-09-23,VSN,198,226,7,0.0440235,166833836,1.44,-6.07,-0.05,4.82,-72.93,-15.22,4,11.1,6.1,12.0,0.9994,1.0,184730087,,,,91bbc2a7e466,live,2394522,0.555571,0.305575,0.4,6.7867,,CONFIRM,0.4407,1.1856,0.555571,curve,0.365228,floor,applied,-1.1856,False,1.0,2026-09-23,absent,0.18998,no-feed,,,,,,
2026-09-23,WLFI,45,227,7,0.05761,1830546058,2.52,-11.19,-4.68,-11.29,-67.7,-20.89,4,16.3,4.8,12.0,0.923,1.0,5760454472,10.95,,,91bbc2a7e466,live,46185641,0.815645,0.242432,0.4,7.3005,,CONFIRM,0.5414,1.417,0.815645,curve,0.389401,floor,applied,-1.417,False,1.0,2026-09-23,current,0.01099,inert-band,gateio,5,103.8068,4.0,NEUTRAL,1692293.0
2026-09-23,JPYC,222,228,6,0.00631812,134485475,1.64,-15.25,-11.7,-10.2,-26.75,-15.4,4,10.6,6.1,12.0,1.0,1.0,134485475,,,,91bbc2a7e466,live,2210680,0.532169,0.30324,0.4,6.455,,CONFIRM,0.4354,1.1932,0.532169,curve,0.369862,floor,inert,-1.1932,False,1.0,2026-09-23,absent,0.35217,no-feed,,,,,,
2026-09-23,JPYSC,231,229,6,0.00633296,126862473,0.0,-14.79,-11.48,-9.88,-26.26,-15.03,3,10.5,6.2,12.0,1.0,1.0,126862473,,,,91bbc2a7e466,live,0.0,0.525833,0.30794,0.4,6.477,,CONFIRM,0.4304,1.1778,0.525833,curve,0.0,zero-volume,inert,-1.1778,False,1.0,2026-09-23,absent,-0.45501,no-feed,,,,,,
2026-09-23,KAU,125,230,6,137.84,328914694,0.16,-13.43,-10.46,-17.95,-46.16,-20.36,4,12.6,5.0,12.0,0.9616,1.0,549398230,,,,91bbc2a7e466,live,532311,0.629271,0.24758,0.4,5.9925,,CONFIRM,0.496,1.396,0.629271,curve,0.33693,floor,applied,-1.396,False,1.0,2026-09-23,absent,-0.73295,no-feed,,,,,,
2026-09-23,NFT,157,231,6,2.40331e-07,237974016,3.18,-12.18,-6.65,-23.71,-54.46,-22.14,4,11.9,4.6,12.1,1.0,1.0,237974016,,,,91bbc2a7e466,live,7577130,0.594132,0.230872,0.404089,5.5428,,CONFIRM,0.5068,1.4659,0.594132,curve,0.404089,curve,inert,-1.4659,False,1.0,2026-09-23,absent,0.65302,no-feed,,,,,,
2026-09-23,PI,66,232,6,0.09033,1015515442,0.78,-5.14,-15.59,-8.45,-87.02,-24.96,4,15.0,4.2,12.0,0.9686,1.0,1562331449,10.95,,,91bbc2a7e466,live,7962578,0.751672,0.207617,0.4,6.0464,,CONFIRM,0.5603,1.5721,0.751672,curve,0.350758,floor,applied,-1.5721,False,1.0,2026-09-23,current,0.54128,inert-band,gateio,1,,4.0,NEUTRAL,1398743.2
2026-09-23,STABLE,87,233,6,0.02513752,668068562,1.3,-18.88,-19.16,-23.51,-38.27,-23.98,4,14.1,4.3,12.0,0.9169,1.0,2513710168,10.95,17.91,-0.4415,91bbc2a7e466,live,8688127,0.706205,0.215198,0.4,5.5738,,CONFIRM,0.5321,1.5362,0.706205,curve,0.362233,floor,applied,-1.5362,False,1.0,2026-09-23,current,3.34187,inert-band,gateio,2,0.0,4.0,NEUTRAL,107959.16
2026-09-23,HASH,115,234,4,0.00668776,389374719,0.0,-21.82,-18.83,-20.96,-76.04,-31.7,4,13.0,3.3,12.0,0.9635,1.0,635180992,,,,91bbc2a7e466,live,1676.54,0.647592,0.166034,0.4,4.1439,,CONFIRM,0.564,1.7956,0.647592,curve,0.333343,floor,applied,-1.7956,False,1.0,2026-09-23,absent,-0.5527,no-feed,,,,,,
2026-09-23,ULTIMA,209,235,4,1892.88,160411203,3.6,-15.34,-18.77,-30.73,-85.71,-34.12,4,11.0,3.1,12.4,0.9932,1.0,189369603,,,,91bbc2a7e466,live,5771248,0.551309,0.155135,0.413284,3.5107,,CONFIRM,0.5564,1.8635,0.551309,curve,0.413284,curve,applied,-1.8635,False,1.0,2026-09-23,absent,-0.72663,no-feed,,,,,,
2026-09-24,ZEC,7,1,100,1482.95,25135576150,6.05,-0.95,12.89,69.18,627.6,145.75,4,20.0,20.0,30.0,1.0,1.0,25135622493,10.95,62.13,2.1469,91bbc2a7e466,live,1520779016,1.0,0.999992,1.0,99.9992,,CONFIRM,1.0,0.0,1.100072,cap,0.467785,bypass,inert,-0.0,False,1.0,2026-09-24,current,-8.47626,inert-band,gateio,5,53.436,8.0,NEUTRAL,68390996.05
2026-09-24,NEAR,19,2,94,4.31,5631896603,31.18,40.24,67.46,113.33,218.31,100.93,4,18.8,20.0,30.0,1.0,1.0,5631896724,10.95,81.18,2.1244,91bbc2a7e466,live,1756071794,0.937664,0.99972,1.0,93.7401,,DEPTH,0.9957,0.0644,0.937664,curve,0.815744,bypass,inert,-0.0644,False,1.0,2026-09-24,current,-7.99992,inert-band,gateio,6,80.0078,8.0,NEUTRAL,41273586.55
2026-09-24,UNI,20,3,91,9.0,5587623512,23.32,20.67,41.27,100.05,114.46,64.42,4,18.7,19.9,30.0,0.9751,1.0,7993578738,6.6795,67.64,1.3757,91bbc2a7e466,live,1302812389,0.936807,0.994831,1.0,90.8758,,DEPTH,0.6823,0.0653,0.936807,curve,0.851467,bypass,applied,-0.0653,False,1.0,2026-09-24,current,-7.52454,inert-band,gateio,6,53.9674,8.0,NEUTRAL,30876490.92
2026-09-24,HYPE,9,4,88,90.87,20214418264,6.42,4.93,2.89,7.12,175.96,39.18,4,20.0,19.2,30.0,0.9133,1.0,86812087860,-7.227,61.45,1.2921,91bbc2a7e466,live,1297897490,1.0,0.962449,1.0,87.9004,,SUPPLY,0.7032,0.0907,1.076415,cap,0.476014,bypass,applied,-0.0907,False,1.0,2026-09-24,current,-4.6256,inert-band,gateio,5,24.0564,4.0,MILD_INVERSION,53950288.31
2026-09-24,AVAX,22,5,76,10.15,4497102976,13.15,25.08,23.54,28.78,-11.64,18.28,4,18.3,16.6,30.0,1.0,1.0,4767794315,4.2705,74.28,2.1299,91bbc2a7e466,live,591150973,0.913233,0.830669,1.0,75.8595,,CONFIRM,0.6715,0.1855,0.913233,curve,0.625448,bypass,inert,-0.1855,False,1.0,2026-09-24,current,-8.54871,inert-band,gateio,6,42.048,8.0,NEUTRAL,15119652.81
2026-09-24,LTC,21,6,76,66.35,5152061366,20.63,17.49,20.38,24.7,1.77,16.87,4,18.6,16.3,30.0,1.0,1.0,5152066342,6.132,89.6,0.8777,91bbc2a7e466,live,1062746856,0.927995,0.814674,1.0,75.6014,,CONFIRM,0.7328,0.205,0.927995,curve,0.791725,bypass,inert,-0.205,False,1.0,2026-09-24,current,6.30004,inert-band,gateio,6,27.8224,8.0,NEUTRAL,17993040.14
2026-09-24,XMR,11,7,76,544.4,10239528550,1.31,1.23,0.38,17.76,37.86,12.48,4,20.0,15.2,30.0,1.0,1.0,10239532797,10.95,54.52,1.1776,91bbc2a7e466,live,134566759,1.0,0.757611,1.0,75.7611,,CONFIRM,1.0,0.2776,1.00257,cap,0.362538,bypass,inert,-0.2776,True,1.0,2026-09-24,current,-2.92505,inert-band,gateio,4,25.9089,8.0,NEUTRAL,721865.58
2026-09-24,BCH,18,8,72,334.38,6718952236,12.52,38.03,26.92,17.45,-50.46,12.41,4,19.1,15.1,30.0,1.0,1.0,6718947011,10.95,75.22,1.8756,91bbc2a7e466,live,841485586,0.956825,0.756694,1.0,72.4024,,CONFIRM,0.8633,0.2788,0.956825,curve,0.611646,bypass,inert,-0.2788,True,1.0,2026-09-24,current,-4.33382,inert-band,gateio,5,57.0938,8.0,NEUTRAL,5596463.66
2026-09-24,SOL,5,9,67,113.2,66513895001,7.12,3.96,5.11,8.22,12.6,7.04,4,20.0,13.5,30.0,1.0,1.0,71837833599,-4.2705,64.35,1.5236,91bbc2a7e466,live,4734426173,1.0,0.673468,1.0,67.3468,,CONFIRM,1.0,0.3953,1.205728,cap,0.49151,bypass,inert,-0.3953,True,1.0,2026-09-24,current,-3.19255,inert-band,gateio,6,24.6713,8.0,MILD_INVERSION,369100147.94
2026-09-24,INJ,77,10,64,7.88,787501479,24.94,32.37,25.1,30.44,154.41,54.48,4,14.5,19.8,26.6,1.0,1.0,787501479,-1.314,77.92,-0.0228,91bbc2a7e466,live,196426846,0.724063,0.988626,0.887623,63.5385,,DEPTH,0.7119,0.3229,0.724063,curve,0.887623,curve,inert,-0.3229,True,1.0,2026-09-24,current,-3.10076,inert-band,gateio,6,135.2953,8.0,MILD_INVERSION,1270434.53
2026-09-24,ARB,54,11,63,0.213682,1449953056,21.8,21.05,35.47,117.36,99.87,64.5,4,15.8,19.9,24.5,0.9724,1.0,2136816911,7.3365,67.75,1.3784,91bbc2a7e466,live,316084318,0.790338,0.994861,0.817769,62.5246,,DEPTH,0.501,0.2353,0.790338,curve,0.817769,curve,applied,-0.2353,False,1.0,2026-09-24,current,-9.27631,inert-band,gateio,6,70.08,8.0,NEUTRAL,2812145.33
2026-09-24,WBT,12,12,62,83.49,9923359370,1.4,-3.04,-3.46,8.71,30.97,6.59,4,20.0,13.3,30.0,0.9345,1.0,24498742041,,62.33,0.8142,91bbc2a7e466,live,139216289,0.999165,0.665995,1.0,62.1853,,CONFIRM,0.8556,0.4065,0.999165,curve,0.364509,bypass,applied,-0.4065,True,1.0,2026-09-24,absent,-2.85696,no-feed,,,,,,
2026-09-24,ENA,40,13,60,0.203728,2056702774,20.25,24.84,28.92,29.23,79.32,37.85,4,16.6,19.2,23.5,0.9716,1.0,3055927353,-10.293,78.99,1.6951,91bbc2a7e466,live,416404895,0.828293,0.958452,0.78325,60.4146,,LIQUIDITY,0.4848,0.2443,0.828293,curve,0.78325,curve,applied,-0.2443,False,1.0,2026-09-24,current,-3.57325,inert-band,gateio,5,438.3688,4.0,MILD_INVERSION,14122389.6
2026-09-24,ETH,2,14,59,2645.77,322986201476,5.16,-0.63,0.19,1.56,10.52,2.35,4,20.0,11.8,30.0,1.0,1.0,322986201476,8.2125,61.52,1.0478,91bbc2a7e466,live,16665244821,1.0,0.592235,1.0,59.2235,,CONFIRM,1.0,0.5239,1.377296,cap,0.447994,bypass,inert,-0.5239,True,1.0,2026-09-24,current,-2.90334,inert-band,gateio,6,14.8504,8.0,NEUTRAL,1399796749.73
2026-09-24,DASH,80,15,57,59.03,758099577,26.66,-5.94,-3.03,37.0,67.36,20.18,4,14.4,17.0,27.8,1.0,1.0,758101685,-4.38,54.75,1.9796,91bbc2a7e466,live,202142057,0.719932,0.850629,0.925874,56.7,,DEPTH,0.5791,0.3286,0.719932,curve,0.925874,curve,inert,-0.3286,False,1.0,2026-09-24,current,-5.55007,inert-band,gateio,4,81.3373,8.0,MILD_INVERSION,608983.05
2026-09-24,XLM,17,16,56,0.199028,6953757598,4.68,0.4,4.01,-1.99,8.79,2.38,4,19.2,11.9,30.0,0.975,1.0,9951743990,-2.19,57.09,1.6494,91bbc2a7e466,live,325484901,0.960555,0.592713,1.0,55.51,,CONFIRM,0.8886,0.523,0.960555,curve,0.437349,bypass,applied,-0.523,True,1.0,2026-09-24,current,-7.22008,inert-band,gateio,5,48.1715,8.0,MILD_INVERSION,2049143.63
2026-09-24,BNB,3,17,55,768.85,102380181028,1.22,-3.26,0.04,4.48,0.63,0.28,4,20.0,11.1,30.0,1.0,1.0,102380175708,10.95,63.03,0.7235,91bbc2a7e466,live,1250033591,1.0,0.554995,1.0,55.4995,,CONFIRM,1.0,0.5888,1.252554,cap,0.360466,bypass,inert,-0.5888,True,1.0,2026-09-24,current,-1.91023,inert-band,gateio,6,41.9498,8.0,NEUTRAL,49056784.35
2026-09-24,BTC,1,18,55,83436,1676109157593,2.62,0.0,0.0,0.0,0.0,0.0,4,20.0,11.0,30.0,1.0,1.0,1676109157593,1.8615,66.39,1.0,91bbc2a7e466,live,43932720717,1.0,0.55,1.0,55.0,,CONFIRM,1.0,0.5978,1.556076,cap,0.39158,bypass,inert,-0.5978,True,1.0,2026-09-24,current,-2.56204,inert-band,gateio,6,10.95,8.0,NEUTRAL,2433927942.68
2026-09-24,PEPE,44,19,55,4.28e-06,1798959269,27.16,13.82,17.46,0.29,6.28,9.84,4,16.3,14.4,28.1,1.0,1.0,1798959269,3.1755,63.79,2.1768,91bbc2a7e466,live,488538966,0.813755,0.718462,0.936817,54.7712,,CONFIRM,0.5492,0.3306,0.813755,curve,0.936817,curve,inert,-0.3306,False,1.0,2026-09-24,current,-9.67418,inert-band,gateio,3,3.1755,8.0,NEUTRAL,56201021.25
2026-09-24,RAY,96,20,54,1.96,529642323,33.4,26.0,38.49,137.24,33.79,58.49,4,13.6,19.8,25.4,0.9458,1.0,1089763749,10.95,73.3,2.2619,91bbc2a7e466,live,176914688,0.680996,0.991719,0.845369,53.9981,,DEPTH,0.6235,0.3842,0.680996,curve,0.845369,curve,applied,-0.3842,False,1.0,2026-09-24,current,1.68305,inert-band,gateio,2,71.8083,4.0,NEUTRAL,677231.76
2026-09-24,USELESS,142,21,53,0.274713,274696572,24.15,-9.19,8.56,329.45,173.75,116.5,4,12.2,20.0,26.1,1.0,1.0,274696572,10.95,58.81,0.7978,91bbc2a7e466,live,66351116,0.609713,0.999919,0.870096,53.0466,,DEPTH,0.7804,0.4948,0.609713,curve,0.870096,curve,inert,-0.4948,True,1.0,2026-09-24,current,-14.63049,inert-band,gateio,2,0.0,4.0,NEUTRAL,3797137.61
2026-09-24,ZRO,95,22,53,1.51,535221782,45.4,36.79,35.83,35.22,-46.79,19.44,4,13.6,16.9,29.8,0.9276,1.0,1514864408,10.95,,,91bbc2a7e466,live,243009395,0.682133,0.843106,0.99462,53.0603,,DEPTH,0.6036,0.3825,0.682133,curve,0.99462,curve,applied,-0.3825,False,1.0,2026-09-24,current,2.07279,inert-band,gateio,4,11.2391,4.0,NEUTRAL,749909.37
2026-09-24,LINK,13,23,51,12.21,9137544341,5.94,0.43,-3.68,-0.04,-2.3,-1.26,4,19.8,10.5,30.0,0.9813,1.0,12214335921,-0.3285,55.94,1.4014,91bbc2a7e466,live,542920314,0.990207,0.527311,1.0,51.2383,,CONFIRM,0.9571,0.64,0.990207,curve,0.46537,bypass,applied,-0.64,True,1.0,2026-09-24,current,-4.19323,inert-band,gateio,6,40.6573,8.0,MILD_INVERSION,62264479.86
2026-09-24,DOGE,10,24,50,0.092652,14458124679,10.71,5.19,2.07,-2.93,-21.57,-2.97,4,20.0,9.9,30.0,0.9999,1.0,15913813770,-9.855,60.01,1.6448,91bbc2a7e466,live,1548111314,1.0,0.496747,1.0,49.6697,,CONFIRM,0.9999,0.6997,1.040028,cap,0.571279,bypass,applied,-0.6997,True,1.0,2026-09-24,current,-6.88068,inert-band,gateio,6,20.805,8.0,MILD_INVERSION,114899965.02
2026-09-24,PONS,111,25,50,0.607714,415771454,19.12,-15.04,3.76,582.7,-23.21,137.46,3,13.1,20.0,22.7,1.0,1.0,415745644,1.752,49.72,3.3277,91bbc2a7e466,live,79499013,0.654714,0.999985,0.758241,49.6423,,DEPTH,0.6048,0.4236,0.654714,curve,0.758241,curve,inert,-0.4236,False,1.0,2026-09-24,current,-13.46574,inert-band,gateio,2,9.198,4.0,NEUTRAL,2496861.44
2026-09-24,SUI,26,26,49,0.950492,3893726422,22.18,21.85,17.13,12.76,-23.26,9.38,4,18.0,14.2,24.8,0.9351,1.0,9504921554,8.103,74.08,,91bbc2a7e466,live,863781882,0.897591,0.711265,0.82631,49.33,,CONFIRM,0.4822,0.3407,0.897591,curve,0.82631,curve,applied,-0.3407,False,1.0,2026-09-24,current,-6.07137,inert-band,gateio,6,39.42,8.0,NEUTRAL,69967956.78
2026-09-24,ADA,14,27,48,0.235751,8847516851,6.75,9.65,3.59,2.63,-38.47,-3.24,4,19.7,9.8,30.0,0.9917,1.0,10608798547,10.95,62.58,1.9104,91bbc2a7e466,live,597264735,0.986705,0.491947,1.0,48.1378,,CONFIRM,0.9703,0.7094,0.986705,curve,0.483348,bypass,applied,-0.7094,True,1.0,2026-09-24,current,-6.05965,inert-band,gateio,6,17.9576,8.0,NEUTRAL,47957530.86
2026-09-24,PENGU,87,28,48,0.00974288,612441166,55.43,26.24,21.63,-5.91,24.67,16.74,4,13.9,16.3,25.8,0.99,1.0,747500957,1.095,66.8,0.3881,91bbc2a7e466,live,339480355,0.696766,0.813068,0.860924,48.2852,,DEPTH,0.4963,0.3613,0.696766,curve,0.860924,curve,applied,-0.3613,False,1.0,2026-09-24,current,-4.61815,inert-band,gateio,4,119.136,4.0,NEUTRAL,1965040.31
2026-09-24,MET,180,29,46,0.333753,184220995,34.52,47.48,49.51,44.2,84.13,54.5,4,11.3,19.8,25.8,0.9552,1.0,332995974,10.95,,,91bbc2a7e466,live,63584282,0.566335,0.988642,0.860203,46.0053,,DEPTH,0.7323,0.5686,0.566335,curve,0.860203,curve,applied,-0.5686,True,1.0,2026-09-24,current,-17.61546,inert-band,gateio,2,4.095,4.0,NEUTRAL,160915.84
2026-09-24,XRP,4,30,46,1.47,92417780741,4.7,3.64,-0.61,-6.33,-17.92,-4.23,4,20.0,9.5,30.0,0.9657,1.0,146955557086,-3.504,57.7,1.8015,91bbc2a7e466,live,4339162703,1.0,0.474628,1.0,45.8349,,CONFIRM,0.9553,0.7452,1.241439,cap,0.43767,bypass,applied,-0.7452,True,1.0,2026-09-24,current,-6.56799,inert-band,gateio,6,1426.8679,8.0,MILD_INVERSION,181406860.84
2026-09-24,PENDLE,110,31,44,2.41,418225809,20.03,-4.93,13.92,29.77,76.37,24.72,4,13.1,17.8,23.4,0.964,1.0,678275950,6.132,55.62,0.2785,91bbc2a7e466,live,83791381,0.655353,0.890568,0.778555,43.8035,,DEPTH,0.5119,0.4226,0.655353,curve,0.778555,curve,applied,-0.4226,False,1.0,2026-09-24,current,-1.36711,inert-band,gateio,5,145.7397,8.0,NEUTRAL,450790.18
2026-09-24,META,216,32,43,6.22,141056829,25.74,27.1,25.29,-14.16,65.5,24.01,4,10.7,17.7,27.2,1.0,1.0,141056829,0.0,,,91bbc2a7e466,live,36304284,0.537349,0.885035,0.905274,43.0523,,DEPTH,0.737,0.6211,0.537349,curve,0.905274,curve,inert,-0.6211,True,1.0,2026-09-24,current,11.98072,inert-band,gateio,2,7.008,8.0,NEUTRAL,198899.85
2026-09-24,TRX,6,33,43,0.339376,32228821861,1.59,-7.8,-7.21,-6.16,-4.69,-6.62,4,20.0,8.7,30.0,1.0,1.0,32228825112,-10.1835,53.06,0.1045,91bbc2a7e466,live,513239532,1.0,0.433483,1.0,43.3483,,CONFIRM,1.0,0.8359,1.127061,cap,0.368722,bypass,inert,-0.8359,True,1.0,2026-09-24,current,-1.03277,inert-band,gateio,5,63.8852,8.0,MILD_INVERSION,4603079.39
2026-09-24,LIT,60,34,42,4.99,1248654724,11.89,-7.13,2.74,40.32,331.45,74.92,4,15.5,20.0,17.9,0.9151,1.0,4994618896,5.694,59.42,-0.4112,91bbc2a7e466,live,148449692,0.774111,0.99776,0.597528,42.2334,,LIQUIDITY,0.5974,0.515,0.774111,curve,0.597528,curve,applied,-0.515,False,1.0,2026-09-24,current,-3.17626,inert-band,gateio,4,93.3006,4.0,NEUTRAL,1490655.34
2026-09-24,ZAMA,158,35,42,0.091208,223974486,20.64,71.13,82.42,50.92,324.5,119.58,4,11.8,20.0,23.8,0.9117,1.0,1031780403,8.541,74.7,-0.4213,91bbc2a7e466,live,46239063,0.58755,0.999937,0.792106,42.428,,DEPTH,0.6203,0.5318,0.58755,curve,0.792106,curve,applied,-0.5318,False,1.0,2026-09-24,current,-7.13838,inert-band,gateio,1,,4.0,NEUTRAL,463061.91
2026-09-24,FIL,76,36,39,0.959038,796807035,25.04,11.67,13.76,25.05,-37.18,5.77,4,14.5,13.0,26.7,0.9372,1.0,1876868037,-2.409,63.76,0.7272,91bbc2a7e466,live,199554646,0.725338,0.652028,0.889873,39.4428,,CONFIRM,0.4597,0.4277,0.725338,curve,0.889873,curve,applied,-0.4277,False,1.0,2026-09-24,current,-6.76053,inert-band,gateio,6,39.597,8.0,MILD_INVERSION,2824015.35
2026-09-24,ONDO,39,37,39,0.426824,2078346618,12.0,12.1,13.55,6.59,45.98,17.86,4,16.6,16.5,18.0,0.9459,1.0,4268238838,-13.14,65.9,0.145,91bbc2a7e466,live,249485924,0.829429,0.826038,0.60009,38.8903,,LIQUIDITY,0.5407,0.5107,0.829429,curve,0.60009,curve,applied,-0.5107,False,1.0,2026-09-24,current,-1.77048,inert-band,gateio,5,228.3031,4.0,MILD_INVERSION,14223462.75
2026-09-24,TIA,107,38,39,0.460098,447469216,17.21,22.01,14.08,18.0,18.82,18.39,4,13.3,16.6,21.5,0.9907,1.0,541942938,9.855,,,91bbc2a7e466,live,77024743,0.662691,0.831873,0.715854,39.0962,,DEPTH,0.4381,0.4114,0.662691,curve,0.715854,curve,applied,-0.4114,False,1.0,2026-09-24,current,-11.58902,inert-band,gateio,5,25.3034,4.0,NEUTRAL,571830.68
2026-09-24,WIF,155,39,39,0.232829,232579182,42.52,15.93,9.66,4.4,-3.04,7.69,4,11.8,13.7,29.0,1.0,1.0,232579182,10.95,64.04,1.2979,91bbc2a7e466,live,98889065,0.591643,0.684169,0.966913,39.139,,DEPTH,0.5595,0.5249,0.591643,curve,0.966913,curve,inert,-0.5249,False,1.0,2026-09-24,current,-4.85521,inert-band,gateio,6,66.5559,4.0,NEUTRAL,674929.14
2026-09-24,CAKE,75,40,38,2.67,852334412,11.77,-0.01,14.37,45.2,34.48,21.79,4,14.7,17.3,17.8,1.0,1.0,883406214,10.95,75.25,0.7403,91bbc2a7e466,live,100359256,0.732653,0.865947,0.594992,37.7485,,LIQUIDITY,0.5329,0.5192,0.732653,curve,0.594992,curve,inert,-0.5192,False,1.0,2026-09-24,current,2.19252,inert-band,gateio,3,13.4744,4.0,NEUTRAL,556872.75
2026-09-24,FIGR_HELOC,8,41,38,1.035,23844553123,0.13,-8.75,-6.28,-5.9,-22.12,-10.1,4,20.0,7.6,30.0,1.0,1.0,23844553123,,55.46,0.1405,91bbc2a7e466,live,29860878,1.0,0.377531,1.0,37.7531,,CONFIRM,1.0,0.9741,1.094347,cap,0.336116,bypass,inert,-0.9741,True,1.0,2026-09-24,absent,0.36663,no-feed,,,,,,
2026-09-24,TAO,28,42,38,281.45,3191580208,10.7,14.56,4.73,13.7,31.89,15.36,4,17.5,15.9,17.1,0.9534,1.0,5910518265,-2.409,62.97,0.1378,91bbc2a7e466,live,341571175,0.876001,0.796211,0.571161,37.981,,LIQUIDITY,0.5785,0.5601,0.876001,curve,0.571161,curve,applied,-0.5601,False,1.0,2026-09-24,current,-7.36243,inert-band,gateio,5,107.4542,4.0,MILD_INVERSION,17460327.57
2026-09-24,COMP,152,43,36,23.47,234653589,23.24,13.44,11.98,14.05,-1.92,10.16,4,11.9,14.5,25.5,1.0,1.0,234653589,10.95,,,91bbc2a7e466,live,54544253,0.592607,0.723391,0.84988,36.4332,,DEPTH,0.5182,0.5232,0.592607,curve,0.84988,curve,inert,-0.5232,False,1.0,2026-09-24,current,3.30625,inert-band,gateio,5,90.4836,8.0,NEUTRAL,197643.13
2026-09-24,DGAI,207,44,36,1.028,154151464,40.6,2.05,29.37,42.42,-23.21,13.92,3,10.9,15.6,28.2,0.9059,1.0,1027676427,10.95,,,91bbc2a7e466,live,62590912,0.546987,0.777524,0.94138,36.269,,DEPTH,0.5949,0.6033,0.546987,curve,0.94138,curve,applied,-0.6033,False,1.0,2026-09-24,current,-1.96815,inert-band,gateio,1,,4.0,NEUTRAL,1002891.19
2026-09-24,DRV,108,45,36,0.43668,436531534,10.43,76.12,177.7,175.69,593.51,229.89,4,13.2,20.0,17.0,0.9708,1.0,655020150,,82.35,3.203,91bbc2a7e466,live,45532697,0.660004,1.0,0.565124,36.2093,,LIQUIDITY,0.5618,0.5707,0.660004,curve,0.565124,curve,applied,-0.5707,False,1.0,2026-09-24,absent,-6.71013,no-feed,,,,,,
2026-09-24,FET,105,46,36,0.196949,455249975,25.2,16.06,12.03,10.38,-34.01,3.62,4,13.3,12.3,26.8,0.9937,1.0,534596156,10.95,83.09,,91bbc2a7e466,live,114732553,0.664562,0.614712,0.89338,36.2659,,CONFIRM,0.4797,0.4866,0.664562,curve,0.89338,curve,applied,-0.4866,False,1.0,2026-09-24,current,-4.78931,inert-band,gateio,4,94.17,8.0,NEUTRAL,1604430.3
2026-09-24,OP,141,47,36,0.12294,282715250,34.38,16.48,18.5,12.08,-16.63,9.26,4,12.3,14.2,25.8,0.9527,1.0,528022076,3.942,,,91bbc2a7e466,live,97197658,0.612837,0.709517,0.858401,35.5594,,DEPTH,0.4736,0.4897,0.612837,curve,0.858401,curve,applied,-0.4897,False,1.0,2026-09-24,current,-9.67754,inert-band,gateio,6,28.2297,8.0,NEUTRAL,870664.52
2026-09-24,龙虾,221,48,36,0.13229,132289875,17.47,-52.92,212.23,369.45,5288.25,1187.19,4,10.6,20.0,21.6,1.0,0.943,132289875,62.634,49.54,,91bbc2a7e466,live,23106701,0.530382,1.0,0.721483,36.0888,,DEPTH,0.6222,0.6342,0.530382,curve,0.721483,curve,inert,-0.6342,False,0.943,2026-09-24,current,-21.73672,hot-confirmed,gateio,1,,4.0,OVERHEATED_LONG,1321131.56
2026-09-24,MINA,176,49,35,0.150417,194583907,12.34,50.36,57.37,141.82,26.15,70.14,4,11.4,19.9,18.2,1.0,1.0,194583907,10.95,80.35,,91bbc2a7e466,live,24006378,0.572277,0.99672,0.607495,34.6515,,DEPTH,0.5266,0.5581,0.572277,curve,0.607495,curve,inert,-0.5581,False,1.0,2026-09-24,current,1.34715,inert-band,gateio,3,183.7552,8.0,NEUTRAL,309315.26
2026-09-24,RUNE,172,50,35,0.621886,204374380,22.82,13.97,19.84,20.42,-24.57,9.34,4,11.6,14.2,25.2,1.0,1.0,220107586,10.95,,,91bbc2a7e466,live,46635097,0.577607,0.710717,0.84041,34.5001,,DEPTH,0.5157,0.5489,0.577607,curve,0.84041,curve,inert,-0.5489,False,1.0,2026-09-24,current,-1.56762,inert-band,gateio,5,127.4183,8.0,NEUTRAL,347407.49
2026-09-24,STONK,135,51,35,0.352462,289386554,14.01,44.26,53.62,3380.09,-23.21,867.06,3,12.3,20.0,19.3,1.0,0.875,289386554,95.046,76.64,0.6727,91bbc2a7e466,live,40544384,0.61537,1.0,0.644677,34.7165,,DEPTH,0.4589,0.4855,0.61537,curve,0.644677,curve,inert,-0.4855,False,0.875,2026-09-24,current,7.9806,hot-confirmed,gateio,1,,4.0,OVERHEATED_LONG,635723.2
2026-09-24,ETC,50,52,34,9.59,1518018830,10.23,19.61,14.54,15.24,-6.27,12.07,4,15.9,15.0,16.8,1.0,1.0,1518027024,10.95,,,91bbc2a7e466,live,155226837,0.795319,0.751837,0.560569,33.5193,,LIQUIDITY,0.5295,0.5788,0.795319,curve,0.560569,curve,inert,-0.5788,False,1.0,2026-09-24,current,2.5907,inert-band,gateio,6,202.9123,8.0,NEUTRAL,1797855.02
2026-09-24,JUP,69,53,34,0.288779,958564241,10.48,16.66,18.5,23.42,27.44,20.97,4,14.9,17.2,17.0,0.9455,1.0,1981453515,10.95,65.29,0.0163,91bbc2a7e466,live,100502912,0.745405,0.858296,0.566327,34.2577,,LIQUIDITY,0.5308,0.5686,0.745405,curve,0.566327,curve,applied,-0.5686,False,1.0,2026-09-24,current,-3.81426,inert-band,gateio,5,20.586,4.0,NEUTRAL,321540.82
2026-09-24,BR,123,54,33,1.094,324568967,10.43,52.29,266.54,292.37,1531.02,461.62,4,12.6,20.0,17.0,0.9205,1.0,1094052700,10.95,,,91bbc2a7e466,live,33844993,0.627827,1.0,0.565059,32.6556,,LIQUIDITY,0.5101,0.5708,0.627827,curve,0.565059,curve,applied,-0.5708,False,1.0,2026-09-24,current,4.13466,inert-band,gateio,1,,4.0,NEUTRAL,3088413.27
2026-09-24,LEO,16,55,33,8.91,8199414925,0.01,-9.44,-10.12,-10.42,-23.89,-12.74,4,19.6,6.8,30.0,1.0,1.0,8782212901,,32.38,-0.0372,91bbc2a7e466,live,452048,0.978446,0.338595,1.0,33.1297,,CONFIRM,0.9803,1.083,0.978446,curve,0.333456,bypass,inert,-1.083,True,1.0,2026-09-24,absent,-0.5081,no-feed,,,,,,
2026-09-24,VVV,57,56,33,28.85,1388814245,4.9,5.03,13.04,63.57,368.09,94.28,4,15.7,20.0,13.3,0.9609,1.0,2338229085,-3.285,80.11,0.3956,91bbc2a7e466,live,68044589,0.785661,0.999523,0.442211,33.3684,,LIQUIDITY,0.7434,0.816,0.785661,curve,0.442211,curve,applied,-0.816,True,1.0,2026-09-24,current,-9.43155,inert-band,gateio,3,17.082,4.0,MILD_INVERSION,12548729.97
2026-09-24,AR,136,57,32,4.37,286811203,8.59,56.94,54.53,86.6,26.2,57.6,4,12.3,19.8,15.7,1.0,1.0,286811203,10.95,87.3,,91bbc2a7e466,live,24637844,0.614399,0.991117,0.524228,31.9224,,LIQUIDITY,0.5656,0.6458,0.614399,curve,0.524228,curve,inert,-0.6458,False,1.0,2026-09-24,current,-4.75189,inert-band,gateio,3,136.22,8.0,NEUTRAL,1083444.16
2026-09-24,SENT,204,58,32,0.02153112,155839714,15.62,28.57,49.71,68.38,-32.83,31.53,4,11.0,18.7,20.4,0.9111,1.0,739803685,10.95,,,91bbc2a7e466,live,24347510,0.54817,0.933112,0.680521,31.7144,,DEPTH,0.5235,0.6012,0.54817,curve,0.680521,curve,applied,-0.6012,False,1.0,2026-09-24,current,-5.0767,inert-band,gateio,1,,4.0,NEUTRAL,159613.74
2026-09-24,AAVE,38,59,31,136.88,2111976700,14.69,2.88,3.7,0.63,-4.46,1.05,4,16.6,11.4,19.8,1.0,1.0,2190135184,10.95,59.79,-1.0987,91bbc2a7e466,live,310311106,0.831172,0.568925,0.659843,31.2023,,CONFIRM,0.4843,0.564,0.831172,curve,0.659843,curve,inert,-0.564,False,1.0,2026-09-24,current,-7.52235,inert-band,gateio,6,57.816,8.0,NEUTRAL,4310179.99
2026-09-24,KMNO,173,60,31,0.03646086,204180856,13.12,23.83,37.72,35.05,7.64,26.87,4,11.6,18.1,18.7,0.9562,1.0,364607074,10.95,,,91bbc2a7e466,live,26798423,0.577504,0.90606,0.624997,31.2707,,DEPTH,0.4723,0.549,0.577504,curve,0.624997,curve,applied,-0.549,False,1.0,2026-09-24,current,-1.04899,inert-band,gateio,1,,4.0,NEUTRAL,71332.44
2026-09-24,S,206,61,31,0.03979081,154607111,21.98,40.15,38.9,31.32,-105.38,8.52,4,10.9,14.0,24.7,1.0,1.0,154607111,10.95,,,91bbc2a7e466,live,33988365,0.547307,0.697732,0.82186,31.3847,,DEPTH,0.5201,0.6027,0.547307,curve,0.82186,curve,inert,-0.6027,False,1.0,2026-09-24,current,-6.9818,inert-band,gateio,4,162.498,4.0,NEUTRAL,145480.33
2026-09-24,SEI,114,62,31,0.05806,390939727,17.1,23.31,18.1,14.93,-33.96,8.46,4,13.0,13.9,21.4,0.9717,1.0,580603555,-3.6135,,,91bbc2a7e466,live,66865785,0.648027,0.696679,0.713419,31.297,,DEPTH,0.3735,0.4338,0.648027,curve,0.713419,curve,applied,-0.4338,False,1.0,2026-09-24,current,-4.42374,inert-band,gateio,6,266.9501,8.0,MILD_INVERSION,542465.65
2026-09-24,WLD,51,63,31,0.406555,1484058081,26.36,-0.25,-7.41,-4.01,-13.42,-5.61,4,15.9,9.0,27.6,0.9291,1.0,4065548400,-5.037,53.78,0.0118,91bbc2a7e466,live,391165475,0.792863,0.450621,0.919063,30.5082,,CONFIRM,0.6715,0.7971,0.792863,curve,0.919063,curve,applied,-0.7971,False,1.0,2026-09-24,current,-10.55065,inert-band,gateio,5,50.589,8.0,MILD_INVERSION,3605468.06
2026-09-24,AERO,84,64,30,0.676393,674126154,9.59,12.75,16.56,19.84,27.65,18.46,4,14.1,16.7,16.4,0.9479,1.0,1344693102,10.95,76.05,,91bbc2a7e466,live,64635572,0.707185,0.832632,0.546401,30.4972,,LIQUIDITY,0.509,0.6044,0.707185,curve,0.546401,curve,applied,-0.6044,False,1.0,2026-09-24,current,-2.9746,inert-band,gateio,3,1902.234,4.0,NEUTRAL,836637.09
2026-09-24,APT,85,65,30,0.764957,666065701,14.06,23.12,15.74,21.51,-43.04,7.64,4,14.1,13.7,19.4,0.9778,1.0,924954767,10.95,,,91bbc2a7e466,live,93642988,0.705879,0.683447,0.645758,30.4618,,LIQUIDITY,0.3679,0.4373,0.705879,curve,0.645758,curve,applied,-0.4373,False,1.0,2026-09-24,current,-7.83532,inert-band,gateio,6,119.8853,8.0,NEUTRAL,1160832.71
2026-09-24,BCAP,66,66,30,107.53,979825296,0.0,-8.33,-6.11,-4.25,349.45,64.8,4,15.0,19.9,12.0,1.0,1.0,979825296,,99.45,-0.0028,91bbc2a7e466,live,0.0,0.747787,0.994984,0.4,29.7614,,LIQUIDITY,0.756,0.9163,0.747787,curve,0.0,zero-volume,inert,-0.9163,True,1.0,2026-09-24,absent,0.0,no-feed,,,,,,
2026-09-24,FARTCOIN,182,67,30,0.183094,183088280,25.11,16.17,21.01,-3.08,-33.08,2.71,4,11.3,12.0,26.7,1.0,1.0,183088280,10.95,51.01,-0.2815,91bbc2a7e466,live,45981060,0.565665,0.598678,0.891425,30.1882,,DEPTH,0.4757,0.5698,0.565665,curve,0.891425,curve,inert,-0.5698,False,1.0,2026-09-24,current,-7.75187,inert-band,gateio,4,100.9107,4.0,NEUTRAL,5047213.88
2026-09-24,ZEN,223,68,30,7.13,131265355,22.97,-8.74,-2.28,27.39,4.27,4.51,4,10.6,12.6,25.3,0.9965,1.078,149761175,-44.1315,53.66,0.0728,91bbc2a7e466,live,30154826,0.529538,0.630295,0.843832,30.249,,DEPTH,0.4725,0.6358,0.529538,curve,0.843832,curve,applied,-0.6358,False,1.078,2026-09-24,current,-11.63977,cold-squeeze,kraken,3,55.0815,1.0,SHORT_SQUEEZE_RISK,206201.22
2026-09-24,AKE,70,69,29,0.04052102,923727357,4.52,86.02,160.06,363.74,16650.77,3486.91,4,14.8,20.0,13.0,0.9128,1.0,4052102242,3.504,58.57,-1.9312,91bbc2a7e466,live,41716082,0.741386,1.0,0.43369,29.3494,,LIQUIDITY,0.6815,0.8354,0.741386,curve,0.43369,curve,applied,-0.8354,False,1.0,2026-09-24,current,-16.72315,inert-band,gateio,1,,4.0,NEUTRAL,2336081.72
2026-09-24,AI,156,70,28,0.230685,228672380,6.71,-30.93,7.37,573.73,-23.21,131.35,3,11.8,20.0,14.5,1.0,1.0,228672380,0.0,42.53,2.2212,91bbc2a7e466,live,15339625,0.589803,0.999975,0.482403,28.4516,,LIQUIDITY,0.5799,0.729,0.589803,curve,0.482403,curve,inert,-0.729,False,1.0,2026-09-24,current,-13.4337,inert-band,hyperliquid,1,,1.0,NEUTRAL,
2026-09-24,BONK,130,71,28,3.54e-06,311674014,32.72,20.92,17.87,4.29,-61.62,-0.51,4,12.5,10.8,25.1,1.0,1.0,311674014,5.913,,,91bbc2a7e466,live,101989169,0.623425,0.54089,0.836307,28.2006,,CONFIRM,0.4855,0.6145,0.623425,curve,0.836307,curve,inert,-0.6145,False,1.0,2026-09-24,current,-7.88341,inert-band,gateio,2,5.913,4.0,NEUTRAL,545199.52
2026-09-24,BTW,31,72,28,0.999516,2706830640,0.86,36.04,113.48,114.53,5950.15,1257.84,4,17.2,20.0,12.0,0.9174,0.881,9995156681,332.223,84.56,-0.7436,91bbc2a7e466,live,23291203,0.858115,1.0,0.4,27.7422,,LIQUIDITY,0.7146,0.9163,0.858115,curve,0.352455,floor,applied,-0.9163,True,0.881,2026-09-24,current,5.87145,hot-confirmed,gateio,1,,4.0,OVERHEATED_LONG,2336475.0
2026-09-24,RENDER,72,73,28,1.77,919254638,7.69,18.47,17.49,11.68,-3.4,12.15,4,14.8,15.1,15.1,1.0,1.0,945409185,10.95,,,91bbc2a7e466,live,70693412,0.740859,0.75301,0.504229,28.1296,,LIQUIDITY,0.5399,0.6847,0.740859,curve,0.504229,curve,inert,-0.6847,False,1.0,2026-09-24,current,-1.43343,inert-band,gateio,5,71.2259,4.0,NEUTRAL,273754.96
2026-09-24,AIOZ,208,74,27,0.117707,150684523,7.11,58.42,61.1,107.23,59.42,71.49,4,10.9,19.9,14.7,1.0,1.0,150684952,,,,91bbc2a7e466,live,10720486,0.544517,0.997056,0.491434,26.6806,,LIQUIDITY,0.5377,0.7104,0.544517,curve,0.491434,curve,inert,-0.7104,False,1.0,2026-09-24,absent,-8.24808,no-feed,,,,,,
2026-09-24,GRASS,134,75,27,0.427748,289595364,10.92,20.51,21.57,14.14,-7.64,13.55,4,12.3,15.5,17.3,0.9722,1.0,427748470,10.95,,,91bbc2a7e466,live,31619655,0.615448,0.772553,0.575968,26.624,,LIQUIDITY,0.4169,0.5517,0.615448,curve,0.575968,curve,applied,-0.5517,False,1.0,2026-09-24,current,-5.39436,inert-band,gateio,3,50.3448,4.0,NEUTRAL,501974.38
2026-09-24,RAIN,15,76,27,0.01198185,8498007788,0.17,-15.33,-32.99,-22.97,9.68,-16.65,4,19.6,5.8,30.0,0.9646,1.0,13688162752,,26.83,-0.0987,91bbc2a7e466,live,14826593,0.982329,0.287918,1.0,27.2818,,CONFIRM,0.9585,1.2451,0.982329,curve,0.33721,bypass,applied,-1.2451,True,1.0,2026-09-24,absent,-6.82601,no-feed,,,,,,
2026-09-24,STRK,139,77,27,0.03876687,284959955,13.57,29.13,25.17,38.52,-79.16,8.83,4,12.3,14.1,19.0,0.9797,1.0,387668678,10.95,,,91bbc2a7e466,live,38668422,0.613696,0.702648,0.634884,26.8212,,DEPTH,0.371,0.4883,0.613696,curve,0.634884,curve,applied,-0.4883,False,1.0,2026-09-24,current,-7.9007,inert-band,gateio,5,112.6619,4.0,NEUTRAL,260173.67
2026-09-24,币安人生,99,78,27,0.500464,500464138,0.75,-3.18,2.34,-7.87,704.05,138.47,4,13.5,20.0,12.0,1.0,0.988,500464138,20.367,59.3,-0.4666,91bbc2a7e466,live,3747923,0.674843,0.999986,0.4,26.664,,LIQUIDITY,0.6932,0.9163,0.674843,curve,0.349975,floor,inert,-0.9163,False,0.988,2026-09-24,current,-1.82522,hot-confirmed,gateio,1,,8.0,ELEVATED,192202.42
2026-09-24,CC,23,79,26,0.108065,4287307216,0.37,-3.38,-1.65,-19.16,-53.28,-16.87,4,18.2,5.7,30.0,1.0,1.0,4287307216,10.95,46.19,-0.3195,91bbc2a7e466,live,16027838,0.908046,0.285335,1.0,25.9097,,CONFIRM,0.9286,1.2541,0.908046,curve,0.341641,bypass,inert,-1.2541,True,1.0,2026-09-24,current,-3.53124,inert-band,gateio,2,0.0,4.0,NEUTRAL,175717.15
2026-09-24,LDO,124,80,26,0.388876,324381302,17.15,0.54,-1.7,-0.29,13.51,2.36,4,12.6,11.8,21.4,0.9917,1.0,388875847,-2.5185,,,91bbc2a7e466,live,55625274,0.627764,0.592429,0.714403,26.3485,,CONFIRM,0.3925,0.5235,0.627764,curve,0.714403,curve,applied,-0.5235,False,1.0,2026-09-24,current,-8.45315,inert-band,gateio,5,162.2563,8.0,MILD_INVERSION,912851.86
2026-09-24,XCN,179,81,26,0.00476032,187212364,15.32,13.66,19.64,21.43,-29.81,8.4,4,11.4,13.9,20.2,0.9799,1.0,254212569,-27.156,,,91bbc2a7e466,live,28686310,0.568084,0.695767,0.673842,26.0985,,DEPTH,0.421,0.5655,0.568084,curve,0.673842,curve,applied,-0.5655,False,1.0,2026-09-24,current,2.91602,cold-no-rsi,gateio,1,,4.0,SHORT_SQUEEZE_RISK,217215.28
2026-09-24,BSV,109,82,25,21.31,428069346,4.69,22.35,25.21,21.99,24.78,23.46,4,13.2,17.6,13.1,1.0,1.0,428069479,10.95,,,91bbc2a7e466,live,20070745,0.657879,0.880525,0.437526,25.3449,,LIQUIDITY,0.6022,0.8266,0.657879,curve,0.437526,curve,inert,-0.8266,False,1.0,2026-09-24,current,-5.0515,inert-band,gateio,2,0.0,4.0,NEUTRAL,846374.79
2026-09-24,GRT,143,83,25,0.02472387,270511810,10.76,27.79,27.16,28.59,-58.73,10.53,4,12.2,14.6,17.2,1.0,1.0,287118217,10.95,,,91bbc2a7e466,live,29109357,0.608047,0.729054,0.572463,25.3772,,LIQUIDITY,0.4068,0.5578,0.608047,curve,0.572463,curve,inert,-0.5578,False,1.0,2026-09-24,current,-8.08475,inert-band,gateio,2,46.0007,8.0,NEUTRAL,244887.71
2026-09-24,PUMP,45,84,25,0.00377036,1759705845,8.79,-10.29,-10.85,-26.58,75.87,2.73,4,16.2,12.0,15.9,0.9563,1.0,3137818451,6.132,42.07,0.0796,91bbc2a7e466,live,154637583,0.81136,0.598923,0.528615,24.5651,,LIQUIDITY,0.4541,0.6375,0.81136,curve,0.528615,curve,applied,-0.6375,False,1.0,2026-09-24,current,-10.20232,inert-band,gateio,4,204.2898,4.0,NEUTRAL,2080188.99
2026-09-24,PYTH,100,85,25,0.063447,499639496,9.54,7.69,15.64,19.74,-19.01,7.35,4,13.5,13.6,16.4,0.9862,1.0,634466095,10.95,,,91bbc2a7e466,live,47679283,0.674664,0.678637,0.545394,24.6264,,LIQUIDITY,0.4326,0.6062,0.674664,curve,0.545394,curve,applied,-0.6062,False,1.0,2026-09-24,current,-4.89161,inert-band,gateio,5,57.5408,4.0,NEUTRAL,595844.11
2026-09-24,UB,119,86,25,0.140752,351880174,4.77,-7.0,6.87,2.54,307.85,61.82,4,12.7,19.9,13.2,0.9151,1.0,1407520697,1.095,59.76,0.189,91bbc2a7e466,live,16783468,0.636599,0.993642,0.439326,25.4303,,LIQUIDITY,0.6007,0.8225,0.636599,curve,0.439326,curve,applied,-0.8225,False,1.0,2026-09-24,current,-3.7874,inert-band,gateio,1,,4.0,NEUTRAL,710294.94
2026-09-24,AKT,169,87,24,0.695191,207264770,5.02,29.72,20.65,18.23,55.44,29.72,4,11.6,18.5,13.3,1.0,1.0,207265164,10.95,,,91bbc2a7e466,live,10395855,0.579131,0.923614,0.444794,23.7918,,LIQUIDITY,0.5642,0.8101,0.579131,curve,0.444794,curve,inert,-0.8101,False,1.0,2026-09-24,current,-7.14629,inert-band,gateio,2,12.7188,4.0,NEUTRAL,257977.85
2026-09-24,GT,61,88,24,10.45,1114023025,0.34,3.01,7.37,29.02,25.37,15.07,4,15.2,15.9,12.0,0.9987,1.0,1242007763,10.95,,,91bbc2a7e466,live,3768570,0.761724,0.792625,0.4,24.119,,LIQUIDITY,0.6443,0.9163,0.761724,curve,0.340851,floor,applied,-0.9163,False,1.0,2026-09-24,current,-3.76373,inert-band,gateio,1,,8.0,NEUTRAL,754523.55
2026-09-24,JST,71,89,24,0.11229,919510417,2.55,-13.47,-1.51,3.63,99.01,16.29,4,14.8,16.2,12.0,1.0,1.0,919510417,10.95,54.52,0.1151,91bbc2a7e466,live,23410137,0.740889,0.807724,0.4,23.9374,,LIQUIDITY,0.6409,0.9163,0.740889,curve,0.38991,floor,inert,-0.9163,False,1.0,2026-09-24,current,-0.35132,inert-band,gateio,1,,4.0,NEUTRAL,74180.75
2026-09-24,PIEVERSE,106,90,24,1.63,448299985,1.38,28.52,15.97,53.55,193.97,64.73,4,13.3,19.9,12.0,0.9179,1.0,1631665095,10.95,97.99,,91bbc2a7e466,live,6199481,0.662892,0.994956,0.4,24.216,,LIQUIDITY,0.6461,0.9163,0.662892,curve,0.364064,floor,applied,-0.9163,False,1.0,2026-09-24,current,-6.76013,inert-band,gateio,1,,8.0,NEUTRAL,3738561.89
2026-09-24,ICP,47,91,23,2.93,1632885396,6.55,5.73,0.0,16.45,-12.41,3.35,4,16.1,12.2,14.4,1.0,1.0,1632885534,9.7455,,,91bbc2a7e466,live,107028237,0.803239,0.609904,0.47899,23.4656,,LIQUIDITY,0.5078,0.7361,0.803239,curve,0.47899,curve,inert,-0.7361,False,1.0,2026-09-24,current,-6.07369,inert-band,gateio,5,71.2068,8.0,NEUTRAL,854575.59
2026-09-24,MORPHO,43,92,23,2.7,1887843779,2.68,15.18,11.66,-4.06,19.36,10.32,4,16.4,14.5,12.0,0.9751,1.0,2699220744,8.541,73.17,0.1985,91bbc2a7e466,live,50645604,0.818992,0.725951,0.4,23.1897,,LIQUIDITY,0.627,0.9163,0.818992,curve,0.392949,floor,applied,-0.9163,False,1.0,2026-09-24,current,4.2762,inert-band,gateio,4,178.9124,4.0,NEUTRAL,395047.8
2026-09-24,CARDS,210,93,22,0.156294,148047891,4.78,9.16,24.12,-27.86,341.81,70.17,4,10.9,19.9,13.2,0.9448,1.0,309028079,,46.92,6.2883,91bbc2a7e466,live,7070280,0.542601,0.99673,0.439459,22.4552,,LIQUIDITY,0.5505,0.8222,0.542601,curve,0.439459,curve,applied,-0.8222,False,1.0,2026-09-24,absent,-12.88533,no-feed,,,,,,
2026-09-24,CRV,97,94,22,0.330148,515901246,14.62,-6.07,-10.22,-5.2,14.93,-2.69,4,13.6,10.0,19.7,0.968,1.0,799171662,-4.4895,41.29,-0.2322,91bbc2a7e466,live,75450322,0.678142,0.501737,0.658332,21.6829,,CONFIRM,0.4512,0.6897,0.678142,curve,0.658332,curve,applied,-0.6897,False,1.0,2026-09-24,current,-6.73388,inert-band,gateio,5,48.7367,8.0,MILD_INVERSION,993986.63
2026-09-24,HBAR,25,95,22,0.089745,3933660419,3.71,11.81,11.26,6.67,-29.25,2.18,4,18.0,11.8,12.5,0.9965,1.0,4487231666,10.95,,,91bbc2a7e466,live,146046757,0.898699,0.589055,0.415839,21.9368,,LIQUIDITY,0.5784,0.8775,0.898699,curve,0.415839,curve,applied,-0.8775,False,1.0,2026-09-24,current,-6.07977,inert-band,gateio,5,171.2614,8.0,NEUTRAL,1308044.34
2026-09-24,VET,78,96,22,0.0090339,776780122,2.19,14.78,6.28,50.53,-33.02,12.03,4,14.5,15.0,12.0,1.0,1.0,776780122,10.95,,,91bbc2a7e466,live,17045484,0.722575,0.751275,0.4,21.7141,,LIQUIDITY,0.6,0.9163,0.722575,curve,0.382097,floor,inert,-0.9163,False,1.0,2026-09-24,current,-4.39368,inert-band,gateio,2,,8.0,NEUTRAL,233632.0
2026-09-24,ALGO,68,97,21,0.106416,963697896,4.87,8.25,1.23,8.69,0.42,5.04,4,14.9,12.8,13.2,1.0,1.0,963698356,10.95,,,91bbc2a7e466,live,46958160,0.745985,0.639461,0.441616,21.0663,,LIQUIDITY,0.5248,0.8173,0.745985,curve,0.441616,curve,inert,-0.8173,False,1.0,2026-09-24,current,-3.07124,inert-band,gateio,5,80.638,8.0,NEUTRAL,428182.36
2026-09-24,BP,163,98,21,0.86183,215457386,3.3,70.71,32.88,82.69,-23.21,45.47,3,11.7,19.5,12.2,0.9151,1.0,861829542,10.95,,,91bbc2a7e466,live,7103952,0.58334,0.976915,0.406603,21.204,,LIQUIDITY,0.5802,0.8999,0.58334,curve,0.406603,curve,applied,-0.8999,False,1.0,2026-09-24,current,2.00015,inert-band,gateio,1,,4.0,NEUTRAL,309400.76
2026-09-24,DOT,41,99,21,1.11,1895647817,10.3,0.28,-5.44,19.06,-46.79,-5.87,4,16.4,8.9,16.9,1.0,1.0,1895652974,0.7665,75.41,-0.9537,91bbc2a7e466,live,195315282,0.819439,0.446251,0.562297,20.5618,,CONFIRM,0.5101,0.8069,0.819439,curve,0.562297,curve,inert,-0.8069,False,1.0,2026-09-24,current,-3.85478,inert-band,gateio,6,33.6009,8.0,NEUTRAL,2924504.33
2026-09-24,NPC,183,100,21,0.02255254,181550765,1.85,-1.61,11.39,65.62,78.97,34.57,4,11.3,18.9,12.0,1.0,1.0,181550765,,,,91bbc2a7e466,live,3356532,0.56475,0.946692,0.4,21.3857,,LIQUIDITY,0.5941,0.9163,0.56475,curve,0.374418,floor,inert,-0.9163,False,1.0,2026-09-24,absent,-6.55608,no-feed,,,,,,
2026-09-24,RAIL,199,101,21,2.71,162489463,0.36,21.38,21.94,21.64,111.03,39.51,4,11.1,19.3,12.0,1.0,1.0,162489463,,,,91bbc2a7e466,live,584276,0.552706,0.96341,0.4,21.2993,,LIQUIDITY,0.5925,0.9163,0.552706,curve,0.341324,floor,inert,-0.9163,False,1.0,2026-09-24,absent,-7.96942,no-feed,,,,,,
2026-09-24,VIRTUAL,104,102,21,0.697553,459259202,18.21,5.52,1.15,-16.77,-18.89,-6.03,4,13.3,8.9,22.1,0.9697,1.0,697553278,10.95,69.05,,91bbc2a7e466,live,83611728,0.665514,0.443595,0.737906,21.1243,,CONFIRM,0.5228,0.8128,0.665514,curve,0.737906,curve,applied,-0.8128,False,1.0,2026-09-24,current,-7.91438,inert-band,gateio,4,41.3535,4.0,NEUTRAL,744288.89
2026-09-24,MNT,37,103,20,0.667804,2205284857,2.67,9.92,4.8,23.07,-25.34,4.88,4,16.7,12.7,12.0,0.9521,1.0,4153283615,-36.792,,,91bbc2a7e466,live,58824957,0.835866,0.636677,0.4,20.2674,,LIQUIDITY,0.5741,0.9163,0.835866,curve,0.39261,floor,applied,-0.9163,False,1.0,2026-09-24,current,-1.13477,cold-no-rsi,gateio,3,54.9569,4.0,SHORT_SQUEEZE_RISK,223707.35
2026-09-24,RLUSD,34,104,20,0.999949,2370848007,13.42,-9.23,-7.08,-5.45,-23.2,-10.54,4,16.9,7.4,18.9,1.0,1.0,2377847650,,42.54,0.0012,91bbc2a7e466,live,318070065,0.843726,0.370736,0.631464,19.7522,,CONFIRM,0.6118,0.9923,0.843726,curve,0.631464,curve,inert,-0.9923,False,1.0,2026-09-24,absent,-0.00715,no-feed,,,,,,
2026-09-24,STX,92,105,20,0.302749,565808277,5.75,17.46,6.62,7.11,-28.02,3.07,4,13.8,12.1,13.8,1.0,1.017,565814024,-17.301,76.15,1.4211,91bbc2a7e466,live,32525051,0.688167,0.604931,0.461076,19.5264,,LIQUIDITY,0.4642,0.7742,0.688167,curve,0.461076,curve,inert,-0.7742,False,1.017,2026-09-24,current,-6.79213,cold-squeeze,gateio,3,95.7819,8.0,SHORT_SQUEEZE_RISK,288659.9
2026-09-24,BC,235,106,19,0.03793611,121807568,0.06,-7.41,0.3,19.94,416.67,86.17,4,10.4,20.0,12.0,0.926,1.0,357011601,,97.97,-0.3765,91bbc2a7e466,live,71913,0.521419,0.999088,0.4,19.2957,,LIQUIDITY,0.5569,0.9163,0.521419,curve,0.334645,floor,applied,-0.9163,False,1.0,2026-09-24,absent,-1.10736,no-feed,,,,,,
2026-09-24,ETHFI,86,107,19,0.649885,627366342,7.36,-0.48,-1.82,2.92,1.98,0.53,4,14.0,11.2,14.9,1.0,1.0,627366342,-1.095,53.31,0.4745,91bbc2a7e466,live,46170601,0.69938,0.559539,0.496876,19.4443,,LIQUIDITY,0.4271,0.6994,0.69938,curve,0.496876,curve,inert,-0.6994,False,1.0,2026-09-24,current,-7.51448,inert-band,gateio,4,158.6619,4.0,MILD_INVERSION,783430.72
2026-09-24,GOMINING,209,108,19,0.371677,149798234,13.26,-1.83,-1.2,6.3,-0.29,0.67,4,10.9,11.2,18.8,1.0,1.0,149798234,,,,91bbc2a7e466,live,19867793,0.543877,0.561987,0.628067,19.197,,DEPTH,0.369,0.609,0.543877,curve,0.628067,curve,inert,-0.609,False,1.0,2026-09-24,absent,-3.63043,no-feed,,,,,,
2026-09-24,JTO,149,109,19,0.456343,239518719,15.81,-3.33,2.6,-24.62,18.19,-2.87,4,11.9,10.0,20.5,0.9513,1.0,456342881,10.95,27.63,-2.0664,91bbc2a7e466,live,37871049,0.594835,0.498594,0.684696,19.3178,,CONFIRM,0.4233,0.696,0.594835,curve,0.684696,curve,applied,-0.696,False,1.0,2026-09-24,current,-8.50341,inert-band,gateio,5,65.7,8.0,NEUTRAL,505934.03
2026-09-24,SKR,214,110,19,0.02055476,146211521,3.3,-7.89,-6.28,145.66,-37.88,24.9,4,10.8,17.8,12.2,0.9713,1.0,218153184,10.95,13.62,,91bbc2a7e466,live,4819454,0.541245,0.891963,0.406583,19.0653,,LIQUIDITY,0.543,0.9,0.541245,curve,0.406583,curve,applied,-0.9,False,1.0,2026-09-24,current,-3.75891,inert-band,gateio,2,0.0,4.0,NEUTRAL,463964.03
2026-09-24,TIBBIR,148,111,19,0.243428,243404995,0.6,11.02,26.33,-5.05,27.89,14.21,4,11.9,15.6,12.0,1.0,1.0,243404995,,62.79,-0.4385,91bbc2a7e466,live,1470739,0.596582,0.781335,0.4,18.6452,,LIQUIDITY,0.5455,0.9163,0.596582,curve,0.346761,floor,inert,-0.9163,False,1.0,2026-09-24,absent,-4.99795,no-feed,,,,,,
2026-09-24,BAT,222,112,18,0.088108,131785181,8.71,11.84,13.22,22.57,-34.61,5.58,4,10.6,13.0,15.8,1.0,1.0,132161873,10.95,,,91bbc2a7e466,live,11476586,0.529967,0.648735,0.526857,18.1138,,LIQUIDITY,0.3751,0.6408,0.529967,curve,0.526857,curve,inert,-0.6408,False,1.0,2026-09-24,current,-5.7769,inert-band,gateio,2,44.5293,8.0,NEUTRAL,84111.27
2026-09-24,BTT,117,113,18,3.67543e-07,362779088,4.13,6.62,6.02,19.01,-13.24,5.59,4,12.8,13.0,12.8,1.0,1.0,363867793,,,,91bbc2a7e466,live,14974812,0.639911,0.649057,0.425062,17.6545,,LIQUIDITY,0.4933,0.8555,0.639911,curve,0.425062,curve,inert,-0.8555,False,1.0,2026-09-24,absent,-3.74096,no-feed,,,,,,
2026-09-24,U,52,114,18,0.999126,1463629565,13.25,-9.28,-7.07,-5.46,-23.26,-10.57,4,15.8,7.4,18.8,1.0,1.0,1464628692,,44.86,0.0064,91bbc2a7e466,live,193862869,0.791358,0.370336,0.627674,18.3952,,CONFIRM,0.5867,0.9933,0.791358,curve,0.627674,curve,inert,-0.9933,False,1.0,2026-09-24,absent,-0.01431,no-feed,,,,,,
2026-09-24,XTZ,118,115,18,0.324022,355457842,2.18,19.69,18.88,31.7,-41.96,10.16,4,12.8,14.5,12.0,1.0,1.0,361931509,10.95,,,91bbc2a7e466,live,7753922,0.637697,0.723447,0.4,18.4536,,LIQUIDITY,0.5422,0.9163,0.637697,curve,0.381809,floor,inert,-0.9163,False,1.0,2026-09-24,current,-3.07561,inert-band,gateio,2,1.8105,8.0,NEUTRAL,330935.58
2026-09-24,A,205,116,17,0.092727,154761326,4.78,11.72,7.33,21.84,-6.2,9.57,4,10.9,14.3,13.2,0.987,1.0,194727456,10.95,,,91bbc2a7e466,live,7398879,0.547416,0.714319,0.439574,16.9652,,LIQUIDITY,0.4633,0.8219,0.547416,curve,0.439574,curve,applied,-0.8219,False,1.0,2026-09-24,current,-5.05216,inert-band,gateio,1,,4.0,NEUTRAL,112044.67
2026-09-24,ENS,137,117,17,6.8,286725336,11.65,12.34,10.54,10.36,-55.6,-2.19,4,12.3,10.2,17.8,0.9368,1.0,679843813,-1.095,,,91bbc2a7e466,live,33406988,0.614367,0.510599,0.592249,17.4044,,CONFIRM,0.3844,0.6722,0.614367,curve,0.592249,curve,applied,-0.6722,False,1.0,2026-09-24,current,-3.30152,inert-band,gateio,3,93.2867,8.0,MILD_INVERSION,198487.85
2026-09-24,FF,112,118,17,0.130301,409146088,3.68,-16.09,-20.8,39.36,43.9,8.59,4,13.1,14.0,12.5,0.9226,1.0,1303013020,10.95,64.59,0.4521,91bbc2a7e466,live,15041449,0.65297,0.698858,0.415029,17.4732,,LIQUIDITY,0.5041,0.8794,0.65297,curve,0.415029,curve,applied,-0.8794,False,1.0,2026-09-24,current,4.31221,inert-band,gateio,1,,4.0,NEUTRAL,13797349.25
2026-09-24,MON,140,119,17,0.02394722,283179781,22.99,-3.21,-4.35,-25.57,-13.0,-11.04,4,12.3,7.3,25.3,0.9037,1.0,2411075759,-1.752,40.25,-0.601,91bbc2a7e466,live,65114947,0.613016,0.363227,0.844316,16.9894,,CONFIRM,0.5713,1.0127,0.613016,curve,0.844316,curve,applied,-1.0127,False,1.0,2026-09-24,current,-7.48084,inert-band,gateio,5,69.642,4.0,MILD_INVERSION,466351.29
2026-09-24,OKB,32,120,17,118.0,2478023333,1.65,-3.45,-1.74,-2.54,-4.56,-3.02,4,17.0,9.9,12.0,1.0,1.0,2478023333,5.1465,82.69,0.4914,91bbc2a7e466,live,40956298,0.848526,0.495991,0.4,16.8345,,LIQUIDITY,0.5143,0.9163,0.848526,curve,0.370062,floor,inert,-0.9163,False,1.0,2026-09-24,current,-3.03721,inert-band,gateio,1,,8.0,NEUTRAL,752036.94
2026-09-24,QNT,64,121,17,72.13,1049036397,1.19,8.24,1.74,5.29,-19.53,0.32,4,15.1,11.1,12.0,1.0,1.0,1053963925,10.95,,,91bbc2a7e466,live,12487728,0.755198,0.555832,0.4,16.7905,,LIQUIDITY,0.5135,0.9163,0.755198,curve,0.359787,floor,inert,-0.9163,False,1.0,2026-09-24,current,-2.68663,inert-band,gateio,2,38.151,8.0,NEUTRAL,115877.94
2026-09-24,SHIB,27,122,17,5.59e-06,3291821193,4.4,1.58,1.03,-3.83,-28.84,-5.99,4,17.6,8.9,12.9,1.0,1.0,3293257508,10.95,,,91bbc2a7e466,live,144887068,0.879359,0.444113,0.431143,16.8376,,LIQUIDITY,0.4722,0.8413,0.879359,curve,0.431143,curve,inert,-0.8413,False,1.0,2026-09-24,current,-6.84565,inert-band,gateio,2,115.0582,8.0,NEUTRAL,3284231.35
2026-09-24,SKY,48,123,17,0.069363,1624674358,2.43,13.28,9.46,-4.33,-27.76,-0.29,4,16.1,10.9,12.0,1.0,1.0,1627251123,10.95,,,91bbc2a7e466,live,39493865,0.802692,0.54486,0.4,17.4942,,LIQUIDITY,0.5256,0.9163,0.802692,curve,0.387353,floor,inert,-0.9163,False,1.0,2026-09-24,current,-4.88281,inert-band,gateio,2,0.0,4.0,NEUTRAL,319316.04
2026-09-24,AXS,186,124,16,1.025,179090281,14.28,0.56,5.26,0.82,-36.7,-5.65,4,11.3,9.0,19.5,0.9682,1.0,276743421,10.95,,,91bbc2a7e466,live,25570952,0.563268,0.449987,0.650628,15.9666,,CONFIRM,0.4352,0.7985,0.563268,curve,0.650628,curve,applied,-0.7985,False,1.0,2026-09-24,current,-9.35336,inert-band,gateio,3,28.285,8.0,NEUTRAL,372036.83
2026-09-24,CHZ,196,125,16,0.01566535,165036968,21.48,2.33,7.27,3.82,-78.55,-12.24,4,11.1,6.9,24.3,1.0,1.0,165036968,10.95,,,91bbc2a7e466,live,35446353,0.554395,0.345757,0.810618,15.5384,,CONFIRM,0.5704,1.062,0.554395,curve,0.810618,curve,inert,-1.062,False,1.0,2026-09-24,current,-7.16942,inert-band,gateio,3,127.8811,8.0,NEUTRAL,167796.9
2026-09-24,FLOKI,145,126,16,2.711e-05,261456593,13.9,4.2,5.12,-4.54,-44.38,-7.47,4,12.1,8.4,19.3,1.0,1.0,150240226,8.4315,,,91bbc2a7e466,live,36338209,0.60435,0.419377,0.642186,16.2762,,CONFIRM,0.4787,0.869,0.60435,curve,0.642186,curve,inert,-0.869,False,1.0,2026-09-24,current,-8.00011,inert-band,gateio,1,,8.0,NEUTRAL,224974.23
2026-09-24,GRX,231,127,16,13.05,124171690,0.82,-47.53,-45.53,-5.46,205.67,14.13,4,10.5,15.6,12.0,1.0,1.0,130511128,,,,91bbc2a7e466,live,1013327,0.523506,0.780291,0.4,16.3395,,LIQUIDITY,0.5058,0.9163,0.523506,curve,0.351468,floor,inert,-0.9163,False,1.0,2026-09-24,absent,-0.00742,no-feed,,,,,,
2026-09-24,THETA,166,128,16,0.21175,211750028,2.73,8.0,14.2,9.77,-5.8,7.23,4,11.6,13.5,12.0,1.0,1.0,211750028,10.95,,,91bbc2a7e466,live,5773956,0.581456,0.676694,0.4,15.7387,,LIQUIDITY,0.4955,0.9163,0.581456,curve,0.393928,floor,inert,-0.9163,False,1.0,2026-09-24,current,-6.93341,inert-band,gateio,2,20.5876,8.0,NEUTRAL,192172.58
2026-09-24,XEC,187,129,16,8.79e-06,176501984,4.41,9.78,11.17,14.89,-16.58,6.13,4,11.2,13.2,12.9,1.0,1.0,176502093,,,,91bbc2a7e466,live,7781080,0.561687,0.658179,0.4313,15.9448,,LIQUIDITY,0.458,0.841,0.561687,curve,0.4313,curve,inert,-0.841,False,1.0,2026-09-24,absent,-4.87377,no-feed,,,,,,
2026-09-24,APE,212,130,15,0.147509,147509057,17.4,5.27,1.37,-3.26,-54.2,-9.73,4,10.8,7.7,21.6,1.0,1.0,147509057,10.95,,,91bbc2a7e466,live,25659756,0.542205,0.383154,0.719897,14.9557,,CONFIRM,0.5049,0.9593,0.542205,curve,0.719897,curve,inert,-0.9593,False,1.0,2026-09-24,current,-8.76586,inert-band,gateio,5,104.4547,8.0,NEUTRAL,330119.55
2026-09-24,B,168,131,15,0.207833,207832917,2.52,-0.42,3.69,50.45,-35.12,6.38,4,11.6,13.2,12.0,1.0,1.0,207832917,10.95,,,91bbc2a7e466,live,5240816,0.579429,0.662472,0.4,15.3542,,LIQUIDITY,0.489,0.9163,0.579429,curve,0.38937,floor,inert,-0.9163,False,1.0,2026-09-24,current,-9.04045,inert-band,gateio,1,,4.0,NEUTRAL,1754784.92
2026-09-24,POL,62,132,15,0.101385,1076697560,8.36,-3.93,-0.63,-21.78,-16.66,-10.11,4,15.2,7.5,15.6,1.0,1.0,1076697560,-5.475,36.76,-0.9675,91bbc2a7e466,live,89964409,0.758023,0.377269,0.519013,14.8427,,CONFIRM,0.511,0.9748,0.758023,curve,0.519013,curve,inert,-0.9748,False,1.0,2026-09-24,current,-5.37034,inert-band,gateio,5,73.7484,4.0,MILD_INVERSION,818054.64
2026-09-24,XPL,147,133,15,0.087987,244407503,30.57,-6.47,-5.62,-12.53,-32.01,-12.88,4,11.9,6.7,24.2,0.9182,1.0,879867012,-14.673,59.64,-0.2778,91bbc2a7e466,live,74714375,0.597029,0.336725,0.807595,14.9074,,CONFIRM,0.5719,1.0885,0.597029,curve,0.807595,curve,applied,-1.0885,False,1.0,2026-09-24,current,-8.05031,inert-band,gateio,5,117.6133,4.0,MILD_INVERSION,1281902.84
2026-09-24,ASTER,42,134,14,0.699276,1895378146,7.86,-13.6,-8.54,-4.59,-21.0,-11.56,4,16.4,7.1,15.2,0.9268,1.0,5451373073,10.95,,,91bbc2a7e466,live,148986024,0.819424,0.355569,0.508011,13.718,,CONFIRM,0.5205,1.034,0.819424,curve,0.508011,curve,applied,-1.034,False,1.0,2026-09-24,current,-2.42064,inert-band,gateio,5,14.454,4.0,NEUTRAL,3478631.87
2026-09-24,EIGEN,162,135,14,0.233762,216847965,14.72,9.22,10.03,3.85,-81.42,-10.05,4,11.7,7.6,19.8,0.9481,1.0,431805567,10.95,,,91bbc2a7e466,live,31917188,0.584039,0.378254,0.660415,13.8324,,CONFIRM,0.4915,0.9722,0.584039,curve,0.660415,curve,applied,-0.9722,False,1.0,2026-09-24,current,-8.50963,inert-band,gateio,5,85.3528,4.0,NEUTRAL,366085.91
2026-09-24,GRAM,24,136,14,1.4,3937536395,1.39,-2.58,-4.2,-10.88,-21.88,-8.92,4,18.0,7.9,12.0,0.9527,1.0,7357597837,10.95,,,91bbc2a7e466,live,54778733,0.898806,0.395936,0.4,13.5615,,CONFIRM,0.4637,0.9265,0.898806,curve,0.364249,floor,applied,-0.9265,False,1.0,2026-09-24,current,-3.14431,inert-band,gateio,2,0.0,4.0,NEUTRAL,1598723.16
2026-09-24,MANA,202,137,14,0.082658,161872823,8.16,3.86,8.45,5.06,-43.3,-4.12,4,11.0,9.5,15.4,0.9983,1.0,181284655,10.95,,,91bbc2a7e466,live,13215794,0.552293,0.476426,0.514762,13.5218,,CONFIRM,0.3706,0.7414,0.552293,curve,0.514762,curve,applied,-0.7414,False,1.0,2026-09-24,current,-5.72691,inert-band,gateio,2,73.1513,8.0,NEUTRAL,109682.11
2026-09-24,ATOM,73,138,13,1.7,904655606,6.45,0.59,-13.86,4.81,-44.25,-10.93,4,14.8,7.3,14.3,1.0,1.0,904677434,-4.7085,,,91bbc2a7e466,live,58344054,0.739121,0.364841,0.476651,12.8535,,CONFIRM,0.4915,1.0083,0.739121,curve,0.476651,curve,inert,-1.0083,False,1.0,2026-09-24,current,-5.8012,inert-band,gateio,6,65.1997,8.0,MILD_INVERSION,1173430.07
2026-09-24,BGB,55,139,13,2.04,1428139484,1.01,-2.44,-3.92,1.36,-30.84,-7.54,4,15.8,8.4,12.0,0.9838,1.0,1858481258,,,,91bbc2a7e466,live,14482688,0.788693,0.418226,0.4,12.9803,,LIQUIDITY,0.4488,0.9163,0.788693,curve,0.355869,floor,applied,-0.9163,False,1.0,2026-09-24,absent,-1.7069,no-feed,,,,,,
2026-09-24,EURCV,178,140,13,1.14,190771323,15.42,-10.15,-9.37,-7.96,-25.29,-12.44,4,11.4,6.9,20.3,1.0,1.0,190771323,,,,91bbc2a7e466,live,29420979,0.570128,0.342952,0.676047,13.2185,,CONFIRM,0.5289,1.0702,0.570128,curve,0.676047,curve,inert,-1.0702,False,1.0,2026-09-24,absent,-0.30189,no-feed,,,,,,
2026-09-24,IMX,226,141,13,0.14708,129352981,8.59,12.8,11.54,5.44,-55.63,-3.04,4,10.6,9.9,15.7,0.9393,1.0,294160527,10.95,,,91bbc2a7e466,live,11111068,0.527944,0.495561,0.524216,12.8825,,CONFIRM,0.3426,0.7021,0.527944,curve,0.524216,curve,applied,-0.7021,False,1.0,2026-09-24,current,-3.69881,inert-band,gateio,4,130.4479,4.0,NEUTRAL,294695.68
2026-09-24,KAS,63,142,13,0.03855584,1068710003,1.8,2.72,-8.59,25.97,-56.35,-6.11,4,15.1,8.8,12.0,1.0,1.0,1068711395,-3.504,,,91bbc2a7e466,live,19263677,0.757215,0.442145,0.4,13.3919,,LIQUIDITY,0.4557,0.9163,0.757215,curve,0.373389,floor,inert,-0.9163,False,1.0,2026-09-24,current,-7.09705,inert-band,gateio,3,14.454,8.0,MILD_INVERSION,944027.82
2026-09-24,KOGE,153,143,13,69.22,233972767,0.02,-6.62,-7.14,0.77,21.02,0.63,4,11.8,11.2,12.0,1.0,1.0,233972767,,,,91bbc2a7e466,live,57438,0.592291,0.56127,0.4,13.2974,,LIQUIDITY,0.4541,0.9163,0.592291,curve,0.333879,floor,inert,-0.9163,False,1.0,2026-09-24,absent,-0.03328,no-feed,,,,,,
2026-09-24,LUNC,133,144,13,5.303e-05,292223245,4.35,-2.95,-1.0,-7.46,-2.33,-3.46,4,12.3,9.8,12.9,0.994,1.0,341952131,10.95,,,91bbc2a7e466,live,12700181,0.616429,0.488066,0.429912,12.8566,,LIQUIDITY,0.4115,0.8442,0.616429,curve,0.429912,curve,applied,-0.8442,False,1.0,2026-09-24,current,-4.55963,inert-band,gateio,1,,8.0,NEUTRAL,203641.98
2026-09-24,M,30,145,13,1.23,2803550099,0.04,0.45,-4.49,2.57,-37.01,-7.75,4,17.2,8.3,12.0,0.9366,1.0,6667149318,10.95,,,91bbc2a7e466,live,1065210,0.861927,0.41486,0.4,13.3963,,LIQUIDITY,0.4558,0.9163,0.861927,curve,0.334178,floor,applied,-0.9163,False,1.0,2026-09-24,current,-3.60981,inert-band,gateio,1,,8.0,NEUTRAL,867535.2
2026-09-24,SHFL,194,146,13,0.345554,166736842,0.4,-1.52,3.14,11.31,2.11,3.58,4,11.1,12.3,12.0,0.9512,1.0,317974664,,,,91bbc2a7e466,live,667030,0.555508,0.613966,0.4,12.9768,,LIQUIDITY,0.4487,0.9163,0.555508,curve,0.342223,floor,applied,-0.9163,False,1.0,2026-09-24,absent,3.91806,no-feed,,,,,,
2026-09-24,TRAC,201,147,13,0.362442,162110972,6.81,-0.8,8.5,-5.85,-18.6,-3.3,4,11.0,9.8,14.5,0.9984,1.0,181221052,,,,91bbc2a7e466,live,11042053,0.552453,0.490995,0.484698,13.1265,,LIQUIDITY,0.3567,0.7242,0.552453,curve,0.484698,curve,applied,-0.7242,False,1.0,2026-09-24,absent,1.37065,no-feed,,,,,,
2026-09-24,USDY,36,148,13,1.14,2265601429,0.25,-9.33,-7.12,-5.32,-21.16,-10.14,4,16.8,7.5,12.0,1.0,1.0,2265601429,,50.0,0.0,91bbc2a7e466,live,5720271,0.838796,0.376888,0.4,12.6453,,CONFIRM,0.4719,0.9758,0.838796,curve,0.338944,floor,inert,-0.9758,False,1.0,2026-09-24,absent,0.10436,no-feed,,,,,,
2026-09-24,USYC,33,149,13,1.14,2432731226,0.0,-9.19,-6.96,-5.19,-21.49,-10.09,4,16.9,7.6,12.0,1.0,1.0,2432731226,,100.0,0.0,91bbc2a7e466,live,0.0,0.846524,0.377593,0.4,12.7857,,CONFIRM,0.4735,0.9739,0.846524,curve,0.0,zero-volume,inert,-0.9739,False,1.0,2026-09-24,absent,0.0096,no-feed,,,,,,
2026-09-24,BFUSD,59,150,12,0.999591,1319460757,0.32,-9.19,-7.07,-5.44,-23.16,-10.52,4,15.6,7.4,12.0,1.0,1.0,1319460757,,,,91bbc2a7e466,live,4193228,0.780099,0.371114,0.4,11.5802,,CONFIRM,0.4598,0.9912,0.780099,curve,0.340396,floor,inert,-0.9912,False,1.0,2026-09-24,absent,-0.02775,no-feed,,,,,,
2026-09-24,BUIDL,35,151,12,1.0,2290219820,0.0,-9.25,-7.09,-5.46,-23.21,-10.55,4,16.8,7.4,12.0,1.0,1.0,2290219820,,50.0,0.0,91bbc2a7e466,live,0.0,0.839969,0.370561,0.4,12.4504,,CONFIRM,0.4765,0.9927,0.839969,curve,0.0,zero-volume,inert,-0.9927,False,1.0,2026-09-24,absent,0.0,no-feed,,,,,,
2026-09-24,DCR,126,152,12,18.16,320022800,0.62,2.71,1.77,23.75,-57.83,-4.37,4,12.5,9.4,12.0,1.0,1.0,320023455,,,,91bbc2a7e466,live,1987645,0.626295,0.47211,0.4,11.8272,,LIQUIDITY,0.4292,0.9163,0.626295,curve,0.347135,floor,inert,-0.9163,False,1.0,2026-09-24,absent,-3.30578,no-feed,,,,,,
2026-09-24,HTX,49,153,12,1.71e-06,1534225455,0.78,-7.16,-6.04,-8.33,-17.21,-9.18,4,15.9,7.8,12.0,1.0,1.0,1534225455,,23.94,0.0614,91bbc2a7e466,live,11916503,0.796472,0.391757,0.4,12.4809,,CONFIRM,0.4503,0.9371,0.796472,curve,0.350594,floor,inert,-0.9371,False,1.0,2026-09-24,absent,-1.73233,no-feed,,,,,,
2026-09-24,NEXO,74,154,12,0.85999,859989794,0.46,-2.81,-4.46,-1.25,-30.21,-8.32,4,14.7,8.1,12.0,1.0,1.0,859989794,,,,91bbc2a7e466,live,3921017,0.733623,0.405615,0.4,11.9028,,LIQUIDITY,0.4305,0.9163,0.733623,curve,0.343465,floor,inert,-0.9163,False,1.0,2026-09-24,absent,-1.9956,no-feed,,,,,,
2026-09-24,OHM,131,155,12,20.21,301575944,0.06,-8.6,-7.45,5.95,-5.98,-4.15,4,12.4,9.5,12.0,0.9819,1.0,400698058,,,,91bbc2a7e466,live,168570,0.619849,0.475965,0.4,11.5875,,LIQUIDITY,0.4251,0.9163,0.619849,curve,0.334575,floor,applied,-0.9163,False,1.0,2026-09-24,absent,0.18036,no-feed,,,,,,
2026-09-24,USDF,58,156,12,0.995503,1371205173,0.03,-9.25,-7.17,-5.52,-23.15,-10.58,4,15.7,7.4,12.0,1.0,1.0,1371205173,,,,91bbc2a7e466,live,455398,0.784276,0.370204,0.4,11.6137,,CONFIRM,0.4615,0.9937,0.784276,curve,0.334071,floor,inert,-0.9937,False,1.0,2026-09-24,absent,-0.02868,no-feed,,,,,,
2026-09-24,USDGO,56,157,12,1.0,1418453915,1.46,-9.32,-7.11,-5.48,-23.21,-10.59,4,15.8,7.4,12.0,1.0,1.0,1418453915,,,,91bbc2a7e466,live,20761118,0.787954,0.370074,0.4,11.664,,CONFIRM,0.4626,0.9941,0.787954,curve,0.365859,floor,inert,-0.9941,False,1.0,2026-09-24,absent,0.00848,no-feed,,,,,,
2026-09-24,YLDS,98,158,12,0.999712,500472246,7.13,-9.24,-7.1,-5.47,-23.22,-10.56,4,13.5,7.4,14.8,1.0,1.0,500472246,,,,91bbc2a7e466,live,35695563,0.674845,0.370481,0.491831,12.2966,,CONFIRM,0.4738,0.993,0.674845,curve,0.491831,curve,inert,-0.993,False,1.0,2026-09-24,absent,-0.01073,no-feed,,,,,,
2026-09-24,ZBCN,174,159,12,0.00203347,203344151,3.89,10.16,3.86,-1.48,-35.23,-3.4,4,11.5,9.8,12.6,1.0,1.0,203344151,10.95,,,91bbc2a7e466,live,7913972,0.577058,0.489115,0.41982,11.8493,,LIQUIDITY,0.4069,0.8679,0.577058,curve,0.41982,curve,inert,-0.8679,False,1.0,2026-09-24,current,-2.51177,inert-band,gateio,1,,4.0,NEUTRAL,44446.3
2026-09-24,1INCH,217,160,11,0.096926,136236678,11.61,-1.2,0.71,1.93,-58.9,-11.48,4,10.7,7.1,17.7,1.0,1.0,145389017,10.95,,,91bbc2a7e466,live,15815044,0.533574,0.356757,0.5913,11.2558,,CONFIRM,0.4719,1.0307,0.533574,curve,0.5913,curve,inert,-1.0307,False,1.0,2026-09-24,current,-5.89537,inert-band,gateio,3,42.7263,8.0,NEUTRAL,116769.74
2026-09-24,CASH,227,161,11,0.99961,128782200,9.6,-9.19,-7.07,-5.44,-23.27,-10.54,4,10.5,7.4,16.4,1.0,1.0,128782200,,,,91bbc2a7e466,live,12362693,0.527464,0.370773,0.54666,10.691,,CONFIRM,0.4438,0.9922,0.527464,curve,0.54666,curve,inert,-0.9922,False,1.0,2026-09-24,absent,-0.00543,no-feed,,,,,,
2026-09-24,CRO,29,162,11,0.060786,3023549154,0.45,-4.92,-0.21,-5.04,-54.56,-13.7,4,17.4,6.5,12.0,0.9481,1.0,6014212839,10.95,,,91bbc2a7e466,live,13520347,0.870129,0.325429,0.4,10.7388,,CONFIRM,0.5031,1.1226,0.870129,curve,0.34327,floor,applied,-1.1226,False,1.0,2026-09-24,current,-6.79811,inert-band,gateio,2,26.0947,8.0,NEUTRAL,397937.17
2026-09-24,CRVUSD,159,163,11,0.999541,223865741,7.34,-9.17,-7.03,-5.41,-23.42,-10.55,4,11.7,7.4,14.9,1.0,1.0,222674762,,,,91bbc2a7e466,live,16439110,0.587497,0.370678,0.496518,10.8128,,CONFIRM,0.4461,0.9924,0.587497,curve,0.496518,curve,inert,-0.9924,False,1.0,2026-09-24,absent,-0.00565,no-feed,,,,,,
2026-09-24,EURC,103,164,11,1.14,460664416,7.43,-10.09,-9.33,-8.0,-25.12,-12.38,4,13.3,6.9,15.0,1.0,1.0,460671179,0.0,,,91bbc2a7e466,live,34215796,0.665846,0.34373,0.498389,11.4067,,CONFIRM,0.4919,1.0679,0.665846,curve,0.498389,curve,inert,-1.0679,False,1.0,2026-09-24,current,-0.31497,inert-band,coinbase,1,,1.0,NEUTRAL,1109743.7
2026-09-24,EURSAFO,53,165,11,1.15,1455342005,0.0,-10.11,-9.23,-7.81,-23.21,-11.93,3,15.8,7.0,12.0,1.0,1.0,1455342005,,,,91bbc2a7e466,live,0.0,0.790741,0.350146,0.4,11.075,,CONFIRM,0.4769,1.0494,0.790741,curve,0.0,zero-volume,inert,-1.0494,False,1.0,2026-09-24,absent,-0.29664,no-feed,,,,,,
2026-09-24,GHO,83,166,11,0.999041,698329653,0.86,-9.19,-7.03,-5.44,-23.3,-10.53,4,14.2,7.4,12.0,1.0,1.0,698329653,,,,91bbc2a7e466,live,6007935,0.711015,0.370883,0.4,10.5481,,CONFIRM,0.441,0.9919,0.711015,curve,0.352452,floor,inert,-0.9919,False,1.0,2026-09-24,absent,0.00715,no-feed,,,,,,
2026-09-24,GLM,234,167,11,0.122162,122162276,1.87,1.37,5.38,5.19,-26.36,-2.22,4,10.4,10.2,12.0,1.0,1.0,122162276,-321.492,,,91bbc2a7e466,live,2288269,0.521734,0.51019,0.4,10.6473,,LIQUIDITY,0.4091,0.9163,0.521734,curve,0.374959,floor,inert,-0.9163,False,1.0,2026-09-24,current,-5.10841,cold-no-rsi,gateio,1,,4.0,SHORT_SQUEEZE_RISK,31667.86
2026-09-24,JAAA,91,168,11,1.051,578780565,0.0,-9.13,-6.88,-5.02,-20.79,-9.87,4,13.8,7.6,12.0,1.0,1.0,578780565,,,,91bbc2a7e466,live,0.0,0.690628,0.38102,0.4,10.5257,,CONFIRM,0.4286,0.9649,0.690628,curve,0.0,zero-volume,inert,-0.9649,False,1.0,2026-09-24,absent,0.05026,no-feed,,,,,,
2026-09-24,KITE,129,169,11,0.131243,313827242,4.4,14.47,14.97,10.73,-80.17,-5.27,4,12.5,9.1,12.9,0.914,1.0,1312427927,10.95,,,91bbc2a7e466,live,13819463,0.624173,0.456581,0.431189,11.2315,,LIQUIDITY,0.3847,0.8412,0.624173,curve,0.431189,curve,applied,-0.8412,False,1.0,2026-09-24,current,-4.32424,inert-band,gateio,1,,4.0,NEUTRAL,273859.95
2026-09-24,NEO,188,170,11,2.5,176496934,3.65,9.31,8.41,7.44,-50.52,-3.35,4,11.2,9.8,12.4,0.9759,1.0,250243775,10.95,,,91bbc2a7e466,live,6442412,0.561684,0.490089,0.414448,11.1338,,LIQUIDITY,0.4012,0.8808,0.561684,curve,0.414448,curve,applied,-0.8808,False,1.0,2026-09-24,current,-5.21306,inert-band,gateio,3,178.7014,8.0,NEUTRAL,130065.0
2026-09-24,REUSD,138,171,11,1.1,286294642,0.44,-9.14,-6.82,-4.9,0.48,-5.58,4,12.3,9.0,12.0,1.0,1.0,286294642,,,,91bbc2a7e466,live,1270594,0.614203,0.451251,0.4,11.0864,,LIQUIDITY,0.4166,0.9163,0.614203,curve,0.343196,floor,inert,-0.9163,False,1.0,2026-09-24,absent,0.01637,no-feed,,,,,,
2026-09-24,SFP,213,172,11,0.294453,147226531,0.7,-0.14,3.33,5.43,-17.25,-1.3,4,10.8,10.5,12.0,1.0,0.994,147226531,16.425,,,91bbc2a7e466,live,1034815,0.541997,0.526601,0.4,11.3424,,LIQUIDITY,0.421,0.9163,0.541997,curve,0.348953,floor,inert,-0.9163,False,0.994,2026-09-24,current,-4.06081,hot-confirmed,gateio,1,,8.0,ELEVATED,12953.48
2026-09-24,SNX,218,173,11,0.23304,135391872,9.97,2.34,2.9,-5.76,-54.61,-10.94,4,10.7,7.3,16.6,1.0,1.0,135490596,10.95,,,91bbc2a7e466,live,13502821,0.532898,0.364831,0.554959,10.7894,,CONFIRM,0.4529,1.0083,0.532898,curve,0.554959,curve,inert,-1.0083,False,1.0,2026-09-24,current,-11.19451,inert-band,gateio,3,16.2557,8.0,NEUTRAL,121403.38
2026-09-24,SUN,120,174,11,0.01707365,328192900,5.75,-7.22,-5.83,-8.21,-17.07,-9.09,4,12.6,7.9,13.8,1.0,1.0,339778195,-4.599,,,91bbc2a7e466,live,18871590,0.629032,0.393222,0.461114,11.4056,,CONFIRM,0.4299,0.9334,0.629032,curve,0.461114,curve,inert,-0.9334,False,1.0,2026-09-24,current,-1.69427,inert-band,gateio,1,,8.0,MILD_INVERSION,52455.78
2026-09-24,TWT,157,175,11,0.539008,224577644,3.59,-5.08,-11.4,15.59,-11.92,-2.86,4,11.8,10.0,12.4,0.9361,1.0,539008035,10.95,,,91bbc2a7e466,live,8053361,0.587842,0.498712,0.413022,11.3346,,LIQUIDITY,0.4061,0.8843,0.587842,curve,0.413022,curve,applied,-0.8843,False,1.0,2026-09-24,current,-5.91037,inert-band,gateio,1,,8.0,NEUTRAL,128899.69
2026-09-24,USTB,81,176,11,11.22,739210014,0.0,-9.19,-6.95,-5.15,-21.3,-10.04,4,14.3,7.6,12.0,1.0,1.0,738975108,,,,91bbc2a7e466,live,0.0,0.717192,0.378403,0.4,10.8555,,CONFIRM,0.4376,0.9718,0.717192,curve,0.0,zero-volume,inert,-0.9718,False,1.0,2026-09-24,absent,0.00979,no-feed,,,,,,
2026-09-24,A7A5,102,177,10,0.01181726,463658456,0.0,-9.2,-5.57,-4.73,-29.33,-11.2,4,13.3,7.2,12.0,1.0,1.0,463658456,,,,91bbc2a7e466,live,571.8,0.66655,0.360898,0.4,9.6223,,CONFIRM,0.4353,1.0192,0.66655,curve,0.333336,floor,inert,-1.0192,False,1.0,2026-09-24,absent,-0.03722,no-feed,,,,,,
2026-09-24,APEPE,146,178,10,1.22e-06,256749239,7.15,-8.18,-20.2,-7.18,-18.49,-13.0,4,12.0,6.7,14.8,1.0,1.0,256749239,,,,91bbc2a7e466,live,18359404,0.602377,0.335063,0.492238,9.9351,,CONFIRM,0.4735,1.0934,0.602377,curve,0.492238,curve,inert,-1.0934,False,1.0,2026-09-24,absent,-1.02485,no-feed,,,,,,
2026-09-24,APXUSD,128,179,10,0.983723,317497800,0.31,-7.98,-5.71,-3.87,-24.84,-9.76,4,12.5,7.7,12.0,1.0,1.0,317497800,,,,91bbc2a7e466,live,990359,0.625435,0.382767,0.4,9.5758,,CONFIRM,0.4094,0.9603,0.625435,curve,0.340265,floor,inert,-0.9603,False,1.0,2026-09-24,absent,0.01923,no-feed,,,,,,
2026-09-24,AUSD,160,180,10,0.999619,223621370,6.09,-9.21,-7.06,-5.45,-23.22,-10.54,4,11.7,7.4,14.1,1.0,1.0,223621370,,,,91bbc2a7e466,live,13622099,0.587378,0.370838,0.468702,10.2094,,CONFIRM,0.4347,0.992,0.587378,curve,0.468702,curve,inert,-0.992,False,1.0,2026-09-24,absent,-0.02066,no-feed,,,,,,
2026-09-24,AWE,232,181,10,0.063313,122979603,1.46,-10.16,-1.81,-4.49,2.59,-4.11,4,10.4,9.5,12.0,1.0,0.962,122979603,40.953,,,91bbc2a7e466,live,1799337,0.522458,0.476731,0.4,9.5793,,LIQUIDITY,0.3906,0.9163,0.522458,curve,0.365847,floor,inert,-0.9163,False,0.962,2026-09-24,current,-1.15319,hot-confirmed,gateio,1,,8.0,OVERHEATED_LONG,28962.82
2026-09-24,EUTBL,79,182,10,1.2,765322799,0.0,-10.12,-9.25,-7.85,-24.26,-12.16,4,14.4,6.9,12.0,1.0,1.0,765322799,,,,91bbc2a7e466,live,0.0,0.720961,0.346847,0.4,10.0025,,CONFIRM,0.4599,1.0589,0.720961,curve,0.0,zero-volume,inert,-1.0589,False,1.0,2026-09-24,absent,-0.29791,no-feed,,,,,,
2026-09-24,JASMY,164,183,10,0.00435353,215260240,9.79,6.84,2.09,-17.31,-64.01,-14.56,4,11.7,6.3,16.5,1.0,1.0,217676450,10.95,,,91bbc2a7e466,live,21071377,0.583241,0.314054,0.550862,10.0901,,CONFIRM,0.505,1.1582,0.583241,curve,0.550862,curve,inert,-1.1582,False,1.0,2026-09-24,current,-4.21982,inert-band,gateio,2,15.33,8.0,NEUTRAL,242520.43
2026-09-24,JTRSY,122,184,10,1.12,326919962,0.0,-9.18,-6.97,-5.19,-21.34,-10.06,4,12.6,7.6,12.0,1.0,1.0,326919962,,,,91bbc2a7e466,live,0.0,0.62861,0.378046,0.4,9.5058,,CONFIRM,0.4134,0.9727,0.62861,curve,0.0,zero-volume,inert,-0.9727,False,1.0,2026-09-24,absent,0.01684,no-feed,,,,,,
2026-09-24,KCS,65,185,10,7.15,980571118,1.06,-6.93,-3.76,-7.27,-43.22,-13.48,4,15.0,6.6,12.0,1.0,1.0,1016317936,,,,91bbc2a7e466,live,10431518,0.74787,0.328431,0.4,9.825,,CONFIRM,0.4799,1.1134,0.74787,curve,0.356974,floor,inert,-1.1134,False,1.0,2026-09-24,absent,-2.43098,no-feed,,,,,,
2026-09-24,MX,190,186,10,1.89,173181551,3.44,-4.69,-0.92,6.8,-18.88,-3.71,4,11.2,9.7,12.3,0.9125,1.0,771315456,,,,91bbc2a7e466,live,5958663,0.559625,0.483665,0.409793,10.1214,,LIQUIDITY,0.3895,0.8921,0.559625,curve,0.409793,curve,applied,-0.8921,False,1.0,2026-09-24,absent,-4.06369,no-feed,,,,,,
2026-09-24,SOFID,125,187,10,0.999405,320348456,4.43,-9.25,-7.09,-5.43,-23.21,-10.55,3,12.5,7.4,13.0,1.0,1.0,320348456,,,,91bbc2a7e466,live,14200029,0.626406,0.370643,0.431837,10.0261,,CONFIRM,0.4315,0.9925,0.626406,curve,0.431837,curve,inert,-0.9925,False,1.0,2026-09-24,absent,0.00735,no-feed,,,,,,
2026-09-24,USD0,94,188,10,0.999156,546178980,0.06,-9.23,-7.06,-5.41,-23.15,-10.52,4,13.7,7.4,12.0,1.0,1.0,546178980,,,,91bbc2a7e466,live,323747,0.684334,0.371148,0.4,10.1596,,CONFIRM,0.4334,0.9912,0.684334,curve,0.334651,floor,inert,-0.9912,False,1.0,2026-09-24,absent,-0.00447,no-feed,,,,,,
2026-09-24,USDTB,101,189,10,0.999762,475894467,0.1,-9.19,-7.07,-5.48,-23.18,-10.53,4,13.4,7.4,12.0,1.0,1.0,475894467,,,,91bbc2a7e466,live,472209,0.669378,0.37093,0.4,9.9317,,CONFIRM,0.4294,0.9917,0.669378,curve,0.335538,floor,inert,-0.9917,False,1.0,2026-09-24,absent,0.03116,no-feed,,,,,,
2026-09-24,APYUSD,191,190,9,1.38,169925609,0.11,-7.53,-5.99,-4.04,-23.21,-9.41,3,11.2,7.8,12.0,1.0,1.0,169925609,,,,91bbc2a7e466,live,190514,0.557565,0.388216,0.4,8.6582,,CONFIRM,0.3867,0.9462,0.557565,curve,0.335825,floor,inert,-0.9462,False,1.0,2026-09-24,absent,-0.30156,no-feed,,,,,,
2026-09-24,BDX,89,191,9,0.076591,602834531,0.6,-9.32,-7.57,-13.41,-27.13,-13.47,4,13.9,6.6,12.0,0.9867,1.0,761295738,,,,91bbc2a7e466,live,3600693,0.69505,0.328614,0.4,9.0146,,CONFIRM,0.4625,1.1129,0.69505,curve,0.346607,floor,applied,-1.1129,False,1.0,2026-09-24,absent,0.58609,no-feed,,,,,,
2026-09-24,BTSE,197,192,9,1.006,163081454,0.13,-13.69,8.48,24.97,-60.63,-7.87,4,11.1,8.3,12.0,0.9889,1.0,201258724,,,,91bbc2a7e466,live,212682,0.553101,0.412819,0.4,9.0319,,LIQUIDITY,0.3811,0.9163,0.553101,curve,0.336231,floor,applied,-0.9163,False,1.0,2026-09-24,absent,-1.35006,no-feed,,,,,,
2026-09-24,EDGE,177,193,9,0.550817,192786115,2.12,-25.47,-13.6,33.46,-23.21,-7.32,3,11.4,8.4,12.0,0.9271,1.0,550817471,10.95,,,91bbc2a7e466,live,4083721,0.571269,0.421879,0.4,8.9375,,LIQUIDITY,0.3794,0.9163,0.571269,curve,0.380406,floor,applied,-0.9163,False,1.0,2026-09-24,current,-11.10143,inert-band,gateio,1,,4.0,NEUTRAL,14920.33
2026-09-24,EGLD,224,194,9,4.24,130671392,9.0,0.48,-25.72,17.22,-56.34,-13.25,4,10.6,6.6,16.0,1.0,1.0,130671392,10.95,,,91bbc2a7e466,live,11764096,0.529045,0.331589,0.533396,9.3571,,CONFIRM,0.466,1.1039,0.529045,curve,0.533396,curve,inert,-1.1039,False,1.0,2026-09-24,current,-4.23459,inert-band,gateio,2,62.6353,8.0,NEUTRAL,236960.57
2026-09-24,OUSG,127,195,9,116.66,318455000,0.0,-9.19,-6.96,-5.17,-21.32,-10.05,4,12.5,7.6,12.0,1.0,1.0,318455000,,,,91bbc2a7e466,live,0.0,0.625762,0.378207,0.4,9.4667,,CONFIRM,0.4125,0.9723,0.625762,curve,0.0,zero-volume,inert,-0.9723,False,1.0,2026-09-24,absent,0.00993,no-feed,,,,,,
2026-09-24,PC0000031,175,196,9,1.0,202500000,0.0,-9.25,-7.09,-5.46,-23.21,-10.55,4,11.5,7.4,12.0,1.0,1.0,202500000,,,,91bbc2a7e466,live,0.0,0.576606,0.370561,0.4,8.5467,,CONFIRM,0.4036,0.9927,0.576606,curve,0.0,zero-volume,inert,-0.9927,False,1.0,2026-09-24,absent,0.0,no-feed,,,,,,
2026-09-24,RLB,225,197,9,0.082659,129574600,0.15,-5.56,-5.29,-1.85,-11.42,-5.74,4,10.6,9.0,12.0,1.0,1.0,129574600,0.0,,,91bbc2a7e466,live,189432,0.52813,0.448512,0.4,9.4749,,LIQUIDITY,0.3888,0.9163,0.52813,curve,0.336582,floor,inert,-0.9163,False,1.0,2026-09-24,current,1.97656,inert-band,hyperliquid,1,,1.0,NEUTRAL,
2026-09-24,SAFO,167,198,9,1.022,208068260,0.0,-9.18,-6.93,-5.12,-23.21,-10.41,3,11.6,7.5,12.0,1.0,1.0,208068260,,,,91bbc2a7e466,live,0.0,0.579551,0.372782,0.4,8.6419,,CONFIRM,0.403,0.9868,0.579551,curve,0.0,zero-volume,inert,-0.9868,False,1.0,2026-09-24,absent,0.01155,no-feed,,,,,,
2026-09-24,STRCX,215,199,9,98.86,144168636,0.05,0.25,-5.69,-3.44,-16.81,-5.57,4,10.8,9.0,12.0,0.9499,1.0,279909596,,,,91bbc2a7e466,live,71291,0.539718,0.451373,0.4,9.2564,,LIQUIDITY,0.385,0.9163,0.539718,curve,0.334432,floor,applied,-0.9163,False,1.0,2026-09-24,absent,-7.99372,no-feed,,,,,,
2026-09-24,SYRUP,154,200,9,0.20017,233653101,5.38,-8.15,-10.53,-5.03,-37.49,-13.83,4,11.8,6.5,13.6,1.0,1.0,249147385,10.95,,,91bbc2a7e466,live,12565418,0.592143,0.323693,0.45284,8.6797,,CONFIRM,0.4615,1.128,0.592143,curve,0.45284,curve,inert,-1.128,False,1.0,2026-09-24,current,-6.04874,inert-band,gateio,3,1750.077,8.0,NEUTRAL,243168.79
2026-09-24,TRUMP,93,201,9,1.97,556084130,67.75,-7.48,-7.87,-23.55,-60.5,-22.2,4,13.7,4.6,18.5,0.9187,1.061,1972853448,-31.098,54.09,-1.141,91bbc2a7e466,live,376728687,0.686285,0.230339,0.615022,9.4748,,CONFIRM,0.5933,1.4682,0.686285,curve,0.615022,curve,applied,-1.4682,False,1.061,2026-09-24,current,-9.10203,cold-squeeze,gateio,5,61.4169,4.0,SHORT_SQUEEZE_RISK,4243941.2
2026-09-24,USDAI,171,202,9,0.999732,206012384,0.48,-9.2,-7.1,-5.47,-23.2,-10.54,4,11.6,7.4,12.0,1.0,1.0,206012384,,,,91bbc2a7e466,live,995943,0.578473,0.370754,0.4,8.5789,,CONFIRM,0.404,0.9922,0.578473,curve,0.344076,floor,inert,-0.9922,False,1.0,2026-09-24,absent,-0.01647,no-feed,,,,,,
2026-09-24,USX,161,203,9,0.99945,218034345,0.45,-9.22,-7.1,-5.48,-23.22,-10.55,4,11.7,7.4,12.0,1.0,1.0,218034345,,,,91bbc2a7e466,live,982135,0.584631,0.370594,0.4,8.6664,,CONFIRM,0.4059,0.9926,0.584631,curve,0.343343,floor,inert,-0.9926,False,1.0,2026-09-24,absent,-0.00525,no-feed,,,,,,
2026-09-24,XDC,90,204,9,0.0293892,586217187,1.8,-3.04,-5.33,-7.93,-46.85,-13.6,4,13.8,6.5,12.0,0.9511,1.0,1118720016,10.95,,,91bbc2a7e466,live,10536128,0.692015,0.326861,0.4,8.6053,,CONFIRM,0.4559,1.1182,0.692015,curve,0.373274,floor,applied,-1.1182,False,1.0,2026-09-24,current,-5.75043,inert-band,gateio,1,,4.0,NEUTRAL,173793.09
2026-09-24,AVUSD,230,205,8,0.998408,124987913,0.0,-9.25,-7.16,-5.5,-23.33,-10.6,4,10.5,7.4,12.0,1.0,1.0,124987913,,,,91bbc2a7e466,live,52.31,0.524217,0.369804,0.4,7.7543,,CONFIRM,0.3891,0.9948,0.524217,curve,0.333334,floor,inert,-0.9948,False,1.0,2026-09-24,absent,0.01225,no-feed,,,,,,
2026-09-24,BORG,189,206,8,0.177632,174320063,0.17,-2.49,-5.77,-7.05,-31.66,-10.28,4,11.2,7.5,12.0,1.0,1.0,174320063,,,,91bbc2a7e466,live,291043,0.560337,0.374664,0.4,8.3975,,CONFIRM,0.3963,0.9817,0.560337,curve,0.337044,floor,inert,-0.9817,False,1.0,2026-09-24,absent,-5.21611,no-feed,,,,,,
2026-09-24,CFX,144,207,8,0.051536,270153095,2.62,3.45,1.89,0.4,-78.64,-14.12,4,12.2,6.4,12.0,1.0,1.0,270153576,1.8615,,,91bbc2a7e466,live,7088259,0.607902,0.319806,0.4,7.7764,,CONFIRM,0.4464,1.14,0.607902,curve,0.39164,floor,inert,-1.14,False,1.0,2026-09-24,current,-6.0624,inert-band,gateio,4,80.1374,8.0,NEUTRAL,534922.92
2026-09-24,COCO,200,208,8,0.162222,162221772,0.03,-12.32,-10.78,-8.1,-17.84,-11.99,4,11.1,7.0,12.0,1.0,1.0,162221772,,,,91bbc2a7e466,live,51769,0.552527,0.349381,0.4,7.7217,,CONFIRM,0.4106,1.0516,0.552527,curve,0.334042,floor,inert,-1.0516,False,1.0,2026-09-24,absent,-1.21637,no-feed,,,,,,
2026-09-24,FLR,88,209,8,0.00699438,607743532,0.6,1.16,1.49,-3.2,-85.33,-17.15,4,13.9,5.6,12.0,0.9894,1.0,745713410,10.95,,,91bbc2a7e466,live,3645870,0.69593,0.282096,0.4,7.7695,,CONFIRM,0.4953,1.2655,0.69593,curve,0.346665,floor,applied,-1.2655,False,1.0,2026-09-24,current,-5.08029,inert-band,gateio,1,,8.0,NEUTRAL,18985.76
2026-09-24,GNO,132,210,8,114.25,301570491,0.41,-8.92,-7.9,-13.01,-32.05,-14.31,4,12.4,6.3,12.0,0.9968,1.0,342747099,,,,91bbc2a7e466,live,1227166,0.619847,0.317267,0.4,7.8411,,CONFIRM,0.4509,1.148,0.619847,curve,0.342376,floor,applied,-1.148,False,1.0,2026-09-24,absent,-1.45818,no-feed,,,,,,
2026-09-24,IOTA,165,211,8,0.04599909,214115946,3.6,5.36,4.92,-4.96,-71.19,-12.64,4,11.7,6.8,12.4,1.0,1.0,229479694,10.95,,,91bbc2a7e466,live,7707966,0.582662,0.340082,0.413331,8.1903,,CONFIRM,0.431,1.0786,0.582662,curve,0.413331,curve,inert,-1.0786,False,1.0,2026-09-24,current,-5.97088,inert-band,gateio,3,1.0854,8.0,NEUTRAL,415764.59
2026-09-24,KAIA,170,212,8,0.0321915,206905922,3.42,4.22,2.68,-6.8,-71.88,-14.14,4,11.6,6.4,12.3,1.0,1.0,206906315,10.95,,,91bbc2a7e466,live,7075638,0.578943,0.319535,0.409327,7.5723,,CONFIRM,0.4421,1.1409,0.578943,curve,0.409327,curve,inert,-1.1409,False,1.0,2026-09-24,current,-6.96503,inert-band,gateio,2,184.9829,4.0,NEUTRAL,41153.75
2026-09-24,NIGHT,115,213,8,0.02345814,389578653,2.0,2.42,-2.72,11.62,-82.17,-13.48,4,13.0,6.6,12.0,0.9741,1.0,562995291,10.95,,,91bbc2a7e466,live,7775233,0.647649,0.328425,0.4,8.2878,,CONFIRM,0.4471,1.1134,0.647649,curve,0.377685,floor,applied,-1.1134,False,1.0,2026-09-24,current,-3.36507,inert-band,gateio,3,2039.5918,8.0,NEUTRAL,187136.4
2026-09-24,OZO,229,214,8,0.13071,125603138,0.17,-8.93,-7.03,-5.35,-23.61,-10.5,4,10.5,7.4,12.0,1.0,1.0,130709526,,,,91bbc2a7e466,live,218311,0.52475,0.371439,0.4,7.7965,,CONFIRM,0.3882,0.9904,0.52475,curve,0.337196,floor,inert,-0.9904,False,1.0,2026-09-24,absent,-0.2148,no-feed,,,,,,
2026-09-24,PC0000033,198,215,8,1.0,162500000,0.0,-9.25,-7.09,-5.46,-23.21,-10.55,4,11.1,7.4,12.0,1.0,1.0,162500000,,,,91bbc2a7e466,live,0.0,0.552713,0.370561,0.4,8.1926,,CONFIRM,0.3968,0.9927,0.552713,curve,0.0,zero-volume,inert,-0.9927,False,1.0,2026-09-24,absent,0.0,no-feed,,,,,,
2026-09-24,PC0000097,219,216,8,1.0,134000000,0.0,-9.25,-7.09,-5.46,-23.21,-10.55,4,10.6,7.4,12.0,1.0,1.0,0.0,,,,91bbc2a7e466,live,0.0,0.531776,0.370561,0.4,7.8822,,CONFIRM,0.3908,0.9927,0.531776,curve,0.0,zero-volume,unpublished,-0.9927,False,1.0,2026-09-24,absent,0.0,no-feed,,,,,,
2026-09-24,SPX,113,217,8,0.432795,402926625,9.1,-17.89,-18.67,-16.99,-48.0,-23.88,4,13.0,4.3,16.1,1.0,1.0,402926625,10.95,38.9,3.1349,91bbc2a7e466,live,36662337,0.651306,0.216012,0.535534,7.5344,,CONFIRM,0.5927,1.5324,0.651306,curve,0.535534,curve,inert,-1.5324,False,1.0,2026-09-24,current,-10.37037,inert-band,gateio,3,89.1997,4.0,NEUTRAL,464770.59
2026-09-24,STABLE,82,218,8,0.0266369,708704611,1.7,1.67,-17.99,-13.79,-36.29,-14.7,4,14.3,6.2,12.0,0.9169,1.0,2663690163,10.95,20.86,0.338,91bbc2a7e466,live,12066645,0.712616,0.31215,0.4,8.1583,,CONFIRM,0.4646,1.1643,0.712616,curve,0.37117,floor,applied,-1.1643,False,1.0,2026-09-24,current,5.77916,inert-band,gateio,2,0.0,4.0,NEUTRAL,106189.84
2026-09-24,USAT,181,219,8,0.999364,183201031,0.11,-9.19,-7.05,-5.42,-23.24,-10.52,4,11.3,7.4,12.0,1.0,1.0,183201031,,,,91bbc2a7e466,live,201987,0.565732,0.371045,0.4,8.3965,,CONFIRM,0.4002,0.9914,0.565732,curve,0.335783,floor,inert,-0.9914,False,1.0,2026-09-24,absent,0.00219,no-feed,,,,,,
2026-09-24,USTBL,192,220,8,1.097,168199844,0.0,-9.18,-6.96,-5.18,-21.3,-10.05,4,11.1,7.6,12.0,1.0,1.0,168199844,,,,91bbc2a7e466,live,0.0,0.556456,0.378222,0.4,8.4186,,CONFIRM,0.3929,0.9723,0.556456,curve,0.0,zero-volume,inert,-0.9723,False,1.0,2026-09-24,absent,0.01094,no-feed,,,,,,
2026-09-24,VSN,193,221,8,0.04422799,167761776,1.1,-3.51,0.31,8.25,-65.73,-12.06,4,11.1,7.0,12.0,0.9994,1.0,185757567,,,,91bbc2a7e466,live,1843104,0.556173,0.348303,0.4,7.744,,CONFIRM,0.4123,1.0547,0.556173,curve,0.357748,floor,applied,-1.0547,False,1.0,2026-09-24,absent,0.18967,no-feed,,,,,,
2026-09-24,2Z,185,222,7,0.052185,181054789,2.45,1.92,2.74,-14.72,-53.15,-13.05,4,11.3,6.7,12.0,0.9268,1.0,521748006,10.95,,,91bbc2a7e466,live,4444021,0.564453,0.334323,0.4,6.9958,,CONFIRM,0.4119,1.0956,0.564453,curve,0.387878,floor,applied,-1.0956,False,1.0,2026-09-24,current,-3.24388,inert-band,gateio,3,54.4372,4.0,NEUTRAL,48326.81
2026-09-24,JPYSC,228,223,7,0.00629535,126317281,0.0,-11.21,-10.29,-5.11,-23.21,-11.85,3,10.5,7.0,12.0,1.0,1.0,126317281,,,,91bbc2a7e466,live,0.0,0.525366,0.351291,0.4,7.3823,,CONFIRM,0.4014,1.0461,0.525366,curve,0.0,zero-volume,inert,-1.0461,False,1.0,2026-09-24,absent,-0.56016,no-feed,,,,,,
2026-09-24,KAG,151,224,7,63.7,237075621,0.05,-10.6,-11.36,-7.33,-47.49,-17.35,4,11.9,5.6,12.0,1.0,1.0,233398640,,,,91bbc2a7e466,live,128462,0.593722,0.279751,0.4,6.6438,,CONFIRM,0.4698,1.2739,0.593722,curve,0.334537,floor,inert,-1.2739,False,1.0,2026-09-24,absent,-1.50521,no-feed,,,,,,
2026-09-24,KAU,121,225,7,137.09,327123900,0.04,-10.83,-10.1,-14.02,-45.13,-18.31,4,12.6,5.4,12.0,0.9616,1.0,546407001,,,,91bbc2a7e466,live,129767,0.628678,0.268991,0.4,6.5046,,CONFIRM,0.4805,1.3131,0.628678,curve,0.334215,floor,applied,-1.3131,False,1.0,2026-09-24,absent,-0.54717,no-feed,,,,,,
2026-09-24,NFT,150,226,7,2.40946e-07,238561853,3.37,-7.49,-3.85,-18.65,-51.79,-18.23,4,11.9,5.4,12.2,1.0,1.0,238561853,,,,91bbc2a7e466,live,8046236,0.5944,0.269842,0.408285,6.5487,,CONFIRM,0.4805,1.3099,0.5944,curve,0.408285,curve,inert,-1.3099,False,1.0,2026-09-24,absent,0.23765,no-feed,,,,,,
2026-09-24,WLFI,46,227,7,0.054823,1742170919,3.02,-16.0,-9.2,-9.97,-66.54,-22.9,4,16.2,4.5,12.0,0.923,1.0,5482349144,10.95,,,91bbc2a7e466,live,52598247,0.810273,0.224204,0.400425,6.7143,,CONFIRM,0.5536,1.4952,0.810273,curve,0.400425,curve,applied,-1.4952,False,1.0,2026-09-24,current,-5.26424,inert-band,gateio,5,72.27,4.0,NEUTRAL,1657665.38
2026-09-24,CVX,184,228,6,1.95,181311264,3.72,-9.62,-14.18,-14.65,-40.09,-18.11,4,11.3,5.4,12.5,1.0,1.0,194535710,10.95,,,91bbc2a7e466,live,6737884,0.564606,0.271181,0.415915,6.3681,,CONFIRM,0.4739,1.305,0.564606,curve,0.415915,curve,inert,-1.305,False,1.0,2026-09-24,current,-5.72302,inert-band,gateio,2,20.0201,8.0,NEUTRAL,34557.62
2026-09-24,JPYC,220,229,6,0.0062928,133945208,2.1,-26.44,-9.99,-5.13,-23.41,-16.39,4,10.6,5.8,12.0,1.0,1.0,133945208,,,,91bbc2a7e466,live,2817391,0.531732,0.291008,0.4,6.1895,,CONFIRM,0.4437,1.2344,0.531732,curve,0.380075,floor,inert,-1.2344,False,1.0,2026-09-24,absent,-0.39205,no-feed,,,,,,
2026-09-24,PI,67,230,6,0.086573,973342441,0.9,-3.32,-16.48,-8.18,-82.15,-23.59,4,14.9,4.4,12.0,0.9686,1.0,1497449909,10.95,,,91bbc2a7e466,live,8778701,0.747066,0.218404,0.4,6.3216,,CONFIRM,0.551,1.5214,0.747066,curve,0.353376,floor,applied,-1.5214,False,1.0,2026-09-24,current,-4.56456,inert-band,gateio,1,,4.0,NEUTRAL,1247529.81
2026-09-24,TEL,195,231,6,0.00168383,166376738,0.79,7.11,-13.47,-13.59,-67.8,-18.19,4,11.1,5.4,12.0,1.0,1.0,168383168,,,,91bbc2a7e466,live,1307322,0.555273,0.27029,0.4,6.0034,,CONFIRM,0.4651,1.3083,0.555273,curve,0.350795,floor,inert,-1.3083,False,1.0,2026-09-24,absent,-5.93514,no-feed,,,,,,
2026-09-24,CASHCAT,211,232,5,0.149605,147796416,7.96,-37.52,-14.56,-37.19,-23.21,-28.83,3,10.8,3.6,15.3,1.0,1.0,147796416,10.95,31.13,-0.5544,91bbc2a7e466,live,11761228,0.542416,0.181514,0.510172,5.0229,,CONFIRM,0.5705,1.7064,0.542416,curve,0.510172,curve,inert,-1.7064,False,1.0,2026-09-24,current,-9.84394,inert-band,gateio,2,0.0,4.0,NEUTRAL,763978.69
2026-09-24,HASH,116,233,4,0.00646353,376567914,0.0,-20.44,-19.05,-29.92,-79.66,-34.3,4,12.9,3.1,12.0,0.9636,1.0,613896325,,,,91bbc2a7e466,live,3056.34,0.643961,0.154364,0.4,3.8314,,CONFIRM,0.5728,1.8684,0.643961,curve,0.333351,floor,applied,-1.8684,False,1.0,2026-09-24,absent,-3.50505,no-feed,,,,,,
2026-09-24,ULTIMA,203,234,4,1866.58,158114370,4.03,-11.67,-15.74,-26.59,-82.88,-30.66,4,11.0,3.4,12.7,0.9932,1.0,186658132,,,,91bbc2a7e466,live,6365107,0.549743,0.171299,0.422792,3.9544,,CONFIRM,0.5462,1.7643,0.549743,curve,0.422792,curve,applied,-1.7643,False,1.0,2026-09-24,absent,-1.33496,no-feed,,,,,,
2026-09-24,H,233,235,3,0.061547,122589065,5.6,-45.09,-33.3,-30.13,-84.86,-46.36,4,10.4,2.4,13.7,0.91,1.0,615473910,10.95,,,91bbc2a7e466,live,6870252,0.522113,0.121534,0.457873,2.6439,,CONFIRM,0.5801,2.1076,0.522113,curve,0.457873,curve,applied,-2.1076,False,1.0,2026-09-24,current,2.25092,inert-band,gateio,1,,4.0,NEUTRAL,1003998.41
2026-09-25,ZEC,7,1,100,1602.6,27165978579,4.55,-0.37,34.88,95.69,654.38,163.41,4,20.0,20.0,30.0,1.0,1.0,27166484400,5.3655,68.44,2.2538,91bbc2a7e466,live,1235472809,1.0,0.999998,1.0,99.9998,,CONFIRM,1.0,0.0,1.108506,cap,0.434397,bypass,inert,-0.0,False,1.0,2026-09-25,current,8.0923,inert-band,gateio,5,53.3265,8.0,NEUTRAL,98958041.12
2026-09-25,NEAR,19,2,95,5.0,6542175082,27.81,31.93,90.68,159.77,272.24,126.64,4,19.1,20.0,30.0,1.0,1.0,6542174922,10.95,86.59,2.0669,91bbc2a7e466,live,1819093494,0.953931,0.999964,1.0,95.3896,,DEPTH,0.9992,0.0472,0.953931,curve,0.951236,bypass,inert,-0.0472,False,1.0,2026-09-25,current,16.79414,inert-band,gateio,6,81.1672,8.0,NEUTRAL,58605476.27
2026-09-25,UNI,20,3,91,9.73,6039716149,15.6,-6.14,44.36,111.69,104.17,58.0,4,18.9,19.8,30.0,0.9751,1.0,8640688375,10.95,73.34,1.6937,91bbc2a7e466,live,941992666,0.945254,0.991392,1.0,91.3783,,DEPTH,0.6244,0.0563,0.945254,curve,0.679925,bypass,applied,-0.0563,False,1.0,2026-09-25,current,8.29364,inert-band,gateio,6,78.132,8.0,NEUTRAL,47710525.93
2026-09-25,HYPE,9,4,88,93.27,20748441859,5.6,-2.71,8.26,6.73,175.79,38.09,4,20.0,19.2,30.0,0.9133,1.0,89105485704,7.884,65.88,1.3168,91bbc2a7e466,live,1161618048,1.0,0.959201,1.0,87.6038,,SUPPLY,0.6853,0.0907,1.079246,cap,0.457746,bypass,applied,-0.0907,False,1.0,2026-09-25,current,2.86603,inert-band,gateio,5,34.164,4.0,NEUTRAL,71239629.92
2026-09-25,LTC,21,5,81,70.28,5456959927,23.91,18.73,24.64,33.21,7.61,21.6,4,18.7,17.3,30.0,1.0,1.0,5457136946,10.95,92.08,0.6801,91bbc2a7e466,live,1304958613,0.934238,0.864253,1.0,80.7417,,CONFIRM,0.682,0.1459,0.934238,curve,0.864748,bypass,inert,-0.1459,False,1.0,2026-09-25,current,5.97146,inert-band,gateio,6,13.695,8.0,NEUTRAL,24215738.03
2026-09-25,AVAX,23,6,79,10.66,4724348710,13.8,22.61,30.52,34.17,-11.09,20.74,4,18.4,17.1,30.0,1.0,1.0,5008718087,8.76,77.22,2.4459,91bbc2a7e466,live,652099811,0.918585,0.8561,1.0,78.6401,,CONFIRM,0.6466,0.1554,0.918585,curve,0.640066,bypass,inert,-0.1554,False,1.0,2026-09-25,current,5.28265,inert-band,gateio,6,98.5071,8.0,NEUTRAL,20681667.9
2026-09-25,ENA,35,7,79,0.239652,2419358344,28.65,28.55,49.14,55.43,100.46,54.8,4,16.9,19.8,29.1,0.9716,1.0,3594774818,-6.132,87.69,1.705,91bbc2a7e466,live,693098528,0.845925,0.988909,0.969956,78.8366,,DEPTH,0.7037,0.1673,0.845925,curve,0.969956,curve,applied,-0.1673,False,1.0,2026-09-25,current,17.90473,inert-band,gateio,5,61.107,4.0,MILD_INVERSION,19231176.43
2026-09-25,XMR,11,8,76,568.61,10695175373,1.35,-3.24,1.16,19.76,42.61,12.78,4,20.0,15.2,30.0,1.0,1.0,10695189361,10.95,60.68,1.1724,91bbc2a7e466,live,144290764,1.0,0.761916,1.0,76.1916,,CONFIRM,1.0,0.2719,1.007297,cap,0.363314,bypass,inert,-0.2719,True,1.0,2026-09-25,current,4.34963,inert-band,gateio,4,94.2881,8.0,NEUTRAL,816201.57
2026-09-25,LINK,12,9,75,14.09,10541092766,9.26,8.45,11.45,15.12,20.04,13.19,4,20.0,15.4,30.0,0.9813,1.0,14090486810,10.95,73.66,1.3673,91bbc2a7e466,live,975754914,1.0,0.767543,1.0,75.319,,CONFIRM,0.9334,0.2646,1.005721,cap,0.539037,bypass,applied,-0.2646,True,1.0,2026-09-25,current,15.56413,inert-band,gateio,6,44.3039,8.0,NEUTRAL,72534524.9
2026-09-25,SUI,24,10,75,1.14,4652353918,27.62,26.11,36.65,34.14,-10.57,23.42,4,18.3,17.6,30.0,0.9351,1.0,11356796611,10.95,81.63,,91bbc2a7e466,live,1285179059,0.916918,0.880172,1.0,75.4668,,CONFIRM,0.4535,0.1276,0.916918,curve,0.947206,bypass,applied,-0.1276,False,1.0,2026-09-25,current,19.76158,inert-band,gateio,6,43.3521,8.0,NEUTRAL,85552243.47
2026-09-25,XLM,17,11,75,0.223572,7812540592,6.84,9.36,16.15,12.54,23.05,14.59,4,19.5,15.7,30.0,0.975,1.0,11178991245,10.95,69.73,1.5937,91bbc2a7e466,live,534364414,0.973198,0.786377,1.0,74.6168,,CONFIRM,0.8207,0.2403,0.973198,curve,0.48533,bypass,applied,-0.2403,True,1.0,2026-09-25,current,12.41801,inert-band,gateio,5,77.3519,8.0,NEUTRAL,3000954.89
2026-09-25,SOL,5,12,74,120.98,71093609448,7.37,3.66,9.9,15.92,16.88,10.93,4,20.0,14.7,30.0,1.0,1.0,76784335802,10.95,73.18,1.5182,91bbc2a7e466,live,5238766501,1.0,0.735071,1.0,73.5071,,CONFIRM,1.0,0.3078,1.212958,cap,0.497085,bypass,inert,-0.3078,True,1.0,2026-09-25,current,6.96969,inert-band,gateio,6,52.0892,8.0,NEUTRAL,420755613.4
2026-09-25,BCH,18,13,73,337.23,6776336536,5.81,27.45,39.87,19.84,-50.13,13.14,4,19.2,15.3,30.0,1.0,1.0,6776428220,10.95,75.79,1.9135,91bbc2a7e466,live,393439714,0.957749,0.766849,1.0,73.4449,,CONFIRM,0.8601,0.2655,0.957749,curve,0.462357,bypass,inert,-0.2655,True,1.0,2026-09-25,current,1.01788,inert-band,gateio,5,539.3644,8.0,NEUTRAL,5850157.68
2026-09-25,ONDO,32,14,72,0.542503,2641628704,52.42,33.15,47.83,43.59,93.92,51.58,4,17.1,19.7,27.0,0.9459,1.0,5425034559,10.293,85.13,-0.0401,91bbc2a7e466,live,1384790438,0.855468,0.985708,0.901042,71.8691,,DEPTH,0.4726,0.1561,0.855468,curve,0.901042,curve,applied,-0.1561,False,1.0,2026-09-25,current,26.94529,inert-band,gateio,5,199.3691,4.0,NEUTRAL,26220011.75
2026-09-25,ARB,51,15,67,0.224831,1525604383,23.84,-2.09,46.04,132.9,105.77,65.26,4,15.9,19.9,25.9,0.9724,1.006,2248305372,-15.768,71.43,1.5784,91bbc2a7e466,live,363722373,0.79586,0.995164,0.863138,66.8603,,DEPTH,0.5513,0.2283,0.79586,curve,0.863138,curve,applied,-0.2283,False,1.006,2026-09-25,current,5.40768,cold-squeeze,gateio,6,149.5706,8.0,SHORT_SQUEEZE_RISK,2928352.33
2026-09-25,WBT,13,16,63,84.56,10050462242,1.16,-3.39,-4.08,8.62,34.34,6.99,4,20.0,13.5,30.0,0.9345,1.0,24812533001,,65.53,0.823,91bbc2a7e466,live,116848028,1.0,0.672596,1.0,62.8541,,CONFIRM,0.8541,0.3966,1.000547,cap,0.359169,bypass,applied,-0.3966,True,1.0,2026-09-25,absent,1.33381,no-feed,,,,,,
2026-09-25,INJ,77,17,62,8.29,828683850,23.6,17.45,26.98,38.63,153.86,52.41,4,14.6,19.7,25.7,1.0,1.0,828683850,6.351,81.57,0.0092,91bbc2a7e466,live,195549152,0.729597,0.986607,0.857724,61.7412,,DEPTH,0.6538,0.3153,0.729597,curve,0.857724,curve,inert,-0.3153,False,1.0,2026-09-25,current,5.23552,inert-band,gateio,6,118.26,8.0,NEUTRAL,1370758.93
2026-09-25,ADA,14,18,60,0.256068,9609988223,6.73,8.51,14.03,12.99,-31.25,3.06,4,19.9,12.1,30.0,0.9917,1.0,11523055656,10.95,71.3,1.8621,91bbc2a7e466,live,646909717,0.995681,0.604756,1.0,59.7146,,CONFIRM,0.9754,0.5029,0.995681,curve,0.482925,bypass,applied,-0.5029,True,1.0,2026-09-25,current,8.85948,inert-band,gateio,6,26.7616,8.0,NEUTRAL,52504881.71
2026-09-25,ETH,2,19,60,2720.23,332082137446,4.49,-0.15,-0.09,2.85,10.72,2.79,4,20.0,12.0,30.0,1.0,1.0,332082137446,6.57,67.24,1.0495,91bbc2a7e466,live,14924561917,1.0,0.599994,1.0,59.9994,,CONFIRM,1.0,0.5108,1.380311,cap,0.433205,bypass,inert,-0.5108,True,1.0,2026-09-25,current,2.88088,inert-band,gateio,6,18.9759,8.0,NEUTRAL,1374517222.66
2026-09-25,HBAR,25,20,59,0.096051,4210063791,3.49,12.52,16.27,13.27,-26.32,5.88,4,18.1,13.1,30.0,0.9965,1.0,4802532387,10.95,,,91bbc2a7e466,live,146737457,0.906072,0.653881,1.0,59.0389,,CONFIRM,0.8062,0.4248,0.906072,curve,0.410787,bypass,applied,-0.4248,True,1.0,2026-09-25,current,7.44077,inert-band,gateio,5,285.1943,8.0,NEUTRAL,1626653.77
2026-09-25,XRP,4,21,58,1.6,100346858155,4.98,8.43,6.18,2.47,-10.25,2.64,4,20.0,11.9,30.0,0.9657,1.0,159563758443,10.95,67.49,1.7645,91bbc2a7e466,live,4994977606,1.0,0.597343,1.0,57.6854,,CONFIRM,0.9366,0.5153,1.250376,cap,0.443949,bypass,applied,-0.5153,True,1.0,2026-09-25,current,8.73151,inert-band,gateio,6,1765.8125,8.0,NEUTRAL,188678205.48
2026-09-25,FET,96,22,57,0.243286,562356990,47.22,18.0,34.61,37.97,-12.69,21.01,4,13.8,17.2,29.1,0.9937,1.0,660371009,-5.913,89.77,,91bbc2a7e466,live,265536144,0.687503,0.858663,0.970421,56.9263,,DEPTH,0.665,0.3747,0.687503,curve,0.970421,curve,applied,-0.3747,False,1.0,2026-09-25,current,24.02342,inert-band,gateio,4,121.976,8.0,MILD_INVERSION,1887434.6
2026-09-25,DOGE,10,23,56,0.098074,15305472727,7.56,4.68,5.81,4.73,-18.19,0.4,4,20.0,11.1,30.0,1.0,1.0,15305427613,10.95,66.92,1.6882,91bbc2a7e466,live,1156637834,1.0,0.557219,1.0,55.7219,,CONFIRM,1.0,0.5848,1.046212,cap,0.501267,bypass,inert,-0.5848,True,1.0,2026-09-25,current,5.98965,inert-band,gateio,6,37.569,8.0,NEUTRAL,120099154.43
2026-09-25,PENGU,88,24,56,0.01001242,629384873,45.92,21.48,24.7,-1.09,22.71,16.89,4,14.0,16.3,29.6,0.99,1.0,768181184,10.95,69.53,0.0506,91bbc2a7e466,live,289011534,0.699729,0.814849,0.987738,55.755,,DEPTH,0.6112,0.3571,0.699729,curve,0.987738,curve,applied,-0.3571,False,1.0,2026-09-25,current,3.14443,inert-band,gateio,4,591.3,4.0,NEUTRAL,1884097.4
2026-09-25,BTC,1,25,55,84659,1700720138509,2.14,0.0,0.0,0.0,0.0,0.0,4,20.0,11.0,30.0,1.0,1.0,1700726741906,-2.0805,69.77,1.0,91bbc2a7e466,live,36368831357,1.0,0.55,1.0,55.0,,CONFIRM,1.0,0.5978,1.557658,cap,0.380854,bypass,inert,-0.5978,True,1.0,2026-09-25,current,1.51378,inert-band,gateio,6,13.0305,8.0,MILD_INVERSION,2439581900.23
2026-09-25,DASH,76,26,54,64.95,834160987,20.98,-1.89,5.53,55.13,74.23,29.44,4,14.6,18.4,24.0,1.0,1.0,834168450,10.95,65.48,1.959,91bbc2a7e466,live,174977934,0.730312,0.92204,0.799478,53.835,,DEPTH,0.5075,0.3143,0.730312,curve,0.799478,curve,inert,-0.3143,False,1.0,2026-09-25,current,9.89342,inert-band,gateio,4,46.866,8.0,NEUTRAL,682118.51
2026-09-25,PEPE,45,27,54,4.59e-06,1930226117,21.65,13.34,27.97,12.05,13.35,16.68,4,16.4,16.2,24.4,1.0,1.0,1930226117,10.95,69.85,2.2676,91bbc2a7e466,live,417953004,0.821402,0.812362,0.814512,54.3505,,CONFIRM,0.3408,0.2078,0.821402,curve,0.814512,curve,inert,-0.2078,False,1.0,2026-09-25,current,7.59184,inert-band,gateio,3,10.95,8.0,NEUTRAL,57416913.36
2026-09-25,BNB,3,28,53,779.32,103773966699,1.05,-4.96,-1.01,3.73,-0.75,-0.96,4,20.0,10.7,30.0,1.0,1.0,103773967572,-7.5555,66.69,0.7088,91bbc2a7e466,live,1094230165,1.0,0.532764,1.0,53.2764,,CONFIRM,1.0,0.6297,1.254022,cap,0.356765,bypass,inert,-0.6297,True,1.0,2026-09-25,current,1.40463,inert-band,gateio,6,63.6172,8.0,MILD_INVERSION,58147081.33
2026-09-25,PENDLE,108,29,47,2.63,457232176,20.54,-4.69,19.78,43.5,89.9,32.4,4,13.3,18.7,23.7,0.964,1.0,741467083,10.95,66.29,0.3083,91bbc2a7e466,live,93922263,0.665034,0.93729,0.789811,47.4589,,DEPTH,0.5473,0.4079,0.665034,curve,0.789811,curve,applied,-0.4079,False,1.0,2026-09-25,current,9.21931,inert-band,gateio,5,157.8165,8.0,NEUTRAL,557858.03
2026-09-25,SEI,109,30,47,0.067714,455942476,26.12,31.76,39.25,36.09,-63.74,15.61,4,13.3,16.0,27.4,0.9717,1.0,677142292,10.95,,,91bbc2a7e466,live,119107230,0.664728,0.79943,0.913851,47.188,,DEPTH,0.5438,0.4084,0.664728,curve,0.913851,curve,applied,-0.4084,False,1.0,2026-09-25,current,16.65131,inert-band,gateio,6,105.3938,8.0,NEUTRAL,623768.07
2026-09-25,RAY,93,31,45,2.15,579540416,16.41,14.43,23.6,170.44,65.65,65.97,4,13.8,19.9,20.9,0.9458,1.0,1192431399,10.95,78.34,2.0463,91bbc2a7e466,live,95082434,0.690771,0.995428,0.697923,45.389,,DEPTH,0.4683,0.3699,0.690771,curve,0.697923,curve,applied,-0.3699,False,1.0,2026-09-25,current,9.436,inert-band,gateio,2,15.3685,4.0,NEUTRAL,711986.88
2026-09-25,CAKE,73,32,44,2.78,887786839,15.12,-1.14,17.34,49.72,48.13,26.05,4,14.7,18.0,20.1,1.0,1.0,920144167,10.95,79.12,0.6855,91bbc2a7e466,live,134274249,0.737077,0.90041,0.669436,44.4285,,LIQUIDITY,0.4947,0.4013,0.737077,curve,0.669436,curve,inert,-0.4013,False,1.0,2026-09-25,current,4.23386,inert-band,gateio,3,497.2979,4.0,NEUTRAL,603018.2
2026-09-25,WIF,152,33,44,0.24449,244227877,28.32,15.47,15.58,12.32,4.9,12.6,4,11.9,15.2,28.9,1.0,1.0,244227877,10.95,68.51,1.3839,91bbc2a7e466,live,69163914,0.596949,0.759306,0.962654,43.6339,,DEPTH,0.6221,0.5159,0.596949,curve,0.962654,curve,inert,-0.5159,False,1.0,2026-09-25,current,5.25387,inert-band,gateio,6,70.08,4.0,NEUTRAL,702346.68
2026-09-25,XPL,101,34,43,0.111816,506897838,58.7,20.92,26.06,22.65,-2.33,17.99,4,13.5,16.5,24.5,0.9412,1.0,1118156996,10.95,86.6,0.6512,91bbc2a7e466,live,297554085,0.67623,0.827448,0.81732,43.0437,,DEPTH,0.4641,0.3912,0.67623,curve,0.81732,curve,applied,-0.3912,False,1.0,2026-09-25,current,27.48078,inert-band,gateio,5,38.6857,4.0,NEUTRAL,1342587.91
2026-09-25,OP,131,35,41,0.138071,317511012,32.72,14.0,32.92,25.91,-10.02,16.9,4,12.5,16.3,25.1,0.9527,1.0,593009482,-17.1915,,,91bbc2a7e466,live,103898720,0.62544,0.815067,0.836305,40.6162,,DEPTH,0.5209,0.4693,0.62544,curve,0.836305,curve,applied,-0.4693,False,1.0,2026-09-25,current,12.62559,cold-no-rsi,gateio,6,30.3315,8.0,SHORT_SQUEEZE_RISK,955156.71
2026-09-25,TAO,28,36,41,306.35,3473865514,10.68,13.58,20.15,23.09,29.03,20.69,4,17.7,17.1,17.1,0.9534,1.0,6433285156,10.95,70.07,0.3827,91bbc2a7e466,live,371075344,0.885203,0.855602,0.570709,41.2102,,LIQUIDITY,0.6327,0.5609,0.885203,curve,0.570709,curve,applied,-0.5609,False,1.0,2026-09-25,current,9.17907,inert-band,gateio,5,70.2015,4.0,NEUTRAL,24246720.82
2026-09-25,CC,22,37,40,0.123521,4901519828,0.59,0.54,12.14,-4.86,-43.36,-6.69,4,18.5,8.6,30.0,1.0,1.0,4901519828,10.95,65.66,-0.2379,91bbc2a7e466,live,29095297,0.922583,0.432391,1.0,39.8916,,CONFIRM,0.9123,0.8384,0.922583,curve,0.346524,bypass,inert,-0.8384,True,1.0,2026-09-25,current,14.48683,inert-band,gateio,2,8.1449,4.0,NEUTRAL,219573.4
2026-09-25,TRX,6,38,40,0.337096,32012295654,1.41,-8.38,-10.47,-7.91,-7.44,-8.6,4,20.0,8.0,30.0,1.0,1.0,32012872951,-7.1175,45.31,0.1057,91bbc2a7e466,live,450963024,1.0,0.401062,1.0,40.1062,,CONFIRM,1.0,0.9136,1.126329,cap,0.364638,bypass,inert,-0.9136,True,1.0,2026-09-25,current,-0.6822,inert-band,gateio,5,132.0639,8.0,MILD_INVERSION,4555366.84
2026-09-25,USELESS,139,39,40,0.304285,304266971,14.1,5.21,18.03,343.07,181.26,128.09,4,12.4,20.0,19.4,1.0,1.0,304266971,10.95,64.32,1.3336,91bbc2a7e466,live,42899720,0.620814,0.999968,0.646653,40.1438,,DEPTH,0.5223,0.4767,0.620814,curve,0.646653,curve,inert,-0.4767,False,1.0,2026-09-25,current,10.71194,inert-band,gateio,2,59.7065,4.0,NEUTRAL,4053731.84
2026-09-25,RUNE,170,40,39,0.648102,213019923,34.89,16.22,17.24,24.98,-11.24,13.17,4,11.6,15.3,26.0,1.0,1.0,229385607,10.95,84.48,,91bbc2a7e466,live,74332946,0.582105,0.767375,0.865264,38.6508,,DEPTH,0.5692,0.5411,0.582105,curve,0.865264,curve,inert,-0.5411,False,1.0,2026-09-25,current,4.40707,inert-band,gateio,5,304.7911,8.0,NEUTRAL,333962.36
2026-09-25,JTO,145,41,38,0.544052,285749453,20.04,12.08,22.98,-2.93,52.37,19.11,4,12.3,16.8,23.4,0.9513,1.0,544051538,10.95,45.03,1.2511,91bbc2a7e466,live,57258311,0.613996,0.839652,0.778621,38.1864,,DEPTH,0.5067,0.4878,0.613996,curve,0.778621,curve,applied,-0.4878,False,1.0,2026-09-25,current,19.42439,inert-band,gateio,5,55.8062,8.0,NEUTRAL,657527.94
2026-09-25,JUP,65,42,38,0.327258,1086289337,10.27,15.49,30.05,38.66,48.52,31.53,4,15.2,18.7,16.8,0.9455,1.0,2245474772,10.95,74.9,0.7505,91bbc2a7e466,live,111534132,0.758986,0.933122,0.561499,37.5996,,LIQUIDITY,0.59,0.5771,0.758986,curve,0.561499,curve,applied,-0.5771,False,1.0,2026-09-25,current,13.55325,inert-band,gateio,5,93.8134,4.0,NEUTRAL,396874.24
2026-09-25,LIT,61,43,38,4.97,1242336949,9.4,-8.52,0.2,41.79,365.55,81.05,4,15.5,20.0,16.3,0.9151,1.0,4969347796,-1.095,58.75,-0.3453,91bbc2a7e466,live,116718140,0.77356,0.998627,0.542112,38.3226,,LIQUIDITY,0.6384,0.6123,0.77356,curve,0.542112,curve,applied,-0.6123,False,1.0,2026-09-25,current,-0.22312,inert-band,gateio,4,45.552,4.0,MILD_INVERSION,1634080.88
2026-09-25,ZAMA,164,44,38,0.092295,226679725,16.97,53.12,88.34,65.32,346.36,123.62,4,11.8,20.0,21.3,0.9117,1.0,1044079747,10.95,75.22,0.4384,91bbc2a7e466,live,38468630,0.588853,0.999954,0.710455,38.1396,,DEPTH,0.5494,0.5296,0.588853,curve,0.710455,curve,applied,-0.5296,False,1.0,2026-09-25,current,1.01418,inert-band,gateio,1,,4.0,NEUTRAL,490788.71
2026-09-25,DGAI,210,45,37,1.031,154608640,29.25,1.01,29.45,41.64,-24.56,13.16,3,10.9,15.3,29.5,0.9059,1.0,1030724266,10.95,,,91bbc2a7e466,live,45226725,0.547308,0.76721,0.983386,37.4068,,DEPTH,0.613,0.6027,0.547308,curve,0.983386,curve,applied,-0.6027,False,1.0,2026-09-25,current,0.351,inert-band,gateio,1,,4.0,NEUTRAL,1005564.37
2026-09-25,FIL,75,46,37,1.031,857222228,18.4,7.76,20.45,35.15,-29.58,10.31,4,14.7,14.5,22.3,0.9372,1.0,2018652516,10.95,68.15,1.1238,91bbc2a7e466,live,157743105,0.733273,0.725755,0.742259,37.0206,,CONFIRM,0.3226,0.3205,0.733273,curve,0.742259,curve,applied,-0.3205,False,1.0,2026-09-25,current,7.64119,inert-band,gateio,6,17.9106,8.0,NEUTRAL,3803351.94
2026-09-25,GRASS,123,47,37,0.489815,331616138,14.18,38.79,33.92,37.86,-1.06,29.37,4,12.6,18.4,19.5,0.9722,1.0,489815492,10.95,,,91bbc2a7e466,live,47012571,0.630159,0.921607,0.648373,36.6081,,DEPTH,0.4595,0.4618,0.630159,curve,0.648373,curve,applied,-0.4618,False,1.0,2026-09-25,current,14.38635,inert-band,gateio,3,15.8127,4.0,NEUTRAL,560576.38
2026-09-25,QNT,56,48,37,98.2,1428232599,6.85,48.04,41.88,48.78,20.98,41.27,4,15.8,19.4,14.6,1.0,1.0,1434941287,10.95,,,91bbc2a7e466,live,97871281,0.7887,0.968047,0.485614,37.0765,,LIQUIDITY,0.728,0.7223,0.7887,curve,0.485614,curve,inert,-0.7223,True,1.0,2026-09-25,current,35.99152,inert-band,gateio,2,193.8047,8.0,NEUTRAL,227443.14
2026-09-25,RENDER,67,49,37,1.95,1013847985,11.16,18.07,28.71,21.25,4.58,18.83,4,15.0,16.7,17.4,1.0,1.0,1042693894,10.95,,,91bbc2a7e466,live,113126540,0.751493,0.836646,0.581292,36.5478,,LIQUIDITY,0.539,0.5425,0.751493,curve,0.581292,curve,inert,-0.5425,False,1.0,2026-09-25,current,10.39531,inert-band,gateio,5,57.2027,4.0,NEUTRAL,322645.16
2026-09-25,STONK,148,50,37,0.328529,269104021,14.4,12.45,0.35,3573.81,-24.56,892.36,3,12.1,20.0,19.6,1.0,0.925,269104021,219.219,69.02,0.5467,91bbc2a7e466,live,38761051,0.60748,1.0,0.653417,36.7167,,DEPTH,0.4975,0.4984,0.60748,curve,0.653417,curve,inert,-0.4984,False,0.925,2026-09-25,current,-6.09758,hot-confirmed,gateio,1,,4.0,OVERHEATED_LONG,639793.47
2026-09-25,AERO,80,51,36,0.787348,784650176,9.86,16.3,31.34,44.57,64.36,36.74,4,14.5,19.1,16.6,0.9479,1.0,1565274805,10.95,81.91,,91bbc2a7e466,live,77333073,0.723669,0.954774,0.55235,36.1757,,LIQUIDITY,0.5838,0.5936,0.723669,curve,0.55235,curve,applied,-0.5936,False,1.0,2026-09-25,current,16.56759,inert-band,gateio,3,1743.678,4.0,NEUTRAL,1051945.43
2026-09-25,BP,122,52,36,1.34,334978770,13.08,123.01,136.29,186.8,-24.56,112.76,3,12.6,20.0,18.7,0.9151,1.0,1339915080,10.95,,,91bbc2a7e466,live,43811343,0.631254,0.999891,0.623974,36.0406,,LIQUIDITY,0.4622,0.4716,0.631254,curve,0.623974,curve,applied,-0.4716,False,1.0,2026-09-25,current,55.15596,inert-band,gateio,1,,4.0,NEUTRAL,489920.75
2026-09-25,LDO,118,53,36,0.459155,380900303,27.37,6.42,10.93,18.72,-35.6,2.22,4,12.9,11.8,28.2,0.9911,1.0,459155140,10.95,,,91bbc2a7e466,live,104236013,0.645203,0.589815,0.94146,35.5084,,CONFIRM,0.5099,0.5279,0.645203,curve,0.94146,curve,applied,-0.5279,False,1.0,2026-09-25,current,18.04678,inert-band,gateio,5,109.7091,8.0,NEUTRAL,1078058.68
2026-09-25,WLD,49,54,36,0.458483,1674273962,23.27,-5.73,3.03,6.41,0.18,0.68,4,16.1,11.2,25.5,0.9291,1.0,4584830516,10.95,68.07,-0.5876,91bbc2a7e466,live,389684321,0.805957,0.562176,0.850552,35.8053,,CONFIRM,0.5608,0.5759,0.805957,curve,0.850552,curve,applied,-0.5759,False,1.0,2026-09-25,current,12.95437,inert-band,gateio,5,75.336,8.0,NEUTRAL,3514368.6
2026-09-25,AAVE,37,55,35,149.08,2300228048,13.72,-0.58,9.16,8.12,6.69,5.48,4,16.8,12.9,19.1,1.0,1.0,2385344085,10.95,69.81,0.7887,91bbc2a7e466,live,315590253,0.840443,0.647115,0.638221,34.7105,,LIQUIDITY,0.4244,0.4491,0.840443,curve,0.638221,curve,inert,-0.4491,False,1.0,2026-09-25,current,9.0463,inert-band,gateio,6,27.6545,8.0,NEUTRAL,4366903.86
2026-09-25,ETC,52,56,35,9.63,1523437539,12.64,12.68,15.78,16.2,-7.38,10.32,4,15.9,14.5,18.4,1.0,1.0,1523437539,-9.855,,,91bbc2a7e466,live,192562122,0.795706,0.725912,0.614222,35.4782,,LIQUIDITY,0.4703,0.4874,0.795706,curve,0.614222,curve,inert,-0.4874,False,1.0,2026-09-25,current,0.70088,inert-band,gateio,6,228.3655,8.0,MILD_INVERSION,2027693.64
2026-09-25,FIGR_HELOC,8,57,35,1.027,23713801595,2.48,-8.5,-10.72,-6.28,-24.23,-11.65,4,20.0,7.1,30.0,1.0,1.0,23713801595,,50.65,0.1069,91bbc2a7e466,live,587170505,1.0,0.354325,1.0,35.4325,,CONFIRM,1.0,1.0375,1.09375,cap,0.388357,bypass,inert,-1.0375,True,1.0,2026-09-25,absent,,no-feed,,,,,,
2026-09-25,PONS,110,58,35,0.646852,442416856,12.16,-16.12,-3.51,463.97,-24.56,105.37,3,13.2,20.0,18.1,1.0,0.878,442389663,233.892,53.54,3.5762,91bbc2a7e466,live,53819804,0.661458,0.999804,0.603666,35.0436,,LIQUIDITY,0.4814,0.5047,0.661458,curve,0.603666,curve,inert,-0.5047,False,0.878,2026-09-25,current,6.30204,hot-confirmed,gateio,3,233.892,4.0,OVERHEATED_LONG,2595360.39
2026-09-25,VIRTUAL,100,59,35,0.794294,522952160,22.39,13.17,13.62,-4.2,-7.17,4.87,4,13.6,12.7,24.9,0.9697,1.0,794294358,10.95,80.83,,91bbc2a7e466,live,117096984,0.679615,0.636589,0.830923,34.8594,,CONFIRM,0.4286,0.4516,0.679615,curve,0.830923,curve,applied,-0.4516,False,1.0,2026-09-25,current,13.98442,inert-band,gateio,4,65.1373,4.0,NEUTRAL,951246.91
2026-09-25,ZRO,99,60,35,1.52,535879854,17.69,24.61,38.6,22.19,-47.07,13.17,4,13.6,15.3,21.8,0.9276,1.0,1516726979,10.95,,,91bbc2a7e466,live,94795620,0.682267,0.76727,0.726438,35.2746,,DEPTH,0.3669,0.3823,0.682267,curve,0.726438,curve,applied,-0.3823,False,1.0,2026-09-25,current,0.79701,inert-band,gateio,4,146.048,4.0,NEUTRAL,695518.49
2026-09-25,APT,83,61,34,0.843481,734478518,13.57,15.78,24.38,39.88,-37.22,13.36,4,14.3,15.4,19.0,0.9778,1.0,1019942656,9.9645,,,91bbc2a7e466,live,99637825,0.716495,0.769869,0.634795,34.2384,,LIQUIDITY,0.424,0.4545,0.716495,curve,0.634795,curve,applied,-0.4545,False,1.0,2026-09-25,current,10.66117,inert-band,gateio,6,67.4763,8.0,NEUTRAL,1155986.25
2026-09-25,AXS,175,62,34,1.17,205029536,38.36,8.31,18.1,17.47,-24.05,6.58,4,11.6,13.3,27.3,0.9682,1.0,316826659,10.95,,,91bbc2a7e466,live,78647114,0.577954,0.6657,0.911452,33.9524,,DEPTH,0.5076,0.5483,0.577954,curve,0.911452,curve,applied,-0.5483,False,1.0,2026-09-25,current,14.67282,inert-band,gateio,3,30.0308,8.0,NEUTRAL,659249.97
2026-09-25,BONK,126,63,34,3.76e-06,330593898,21.28,22.88,30.45,16.5,-59.85,6.63,4,12.6,13.3,24.2,1.0,1.0,330593898,-4.161,,,91bbc2a7e466,live,70364980,0.629824,0.666667,0.80632,33.856,,DEPTH,0.4269,0.4623,0.629824,curve,0.80632,curve,inert,-0.4623,False,1.0,2026-09-25,current,7.02552,inert-band,gateio,2,4.161,4.0,MILD_INVERSION,528707.87
2026-09-25,GRAM,26,64,34,1.43,4015599814,1.59,-4.45,-4.99,-8.1,-21.59,-8.93,4,18.0,7.9,30.0,0.9527,1.0,7501254062,10.95,,,91bbc2a7e466,live,63976023,0.900938,0.395833,1.0,33.9753,,CONFIRM,0.8585,0.9268,0.900938,curve,0.368737,bypass,applied,-0.9268,True,1.0,2026-09-25,current,2.12831,inert-band,gateio,2,55.532,4.0,NEUTRAL,1679528.8
2026-09-25,MINA,185,65,34,0.143525,185668674,12.19,40.71,43.24,119.78,33.45,59.66,4,11.3,19.8,18.1,1.0,1.0,185668674,10.95,75.63,,91bbc2a7e466,live,22625994,0.567185,0.992452,0.604138,34.0072,,DEPTH,0.5257,0.5671,0.567185,curve,0.604138,curve,inert,-0.5671,False,1.0,2026-09-25,current,-4.30595,inert-band,gateio,3,209.2205,8.0,NEUTRAL,329608.08
2026-09-25,BR,151,66,33,0.829153,245981985,12.1,33.43,247.18,235.44,1250.26,380.73,4,12.0,20.0,18.1,0.9205,1.0,829152759,10.95,,,91bbc2a7e466,live,29754197,0.597726,1.0,0.602135,33.1299,,DEPTH,0.4658,0.5146,0.597726,curve,0.602135,curve,applied,-0.5146,False,1.0,2026-09-25,current,-24.34991,inert-band,gateio,1,,4.0,NEUTRAL,1831663.34
2026-09-25,MET,182,67,33,0.343662,191341613,12.4,31.16,28.53,56.75,91.92,49.05,4,11.4,19.7,18.3,0.9559,1.0,342882642,10.95,70.24,,91bbc2a7e466,live,23726584,0.570452,0.982561,0.608891,32.6236,,DEPTH,0.5011,0.5613,0.570452,curve,0.608891,curve,applied,-0.5613,False,1.0,2026-09-25,current,3.16923,inert-band,gateio,2,0.0,4.0,NEUTRAL,140010.78
2026-09-25,TIA,104,68,32,0.501314,487762782,14.23,16.17,25.74,34.35,-42.69,11.34,4,13.4,14.8,19.5,0.9907,1.0,590526782,10.95,,,91bbc2a7e466,live,69429674,0.672052,0.741139,0.649651,32.0572,,LIQUIDITY,0.3791,0.4313,0.672052,curve,0.649651,curve,applied,-0.4313,False,1.0,2026-09-25,current,9.24149,inert-band,gateio,5,22.5575,4.0,NEUTRAL,630290.17
2026-09-25,VVV,53,69,32,31.42,1512628056,3.81,7.54,25.29,79.5,465.05,121.47,4,15.9,20.0,12.5,0.9609,1.0,2546349599,10.95,84.95,-0.6377,91bbc2a7e466,live,57577483,0.794933,0.999946,0.417921,31.9212,,LIQUIDITY,0.764,0.8725,0.794933,curve,0.417921,curve,applied,-0.8725,True,1.0,2026-09-25,current,9.28018,inert-band,gateio,3,62.634,4.0,NEUTRAL,17050421.4
2026-09-25,AR,135,70,31,4.71,309506149,7.69,41.68,69.86,115.3,78.8,74.55,4,12.5,20.0,15.1,1.0,1.0,309506149,10.95,88.85,,91bbc2a7e466,live,23802518,0.622667,0.997694,0.504233,31.3245,,LIQUIDITY,0.5899,0.6847,0.622667,curve,0.504233,curve,inert,-0.6847,False,1.0,2026-09-25,current,7.64183,inert-band,gateio,3,67.3183,8.0,NEUTRAL,1213230.31
2026-09-25,LEO,16,71,31,8.82,8112291388,0.01,-9.36,-12.94,-12.9,-26.03,-14.47,4,19.5,6.3,30.0,1.0,1.0,8688896798,,26.19,0.0177,91bbc2a7e466,live,406457,0.977286,0.315129,1.0,30.7971,,CONFIRM,0.9805,1.1548,0.977286,curve,0.333445,bypass,inert,-1.1548,True,1.0,2026-09-25,absent,-1.06272,no-feed,,,,,,
2026-09-25,PUMP,44,72,31,0.00420064,1959624363,9.49,-9.92,3.78,-20.33,90.25,10.94,4,16.5,14.7,16.3,0.9563,1.0,3495009209,10.95,60.27,0.6643,91bbc2a7e466,live,185874402,0.823043,0.735221,0.544116,31.4866,,LIQUIDITY,0.5266,0.6086,0.823043,curve,0.544116,curve,applied,-0.6086,False,1.0,2026-09-25,current,11.26665,inert-band,gateio,4,100.4825,4.0,NEUTRAL,2282589.53
2026-09-25,STRK,140,73,31,0.04136276,304041302,12.48,12.72,35.09,53.82,-37.63,18.52,4,12.4,16.7,18.3,0.9797,1.0,413627556,10.95,,,91bbc2a7e466,live,37940702,0.620733,0.833278,0.61064,30.9438,,LIQUIDITY,0.4205,0.4932,0.620733,curve,0.61064,curve,applied,-0.4932,False,1.0,2026-09-25,current,7.0953,inert-band,gateio,5,143.4359,4.0,NEUTRAL,364659.55
2026-09-25,AI,157,74,30,0.239844,237750258,7.7,-39.54,-14.66,494.74,-24.56,103.25,3,11.9,20.0,15.1,1.0,1.0,237750258,0.0,43.55,0.0907,91bbc2a7e466,live,18309509,0.59403,0.999767,0.50447,29.9601,,LIQUIDITY,0.5677,0.6842,0.59403,curve,0.50447,curve,inert,-0.6842,False,1.0,2026-09-25,current,4.63714,inert-band,hyperliquid,1,,1.0,NEUTRAL,
2026-09-25,BCAP,70,75,30,107.53,979825296,0.0,-7.46,-9.0,-6.81,348.1,63.43,4,15.0,19.9,12.0,1.0,1.0,978427406,,99.45,-0.007,91bbc2a7e466,live,0.0,0.747787,0.994405,0.4,29.7441,,LIQUIDITY,0.7557,0.9163,0.747787,curve,0.0,zero-volume,inert,-0.9163,True,1.0,2026-09-25,absent,0.0,no-feed,,,,,,
2026-09-25,DRV,114,76,29,0.434957,434808696,5.28,78.26,197.16,133.99,732.77,252.82,4,13.2,20.0,13.5,0.9708,1.0,652435232,,81.78,3.5864,91bbc2a7e466,live,22962211,0.659575,1.0,0.450689,28.8583,,LIQUIDITY,0.6413,0.797,0.659575,curve,0.450689,curve,applied,-0.797,False,1.0,2026-09-25,absent,-0.14291,no-feed,,,,,,
2026-09-25,ICP,47,77,29,3.24,1804739035,6.76,7.22,8.13,28.25,-1.66,10.93,4,16.3,14.7,14.5,1.0,1.0,1804741254,10.95,,,91bbc2a7e466,live,122051507,0.814104,0.735055,0.483619,28.9403,,LIQUIDITY,0.5859,0.7265,0.814104,curve,0.483619,curve,inert,-0.7265,False,1.0,2026-09-25,current,10.79167,inert-band,gateio,5,33.9107,8.0,NEUTRAL,943866.26
2026-09-25,S,206,78,29,0.0414851,161190274,19.09,28.14,43.66,41.12,-104.72,8.7,4,11.0,14.0,22.7,1.0,1.0,161190274,10.95,,,91bbc2a7e466,live,30771334,0.551835,0.700491,0.757557,29.2837,,DEPTH,0.4841,0.5945,0.551835,curve,0.757557,curve,inert,-0.5945,False,1.0,2026-09-25,current,4.51373,inert-band,gateio,4,432.306,4.0,NEUTRAL,151180.87
2026-09-25,AKE,79,79,28,0.03519614,802340008,4.72,35.93,135.75,311.71,14828.88,3088.42,4,14.5,20.0,13.1,0.9128,0.95,3519614007,52.56,54.18,6.0516,91bbc2a7e466,live,37901015,0.72609,1.0,0.438307,27.609,,LIQUIDITY,0.6409,0.8248,0.72609,curve,0.438307,curve,applied,-0.8248,False,0.95,2026-09-25,current,-13.37433,hot-confirmed,gateio,1,,4.0,OVERHEATED_LONG,2551406.66
2026-09-25,COMP,155,80,28,24.13,241344179,14.52,7.74,9.74,16.12,4.62,9.71,4,11.9,14.3,19.7,1.0,1.0,241344179,10.95,,,91bbc2a7e466,live,35055209,0.595659,0.716529,0.656111,28.0033,,DEPTH,0.407,0.5181,0.595659,curve,0.656111,curve,inert,-0.5181,False,1.0,2026-09-25,current,3.29503,inert-band,gateio,5,105.1276,8.0,NEUTRAL,166433.4
2026-09-25,PYTH,95,81,28,0.071913,566310597,8.5,9.67,29.54,21.26,0.62,15.72,4,13.8,16.0,15.7,0.9862,1.0,719128277,10.95,,,91bbc2a7e466,live,48114209,0.688264,0.800793,0.522135,28.3807,,LIQUIDITY,0.516,0.6498,0.688264,curve,0.522135,curve,applied,-0.6498,False,1.0,2026-09-25,current,13.87825,inert-band,gateio,5,59.5714,4.0,NEUTRAL,654225.43
2026-09-25,ALGO,66,82,27,0.117077,1060371306,6.53,14.68,19.46,24.33,-21.93,10.96,4,15.1,14.7,14.4,1.0,1.0,1060375544,10.95,,,91bbc2a7e466,live,69289026,0.756364,0.735608,0.478542,26.6255,,LIQUIDITY,0.5569,0.737,0.756364,curve,0.478542,curve,inert,-0.737,False,1.0,2026-09-25,current,9.93859,inert-band,gateio,5,128.9849,8.0,NEUTRAL,525305.98
2026-09-25,BTW,30,83,27,1.1,2989839543,1.5,51.41,105.18,167.74,4286.64,940.98,4,17.4,20.0,12.0,0.9174,0.859,11040186347,257.325,86.78,0.9511,91bbc2a7e466,live,44805371,0.868912,1.0,0.4,27.3738,,LIQUIDITY,0.7072,0.9163,0.868912,curve,0.366635,floor,applied,-0.9163,True,0.859,2026-09-25,current,8.86629,hot-confirmed,gateio,1,,4.0,OVERHEATED_LONG,2673106.71
2026-09-25,CARDS,201,84,27,0.17496,165728701,8.13,0.25,31.72,-6.44,407.65,87.92,4,11.1,20.0,15.4,0.9448,1.0,345934247,,52.12,-3.3303,91bbc2a7e466,live,13477690,0.554849,0.999207,0.514053,26.9264,,LIQUIDITY,0.5072,0.6654,0.554849,curve,0.514053,curve,applied,-0.6654,False,1.0,2026-09-25,absent,12.18468,no-feed,,,,,,
2026-09-25,JST,71,85,27,0.117813,964742002,3.44,-8.58,4.39,10.22,108.06,22.69,4,14.9,17.5,12.3,1.0,1.024,964742002,-18.177,76.98,-0.1851,91bbc2a7e466,live,33206101,0.746103,0.873981,0.409821,27.357,,LIQUIDITY,0.6642,0.892,0.746103,curve,0.409821,curve,inert,-0.892,False,1.024,2026-09-25,current,4.8696,cold-squeeze,gateio,1,,4.0,SHORT_SQUEEZE_RISK,72859.3
2026-09-25,币安人生,102,86,27,0.505503,505502899,0.41,-11.46,-5.74,-10.64,690.58,130.58,4,13.5,20.0,12.0,1.0,1.0,505502899,10.95,61.07,0.2061,91bbc2a7e466,live,2047444,0.675931,0.999974,0.4,27.0365,,LIQUIDITY,0.7005,0.9163,0.675931,curve,0.342334,floor,inert,-0.9163,True,1.0,2026-09-25,current,0.98143,inert-band,gateio,1,,8.0,NEUTRAL,186219.0
2026-09-25,AIOZ,207,87,26,0.122662,157047661,6.32,54.71,73.01,121.75,67.03,78.51,4,11.0,20.0,14.2,1.0,1.0,157052104,,,,91bbc2a7e466,live,9928300,0.549008,0.998318,0.473819,25.9693,,LIQUIDITY,0.554,0.7469,0.549008,curve,0.473819,curve,inert,-0.7469,False,1.0,2026-09-25,absent,4.05635,no-feed,,,,,,
2026-09-25,GRT,142,88,26,0.02710697,296586094,7.36,25.3,39.95,43.98,-51.54,18.26,4,12.4,16.6,14.9,1.0,1.0,314793171,10.95,,,91bbc2a7e466,live,21839965,0.618038,0.830544,0.496973,25.51,,LIQUIDITY,0.5118,0.6992,0.618038,curve,0.496973,curve,inert,-0.6992,False,1.0,2026-09-25,current,9.6349,inert-band,gateio,2,574.9561,8.0,NEUTRAL,289168.73
2026-09-25,KMNO,161,89,26,0.04083514,228984471,6.32,31.75,47.68,56.6,22.73,40.14,4,11.8,19.3,14.2,0.9563,1.0,408349655,10.95,,,91bbc2a7e466,live,14468654,0.589952,0.965135,0.473747,25.7956,,LIQUIDITY,0.5514,0.7471,0.589952,curve,0.473747,curve,applied,-0.7471,False,1.0,2026-09-25,current,11.38497,inert-band,gateio,1,,4.0,NEUTRAL,81727.76
2026-09-25,DBR,220,90,25,0.02372613,140666083,6.92,44.32,50.33,59.23,28.71,46.43,4,10.7,19.6,14.6,0.9608,1.0,237261292,,,,91bbc2a7e466,live,9736891,0.537047,0.978581,0.487155,24.5986,,LIQUIDITY,0.5128,0.7192,0.537047,curve,0.487155,curve,applied,-0.7192,False,1.0,2026-09-25,absent,17.12415,no-feed,,,,,,
2026-09-25,MORPHO,42,91,25,2.85,1995753953,3.21,14.22,13.01,7.51,23.06,14.01,4,16.5,15.6,12.1,0.9751,1.0,2853308975,10.95,78.65,-0.2363,91bbc2a7e466,live,64049530,0.825027,0.778727,0.404651,25.3503,,LIQUIDITY,0.6592,0.9047,0.825027,curve,0.404651,curve,applied,-0.9047,False,1.0,2026-09-25,current,6.28764,inert-band,gateio,4,172.134,4.0,NEUTRAL,453411.01
2026-09-25,ZEN,218,92,25,7.71,141860957,14.23,-0.87,5.61,39.47,13.87,13.79,4,10.8,15.5,19.5,0.9965,0.934,161849741,39.0692,65.71,1.2947,91bbc2a7e466,live,20191913,0.537966,0.775708,0.649635,25.2209,,DEPTH,0.4501,0.62,0.537966,curve,0.649635,curve,applied,-0.62,False,0.934,2026-09-25,current,8.20778,hot-confirmed,kraken,3,39.0692,1.0,ELEVATED,223783.43
2026-09-25,FARTCOIN,179,93,24,0.196112,196096107,21.15,15.54,25.59,-15.51,-29.19,1.34,4,11.5,11.5,24.1,1.0,0.909,196096107,55.845,61.52,-1.2613,91bbc2a7e466,live,41468482,0.573117,0.574134,0.803267,24.0207,,DEPTH,0.3903,0.5567,0.573117,curve,0.803267,curve,inert,-0.5567,False,0.909,2026-09-25,current,7.46375,hot-confirmed,gateio,4,78.021,4.0,OVERHEATED_LONG,5269209.91
2026-09-25,GT,64,94,24,10.94,1166362849,0.25,0.93,5.41,28.49,28.19,14.39,4,15.3,15.7,12.0,0.9987,1.0,1300358671,10.95,,,91bbc2a7e466,live,2894193,0.766708,0.783793,0.4,24.0064,,LIQUIDITY,0.6422,0.9163,0.766708,curve,0.338848,floor,applied,-0.9163,False,1.0,2026-09-25,current,4.52636,inert-band,gateio,1,,8.0,NEUTRAL,761978.28
2026-09-25,PIEVERSE,111,95,24,1.61,441075185,0.93,24.24,25.58,49.07,203.35,66.6,4,13.2,19.9,12.0,0.9179,1.0,1605369192,10.95,97.94,,91bbc2a7e466,live,4123073,0.661128,0.995654,0.4,24.1685,,LIQUIDITY,0.6452,0.9163,0.661128,curve,0.354106,floor,applied,-0.9163,False,1.0,2026-09-25,current,-1.33241,inert-band,gateio,1,,8.0,NEUTRAL,3667585.36
2026-09-25,UB,121,96,24,0.146092,365231208,3.3,3.44,5.59,8.77,327.89,70.2,4,12.8,19.9,12.2,0.9151,1.0,1460924832,-5.475,63.34,0.5409,91bbc2a7e466,live,12058865,0.640642,0.996737,0.406705,23.7653,,LIQUIDITY,0.6261,0.8997,0.640642,curve,0.406705,curve,applied,-0.8997,False,1.0,2026-09-25,current,3.94421,inert-band,gateio,1,,4.0,MILD_INVERSION,742321.32
2026-09-25,VET,78,97,24,0.00959364,824909911,1.99,16.65,16.06,60.01,-27.34,18.54,4,14.6,16.7,12.0,1.0,1.0,824909911,10.95,,,91bbc2a7e466,live,16414589,0.729102,0.833594,0.4,24.311,,LIQUIDITY,0.6479,0.9163,0.729102,curve,0.377553,floor,inert,-0.9163,False,1.0,2026-09-25,current,6.29035,inert-band,gateio,2,,8.0,NEUTRAL,248015.45
2026-09-25,AKT,174,98,23,0.692748,206555459,5.04,16.39,17.56,15.19,51.82,23.47,4,11.6,17.6,13.4,1.0,1.0,206559444,10.95,,,91bbc2a7e466,live,10416832,0.578759,0.880593,0.445403,22.7,,LIQUIDITY,0.5454,0.8088,0.578759,curve,0.445403,curve,inert,-0.8088,False,1.0,2026-09-25,current,0.39733,inert-band,gateio,2,211.0982,4.0,NEUTRAL,288049.45
2026-09-25,BSV,112,99,23,21.7,436015172,2.34,18.12,22.3,22.55,31.34,22.92,4,13.2,17.5,12.0,1.0,1.0,436016528,10.95,,,91bbc2a7e466,live,10215966,0.659875,0.875939,0.4,23.1204,,LIQUIDITY,0.6257,0.9163,0.659875,curve,0.385401,floor,inert,-0.9163,False,1.0,2026-09-25,current,1.84793,inert-band,gateio,2,0.0,4.0,NEUTRAL,829864.75
2026-09-25,CRV,97,100,23,0.349687,548567555,13.56,-7.21,-8.96,1.04,20.04,-0.14,4,13.7,11.0,19.0,0.9683,1.0,846514643,10.95,52.68,0.0511,91bbc2a7e466,live,74402292,0.684808,0.547569,0.634734,23.0467,,CONFIRM,0.4104,0.6023,0.684808,curve,0.634734,curve,applied,-0.6023,False,1.0,2026-09-25,current,6.13551,inert-band,gateio,5,71.137,8.0,NEUTRAL,1019415.15
2026-09-25,TIBBIR,147,101,23,0.276831,276805131,0.85,30.21,44.75,5.89,54.81,32.68,4,12.2,18.8,12.0,1.0,1.0,276805131,,75.83,-0.6788,91bbc2a7e466,live,2345351,0.610544,0.938627,0.4,22.9229,,LIQUIDITY,0.622,0.9163,0.610544,curve,0.352162,floor,inert,-0.9163,False,1.0,2026-09-25,absent,13.68766,no-feed,,,,,,
2026-09-25,MANA,189,102,22,0.091562,179308905,12.81,9.57,18.56,17.04,-32.25,5.32,4,11.3,12.9,18.5,0.9983,1.0,200811717,10.95,,,91bbc2a7e466,live,22973146,0.5634,0.644367,0.618046,22.3992,,DEPTH,0.3835,0.5738,0.5634,curve,0.618046,curve,applied,-0.5738,False,1.0,2026-09-25,current,10.94448,inert-band,gateio,2,204.1528,8.0,NEUTRAL,119369.57
2026-09-25,RAIL,194,103,22,2.89,173315827,0.24,-1.48,28.15,37.52,117.83,39.54,4,11.2,19.3,12.0,1.0,1.0,173315827,,,,91bbc2a7e466,live,415738,0.55971,0.963481,0.4,21.5708,,LIQUIDITY,0.5974,0.9163,0.55971,curve,0.338664,floor,inert,-0.9163,False,1.0,2026-09-25,absent,5.45807,no-feed,,,,,,
2026-09-25,RAIN,15,104,22,0.01192714,8459212483,0.24,-16.41,-34.21,-40.34,8.9,-21.78,4,19.6,4.7,30.0,0.9646,1.0,13625670756,,26.54,-0.0025,91bbc2a7e466,live,20667463,0.981832,0.234103,1.0,22.1713,,CONFIRM,0.9639,1.452,0.981832,curve,0.338763,bypass,applied,-1.452,True,1.0,2026-09-25,absent,-0.34534,no-feed,,,,,,
2026-09-25,DOT,41,105,21,1.19,2036048595,9.9,-7.94,-3.59,30.31,-45.94,-4.89,4,16.5,9.3,16.6,1.0,1.0,2036050323,10.95,79.87,-1.9323,91bbc2a7e466,live,201654550,0.827197,0.46308,0.553427,21.1995,,CONFIRM,0.4963,0.7699,0.827197,curve,0.553427,curve,inert,-0.7699,False,1.0,2026-09-25,current,7.43949,inert-band,gateio,6,21.9,8.0,NEUTRAL,3233099.19
2026-09-25,MNT,40,106,21,0.679372,2243486319,2.05,5.82,6.58,26.68,-22.25,5.61,4,16.8,13.0,12.0,0.9521,1.0,4225229651,10.95,,,91bbc2a7e466,live,46063714,0.837731,0.649303,0.4,20.7155,,LIQUIDITY,0.582,0.9163,0.837731,curve,0.37896,floor,applied,-0.9163,False,1.0,2026-09-25,current,1.80162,inert-band,gateio,3,54.9064,4.0,NEUTRAL,240717.57
2026-09-25,NPC,188,107,21,0.02274851,183128379,1.96,-6.59,11.7,63.75,84.42,33.77,4,11.3,18.9,12.0,1.0,1.0,183128379,,,,91bbc2a7e466,live,3587761,0.565689,0.943404,0.4,21.3469,,LIQUIDITY,0.5934,0.9163,0.565689,curve,0.37687,floor,inert,-0.9163,False,1.0,2026-09-25,absent,1.32252,no-feed,,,,,,
2026-09-25,SENT,205,108,21,0.0223547,161800679,5.44,22.99,53.27,70.54,-27.25,32.4,4,11.0,18.7,13.6,0.9111,1.0,768101630,10.95,,,91bbc2a7e466,live,8795657,0.552245,0.937308,0.454136,21.4174,,LIQUIDITY,0.5122,0.7894,0.552245,curve,0.454136,curve,applied,-0.7894,False,1.0,2026-09-25,current,3.69996,inert-band,gateio,1,,4.0,NEUTRAL,169154.01
2026-09-25,SN51,229,109,21,27.07,128999918,2.48,16.09,8.72,35.64,213.64,58.64,4,10.6,19.8,12.0,1.0,1.0,128999918,,,,91bbc2a7e466,live,3198277,0.527647,0.99182,0.4,20.9332,,LIQUIDITY,0.5859,0.9163,0.527647,curve,0.388429,floor,inert,-0.9163,False,1.0,2026-09-25,absent,6.8324,no-feed,,,,,,
2026-09-25,ENS,137,110,20,7.26,305995002,10.42,9.38,18.02,18.1,-40.72,3.7,4,12.4,12.3,16.9,0.9368,1.0,725533404,10.95,,,91bbc2a7e466,live,31897216,0.621429,0.616144,0.56498,20.2653,,LIQUIDITY,0.3577,0.571,0.621429,curve,0.56498,curve,applied,-0.571,False,1.0,2026-09-25,current,6.84282,inert-band,gateio,3,56.303,8.0,NEUTRAL,193103.71
2026-09-25,KAS,63,111,20,0.04211248,1167324273,1.53,7.42,10.03,44.11,-50.93,5.57,4,15.3,13.0,12.0,1.0,1.0,1167375024,10.95,,,91bbc2a7e466,live,17822671,0.766798,0.648713,0.4,19.8973,,LIQUIDITY,0.5675,0.9163,0.766798,curve,0.367262,floor,inert,-0.9163,False,1.0,2026-09-25,current,9.2631,inert-band,gateio,3,91.5402,8.0,NEUTRAL,985090.09
2026-09-25,POL,62,112,20,0.111858,1187985349,9.16,1.52,6.0,-15.59,-10.72,-4.09,4,15.4,9.5,16.1,1.0,1.0,1187985349,10.95,52.07,-0.5976,91bbc2a7e466,live,108864179,0.768703,0.477104,0.536973,19.6935,,CONFIRM,0.4554,0.74,0.768703,curve,0.536973,curve,inert,-0.74,False,1.0,2026-09-25,current,10.45749,inert-band,gateio,5,27.4259,4.0,NEUTRAL,902834.24
2026-09-25,SKR,215,113,20,0.02043146,145334435,2.97,-1.53,5.3,153.32,-41.21,30.95,4,10.8,18.6,12.0,0.9713,1.0,216844561,10.95,13.52,,91bbc2a7e466,live,4319047,0.540592,0.930215,0.4,19.5374,,LIQUIDITY,0.5612,0.9163,0.540592,curve,0.399373,floor,applied,-0.9163,False,1.0,2026-09-25,current,-0.71683,inert-band,gateio,2,0.0,4.0,NEUTRAL,461088.84
2026-09-25,STX,91,114,20,0.325013,607529353,5.09,6.76,15.62,11.32,-18.7,5.02,4,13.9,12.8,13.4,1.0,1.0,607529353,10.1835,88.38,-1.0311,91bbc2a7e466,live,30901154,0.695892,0.639219,0.446364,19.8555,,LIQUIDITY,0.4989,0.8066,0.695892,curve,0.446364,curve,inert,-0.8066,False,1.0,2026-09-25,current,7.83535,inert-band,gateio,3,50.2125,8.0,NEUTRAL,303813.34
2026-09-25,BC,235,115,19,0.03915425,125718853,0.04,-5.25,-3.51,4.91,420.17,82.81,4,10.5,20.0,12.0,0.926,1.0,368475372,,98.17,0.1976,91bbc2a7e466,live,49296,0.52485,0.998807,0.4,19.4173,,LIQUIDITY,0.5591,0.9163,0.52485,curve,0.334205,floor,applied,-0.9163,False,1.0,2026-09-25,absent,3.12469,no-feed,,,,,,
2026-09-25,SKY,48,116,19,0.074815,1752240040,1.33,8.47,16.02,2.34,-24.16,2.3,4,16.2,11.8,12.0,1.0,1.0,1755137160,10.95,,,91bbc2a7e466,live,23264165,0.810898,0.591299,0.4,19.1793,,LIQUIDITY,0.5549,0.9163,0.810898,curve,0.362837,floor,inert,-0.9163,False,1.0,2026-09-25,current,7.8719,inert-band,gateio,2,14.247,4.0,NEUTRAL,369889.57
2026-09-25,XTZ,120,117,19,0.3355,368079313,2.4,14.88,20.49,40.18,-39.91,11.65,4,12.8,14.9,12.0,1.0,1.0,374782496,10.95,,,91bbc2a7e466,live,8828383,0.641485,0.745729,0.4,19.135,,LIQUIDITY,0.5541,0.9163,0.641485,curve,0.386633,floor,inert,-0.9163,False,1.0,2026-09-25,current,3.60507,inert-band,gateio,2,47.0304,8.0,NEUTRAL,398920.75
2026-09-25,A,200,118,18,0.099478,166049616,4.97,5.17,16.7,22.92,5.14,12.49,4,11.1,15.2,13.3,0.9871,1.0,208903715,10.95,,,91bbc2a7e466,live,8252283,0.555059,0.757746,0.443773,18.424,,LIQUIDITY,0.4803,0.8124,0.555059,curve,0.443773,curve,applied,-0.8124,False,1.0,2026-09-25,current,7.47395,inert-band,gateio,1,,4.0,NEUTRAL,126686.28
2026-09-25,ETHFI,86,119,18,0.712817,688117681,5.42,-7.76,-5.12,12.68,3.81,0.33,4,14.2,11.1,13.6,1.0,1.0,688117681,10.95,63.67,0.2029,91bbc2a7e466,live,37282178,0.709416,0.555873,0.453733,17.8927,,LIQUIDITY,0.4592,0.7902,0.709416,curve,0.453733,curve,inert,-0.7902,False,1.0,2026-09-25,current,9.82382,inert-band,gateio,4,138.8189,4.0,NEUTRAL,887937.21
2026-09-25,GOMINING,214,120,18,0.371043,149542454,12.04,-0.42,-4.41,4.64,-1.9,-0.45,4,10.9,10.8,18.0,1.0,1.0,149542454,,,,91bbc2a7e466,live,18009544,0.543691,0.541938,0.600958,17.707,,CONFIRM,0.3539,0.6126,0.543691,curve,0.600958,curve,inert,-0.6126,False,1.0,2026-09-25,absent,-0.15781,no-feed,,,,,,
2026-09-25,META,225,121,18,5.87,133188572,4.46,8.88,11.59,-19.43,61.41,12.98,4,10.6,15.3,13.0,1.0,1.0,133188572,0.0,,,91bbc2a7e466,live,5942917,0.531117,0.764745,0.43249,17.5664,,LIQUIDITY,0.4819,0.8382,0.531117,curve,0.43249,curve,inert,-0.8382,False,1.0,2026-09-25,current,-4.77674,inert-band,gateio,2,13.14,8.0,NEUTRAL,347722.39
2026-09-25,MON,134,122,18,0.02619014,309702687,13.47,1.04,3.66,-12.92,0.12,-1.98,4,12.5,10.3,19.0,0.9037,1.0,2636899561,10.95,52.7,-0.0676,91bbc2a7e466,live,41728129,0.622736,0.514455,0.632747,18.3192,,CONFIRM,0.3916,0.6646,0.622736,curve,0.632747,curve,applied,-0.6646,False,1.0,2026-09-25,current,9.84244,inert-band,gateio,5,100.3194,4.0,NEUTRAL,522687.39
2026-09-25,RLUSD,36,123,18,1.0,2414914657,12.15,-8.39,-9.96,-8.0,-24.56,-11.92,4,16.9,7.0,18.1,1.0,1.0,2412414614,,47.02,-0.0025,91bbc2a7e466,live,293447421,0.845725,0.350393,0.603366,17.8799,,CONFIRM,0.6092,1.0487,0.845725,curve,0.603366,curve,inert,-1.0487,False,1.0,2026-09-25,absent,0.00557,no-feed,,,,,,
2026-09-25,SHIB,27,124,18,5.94e-06,3497494812,2.92,-0.16,5.67,3.54,-23.72,-2.49,4,17.7,10.1,12.0,1.0,1.0,3499020869,10.95,,,91bbc2a7e466,live,102201336,0.885939,0.505342,0.4,17.9081,,LIQUIDITY,0.5328,0.9163,0.885939,curve,0.39827,floor,inert,-0.9163,False,1.0,2026-09-25,current,6.26338,inert-band,gateio,2,684.8657,8.0,NEUTRAL,3521355.8
2026-09-25,XCN,180,125,18,0.0049765,195717203,6.22,12.95,10.04,28.41,-28.07,7.88,4,11.5,13.7,14.1,0.9799,1.0,265757027,10.95,,,91bbc2a7e466,live,12181929,0.572907,0.687351,0.47165,18.1997,,LIQUIDITY,0.4411,0.7515,0.572907,curve,0.47165,curve,applied,-0.7515,False,1.0,2026-09-25,current,4.81859,inert-band,gateio,1,,4.0,NEUTRAL,234631.59
2026-09-25,BAT,221,126,17,0.091532,136906471,5.86,11.25,19.27,28.06,-33.07,8.59,4,10.7,14.0,13.9,1.0,1.0,137297801,10.95,,,91bbc2a7e466,live,8028629,0.534106,0.698844,0.463651,17.3061,,LIQUIDITY,0.4382,0.7686,0.534106,curve,0.463651,curve,inert,-0.7686,False,1.0,2026-09-25,current,4.02908,inert-band,gateio,2,22.5928,8.0,NEUTRAL,87767.79
2026-09-25,BTT,119,127,17,3.73517e-07,368675485,3.1,6.24,8.34,20.23,-10.52,6.91,4,12.8,13.4,12.1,1.0,1.0,369781885,,,,91bbc2a7e466,live,11422483,0.641661,0.671374,0.402183,17.3258,,LIQUIDITY,0.5196,0.9108,0.641661,curve,0.402183,curve,inert,-0.9108,False,1.0,2026-09-25,absent,1.84428,no-feed,,,,,,
2026-09-25,FF,116,128,17,0.135457,425333572,2.06,0.31,-27.49,26.2,60.71,11.91,4,13.1,15.0,12.0,0.9226,0.935,1354565516,49.494,68.16,0.1575,91bbc2a7e466,live,8781164,0.657182,0.749542,0.4,16.9932,,LIQUIDITY,0.517,0.9163,0.657182,curve,0.379212,floor,applied,-0.9163,False,0.935,2026-09-25,current,3.8729,hot-confirmed,gateio,1,,4.0,OVERHEATED_LONG,14260151.81
2026-09-25,OKB,33,129,17,120.68,2534273282,0.99,-3.09,-3.82,-1.97,-1.54,-2.68,4,17.0,10.0,12.0,1.0,1.0,2534273282,10.95,84.27,-0.6741,91bbc2a7e466,live,25102222,0.850963,0.501883,0.4,17.0834,,LIQUIDITY,0.5185,0.9163,0.850963,curve,0.355345,floor,inert,-0.9163,False,1.0,2026-09-25,current,2.35967,inert-band,gateio,1,,8.0,NEUTRAL,764103.58
2026-09-25,SAND,226,130,17,0.04524607,132916661,33.16,7.98,16.66,1.0,-81.22,-9.43,4,10.6,7.8,25.3,1.0,1.0,135738220,-0.219,,,91bbc2a7e466,live,44072161,0.530895,0.387819,0.842103,17.3381,,CONFIRM,0.5406,0.9472,0.530895,curve,0.842103,curve,inert,-0.9472,False,1.0,2026-09-25,current,13.14509,inert-band,gateio,3,90.1052,8.0,MILD_INVERSION,294055.73
2026-09-25,SNX,213,131,17,0.258683,150289877,12.08,9.47,16.32,4.95,-47.52,-1.35,4,10.9,10.5,18.1,1.0,1.0,150399464,10.95,,,91bbc2a7e466,live,18160203,0.544232,0.525748,0.601854,17.2208,,CONFIRM,0.3655,0.6429,0.544232,curve,0.601854,curve,inert,-0.6429,False,1.0,2026-09-25,current,10.66615,inert-band,gateio,3,307.9922,8.0,NEUTRAL,141183.09
2026-09-25,XEC,186,132,17,9.17e-06,184170696,3.39,9.73,17.12,23.76,-9.55,11.23,4,11.3,14.8,12.3,1.0,1.0,184171671,,,,91bbc2a7e466,live,6236709,0.566305,0.739542,0.408586,17.1118,,LIQUIDITY,0.507,0.8951,0.566305,curve,0.408586,curve,inert,-0.8951,False,1.0,2026-09-25,absent,4.75256,no-feed,,,,,,
2026-09-25,EIGEN,162,133,16,0.24608,228274520,17.46,5.15,4.46,9.35,-69.53,-8.91,4,11.8,7.9,21.6,0.9481,1.0,454559692,10.95,,,91bbc2a7e466,live,39851393,0.589614,0.396097,0.721281,15.9709,,CONFIRM,0.5048,0.9261,0.589614,curve,0.721281,curve,applied,-0.9261,False,1.0,2026-09-25,current,5.39676,inert-band,gateio,5,96.5215,4.0,NEUTRAL,382310.93
2026-09-25,FLOKI,146,134,16,2.889e-05,278555865,9.53,5.34,8.52,2.21,-38.64,-3.44,4,12.2,9.8,16.4,1.0,1.0,160066009,10.95,,,91bbc2a7e466,live,26558179,0.611228,0.488427,0.545205,16.2766,,CONFIRM,0.3947,0.7166,0.611228,curve,0.545205,curve,inert,-0.7166,False,1.0,2026-09-25,current,6.63971,inert-band,gateio,1,,8.0,NEUTRAL,252728.02
2026-09-25,SHFL,192,135,16,0.365562,176470510,0.51,10.14,6.75,17.64,7.35,10.61,4,11.2,14.6,12.0,0.9512,1.0,336385608,,,,91bbc2a7e466,live,898567,0.561668,0.730291,0.4,15.6066,,LIQUIDITY,0.4933,0.9163,0.561668,curve,0.344649,floor,applied,-0.9163,False,1.0,2026-09-25,absent,5.48491,no-feed,,,,,,
2026-09-25,THETA,163,136,16,0.227154,227154185,2.95,1.28,8.39,19.89,-0.98,7.26,4,11.8,13.5,12.0,1.0,1.0,227154185,10.95,,,91bbc2a7e466,live,6704857,0.58908,0.677119,0.4,15.9551,,LIQUIDITY,0.4992,0.9163,0.58908,curve,0.398926,floor,inert,-0.9163,False,1.0,2026-09-25,current,7.51275,inert-band,gateio,2,64.6605,8.0,NEUTRAL,194400.94
2026-09-25,TRUMP,92,137,16,2.1,592992452,53.21,-6.87,-3.53,-14.3,-56.88,-17.9,4,13.9,5.5,26.7,0.9187,1.0,2103795344,10.95,58.7,-1.8861,91bbc2a7e466,live,315520265,0.693262,0.273556,0.890558,15.516,,CONFIRM,0.6957,1.2962,0.693262,curve,0.890558,curve,applied,-1.2962,False,1.0,2026-09-25,current,6.97402,inert-band,gateio,5,33.288,4.0,NEUTRAL,3800275.35
2026-09-25,ZK,224,138,16,0.01238154,133925442,9.16,12.04,20.9,33.77,-75.58,2.16,4,10.6,11.8,16.1,0.9499,1.0,260012398,10.95,,,91bbc2a7e466,live,12271613,0.531716,0.588848,0.536956,15.9698,,DEPTH,0.3443,0.6316,0.531716,curve,0.536956,curve,applied,-0.6316,False,1.0,2026-09-25,current,10.08172,inert-band,gateio,3,125.5318,8.0,NEUTRAL,186476.77
2026-09-25,APE,209,139,15,0.155025,155025185,10.99,7.27,7.74,2.19,-41.12,-3.56,4,11.0,9.7,17.3,1.0,1.0,155025185,10.95,,,91bbc2a7e466,live,17032420,0.547601,0.486299,0.577486,15.3783,,CONFIRM,0.3851,0.7209,0.547601,curve,0.577486,curve,inert,-0.7209,False,1.0,2026-09-25,current,5.39907,inert-band,gateio,5,91.4244,8.0,NEUTRAL,379621.78
2026-09-25,ATOM,72,140,15,1.81,962350561,6.05,-0.42,-7.99,8.59,-38.25,-7.63,4,14.9,8.3,14.0,1.0,1.0,962363397,10.95,,,91bbc2a7e466,live,58235028,0.745833,0.416831,0.467807,14.5435,,CONFIRM,0.4539,0.8751,0.745833,curve,0.467807,curve,inert,-0.8751,False,1.0,2026-09-25,current,6.07826,inert-band,gateio,6,17.5482,8.0,NEUTRAL,1263991.72
2026-09-25,IMX,219,141,15,0.16026,140944180,6.5,15.15,23.32,19.15,-50.67,5.03,4,10.7,12.8,14.3,0.9393,1.0,320519976,10.95,,,91bbc2a7e466,live,9162588,0.537262,0.639273,0.477797,15.4142,,LIQUIDITY,0.395,0.7386,0.537262,curve,0.477797,curve,applied,-0.7386,False,1.0,2026-09-25,current,9.46222,inert-band,gateio,4,10.2172,4.0,NEUTRAL,324517.37
2026-09-25,U,54,142,15,0.999363,1481912495,9.4,-8.39,-9.96,-7.97,-24.6,-11.92,4,15.9,7.0,16.3,1.0,1.0,1481912495,,49.78,-0.0034,91bbc2a7e466,live,139338955,0.792706,0.350404,0.542281,15.0628,,CONFIRM,0.554,1.0487,0.792706,curve,0.542281,curve,inert,-1.0487,False,1.0,2026-09-25,absent,0.02697,no-feed,,,,,,
2026-09-25,ZBCN,168,143,15,0.00218119,218116680,4.34,11.93,9.99,7.4,-30.19,1.89,4,11.7,11.7,12.9,1.0,1.0,218116680,10.95,,,91bbc2a7e466,live,9458454,0.584672,0.583953,0.429698,14.6708,,LIQUIDITY,0.4401,0.8447,0.584672,curve,0.429698,curve,inert,-0.8447,False,1.0,2026-09-25,current,7.14487,inert-band,gateio,1,,4.0,NEUTRAL,53649.99
2026-09-25,ASTER,43,144,14,0.730587,1980247985,6.16,-11.38,-5.87,-3.21,-20.51,-9.79,4,16.5,7.6,14.1,0.9268,1.0,5695470620,10.95,,,91bbc2a7e466,live,122013859,0.82418,0.382318,0.470257,13.7331,,CONFIRM,0.4843,0.9615,0.82418,curve,0.470257,curve,applied,-0.9615,False,1.0,2026-09-25,current,4.59665,inert-band,gateio,5,38.7402,4.0,NEUTRAL,3424625.06
2026-09-25,B,173,145,14,0.206938,206938346,2.12,5.55,-2.03,49.12,-36.86,6.07,4,11.6,13.1,12.0,1.0,0.925,206938346,172.572,,,91bbc2a7e466,live,4392563,0.57896,0.6571,0.4,14.0807,,LIQUIDITY,0.4674,0.9163,0.57896,curve,0.380503,floor,inert,-0.9163,False,0.925,2026-09-25,current,-0.55697,hot-confirmed,gateio,1,,4.0,OVERHEATED_LONG,1734410.06
2026-09-25,CHZ,193,146,14,0.01651262,174029543,15.88,3.01,10.49,9.28,-80.8,-10.31,4,11.2,7.5,20.6,1.0,1.0,174029543,10.95,,,91bbc2a7e466,live,27632756,0.560156,0.374243,0.686182,14.3847,,CONFIRM,0.5069,0.9829,0.560156,curve,0.686182,curve,inert,-0.9829,False,1.0,2026-09-25,current,5.61072,inert-band,gateio,3,34.2815,8.0,NEUTRAL,162546.88
2026-09-25,CRO,29,147,14,0.065949,3280501279,0.56,0.98,5.72,3.97,-49.94,-7.27,4,17.6,8.5,12.0,0.9481,1.0,6525196619,10.95,,,91bbc2a7e466,live,18513463,0.878985,0.422666,0.4,14.0894,,LIQUIDITY,0.4676,0.9163,0.878985,curve,0.345874,floor,applied,-0.9163,False,1.0,2026-09-25,current,8.59268,inert-band,gateio,2,98.7143,8.0,NEUTRAL,443539.49
2026-09-25,SN64,234,148,14,20.92,125847731,0.44,11.0,14.79,8.41,-16.43,5.81,4,10.5,13.1,12.0,1.0,1.0,125847731,,,,91bbc2a7e466,live,551893,0.524961,0.652802,0.4,13.7078,,LIQUIDITY,0.4611,0.9163,0.524961,curve,0.343079,floor,inert,-0.9163,False,1.0,2026-09-25,absent,9.54373,no-feed,,,,,,
2026-09-25,TRAC,199,149,14,0.374729,167606702,4.46,8.41,2.35,3.58,-13.2,1.36,4,11.1,11.5,13.0,0.9984,1.0,187364633,,,,91bbc2a7e466,live,7470123,0.556073,0.574527,0.432376,13.7914,,LIQUIDITY,0.4232,0.8385,0.556073,curve,0.432376,curve,applied,-0.8385,False,1.0,2026-09-25,absent,4.43037,no-feed,,,,,,
2026-09-25,USDGO,58,150,14,0.999785,1407477830,8.6,-8.45,-10.01,-8.04,-24.57,-11.96,4,15.7,7.0,15.7,1.0,1.0,1407477830,,,,91bbc2a7e466,live,121091654,0.78711,0.349745,0.524521,14.4394,,CONFIRM,0.5429,1.0506,0.78711,curve,0.524521,curve,inert,-1.0506,False,1.0,2026-09-25,absent,-0.06776,no-feed,,,,,,
2026-09-25,1INCH,216,151,13,0.102596,144206437,11.97,-1.38,4.4,6.77,-52.82,-8.18,4,10.8,8.2,18.0,1.0,1.0,153894182,10.95,,,91bbc2a7e466,live,17263437,0.539746,0.407734,0.599363,13.1904,,CONFIRM,0.4429,0.8971,0.539746,curve,0.599363,curve,inert,-0.8971,False,1.0,2026-09-25,current,5.96019,inert-band,gateio,3,31.8917,8.0,NEUTRAL,119746.81
2026-09-25,EURCV,183,152,13,1.14,191270321,15.59,-9.1,-11.69,-10.32,-26.14,-13.46,4,11.4,6.6,20.4,1.0,1.0,191270321,,,,91bbc2a7e466,live,29821089,0.570412,0.32871,0.679802,12.7463,,CONFIRM,0.5401,1.1126,0.570412,curve,0.679802,curve,inert,-1.1126,False,1.0,2026-09-25,absent,0.25008,no-feed,,,,,,
2026-09-25,KOGE,158,153,13,69.23,234003048,0.03,-6.12,-10.02,1.15,19.67,-0.12,4,11.8,11.0,12.0,1.0,1.0,234003048,,,,91bbc2a7e466,live,63399,0.592305,0.547888,0.4,12.9807,,LIQUIDITY,0.4488,0.9163,0.592305,curve,0.333935,floor,inert,-0.9163,False,1.0,2026-09-25,absent,0.01588,no-feed,,,,,,
2026-09-25,LUNC,136,154,13,5.56e-05,306389887,3.25,-0.24,-1.19,-3.3,2.24,-0.74,4,12.4,10.7,12.2,0.994,1.0,358531832,10.95,,,91bbc2a7e466,live,9966097,0.621569,0.536609,0.405617,13.4477,,LIQUIDITY,0.4497,0.9023,0.621569,curve,0.405617,curve,applied,-0.9023,False,1.0,2026-09-25,current,5.0533,inert-band,gateio,1,,8.0,NEUTRAL,220988.59
2026-09-25,TWT,154,155,13,0.582421,242665458,3.91,-2.23,-6.26,18.6,-7.28,0.96,4,11.9,11.3,12.6,0.9361,1.0,582420536,10.95,,,91bbc2a7e466,live,9477838,0.596252,0.567287,0.420127,13.3026,,LIQUIDITY,0.4299,0.8672,0.596252,curve,0.420127,curve,applied,-0.8672,False,1.0,2026-09-25,current,8.23006,inert-band,gateio,1,,8.0,NEUTRAL,139237.86
2026-09-25,2Z,181,156,12,0.05544,192348634,10.48,6.53,10.53,-8.2,-50.92,-7.64,4,11.4,8.3,17.0,0.9268,1.0,554293648,10.95,,,91bbc2a7e466,live,20166821,0.571022,0.416528,0.566323,12.4838,,CONFIRM,0.4209,0.8758,0.571022,curve,0.566323,curve,applied,-0.8758,False,1.0,2026-09-25,current,6.43187,inert-band,gateio,3,118.0603,4.0,NEUTRAL,94096.9
2026-09-25,BUIDL,38,157,12,1.0,2289899848,0.0,-8.39,-9.98,-8.01,-24.56,-11.93,4,16.8,7.0,12.0,1.0,1.0,2289899848,,50.0,0.0,91bbc2a7e466,live,0.0,0.839954,0.350237,0.4,11.7673,,CONFIRM,0.4903,1.0491,0.839954,curve,0.0,zero-volume,inert,-1.0491,False,1.0,2026-09-25,absent,0.0,no-feed,,,,,,
2026-09-25,DCR,130,158,12,18.02,317515898,0.79,0.16,4.14,25.63,-58.22,-4.15,4,12.5,9.5,12.0,1.0,1.0,317520948,,,,91bbc2a7e466,live,2523813,0.625441,0.475903,0.4,11.906,,LIQUIDITY,0.4306,0.9163,0.625441,curve,0.350997,floor,inert,-0.9163,False,1.0,2026-09-25,absent,-0.83709,no-feed,,,,,,
2026-09-25,HTX,50,159,12,1.72e-06,1546119939,0.47,-6.37,-8.61,-7.74,-18.82,-9.76,4,15.9,7.7,12.0,1.0,1.0,1546119939,,25.6,-0.0612,91bbc2a7e466,live,7243406,0.797311,0.382704,0.4,12.2054,,CONFIRM,0.4567,0.9605,0.797311,curve,0.343744,floor,inert,-0.9605,False,1.0,2026-09-25,absent,0.77562,no-feed,,,,,,
2026-09-25,MX,195,160,12,1.89,173292047,8.62,-4.02,-3.45,3.27,-19.75,-5.2,4,11.2,9.2,15.7,0.9125,1.0,771807582,,,,91bbc2a7e466,live,14943900,0.559695,0.457688,0.524967,12.2712,,CONFIRM,0.3725,0.7816,0.559695,curve,0.524967,curve,applied,-0.7816,False,1.0,2026-09-25,absent,0.06218,no-feed,,,,,,
2026-09-25,NEO,184,161,12,2.66,187392971,2.9,9.43,11.95,14.5,-44.25,0.59,4,11.4,11.2,12.0,0.9759,1.0,265692572,10.95,,,91bbc2a7e466,live,5433080,0.568188,0.560692,0.4,12.436,,LIQUIDITY,0.4396,0.9163,0.568188,curve,0.397762,floor,applied,-0.9163,False,1.0,2026-09-25,current,6.33831,inert-band,gateio,3,85.3334,8.0,NEUTRAL,134794.35
2026-09-25,NEXO,74,162,12,0.877388,877388174,0.41,-1.9,-4.39,-1.5,-29.55,-7.95,4,14.7,8.2,12.0,1.0,1.0,877388174,,,,91bbc2a7e466,live,3635839,0.735798,0.411499,0.4,12.1112,,LIQUIDITY,0.434,0.9163,0.735798,curve,0.342542,floor,inert,-0.9163,False,1.0,2026-09-25,absent,1.96854,no-feed,,,,,,
2026-09-25,OHM,138,163,12,20.41,304546834,0.07,-6.22,-9.96,5.31,-5.49,-4.13,4,12.4,9.5,12.0,0.9819,1.0,404645674,,,,91bbc2a7e466,live,213506,0.620914,0.476395,0.4,11.6179,,LIQUIDITY,0.4257,0.9163,0.620914,curve,0.334891,floor,applied,-0.9163,False,1.0,2026-09-25,absent,0.98993,no-feed,,,,,,
2026-09-25,SFP,212,164,12,0.307744,153872164,0.67,-2.59,8.29,8.56,-12.45,0.95,4,10.9,11.3,12.0,1.0,1.0,153872164,10.95,,,91bbc2a7e466,live,1025180,0.54679,0.567035,0.4,12.402,,LIQUIDITY,0.439,0.9163,0.54679,curve,0.348139,floor,inert,-0.9163,False,1.0,2026-09-25,current,4.74947,inert-band,gateio,1,,8.0,NEUTRAL,14151.75
2026-09-25,USDY,39,165,12,1.14,2271615113,0.25,-8.12,-9.89,-7.76,-22.4,-11.33,4,16.8,7.2,12.0,1.0,1.0,2271615113,,50.0,0.0,91bbc2a7e466,live,5614788,0.839084,0.358996,0.4,12.0491,,CONFIRM,0.4841,1.0244,0.839084,curve,0.338826,floor,inert,-1.0244,False,1.0,2026-09-25,absent,0.07425,no-feed,,,,,,
2026-09-25,USYC,34,166,12,1.14,2432982000,0.0,-8.33,-9.85,-7.74,-22.83,-11.46,4,16.9,7.1,12.0,1.0,1.0,2432982000,,100.0,0.0,91bbc2a7e466,live,0.0,0.846535,0.356992,0.4,12.0882,,CONFIRM,0.4875,1.03,0.846535,curve,0.0,zero-volume,inert,-1.03,False,1.0,2026-09-25,absent,0.00925,no-feed,,,,,,
2026-09-25,BFUSD,60,167,11,0.999085,1318791857,0.51,-8.29,-9.97,-8.01,-24.5,-11.88,4,15.6,7.0,12.0,1.0,1.0,1318791857,,,,91bbc2a7e466,live,6726467,0.780044,0.350903,0.4,10.9488,,CONFIRM,0.4735,1.0472,0.780044,curve,0.344668,floor,inert,-1.0472,False,1.0,2026-09-25,absent,-0.05147,no-feed,,,,,,
2026-09-25,BGB,57,168,11,2.02,1411367598,4.06,-6.84,-8.23,-3.43,-34.83,-11.93,4,15.7,7.0,12.7,0.9838,1.0,1836655494,,,,91bbc2a7e466,live,57344498,0.78741,0.350169,0.423623,11.4912,,CONFIRM,0.485,1.0493,0.78741,curve,0.423623,curve,applied,-1.0493,False,1.0,2026-09-25,absent,-1.02272,no-feed,,,,,,
2026-09-25,EDGE,177,169,11,0.563636,197272477,1.15,-15.64,-10.81,38.62,-24.56,-2.65,3,11.5,10.0,12.0,0.9271,1.0,563635649,10.95,,,91bbc2a7e466,live,2264950,0.573767,0.502419,0.4,10.6903,,LIQUIDITY,0.4098,0.9163,0.573767,curve,0.358847,floor,applied,-0.9163,False,1.0,2026-09-25,current,2.27773,inert-band,gateio,1,,4.0,NEUTRAL,19364.83
2026-09-25,EGLD,217,170,11,4.61,142106997,3.28,5.89,-11.63,28.47,-40.33,-2.09,4,10.8,10.3,12.2,1.0,1.0,142106997,10.95,,,91bbc2a7e466,live,4656871,0.538154,0.512507,0.406156,11.2021,,LIQUIDITY,0.4116,0.901,0.538154,curve,0.406156,curve,inert,-0.901,False,1.0,2026-09-25,current,9.10799,inert-band,gateio,2,69.8556,8.0,NEUTRAL,253745.46
2026-09-25,EURSAFO,55,171,11,1.16,1474609643,0.0,-9.11,-11.62,-10.12,-24.56,-13.08,3,15.8,6.7,12.0,1.0,1.0,1474609643,,,,91bbc2a7e466,live,0.0,0.792169,0.333907,0.4,10.5804,,CONFIRM,0.4883,1.0969,0.792169,curve,0.0,zero-volume,inert,-1.0969,False,1.0,2026-09-25,absent,0.28909,no-feed,,,,,,
2026-09-25,GLM,231,172,11,0.128122,128121510,1.63,-1.34,10.51,7.95,-23.3,-0.45,4,10.5,10.8,12.0,1.0,1.0,128121510,10.95,,,91bbc2a7e466,live,2088050,0.526906,0.541924,0.4,11.4217,,LIQUIDITY,0.4223,0.9163,0.526906,curve,0.36955,floor,inert,-0.9163,False,1.0,2026-09-25,current,5.04067,inert-band,gateio,1,,4.0,NEUTRAL,32618.39
2026-09-25,JASMY,160,173,11,0.00464067,229458154,5.46,8.44,8.42,-8.78,-56.34,-8.83,4,11.8,7.9,13.6,1.0,1.0,232033730,10.95,,,91bbc2a7e466,live,12519663,0.590176,0.39742,0.454582,10.6621,,CONFIRM,0.4122,0.9228,0.590176,curve,0.454582,curve,inert,-0.9228,False,1.0,2026-09-25,current,7.0907,inert-band,gateio,2,44.238,8.0,NEUTRAL,255839.07
2026-09-25,REUSD,143,174,11,1.1,288702490,0.24,-8.3,-9.73,-7.48,0.31,-6.73,4,12.3,8.6,12.0,1.0,1.0,288702490,,,,91bbc2a7e466,live,696457,0.615113,0.431701,0.4,10.6218,,LIQUIDITY,0.4086,0.9163,0.615113,curve,0.338694,floor,inert,-0.9163,False,1.0,2026-09-25,absent,0.0091,no-feed,,,,,,
2026-09-25,SUN,124,175,11,0.01721779,330963589,5.48,-6.24,-8.15,-7.42,-19.33,-9.63,4,12.6,7.7,13.7,1.0,1.0,342646689,10.95,,,91bbc2a7e466,live,18126378,0.629945,0.384742,0.455041,11.0287,,CONFIRM,0.4333,0.9552,0.629945,curve,0.455041,curve,inert,-0.9552,False,1.0,2026-09-25,current,0.85348,inert-band,gateio,1,,8.0,NEUTRAL,81039.39
2026-09-25,SYRUP,150,176,11,0.219495,256210175,5.62,-6.77,-9.09,4.47,-28.67,-8.92,4,12.0,7.9,13.7,1.0,1.0,273200290,10.95,,,91bbc2a7e466,live,14403976,0.602149,0.39595,0.458265,10.926,,CONFIRM,0.4185,0.9265,0.602149,curve,0.458265,curve,inert,-0.9265,False,1.0,2026-09-25,current,9.73609,inert-band,gateio,3,25.2466,8.0,NEUTRAL,317653.78
2026-09-25,USDF,59,177,11,0.995621,1371381121,0.03,-8.41,-10.06,-8.08,-24.6,-11.98,4,15.7,7.0,12.0,1.0,1.0,1371381121,,,,91bbc2a7e466,live,422855,0.78429,0.349505,0.4,10.9645,,CONFIRM,0.4756,1.0512,0.78429,curve,0.334019,floor,inert,-1.0512,False,1.0,2026-09-25,absent,0.01113,no-feed,,,,,,
2026-09-25,XDC,89,178,11,0.03085092,615373700,1.76,1.08,-0.97,0.75,-41.37,-8.0,4,13.9,8.2,12.0,0.9511,1.0,1174361467,10.95,,,91bbc2a7e466,live,10853237,0.697285,0.410643,0.4,10.8933,,LIQUIDITY,0.4133,0.9163,0.697285,curve,0.372526,floor,applied,-0.9163,False,1.0,2026-09-25,current,4.95239,inert-band,gateio,1,,4.0,NEUTRAL,182606.25
2026-09-25,YLDS,103,179,11,0.999856,497374525,5.86,-8.37,-9.96,-8.01,-24.57,-11.92,4,13.5,7.0,13.9,1.0,1.0,497374525,,,,91bbc2a7e466,live,29155883,0.674171,0.350363,0.463599,10.9504,,CONFIRM,0.4742,1.0488,0.674171,curve,0.463599,curve,inert,-1.0488,False,1.0,2026-09-25,absent,0.01369,no-feed,,,,,,
2026-09-25,APEPE,149,180,10,1.24e-06,260863702,8.9,-5.5,-34.39,-4.83,-16.16,-14.69,4,12.1,6.2,15.9,1.0,1.0,260863702,,,,91bbc2a7e466,live,23205535,0.604103,0.312355,0.531015,10.02,,CONFIRM,0.5058,1.1636,0.604103,curve,0.531015,curve,inert,-1.1636,False,1.0,2026-09-25,absent,1.64066,no-feed,,,,,,
2026-09-25,AUSD,166,181,10,0.99978,224241738,7.63,-8.34,-9.96,-8.03,-24.58,-11.91,4,11.8,7.0,15.1,1.0,1.0,224241738,,,,91bbc2a7e466,live,17109077,0.587679,0.350426,0.502883,10.3563,,CONFIRM,0.4624,1.0486,0.587679,curve,0.502883,curve,inert,-1.0486,False,1.0,2026-09-25,absent,0.01545,no-feed,,,,,,
2026-09-25,AWE,232,182,10,0.065558,127341787,1.18,-8.46,-0.51,-3.1,6.73,-2.09,4,10.5,10.2,12.0,1.0,0.914,127341787,72.927,,,91bbc2a7e466,live,1507984,0.526243,0.512381,0.4,9.859,,LIQUIDITY,0.3955,0.9163,0.526243,curve,0.359649,floor,inert,-0.9163,False,0.914,2026-09-25,current,3.76783,hot-confirmed,gateio,1,,8.0,OVERHEATED_LONG,27206.05
2026-09-25,BDX,90,183,10,0.077881,612988928,0.47,-5.37,-8.35,-12.77,-25.45,-11.98,4,13.9,7.0,12.0,0.9867,1.0,774115555,,,,91bbc2a7e466,live,2858434,0.696863,0.349505,0.4,9.6127,,CONFIRM,0.4488,1.0512,0.696863,curve,0.343696,floor,applied,-1.0512,False,1.0,2026-09-25,absent,1.71544,no-feed,,,,,,
2026-09-25,CASH,230,184,10,0.999616,128782986,8.6,-8.34,-9.97,-8.03,-24.6,-11.92,4,10.5,7.0,15.7,1.0,1.0,128782986,,,,91bbc2a7e466,live,11079345,0.527465,0.350341,0.524514,9.6926,,CONFIRM,0.4494,1.0488,0.527465,curve,0.524514,curve,inert,-1.0488,False,1.0,2026-09-25,absent,-0.00024,no-feed,,,,,,
2026-09-25,CRVUSD,167,185,10,0.999766,223772770,5.75,-8.32,-9.93,-7.99,-24.3,-11.84,4,11.7,7.0,13.8,1.0,1.0,223782867,,,,91bbc2a7e466,live,12866119,0.587452,0.351549,0.461103,9.5226,,CONFIRM,0.4446,1.0454,0.587452,curve,0.461103,curve,inert,-1.0454,False,1.0,2026-09-25,absent,-0.04635,no-feed,,,,,,
2026-09-25,EURC,107,186,10,1.14,458866741,5.85,-9.11,-11.68,-10.35,-25.91,-13.42,4,13.3,6.6,13.9,1.0,1.0,458879764,4.38,,,91bbc2a7e466,live,26839713,0.665422,0.329218,0.463314,10.1498,,CONFIRM,0.4857,1.111,0.665422,curve,0.463314,curve,inert,-1.111,False,1.0,2026-09-25,current,0.27576,inert-band,coinbase,1,,1.0,NEUTRAL,1148090.3
2026-09-25,EUTBL,81,187,10,1.21,751602778,0.0,-9.12,-11.64,-10.17,-24.89,-13.17,4,14.4,6.7,12.0,1.0,1.0,751602778,,,,91bbc2a7e466,live,0.0,0.718997,0.332732,0.4,9.5693,,CONFIRM,0.4689,1.1004,0.718997,curve,0.0,zero-volume,inert,-1.1004,False,1.0,2026-09-25,absent,0.27549,no-feed,,,,,,
2026-09-25,GHO,84,188,10,0.998959,698272639,1.07,-8.33,-9.9,-7.99,-24.61,-11.9,4,14.2,7.0,12.0,1.0,1.0,698272639,,,,91bbc2a7e466,live,7459680,0.711006,0.350697,0.4,9.9739,,CONFIRM,0.4546,1.0478,0.711006,curve,0.357073,floor,inert,-1.0478,False,1.0,2026-09-25,absent,-0.00566,no-feed,,,,,,
2026-09-25,IOTA,159,189,10,0.04973273,231533343,3.38,4.23,13.72,5.38,-64.96,-6.95,4,11.8,8.6,12.3,1.0,1.0,248144128,10.95,,,91bbc2a7e466,live,7828911,0.591153,0.428052,0.408474,10.3362,,LIQUIDITY,0.3945,0.8953,0.591153,curve,0.408474,curve,inert,-0.8953,False,1.0,2026-09-25,current,8.42564,inert-band,gateio,3,42.3488,8.0,NEUTRAL,481354.82
2026-09-25,JAAA,94,190,10,1.051,579415889,0.0,-8.29,-9.78,-7.58,-22.14,-11.26,4,13.8,7.2,12.0,1.0,1.0,579415889,,,,91bbc2a7e466,live,0.0,0.690748,0.360066,0.4,9.9486,,CONFIRM,0.4426,1.0215,0.690748,curve,0.0,zero-volume,inert,-1.0215,False,1.0,2026-09-25,absent,0.00152,no-feed,,,,,,
2026-09-25,KAIA,165,191,10,0.03518067,226141477,2.6,9.73,12.11,-0.26,-64.66,-7.05,4,11.8,8.5,12.0,1.0,1.0,226148877,10.95,,,91bbc2a7e466,live,5871503,0.588595,0.426352,0.4,10.0379,,LIQUIDITY,0.3986,0.9163,0.588595,curve,0.391031,floor,inert,-0.9163,False,1.0,2026-09-25,current,9.32554,inert-band,gateio,2,110.8888,4.0,NEUTRAL,44691.68
2026-09-25,KCS,68,192,10,7.36,1009094546,0.31,-5.41,-3.27,-5.04,-45.16,-12.73,4,15.0,6.8,12.0,1.0,1.0,1045881188,,,,91bbc2a7e466,live,3169812,0.750983,0.338758,0.4,10.1761,,CONFIRM,0.4737,1.0825,0.750983,curve,0.340314,floor,inert,-1.0825,False,1.0,2026-09-25,absent,2.81278,no-feed,,,,,,
2026-09-25,USD0,98,193,10,0.999086,546139510,0.08,-8.35,-9.95,-7.96,-24.5,-11.88,4,13.7,7.0,12.0,1.0,1.0,546139510,,,,91bbc2a7e466,live,411424,0.684326,0.350873,0.4,9.6045,,CONFIRM,0.447,1.0473,0.684326,curve,0.335007,floor,inert,-1.0473,False,1.0,2026-09-25,absent,-0.0078,no-feed,,,,,,
2026-09-25,USTB,82,194,10,11.22,743605730,0.0,-8.33,-9.84,-7.72,-22.64,-11.42,4,14.4,7.2,12.0,1.0,1.0,743205831,,,,91bbc2a7e466,live,0.0,0.717836,0.35769,0.4,10.2705,,CONFIRM,0.4517,1.0281,0.717836,curve,0.0,zero-volume,inert,-1.0281,False,1.0,2026-09-25,absent,0.00981,no-feed,,,,,,
2026-09-25,A7A5,106,195,9,0.01178576,462425025,0.0,-8.65,-10.35,-10.76,-31.25,-14.12,4,13.3,6.4,12.0,1.0,1.0,462425025,,,,91bbc2a7e466,live,42.01,0.66626,0.319785,0.4,8.5224,,CONFIRM,0.463,1.1401,0.66626,curve,0.333334,floor,inert,-1.1401,False,1.0,2026-09-25,absent,-0.26732,no-feed,,,,,,
2026-09-25,APXUSD,132,196,9,0.981449,316769581,0.25,-7.75,-8.82,-6.6,-26.43,-11.47,4,12.5,7.1,12.0,1.0,1.0,316769581,,,,91bbc2a7e466,live,780144,0.625186,0.356975,0.4,8.927,,CONFIRM,0.4263,1.0301,0.625186,curve,0.338806,floor,inert,-1.0301,False,1.0,2026-09-25,absent,-0.23199,no-feed,,,,,,
2026-09-25,BORG,191,197,9,0.18245,179047332,0.15,-1.0,-2.16,-4.12,-32.98,-8.47,4,11.3,8.1,12.0,1.0,1.0,179047332,,,,91bbc2a7e466,live,265529,0.563242,0.40316,0.4,9.0831,,LIQUIDITY,0.382,0.9163,0.563242,curve,0.336629,floor,inert,-0.9163,False,1.0,2026-09-25,absent,2.70325,no-feed,,,,,,
2026-09-25,BTSE,202,198,9,1.017,164848517,0.13,-10.69,-3.52,28.19,-61.71,-9.38,4,11.1,7.8,12.0,0.9889,1.0,203439455,,,,91bbc2a7e466,live,213498,0.554271,0.388666,0.4,8.5214,,CONFIRM,0.3838,0.945,0.554271,curve,0.336211,floor,applied,-0.945,False,1.0,2026-09-25,absent,1.0928,no-feed,,,,,,
2026-09-25,CFX,144,199,9,0.054982,288231831,2.32,5.33,7.12,5.57,-76.01,-10.43,4,12.3,7.4,12.0,1.0,1.0,288234287,10.95,,,91bbc2a7e466,live,6693019,0.614935,0.372418,0.4,9.1605,,CONFIRM,0.4132,0.9877,0.614935,curve,0.384935,floor,inert,-0.9877,False,1.0,2026-09-25,current,6.92522,inert-band,gateio,4,60.8336,8.0,NEUTRAL,605029.15
2026-09-25,FLR,87,200,9,0.00725581,630595991,0.78,4.05,3.43,2.92,-80.36,-13.27,4,14.0,6.6,12.0,0.9895,1.0,773628154,-15.8775,,,91bbc2a7e466,live,4901220,0.699938,0.331318,0.4,9.1787,,CONFIRM,0.4625,1.1047,0.699938,curve,0.350605,floor,applied,-1.1047,False,1.0,2026-09-25,current,3.85804,cold-no-rsi,gateio,1,,8.0,SHORT_SQUEEZE_RISK,28611.66
2026-09-25,JTRSY,127,201,9,1.12,326943964,0.0,-8.33,-9.86,-7.75,-22.68,-11.44,4,12.6,7.1,12.0,1.0,1.0,326943964,,,,91bbc2a7e466,live,0.0,0.628618,0.357366,0.4,8.9859,,CONFIRM,0.4271,1.029,0.628618,curve,0.0,zero-volume,inert,-1.029,False,1.0,2026-09-25,absent,0.00734,no-feed,,,,,,
2026-09-25,KITE,133,202,9,0.130547,312162386,3.9,10.7,9.98,2.58,-78.95,-9.44,4,12.5,7.8,12.6,0.914,1.0,1305465484,0.657,,,91bbc2a7e466,live,12166356,0.623595,0.387719,0.419943,9.2802,,CONFIRM,0.3986,0.9475,0.623595,curve,0.419943,curve,applied,-0.9475,False,1.0,2026-09-25,current,-0.47698,inert-band,gateio,1,,4.0,NEUTRAL,255391.08
2026-09-25,M,31,203,9,1.2,2725119734,0.04,-17.83,-9.17,-3.99,-41.33,-16.91,4,17.2,5.7,12.0,0.9366,1.0,6480015955,10.95,,,91bbc2a7e466,live,980350,0.858846,0.28491,0.4,9.1672,,CONFIRM,0.5254,1.2556,0.858846,curve,0.334133,floor,applied,-1.2556,False,1.0,2026-09-25,current,-2.58957,inert-band,gateio,1,,8.0,NEUTRAL,863921.27
2026-09-25,NIGHT,117,204,9,0.02453581,407475915,1.62,-3.73,6.35,15.94,-80.84,-11.71,4,13.1,7.1,12.0,0.9741,1.0,588859322,10.95,,,91bbc2a7e466,live,6602423,0.652525,0.353355,0.4,8.9841,,CONFIRM,0.4317,1.0403,0.652525,curve,0.36934,floor,applied,-1.0403,False,1.0,2026-09-25,current,4.88205,inert-band,gateio,3,2979.8035,8.0,NEUTRAL,189020.14
2026-09-25,OUSG,129,205,9,116.67,318590010,0.0,-8.33,-9.85,-7.73,-22.67,-11.42,4,12.5,7.2,12.0,1.0,1.0,318590010,,,,91bbc2a7e466,live,0.0,0.625808,0.357575,0.4,8.9509,,CONFIRM,0.4261,1.0284,0.625808,curve,0.0,zero-volume,inert,-1.0284,False,1.0,2026-09-25,absent,0.00939,no-feed,,,,,,
2026-09-25,RLB,228,206,9,0.083863,131384690,0.3,-7.04,-8.81,-4.83,-6.17,-6.76,4,10.6,8.6,12.0,1.0,1.0,131385895,0.0,,,91bbc2a7e466,live,393482,0.529636,0.431247,0.4,9.1362,,LIQUIDITY,0.3829,0.9163,0.529636,curve,0.339989,floor,inert,-0.9163,False,1.0,2026-09-25,current,1.45648,inert-band,hyperliquid,1,,1.0,NEUTRAL,
2026-09-25,SOFID,128,207,9,0.998002,322221903,3.2,-8.51,-10.11,-8.09,-24.56,-12.01,3,12.5,7.0,12.1,1.0,1.0,322221903,,,,91bbc2a7e466,live,10305454,0.627039,0.348991,0.404406,8.8497,,CONFIRM,0.4341,1.0527,0.627039,curve,0.404406,curve,inert,-1.0527,False,1.0,2026-09-25,absent,-0.14114,no-feed,,,,,,
2026-09-25,USDTB,105,208,9,0.999574,475784923,0.01,-8.34,-9.98,-8.06,-24.55,-11.92,4,13.4,7.0,12.0,1.0,1.0,475784923,,,,91bbc2a7e466,live,37074,0.669353,0.350342,0.4,9.3801,,CONFIRM,0.4432,1.0488,0.669353,curve,0.333506,floor,inert,-1.0488,False,1.0,2026-09-25,absent,-0.0196,no-feed,,,,,,
2026-09-25,APYUSD,197,209,8,1.38,169873381,0.13,-7.0,-8.79,-6.14,-24.56,-10.74,3,11.2,7.4,12.0,1.0,1.0,169873381,,,,91bbc2a7e466,live,219207,0.557531,0.367698,0.4,8.2001,,CONFIRM,0.4,1.0005,0.557531,curve,0.336201,floor,inert,-1.0005,False,1.0,2026-09-25,absent,0.20304,no-feed,,,,,,
2026-09-25,CVX,178,210,8,2.11,196922748,3.5,-1.79,-8.93,-10.73,-37.28,-12.91,4,11.5,6.7,12.3,1.0,1.0,211286137,10.95,,,91bbc2a7e466,live,6901154,0.573574,0.336306,0.411211,7.9321,,CONFIRM,0.43,1.0897,0.573574,curve,0.411211,curve,inert,-1.0897,False,1.0,2026-09-25,current,8.81956,inert-band,gateio,2,37.9819,8.0,NEUTRAL,36015.3
2026-09-25,PC0000031,176,211,8,1.0,202500000,0.0,-8.39,-9.98,-8.01,-24.56,-11.93,4,11.5,7.0,12.0,1.0,1.0,202500000,,,,91bbc2a7e466,live,0.0,0.576606,0.350237,0.4,8.078,,CONFIRM,0.417,1.0491,0.576606,curve,0.0,zero-volume,inert,-1.0491,False,1.0,2026-09-25,absent,0.0,no-feed,,,,,,
2026-09-25,PC0000033,204,212,8,1.0,162500000,0.0,-8.39,-9.98,-8.01,-24.56,-11.93,4,11.1,7.0,12.0,1.0,1.0,162500000,,,,91bbc2a7e466,live,0.0,0.552713,0.350237,0.4,7.7432,,CONFIRM,0.4101,1.0491,0.552713,curve,0.0,zero-volume,inert,-1.0491,False,1.0,2026-09-25,absent,0.0,no-feed,,,,,,
2026-09-25,SAFO,171,213,8,1.022,208537368,0.0,-8.31,-9.82,-7.68,-24.56,-11.78,3,11.6,7.0,12.0,1.0,1.0,208537368,,,,91bbc2a7e466,live,0.0,0.579796,0.352364,0.4,8.172,,CONFIRM,0.4165,1.0431,0.579796,curve,0.0,zero-volume,inert,-1.0431,False,1.0,2026-09-25,absent,0.01155,no-feed,,,,,,
2026-09-25,STABLE,85,214,8,0.02621387,698242888,1.39,-0.04,-19.59,-14.26,-30.55,-14.58,4,14.2,6.3,12.0,0.9169,1.0,2621386692,10.95,19.94,-0.5201,91bbc2a7e466,live,9716770,0.711002,0.313691,0.4,8.18,,CONFIRM,0.4631,1.1593,0.711002,curve,0.364258,floor,applied,-1.1593,False,1.0,2026-09-25,current,-1.41886,inert-band,gateio,2,0.0,4.0,NEUTRAL,116781.12
2026-09-25,STRCX,211,215,8,105.8,154321383,0.26,-9.54,-10.17,-6.1,-19.45,-10.82,4,10.9,7.3,12.0,0.9499,1.0,299571592,,,,91bbc2a7e466,live,400869,0.547107,0.366576,0.4,7.6203,,CONFIRM,0.3898,1.0035,0.547107,curve,0.339106,floor,applied,-1.0035,False,1.0,2026-09-25,absent,7.02354,no-feed,,,,,,
2026-09-25,USAT,187,216,8,0.999333,183195398,0.11,-8.33,-10.04,-8.06,-24.57,-11.94,4,11.3,7.0,12.0,1.0,1.0,183195398,,,,91bbc2a7e466,live,209391,0.565729,0.350055,0.4,7.9215,,CONFIRM,0.414,1.0497,0.565729,curve,0.335873,floor,inert,-1.0497,False,1.0,2026-09-25,absent,-0.00113,no-feed,,,,,,
2026-09-25,USDAI,172,217,8,0.999942,207605737,0.37,-8.33,-9.95,-8.01,-24.54,-11.9,4,11.6,7.0,12.0,1.0,1.0,207605737,,,,91bbc2a7e466,live,769344,0.57931,0.350661,0.4,8.1257,,CONFIRM,0.4175,1.0479,0.57931,curve,0.341568,floor,inert,-1.0479,False,1.0,2026-09-25,absent,0.02021,no-feed,,,,,,
2026-09-25,USTBL,198,218,8,1.097,168063259,0.0,-8.33,-9.86,-7.74,-22.65,-11.43,4,11.1,7.2,12.0,1.0,1.0,168063259,,,,91bbc2a7e466,live,0.0,0.556368,0.357533,0.4,7.9568,,CONFIRM,0.4063,1.0285,0.556368,curve,0.0,zero-volume,inert,-1.0285,False,1.0,2026-09-25,absent,0.00693,no-feed,,,,,,
2026-09-25,USX,169,219,8,0.999368,217034699,0.27,-8.37,-9.96,-8.02,-24.57,-11.92,4,11.7,7.0,12.0,1.0,1.0,217034699,,,,91bbc2a7e466,live,594502,0.584132,0.35033,0.4,8.1856,,CONFIRM,0.4191,1.0489,0.584132,curve,0.33942,floor,inert,-1.0489,False,1.0,2026-09-25,absent,-0.00883,no-feed,,,,,,
2026-09-25,VSN,196,220,8,0.04558906,172924466,1.24,-0.49,0.75,7.78,-64.59,-10.93,4,11.2,7.3,12.0,0.9994,1.0,191474058,,,,91bbc2a7e466,live,2144383,0.559464,0.364888,0.4,8.1608,,CONFIRM,0.4023,1.0082,0.559464,curve,0.36089,floor,applied,-1.0082,False,1.0,2026-09-25,absent,3.27013,no-feed,,,,,,
2026-09-25,CASHCAT,190,221,7,0.181448,179255240,7.47,-24.39,-1.25,-25.9,-24.56,-19.02,3,11.3,5.2,15.0,1.0,1.0,179255240,10.95,37.86,-0.5394,91bbc2a7e466,live,13396184,0.563368,0.261349,0.499405,7.353,,CONFIRM,0.5141,1.3419,0.563368,curve,0.499405,curve,inert,-1.3419,False,1.0,2026-09-25,current,21.8932,inert-band,gateio,2,147.2903,4.0,NEUTRAL,884936.05
2026-09-25,COCO,203,222,7,0.16355,163550323,0.03,-12.08,-12.53,-9.95,-20.57,-13.36,4,11.1,6.6,12.0,1.0,1.0,163550323,,,,91bbc2a7e466,live,41530,0.553413,0.330066,0.4,7.3065,,CONFIRM,0.4237,1.1085,0.553413,curve,0.333898,floor,inert,-1.1085,False,1.0,2026-09-25,absent,0.81899,no-feed,,,,,,
2026-09-25,GNO,141,223,7,115.06,303704129,0.94,-9.17,-10.59,-13.45,-33.31,-15.42,4,12.4,6.1,12.0,0.9968,1.0,345172066,,,,91bbc2a7e466,live,2855696,0.620613,0.30297,0.4,7.497,,CONFIRM,0.4609,1.1941,0.620613,curve,0.354229,floor,applied,-1.1941,False,1.0,2026-09-25,absent,0.65653,no-feed,,,,,,
2026-09-25,JPYC,222,224,7,0.00631,134311493,0.97,-12.63,-11.99,-6.78,-24.04,-13.29,4,10.6,6.6,12.0,1.0,1.0,134311493,,,,91bbc2a7e466,live,1302482,0.532028,0.331,0.4,7.0441,,CONFIRM,0.4168,1.1056,0.532028,curve,0.354883,floor,inert,-1.1056,False,1.0,2026-09-25,absent,0.21478,no-feed,,,,,,
2026-09-25,JPYSC,233,225,7,0.00634375,127099408,0.0,-8.28,-12.34,-7.28,-24.56,-12.3,3,10.5,6.9,12.0,1.0,1.0,127099408,,,,91bbc2a7e466,live,0.0,0.526036,0.344872,0.4,7.2566,,CONFIRM,0.4058,1.0646,0.526036,curve,0.0,zero-volume,inert,-1.0646,False,1.0,2026-09-25,absent,0.77124,no-feed,,,,,,
2026-09-25,KAU,125,226,7,138.64,330830777,0.05,-9.79,-11.25,-14.92,-40.88,-17.66,4,12.6,5.5,12.0,0.9616,1.0,552598734,,,,91bbc2a7e466,live,151288,0.629901,0.276269,0.4,6.6936,,CONFIRM,0.4757,1.2864,0.629901,curve,0.33435,floor,applied,-1.2864,False,1.0,2026-09-25,absent,1.13239,no-feed,,,,,,
2026-09-25,PC0000097,223,227,7,1.0,134000000,0.0,-8.39,-9.98,-8.01,-24.56,-11.93,4,10.6,7.0,12.0,1.0,1.0,0.0,,,,91bbc2a7e466,live,0.0,0.531776,0.350237,0.4,7.4499,,CONFIRM,0.404,1.0491,0.531776,curve,0.0,zero-volume,unpublished,-1.0491,False,1.0,2026-09-25,absent,0.0,no-feed,,,,,,
2026-09-25,SPX,115,228,7,0.458743,427083988,2.72,-16.38,-14.8,-22.11,-21.55,-18.45,4,13.2,5.3,12.0,1.0,1.0,427083988,10.95,40.9,-2.1176,91bbc2a7e466,live,11606281,0.657628,0.267406,0.4,7.0341,,CONFIRM,0.4969,1.319,0.657628,curve,0.393724,floor,inert,-1.319,False,1.0,2026-09-25,current,6.32541,inert-band,gateio,3,120.6969,4.0,NEUTRAL,491608.04
2026-09-25,WLFI,46,229,7,0.056925,1808942461,2.68,-10.97,-6.94,-11.18,-68.05,-21.43,4,16.3,4.7,12.0,0.923,1.0,5692468363,10.95,,,91bbc2a7e466,live,48547339,0.814356,0.237322,0.4,7.1353,,CONFIRM,0.5448,1.4383,0.814356,curve,0.392972,floor,applied,-1.4383,False,1.0,2026-09-25,current,3.82948,inert-band,gateio,5,53.8073,4.0,NEUTRAL,1743465.44
2026-09-25,HASH,113,230,6,0.0074764,435868644,0.01,-5.94,-21.42,-10.86,-68.87,-23.63,4,13.2,4.4,12.0,0.9637,1.0,710097474,,,,91bbc2a7e466,live,40314,0.659839,0.2181,0.4,5.5475,,CONFIRM,0.5266,1.5228,0.659839,curve,0.333539,floor,applied,-1.5228,False,1.0,2026-09-25,absent,15.67042,no-feed,,,,,,
2026-09-25,KAG,153,231,6,65.26,242893152,0.21,-11.24,-9.06,-12.94,-47.55,-18.38,4,11.9,5.4,12.0,1.0,1.0,239125943,,,,91bbc2a7e466,live,513274,0.596354,0.268189,0.4,6.3974,,CONFIRM,0.4787,1.3161,0.596354,curve,0.338029,floor,inert,-1.3161,False,1.0,2026-09-25,absent,2.45307,no-feed,,,,,,
2026-09-25,NFT,156,232,6,2.40192e-07,237815631,1.92,-8.32,-7.59,-19.24,-53.55,-19.91,4,11.9,5.0,12.0,1.0,1.0,237815631,,,,91bbc2a7e466,live,4564194,0.59406,0.252075,0.4,5.9899,,CONFIRM,0.4895,1.378,0.59406,curve,0.375983,floor,inert,-1.378,False,1.0,2026-09-25,absent,-0.41782,no-feed,,,,,,
2026-09-25,PI,69,233,6,0.088735,997652997,0.99,-2.93,-18.19,-10.46,-84.76,-24.99,4,15.0,4.1,12.0,0.9686,0.942,1534850764,49.713,,,91bbc2a7e466,live,9913739,0.749745,0.207338,0.4,5.6729,,CONFIRM,0.5483,1.5734,0.749745,curve,0.355416,floor,applied,-1.5734,False,0.942,2026-09-25,current,2.32007,hot-confirmed,gateio,1,,4.0,OVERHEATED_LONG,1399099.07
2026-09-25,ULTIMA,208,234,4,1851.34,156823441,4.13,-9.55,-18.67,-28.27,-80.18,-30.63,4,11.0,3.4,12.8,0.9932,1.0,185134157,,,,91bbc2a7e466,live,6479635,0.548853,0.171444,0.425151,3.9734,,CONFIRM,0.5467,1.7635,0.548853,curve,0.425151,curve,applied,-1.7635,False,1.0,2026-09-25,absent,-0.76297,no-feed,,,,,,
2026-09-25,H,227,235,3,0.065967,132372542,5.59,-29.02,-28.67,-22.27,-76.27,-36.7,4,10.6,2.9,13.7,0.9101,1.0,659672725,10.95,,,91bbc2a7e466,live,7405895,0.530449,0.145378,0.457661,3.212,,CONFIRM,0.5609,1.9284,0.530449,curve,0.457661,curve,applied,-1.9284,False,1.0,2026-09-25,current,6.26363,inert-band,gateio,1,,4.0,NEUTRAL,1070074.18
2026-09-26,ZEC,7,1,100,1538.53,26077644066,3.39,-5.59,24.39,87.88,573.21,141.03,4,20.0,20.0,30.0,1.0,1.0,26079377064,10.95,61.99,2.2652,91bbc2a7e466,live,884747009,1.0,0.999989,1.0,99.9989,,CONFIRM,1.0,0.0,1.104067,cap,0.408728,bypass,inert,-0.0,False,1.0,2026-09-26,current,-4.24554,inert-band,gateio,5,194.2647,8.0,NEUTRAL,124129437.76
2026-09-26,NEAR,19,2,95,4.94,6458527160,20.43,29.09,97.86,149.71,256.19,121.86,4,19.1,20.0,30.0,1.0,1.0,6458527284,1.533,84.14,2.1244,91bbc2a7e466,live,1319490307,0.952533,0.999947,1.0,95.2483,,DEPTH,0.9989,0.0486,0.952533,curve,0.787338,bypass,inert,-0.0486,False,1.0,2026-09-26,current,-1.87062,inert-band,gateio,6,16.8889,8.0,NEUTRAL,73327840.43
2026-09-26,UNI,20,3,91,9.65,5993761952,16.78,1.57,43.73,111.9,112.52,61.88,4,18.9,19.9,30.0,0.975,1.0,8575118946,10.95,71.72,1.8084,91bbc2a7e466,live,1005914271,0.944425,0.993675,1.0,91.499,,DEPTH,0.6436,0.0572,0.944425,curve,0.706282,bypass,applied,-0.0572,False,1.0,2026-09-26,current,1.05317,inert-band,gateio,6,60.8898,8.0,NEUTRAL,54537095.26
2026-09-26,LTC,21,4,86,73.28,5687362848,13.43,24.8,26.82,40.89,16.38,27.64,4,18.8,18.2,30.0,1.0,1.0,5687579378,5.5845,93.47,0.7131,91bbc2a7e466,live,763690004,0.938728,0.911152,1.0,85.5323,,CONFIRM,0.5954,0.093,0.938728,curve,0.63173,bypass,inert,-0.093,False,1.0,2026-09-26,current,3.14699,inert-band,gateio,6,55.4573,8.0,NEUTRAL,34267941.46
2026-09-26,HYPE,9,5,85,92.06,20475916127,3.77,-3.45,7.0,5.49,146.26,31.34,4,20.0,18.6,30.0,0.9133,1.0,87935106844,-8.322,61.71,1.3264,91bbc2a7e466,live,771970282,1.0,0.932177,1.0,85.1357,,SUPPLY,0.5636,0.0907,1.077811,cap,0.417114,bypass,applied,-0.0907,False,1.0,2026-09-26,current,-1.7732,inert-band,gateio,5,38.106,4.0,MILD_INVERSION,85357928.1
2026-09-26,SUI,23,6,83,1.19,4854371781,33.53,38.59,54.61,49.24,1.69,37.88,4,18.4,19.2,30.0,0.9351,1.0,11849939614,9.855,83.15,1.7311,91bbc2a7e466,live,1627706122,0.921533,0.958528,1.0,82.5988,,DEPTH,0.4274,0.0817,0.921533,curve,0.847076,bypass,applied,-0.0817,False,1.0,2026-09-26,current,4.53997,inert-band,gateio,6,21.3643,8.0,NEUTRAL,86001263.46
2026-09-26,AVAX,24,7,80,10.83,4799447153,12.54,16.21,35.65,39.25,-6.78,22.23,4,18.4,17.4,30.0,1.0,1.0,5088326991,10.95,78.19,2.4352,91bbc2a7e466,live,601912259,0.920298,0.869968,1.0,80.0629,,CONFIRM,0.6265,0.1393,0.920298,curve,0.612029,bypass,inert,-0.1393,False,1.0,2026-09-26,current,2.03437,inert-band,gateio,6,59.568,8.0,NEUTRAL,26789735.04
2026-09-26,ENA,30,8,80,0.282294,2855827841,41.22,45.98,91.36,77.74,153.2,86.71,4,17.3,20.0,28.5,0.9716,1.0,4243297829,10.95,92.17,1.7712,91bbc2a7e466,live,1177174094,0.863933,0.999127,0.949601,79.6396,,DEPTH,0.6425,0.1463,0.863933,curve,0.949601,curve,applied,-0.1463,False,1.0,2026-09-26,current,17.60779,inert-band,gateio,5,131.5672,4.0,NEUTRAL,32615453.75
2026-09-26,LINK,11,9,78,14.26,10674785586,7.24,10.43,14.46,14.74,25.45,15.52,4,20.0,16.0,30.0,0.9813,1.0,14269196643,10.95,74.73,1.461,91bbc2a7e466,live,772979484,1.0,0.798278,1.0,78.335,,CONFIRM,0.9227,0.2253,1.00709,cap,0.494248,bypass,applied,-0.2253,True,1.0,2026-09-26,current,1.69665,inert-band,gateio,6,23.214,8.0,NEUTRAL,76278243.22
2026-09-26,BCH,18,10,77,338.73,6806228752,4.39,32.72,37.55,20.56,-43.79,15.58,4,19.2,16.0,30.0,1.0,1.0,6806336715,-3.3945,76.13,1.9349,91bbc2a7e466,live,298531100,0.958227,0.799066,1.0,76.5686,,CONFIRM,0.8402,0.2243,0.958227,curve,0.430803,bypass,inert,-0.2243,True,1.0,2026-09-26,current,0.40178,inert-band,gateio,5,157.2564,8.0,MILD_INVERSION,5499788.15
2026-09-26,SOL,5,11,72,120.61,70886715290,7.46,4.32,9.4,10.32,19.58,10.14,4,20.0,14.5,30.0,1.0,1.0,76561779428,5.3655,72.19,1.5587,91bbc2a7e466,live,5285578829,1.0,0.723166,1.0,72.3166,,CONFIRM,1.0,0.3241,1.212641,cap,0.499031,bypass,inert,-0.3241,True,1.0,2026-09-26,current,-0.18244,inert-band,gateio,6,42.9851,8.0,NEUTRAL,443130950.5
2026-09-26,XLM,17,12,72,0.219966,7691728962,4.75,10.42,12.29,11.76,16.96,12.53,4,19.4,15.2,30.0,0.9751,1.0,10997944903,10.95,66.38,1.6628,91bbc2a7e466,live,365519614,0.971506,0.758376,1.0,71.8422,,CONFIRM,0.8363,0.2766,0.971506,curve,0.438936,bypass,applied,-0.2766,True,1.0,2026-09-26,current,-1.32866,inert-band,gateio,5,72.6884,8.0,NEUTRAL,2987644.37
2026-09-26,XMR,12,13,71,553.75,10415681859,0.94,-7.61,-5.73,18.36,41.78,9.23,4,20.0,14.2,30.0,1.0,1.0,10415694484,10.95,55.31,1.2473,91bbc2a7e466,live,97694567,1.0,0.708969,1.0,70.8969,,CONFIRM,1.0,0.3439,1.004422,cap,0.354177,bypass,inert,-0.3439,True,1.0,2026-09-26,current,-2.66306,inert-band,gateio,4,697.2604,8.0,NEUTRAL,757970.39
2026-09-26,CC,22,14,67,0.134315,5330892858,1.0,19.41,28.08,11.06,-27.29,10.15,4,18.6,14.5,30.0,1.0,1.0,5331042340,10.95,73.47,0.0231,91bbc2a7e466,live,53373232,0.9317,0.723295,1.0,67.3894,,CONFIRM,0.8208,0.3239,0.9317,curve,0.355582,bypass,inert,-0.3239,True,1.0,2026-09-26,current,10.0667,inert-band,gateio,2,16.9713,4.0,NEUTRAL,270101.47
2026-09-26,ARB,53,15,64,0.223289,1515271009,22.18,0.81,47.53,137.16,105.79,67.58,4,15.9,19.9,24.8,0.9724,1.0,2233076927,3.504,70.14,1.5699,91bbc2a7e466,live,336094819,0.795123,0.995978,0.826234,63.6255,,DEPTH,0.507,0.2293,0.795123,curve,0.826234,curve,applied,-0.2293,False,1.0,2026-09-26,current,0.12458,inert-band,gateio,6,126.144,8.0,NEUTRAL,3269775.74
2026-09-26,ADA,14,16,63,0.257196,9649827017,7.7,11.64,14.59,14.63,-28.0,5.2,4,19.9,12.8,30.0,0.9917,1.0,11570825189,-7.5555,71.73,1.9206,91bbc2a7e466,live,742822585,0.99613,0.642218,1.0,63.4423,,CONFIRM,0.9732,0.4428,0.99613,curve,0.504395,bypass,applied,-0.4428,True,1.0,2026-09-26,current,0.35795,inert-band,gateio,6,19.4757,8.0,MILD_INVERSION,53628396.44
2026-09-26,HBAR,25,17,63,0.094407,4138120330,3.31,15.52,18.23,15.22,-20.87,8.85,4,18.1,14.1,30.0,0.9965,1.0,4720464556,4.7085,,,91bbc2a7e466,live,136810838,0.904201,0.702889,1.0,63.3329,,CONFIRM,0.7719,0.3526,0.904201,curve,0.406802,bypass,applied,-0.3526,True,1.0,2026-09-26,current,-0.79696,inert-band,gateio,5,82.7116,8.0,NEUTRAL,1411313.72
2026-09-26,WBT,13,18,63,84.04,9987925810,0.93,-2.72,-4.34,8.27,34.48,7.06,4,20.0,13.5,30.0,0.9345,1.0,24658143358,,62.52,0.8177,91bbc2a7e466,live,92674176,0.999869,0.673797,1.0,62.9581,,CONFIRM,0.8533,0.3948,0.999869,curve,0.353952,bypass,applied,-0.3948,True,1.0,2026-09-26,absent,-0.86059,no-feed,,,,,,
2026-09-26,DOGE,10,19,59,0.097828,15268859299,7.21,8.87,6.63,5.14,-16.21,2.36,4,20.0,11.8,30.0,1.0,1.0,15268808427,7.3365,66.31,1.7232,91bbc2a7e466,live,1101270333,1.0,0.592347,1.0,59.2347,,CONFIRM,1.0,0.5237,1.045952,cap,0.493612,bypass,inert,-0.5237,True,1.0,2026-09-26,current,-0.30138,inert-band,gateio,6,12.6433,8.0,NEUTRAL,117851644.79
2026-09-26,FET,95,20,59,0.242708,561011473,28.29,29.38,33.09,39.36,-4.66,25.99,4,13.7,18.0,28.9,0.9937,1.0,658790980,10.95,89.26,0.7415,91bbc2a7e466,live,158706916,0.687243,0.900006,0.961987,59.1262,,DEPTH,0.7137,0.3751,0.687243,curve,0.961987,curve,applied,-0.3751,True,1.0,2026-09-26,current,1.05629,inert-band,gateio,4,79.7442,8.0,NEUTRAL,1932407.74
2026-09-26,XPL,99,21,58,0.120979,548572449,45.54,29.5,37.0,29.13,9.51,27.28,4,13.7,18.2,29.8,0.9412,1.0,1210086285,10.95,89.36,0.7508,91bbc2a7e466,live,249799503,0.684808,0.908817,0.99285,58.1582,,DEPTH,0.6985,0.3786,0.684808,curve,0.99285,curve,applied,-0.3786,False,1.0,2026-09-26,current,6.08527,inert-band,gateio,5,113.7006,4.0,NEUTRAL,2089468.41
2026-09-26,ETH,2,22,57,2688.58,328219413672,3.34,-1.78,-2.65,0.77,11.46,1.29,4,20.0,11.5,30.0,1.0,1.0,328219413672,4.0515,62.62,1.0488,91bbc2a7e466,live,10962132790,1.0,0.573167,1.0,57.3167,,CONFIRM,1.0,0.5566,1.379041,cap,0.407553,bypass,inert,-0.5566,True,1.0,2026-09-26,current,-1.37949,inert-band,gateio,6,46.5375,8.0,NEUTRAL,1288153020.91
2026-09-26,AERO,74,23,56,0.903881,900653903,21.22,31.02,50.32,69.34,106.54,60.53,4,14.8,19.9,24.1,0.9479,1.0,1796928581,10.95,85.61,,91bbc2a7e466,live,191106121,0.738639,0.992956,0.804858,55.9557,,DEPTH,0.5218,0.3029,0.738639,curve,0.804858,curve,applied,-0.3029,False,1.0,2026-09-26,current,15.27518,inert-band,gateio,3,446.322,4.0,NEUTRAL,1711546.25
2026-09-26,PENGU,87,24,56,0.01019588,641002109,40.49,26.41,31.01,2.16,21.55,20.53,4,14.0,17.1,28.2,0.99,1.0,782360301,10.95,71.39,0.0599,91bbc2a7e466,live,259523595,0.701715,0.854049,0.939829,55.7606,,DEPTH,0.6064,0.3542,0.701715,curve,0.939829,curve,applied,-0.3542,False,1.0,2026-09-26,current,1.44862,inert-band,gateio,5,428.364,4.0,NEUTRAL,1898323.93
2026-09-26,XRP,4,25,56,1.55,97398003857,5.52,6.33,4.45,2.83,-10.35,1.65,4,20.0,11.6,30.0,0.9657,1.0,154874720006,10.95,61.14,1.81,91bbc2a7e466,live,5374450357,1.0,0.579585,1.0,55.9706,,CONFIRM,0.9399,0.5454,1.247138,cap,0.455956,bypass,applied,-0.5454,True,1.0,2026-09-26,current,-2.38762,inert-band,gateio,6,547.8794,8.0,NEUTRAL,178456407.71
2026-09-26,BTC,1,26,55,84163,1690798386646,1.68,0.0,0.0,0.0,0.0,0.0,4,20.0,11.0,30.0,1.0,1.0,1690798386646,0.657,66.6,1.0,91bbc2a7e466,live,28465956221,1.0,0.55,1.0,55.0,,CONFIRM,1.0,0.5978,1.557023,cap,0.370746,bypass,inert,-0.5978,True,1.0,2026-09-26,current,-0.88952,inert-band,gateio,6,11.4506,8.0,NEUTRAL,2382436584.19
2026-09-26,BNB,3,27,54,774.44,103126967938,0.83,-2.58,-3.58,3.38,1.11,-0.6,4,20.0,10.8,30.0,1.0,1.0,103126968108,6.57,63.28,0.7024,91bbc2a7e466,live,851731016,1.0,0.539161,1.0,53.9161,,CONFIRM,1.0,0.6177,1.253343,cap,0.351687,bypass,inert,-0.6177,True,1.0,2026-09-26,current,-0.72099,inert-band,gateio,6,38.2575,8.0,NEUTRAL,71693004.2
2026-09-26,DASH,77,28,54,66.51,854587841,19.82,4.59,7.99,62.19,81.2,35.16,4,14.7,19.0,23.2,1.0,1.0,854645223,10.95,67.82,1.9531,91bbc2a7e466,live,169398795,0.732939,0.949026,0.773828,53.8258,,DEPTH,0.5016,0.3107,0.732939,curve,0.773828,curve,inert,-0.3107,False,1.0,2026-09-26,current,4.04333,inert-band,gateio,4,46.866,8.0,NEUTRAL,668783.05
2026-09-26,WLD,48,29,53,0.486632,1808692062,26.06,11.62,12.46,15.0,11.85,12.72,4,16.3,15.2,27.4,0.93,1.0,4868407482,10.95,72.42,0.5407,91bbc2a7e466,live,471303551,0.814341,0.761088,0.912393,52.5904,,CONFIRM,0.4248,0.273,0.814341,curve,0.912393,curve,applied,-0.273,False,1.0,2026-09-26,current,6.64112,inert-band,gateio,5,121.764,8.0,NEUTRAL,4748523.14
2026-09-26,INJ,79,30,52,7.84,783999482,18.12,1.16,21.82,36.93,145.37,44.11,4,14.5,19.5,22.1,1.0,1.0,783999482,10.95,67.31,0.0777,91bbc2a7e466,live,142094991,0.723579,0.974348,0.736097,51.8962,,DEPTH,0.4933,0.3235,0.723579,curve,0.736097,curve,inert,-0.3235,False,1.0,2026-09-26,current,-4.39761,inert-band,gateio,6,251.0938,8.0,NEUTRAL,1374551.63
2026-09-26,SEI,103,31,52,0.073747,496565636,33.56,50.16,56.25,49.9,-38.05,33.97,4,13.5,18.9,25.4,0.9717,1.0,737473717,10.95,,,91bbc2a7e466,live,166631366,0.673994,0.944263,0.847424,52.4061,,DEPTH,0.6106,0.3945,0.673994,curve,0.847424,curve,applied,-0.3945,False,1.0,2026-09-26,current,9.0926,inert-band,gateio,6,304.6212,8.0,NEUTRAL,868662.66
2026-09-26,ONDO,32,32,50,0.553417,2695629702,12.97,33.71,49.72,42.84,93.85,52.02,4,17.2,19.7,18.6,0.9459,1.0,5535934808,10.95,86.0,0.1323,91bbc2a7e466,live,349527220,0.857665,0.986195,0.621476,49.7222,,LIQUIDITY,0.6808,0.4757,0.857665,curve,0.621476,curve,applied,-0.4757,False,1.0,2026-09-26,current,0.33212,inert-band,gateio,5,48.8946,4.0,NEUTRAL,34815356.21
2026-09-26,2Z,153,33,49,0.074316,256106351,28.41,44.07,47.52,22.9,-22.06,26.41,4,12.0,18.1,28.9,0.9268,1.0,738025183,-647.364,,,91bbc2a7e466,live,72754211,0.602105,0.902935,0.964618,48.6038,,DEPTH,0.7032,0.5073,0.602105,curve,0.964618,curve,applied,-0.5073,True,1.0,2026-09-26,current,32.93704,cold-no-rsi,gateio,3,296.6834,4.0,SHORT_SQUEEZE_RISK,180040.6
2026-09-26,LDO,117,34,47,0.493797,409591421,26.27,19.74,21.61,28.57,-15.04,15.46,4,13.1,15.9,27.5,0.9911,1.0,493740763,10.95,,,91bbc2a7e466,live,107584006,0.653088,0.797472,0.917026,47.3354,,DEPTH,0.5696,0.426,0.653088,curve,0.917026,curve,applied,-0.426,False,1.0,2026-09-26,current,9.36934,inert-band,gateio,5,63.4688,8.0,NEUTRAL,1175606.63
2026-09-26,OP,123,35,47,0.147514,338982226,34.49,17.02,42.61,45.13,2.3,27.5,4,12.7,18.2,25.8,0.9527,1.0,633110873,10.95,,,91bbc2a7e466,live,116917516,0.632544,0.910226,0.859877,47.1664,,DEPTH,0.6095,0.458,0.632544,curve,0.859877,curve,applied,-0.458,False,1.0,2026-09-26,current,7.10224,inert-band,gateio,6,21.9,8.0,NEUTRAL,1059839.19
2026-09-26,JTO,136,36,46,0.592444,311404989,23.22,26.59,24.3,4.95,69.87,29.26,4,12.5,18.4,25.5,0.9514,1.0,592483476,10.95,54.84,1.3546,91bbc2a7e466,live,72299996,0.623331,0.920991,0.849275,46.3859,,DEPTH,0.6153,0.4727,0.623331,curve,0.849275,curve,applied,-0.4727,False,1.0,2026-09-26,current,9.66004,inert-band,gateio,5,172.1889,8.0,NEUTRAL,668432.28
2026-09-26,TRX,6,37,46,0.336869,31989259200,0.89,-3.6,-9.62,-5.07,-0.64,-4.88,4,20.0,9.3,30.0,1.0,1.0,31989793166,-4.818,44.55,0.094,91bbc2a7e466,live,285399355,1.0,0.463235,1.0,46.3235,,CONFIRM,1.0,0.7695,1.126251,cap,0.353159,bypass,inert,-0.7695,True,1.0,2026-09-26,current,-0.07932,inert-band,gateio,5,13.1219,8.0,MILD_INVERSION,4559758.24
2026-09-26,PEPE,45,38,45,4.42e-06,1858410438,16.61,14.23,22.77,7.21,11.94,14.15,4,16.3,15.6,21.1,1.0,1.0,1858410438,10.731,63.09,2.2891,91bbc2a7e466,live,308692926,0.817285,0.780595,0.702458,44.8146,,LIQUIDITY,0.44,0.3532,0.817285,curve,0.702458,curve,inert,-0.3532,False,1.0,2026-09-26,current,-3.60452,inert-band,gateio,3,10.731,8.0,NEUTRAL,54757921.4
2026-09-26,GRASS,122,39,44,0.522836,353938752,18.54,50.63,48.95,34.89,9.25,38.0,4,12.7,19.2,22.4,0.9722,1.0,522787235,10.95,,,91bbc2a7e466,live,65624021,0.637232,0.958907,0.745357,44.2786,,DEPTH,0.5531,0.4506,0.637232,curve,0.745357,curve,applied,-0.4506,False,1.0,2026-09-26,current,7.08364,inert-band,gateio,3,95.2914,4.0,NEUTRAL,824131.48
2026-09-26,AAVE,37,40,43,154.77,2388734656,16.55,3.28,13.5,14.52,14.26,10.84,4,16.9,14.7,21.0,1.0,1.0,2477091290,10.95,72.95,-0.4062,91bbc2a7e466,live,395250306,0.844542,0.733772,0.701032,43.443,,LIQUIDITY,0.426,0.3552,0.844542,curve,0.701032,curve,inert,-0.3552,False,1.0,2026-09-26,current,4.40752,inert-band,gateio,6,20.9705,8.0,NEUTRAL,4701215.49
2026-09-26,CAKE,75,41,42,2.77,882857729,12.22,10.65,15.4,53.56,54.95,31.42,4,14.7,18.7,18.1,1.0,1.0,915029984,10.95,77.83,0.6967,91bbc2a7e466,live,107869775,0.736473,0.932589,0.60485,41.5427,,LIQUIDITY,0.5723,0.5028,0.736473,curve,0.60485,curve,inert,-0.5028,False,1.0,2026-09-26,current,1.32884,inert-band,gateio,3,112.1048,4.0,NEUTRAL,582576.47
2026-09-26,GRAM,26,42,42,1.46,4106891415,1.28,2.9,-2.85,-2.72,-13.11,-3.15,4,18.1,9.9,30.0,0.9527,1.0,7671068487,10.95,,,91bbc2a7e466,live,52628015,0.903378,0.493655,1.0,42.4863,,CONFIRM,0.8247,0.7059,0.903378,curve,0.36181,bypass,applied,-0.7059,True,1.0,2026-09-26,current,2.27501,inert-band,gateio,2,50.4091,4.0,NEUTRAL,1785725.27
2026-09-26,PUMP,41,43,42,0.00449485,2097919095,12.65,4.27,15.83,-12.99,98.19,21.63,4,16.6,17.3,18.4,0.9563,1.0,3742648557,10.95,68.41,0.5483,91bbc2a7e466,live,265336006,0.830447,0.8645,0.614391,42.1809,,LIQUIDITY,0.5643,0.4871,0.830447,curve,0.614391,curve,applied,-0.4871,False,1.0,2026-09-26,current,7.86351,inert-band,gateio,4,33.8578,4.0,NEUTRAL,2581206.74
2026-09-26,BR,143,44,41,1.016,301048532,17.53,13.38,293.36,280.02,1348.97,417.15,4,12.4,20.0,21.7,0.9205,1.0,1014770335,-213.744,,,91bbc2a7e466,live,52768990,0.619659,1.0,0.722853,41.2313,,DEPTH,0.5402,0.4786,0.619659,curve,0.722853,curve,applied,-0.4786,False,1.0,2026-09-26,current,11.95472,cold-no-rsi,gateio,1,,4.0,SHORT_SQUEEZE_RISK,1534986.15
2026-09-26,FIGR_HELOC,8,45,41,1.024,23702074170,0.09,-4.15,-8.1,-3.12,-20.23,-8.1,4,20.0,8.2,30.0,1.0,1.0,23702074170,,49.06,0.0979,91bbc2a7e466,live,21255428,1.0,0.409141,1.0,40.9141,,CONFIRM,1.0,0.8937,1.093697,cap,0.335326,bypass,inert,-0.8937,True,1.0,2026-09-26,absent,,no-feed,,,,,,
2026-09-26,TAO,27,46,41,321.39,3638951461,9.69,17.13,26.86,20.85,38.58,24.78,4,17.8,17.8,16.5,0.9534,1.0,6739009418,10.95,73.64,0.4499,91bbc2a7e466,live,352490726,0.890244,0.891056,0.548591,41.4895,,LIQUIDITY,0.6825,0.6004,0.890244,curve,0.548591,curve,applied,-0.6004,False,1.0,2026-09-26,current,3.61297,inert-band,gateio,5,161.0172,4.0,NEUTRAL,30138824.4
2026-09-26,FIL,73,47,40,1.095,908399029,16.05,9.2,26.22,47.58,-15.42,18.13,4,14.8,16.6,20.7,0.9372,1.0,2139028890,10.95,71.71,1.1499,91bbc2a7e466,live,145803821,0.739569,0.829029,0.690014,39.6496,,LIQUIDITY,0.4011,0.371,0.739569,curve,0.690014,curve,applied,-0.371,False,1.0,2026-09-26,current,6.10136,inert-band,gateio,6,37.0851,8.0,NEUTRAL,4060242.01
2026-09-26,JUP,64,48,40,0.350059,1161908946,10.99,20.52,32.71,48.77,66.0,39.72,4,15.3,19.3,17.3,0.9455,1.0,2401788484,10.95,78.94,0.9014,91bbc2a7e466,live,127681472,0.766293,0.963994,0.577532,40.3373,,LIQUIDITY,0.6047,0.549,0.766293,curve,0.577532,curve,applied,-0.549,False,1.0,2026-09-26,current,5.90099,inert-band,gateio,5,107.8665,4.0,NEUTRAL,490856.06
2026-09-26,MET,178,49,40,0.357688,199183869,17.94,30.7,41.61,64.65,101.74,56.12,4,11.5,19.8,22.0,0.9559,1.0,356883220,10.95,71.36,,91bbc2a7e466,live,35727570,0.574814,0.990011,0.731933,39.8154,,DEPTH,0.6013,0.5537,0.574814,curve,0.731933,curve,applied,-0.5537,False,1.0,2026-09-26,current,5.16204,inert-band,gateio,2,0.0,4.0,NEUTRAL,143549.94
2026-09-26,PENDLE,109,50,40,2.57,447032228,15.89,-8.66,10.68,38.12,83.64,26.33,4,13.3,18.0,20.6,0.964,1.0,724892084,-0.7665,61.58,0.3796,91bbc2a7e466,live,71055590,0.662585,0.902368,0.686555,39.571,,DEPTH,0.444,0.4116,0.662585,curve,0.686555,curve,applied,-0.4116,False,1.0,2026-09-26,current,-1.64529,inert-band,gateio,5,120.8195,8.0,MILD_INVERSION,629001.67
2026-09-26,STONK,164,51,40,0.281393,229724759,17.28,9.3,0.17,1765.74,-18.54,440.56,3,11.8,20.0,21.5,1.0,0.938,229724759,71.175,56.19,0.3718,91bbc2a7e466,live,39692946,0.590302,1.0,0.7173,39.734,,DEPTH,0.5711,0.5271,0.590302,curve,0.7173,curve,inert,-0.5271,False,0.938,2026-09-26,current,-15.01446,hot-confirmed,gateio,1,,4.0,OVERHEATED_LONG,521463.73
2026-09-26,USELESS,147,52,40,0.286079,286051103,14.61,2.54,14.28,314.91,193.56,121.77,4,12.3,20.0,19.7,1.0,1.0,286051103,10.95,58.68,1.4093,91bbc2a7e466,live,41793167,0.614111,0.999947,0.658009,40.4069,,DEPTH,0.5381,0.4876,0.614111,curve,0.658009,curve,inert,-0.4876,False,1.0,2026-09-26,current,-4.42816,inert-band,gateio,2,0.0,4.0,NEUTRAL,3780076.89
2026-09-26,WIF,156,53,40,0.249176,248915289,32.4,16.11,19.93,12.86,17.08,16.45,4,12.0,16.2,25.0,1.0,1.0,248915289,10.95,70.24,1.3933,91bbc2a7e466,live,80636586,0.599013,0.809604,0.831936,40.3458,,DEPTH,0.5646,0.5125,0.599013,curve,0.831936,curve,inert,-0.5125,False,1.0,2026-09-26,current,1.89935,inert-band,gateio,6,87.6,4.0,NEUTRAL,602877.8
2026-09-26,PONS,112,54,39,0.632959,432820796,11.91,-10.5,-11.64,395.82,-18.54,89.19,3,13.2,20.0,17.9,1.0,1.0,432794321,-6.132,52.25,-0.4746,91bbc2a7e466,live,51551886,0.659077,0.999284,0.598015,39.3856,,LIQUIDITY,0.5518,0.5141,0.659077,curve,0.598015,curve,inert,-0.5141,False,1.0,2026-09-26,current,-2.91372,inert-band,gateio,3,195.1784,4.0,MILD_INVERSION,2726704.72
2026-09-26,KMNO,152,55,38,0.04571792,256337206,14.82,56.73,66.11,55.94,41.74,55.88,4,12.0,19.8,19.9,0.9564,1.0,456514615,10.95,,,91bbc2a7e466,live,37984601,0.602203,0.989815,0.662627,37.7751,,DEPTH,0.521,0.5072,0.602203,curve,0.662627,curve,applied,-0.5072,False,1.0,2026-09-26,current,12.46031,inert-band,gateio,1,,4.0,NEUTRAL,161102.69
2026-09-26,LEO,16,56,38,8.96,8242674236,0.0,-2.71,-10.36,-9.01,-20.02,-9.66,4,19.6,7.7,30.0,1.0,1.0,8828546996,,37.99,0.0742,91bbc2a7e466,live,239588,0.979017,0.384353,1.0,37.6288,,CONFIRM,0.9783,0.9562,0.979017,curve,0.333398,bypass,inert,-0.9562,True,1.0,2026-09-26,absent,1.47348,no-feed,,,,,,
2026-09-26,RAY,98,57,38,2.03,548971664,12.05,3.14,17.56,140.86,63.12,53.17,4,13.7,19.7,18.0,0.9458,1.0,1129534768,10.95,68.77,2.0984,91bbc2a7e466,live,66172512,0.684887,0.987387,0.601198,38.4524,,LIQUIDITY,0.5324,0.5088,0.684887,curve,0.601198,curve,applied,-0.5088,False,1.0,2026-09-26,current,-5.73215,inert-band,gateio,2,75.0514,4.0,NEUTRAL,671966.72
2026-09-26,LIT,63,58,37,4.82,1205679414,8.96,-8.68,0.72,33.82,333.14,72.66,4,15.4,19.9,16.0,0.9151,1.0,4822717656,10.95,53.44,-0.3572,91bbc2a7e466,live,107998257,0.770308,0.997317,0.532388,37.4278,,LIQUIDITY,0.6414,0.6304,0.770308,curve,0.532388,curve,applied,-0.6304,False,1.0,2026-09-26,current,-3.98791,inert-band,gateio,4,43.362,4.0,NEUTRAL,1458552.27
2026-09-26,ZRO,96,59,37,1.58,559340328,16.5,35.33,45.2,22.25,-42.77,18.91,4,13.7,16.8,21.0,0.9276,1.0,1583128309,10.95,,,91bbc2a7e466,live,92303947,0.686919,0.837522,0.700051,37.3587,,DEPTH,0.3814,0.3755,0.686919,curve,0.700051,curve,applied,-0.3755,False,1.0,2026-09-26,current,4.65553,inert-band,gateio,4,142.4658,4.0,NEUTRAL,679470.58
2026-09-26,AXS,174,60,36,1.19,208197799,34.16,15.1,20.08,21.23,-17.01,11.45,4,11.6,14.9,25.7,0.9682,1.0,321722490,10.95,,,91bbc2a7e466,live,71124154,0.579619,0.742846,0.855491,35.6633,,DEPTH,0.529,0.5454,0.579619,curve,0.855491,curve,applied,-0.5454,False,1.0,2026-09-26,current,1.25777,inert-band,gateio,3,90.3169,8.0,NEUTRAL,650048.19
2026-09-26,RENDER,67,61,36,2.01,1044351941,9.03,24.65,34.52,24.25,8.12,23.71,4,15.1,17.7,16.0,1.0,1.0,1074065745,10.95,,,91bbc2a7e466,live,94336050,0.754712,0.882566,0.534066,35.5732,,LIQUIDITY,0.6069,0.6272,0.754712,curve,0.534066,curve,inert,-0.6272,False,1.0,2026-09-26,current,3.02066,inert-band,gateio,5,97.8282,4.0,NEUTRAL,343332.12
2026-09-26,APT,83,62,34,0.853761,742930645,12.25,13.93,29.87,43.25,-31.59,16.14,4,14.4,16.1,18.2,0.9778,1.0,1031668811,10.95,,,91bbc2a7e466,live,91039444,0.717737,0.805897,0.605647,34.2542,,LIQUIDITY,0.4681,0.5015,0.717737,curve,0.605647,curve,applied,-0.5015,False,1.0,2026-09-26,current,0.99846,inert-band,gateio,6,103.8482,8.0,NEUTRAL,1200430.12
2026-09-26,QNT,51,63,33,104.48,1522731770,4.1,62.44,56.83,63.26,38.51,56.46,4,15.9,19.8,12.7,1.0,1.0,1529884339,10.95,,,91bbc2a7e466,live,62380701,0.795656,0.990273,0.42437,33.4368,,LIQUIDITY,0.7824,0.8572,0.795656,curve,0.42437,curve,inert,-0.8572,True,1.0,2026-09-26,current,7.09867,inert-band,gateio,2,775.6383,8.0,NEUTRAL,245132.04
2026-09-26,TIA,105,64,33,0.498181,485020038,14.39,18.19,29.55,34.99,-41.21,13.35,4,13.4,15.4,19.6,0.9908,1.0,586990727,1.971,,,91bbc2a7e466,live,69792657,0.67144,0.769801,0.653103,33.4467,,LIQUIDITY,0.389,0.426,0.67144,curve,0.653103,curve,applied,-0.426,False,1.0,2026-09-26,current,-0.68407,inert-band,gateio,5,24.528,4.0,NEUTRAL,550891.96
2026-09-26,DGAI,212,65,32,1.021,153120008,25.2,1.99,27.86,23.4,-18.54,9.71,3,10.9,14.3,26.8,0.9059,1.0,1020800053,10.95,,,91bbc2a7e466,live,38592473,0.546258,0.716434,0.893424,31.6746,,DEPTH,0.526,0.6047,0.546258,curve,0.893424,curve,applied,-0.6047,False,1.0,2026-09-26,current,-0.93849,inert-band,gateio,1,,4.0,NEUTRAL,975820.75
2026-09-26,PYTH,93,66,32,0.076992,606356248,7.82,23.6,35.74,45.99,10.66,29.65,4,13.9,18.5,15.2,0.9862,1.0,769980159,10.95,,,91bbc2a7e466,live,47426769,0.695682,0.923173,0.507147,32.1212,,LIQUIDITY,0.5979,0.679,0.695682,curve,0.507147,curve,applied,-0.679,False,1.0,2026-09-26,current,7.94985,inert-band,gateio,5,93.0532,4.0,NEUTRAL,709612.98
2026-09-26,VIRTUAL,101,67,32,0.789185,519607951,17.83,13.95,15.04,-0.44,-8.22,6.19,4,13.6,13.2,21.9,0.9697,1.0,789214953,10.95,80.57,,91bbc2a7e466,live,92655895,0.678919,0.659246,0.729597,31.6655,,CONFIRM,0.3623,0.4167,0.678919,curve,0.729597,curve,applied,-0.4167,False,1.0,2026-09-26,current,-1.15473,inert-band,gateio,4,35.969,4.0,NEUTRAL,981595.84
2026-09-26,AI,151,68,31,0.258798,256571568,8.65,-18.38,-34.6,306.02,-18.54,58.63,3,12.0,19.8,15.8,1.0,1.0,256571568,0.0,45.82,-1.8193,91bbc2a7e466,live,22184260,0.602302,0.991812,0.525476,31.3904,,LIQUIDITY,0.5553,0.6435,0.602302,curve,0.525476,curve,inert,-0.6435,False,1.0,2026-09-26,current,6.9009,inert-band,hyperliquid,1,,1.0,NEUTRAL,
2026-09-26,BP,137,69,31,1.24,310672710,9.54,112.52,116.06,175.73,-18.54,103.0,3,12.5,20.0,16.4,0.9151,1.0,1242690840,10.95,,,91bbc2a7e466,live,29644679,0.623076,0.999762,0.54538,31.0889,,LIQUIDITY,0.5189,0.6063,0.623076,curve,0.54538,curve,applied,-0.6063,False,1.0,2026-09-26,current,-6.12017,inert-band,gateio,1,,4.0,NEUTRAL,458139.46
2026-09-26,DOT,42,70,31,1.23,2097428958,10.72,6.8,10.02,34.89,-37.86,5.7,4,16.6,13.0,17.1,1.0,1.0,2097445079,10.95,81.22,-0.822,91bbc2a7e466,live,224794889,0.830422,0.650774,0.571503,30.885,,LIQUIDITY,0.4762,0.5595,0.830422,curve,0.571503,curve,inert,-0.5595,False,1.0,2026-09-26,current,4.07834,inert-band,gateio,6,34.3174,8.0,NEUTRAL,3253763.98
2026-09-26,POL,61,71,31,0.118598,1260575730,10.42,10.68,15.21,4.52,3.02,8.74,4,15.5,14.0,16.9,1.0,1.0,1260575730,9.636,59.32,0.9797,91bbc2a7e466,live,131401734,0.775142,0.701193,0.564977,30.7079,,LIQUIDITY,0.4836,0.571,0.775142,curve,0.564977,curve,inert,-0.571,False,1.0,2026-09-26,current,6.61936,inert-band,gateio,5,97.0559,4.0,NEUTRAL,986414.43
2026-09-26,BCAP,71,72,30,107.53,979825296,0.0,-2.59,-7.86,-4.02,351.64,66.58,4,15.0,19.9,12.0,1.0,1.0,979825296,,99.45,0.0045,91bbc2a7e466,live,0.0,0.747787,0.995646,0.4,29.7813,,LIQUIDITY,0.7565,0.9163,0.747787,curve,0.0,zero-volume,inert,-0.9163,True,1.0,2026-09-26,absent,0.0,no-feed,,,,,,
2026-09-26,VVV,56,73,30,29.85,1437629559,2.48,2.2,19.94,56.51,411.54,102.08,4,15.8,20.0,12.0,0.961,1.0,2419378162,10.95,82.32,0.9834,91bbc2a7e466,live,35706696,0.789412,0.999744,0.4,30.3372,,LIQUIDITY,0.7682,0.9163,0.789412,curve,0.388527,floor,applied,-0.9163,True,1.0,2026-09-26,current,-6.4064,inert-band,gateio,3,27.594,4.0,NEUTRAL,19530451.99
2026-09-26,AR,139,74,29,4.69,307845135,6.28,1.89,69.82,104.76,54.98,55.21,4,12.4,19.8,14.2,1.0,1.0,307845135,10.95,88.77,,91bbc2a7e466,live,19334239,0.622083,0.989263,0.4729,29.1024,,LIQUIDITY,0.6067,0.7489,0.622083,curve,0.4729,curve,inert,-0.7489,False,1.0,2026-09-26,current,-1.11465,inert-band,gateio,3,113.2735,8.0,NEUTRAL,1328692.41
2026-09-26,BTW,35,75,29,0.908092,2458298102,0.92,44.94,51.49,118.52,3379.08,731.8,4,17.0,20.0,12.0,0.9174,0.926,9077433340,153.738,81.77,1.1096,91bbc2a7e466,live,22528888,0.847659,1.0,0.4,28.7914,,LIQUIDITY,0.7359,0.9163,0.847659,curve,0.353699,floor,applied,-0.9163,True,0.926,2026-09-26,current,-17.37713,hot-confirmed,gateio,1,,4.0,OVERHEATED_LONG,2137750.52
2026-09-26,FARTCOIN,180,76,29,0.195071,195065075,20.97,17.36,24.95,-11.73,-18.12,4.89,4,11.5,12.7,24.0,1.0,0.984,195065075,22.995,60.52,1.2522,91bbc2a7e466,live,40898101,0.572545,0.636931,0.799253,28.6831,,DEPTH,0.4465,0.5577,0.572545,curve,0.799253,curve,inert,-0.5577,False,0.984,2026-09-26,current,-0.7595,hot-confirmed,gateio,4,42.3867,4.0,ELEVATED,5353867.53
2026-09-26,GRT,138,77,29,0.02815891,308023391,8.08,34.97,47.52,53.02,-43.42,26.94,4,12.4,18.1,15.4,1.0,1.0,326932590,10.95,,,91bbc2a7e466,live,24899555,0.622146,0.90653,0.51297,28.9312,,LIQUIDITY,0.5382,0.6675,0.622146,curve,0.51297,curve,inert,-0.6675,False,1.0,2026-09-26,current,4.34814,inert-band,gateio,2,374.5977,8.0,NEUTRAL,279917.16
2026-09-26,STRK,134,78,29,0.04240897,312138315,12.17,-5.6,34.75,50.78,-30.6,13.58,4,12.5,15.5,18.1,0.9797,1.0,424642992,10.95,,,91bbc2a7e466,live,37996006,0.623587,0.772988,0.60384,28.5158,,LIQUIDITY,0.402,0.5044,0.623587,curve,0.60384,curve,applied,-0.5044,False,1.0,2026-09-26,current,3.33091,inert-band,gateio,5,107.6541,4.0,NEUTRAL,359554.84
2026-09-26,ZAMA,166,79,29,0.091705,225452763,9.26,16.2,81.17,62.14,346.12,109.91,4,11.8,20.0,16.2,0.9117,1.0,1037932116,10.95,74.25,0.397,91bbc2a7e466,live,20872475,0.588264,0.999863,0.539067,28.9073,,LIQUIDITY,0.4979,0.6179,0.588264,curve,0.539067,curve,applied,-0.6179,False,1.0,2026-09-26,current,-0.86602,inert-band,gateio,1,,4.0,NEUTRAL,542934.62
2026-09-26,EIGEN,154,80,28,0.268904,250177907,23.05,12.42,14.49,23.9,-58.65,1.59,4,12.0,11.6,25.4,0.9481,1.0,498175584,10.95,,,91bbc2a7e466,live,57672298,0.599562,0.578655,0.845611,27.815,,CONFIRM,0.4275,0.547,0.599562,curve,0.845611,curve,applied,-0.547,False,1.0,2026-09-26,current,8.91787,inert-band,gateio,5,111.9562,4.0,NEUTRAL,469428.41
2026-09-26,ETC,52,81,28,9.61,1521132685,6.87,11.62,15.75,16.39,-4.32,10.66,4,15.9,14.6,14.6,1.0,1.0,1521136433,5.5845,,,91bbc2a7e466,live,104525932,0.795542,0.730975,0.486035,28.264,,LIQUIDITY,0.571,0.7215,0.795542,curve,0.486035,curve,inert,-0.7215,False,1.0,2026-09-26,current,-0.32131,inert-band,gateio,6,441.1207,8.0,NEUTRAL,1877161.11
2026-09-26,JST,69,82,28,0.123088,1007967518,3.35,1.14,4.17,17.39,126.38,31.01,4,15.0,18.6,12.2,1.0,1.0,1007967518,10.95,83.64,0.2092,91bbc2a7e466,live,33776779,0.750862,0.930482,0.4078,28.4914,,LIQUIDITY,0.7144,0.897,0.750862,curve,0.4078,curve,inert,-0.897,True,1.0,2026-09-26,current,4.90636,inert-band,gateio,1,,4.0,NEUTRAL,82388.02
2026-09-26,MINA,187,83,28,0.145498,188314809,7.35,22.54,26.48,116.49,29.01,48.31,4,11.4,19.6,14.9,1.0,1.0,188314809,10.95,77.36,,91bbc2a7e466,live,13841481,0.568721,0.981512,0.496671,27.7245,,LIQUIDITY,0.5455,0.6998,0.568721,curve,0.496671,curve,inert,-0.6998,False,1.0,2026-09-26,current,1.93527,inert-band,gateio,3,385.6119,8.0,NEUTRAL,316561.46
2026-09-26,META,219,84,27,6.31,143220645,12.97,3.07,20.97,-10.56,66.09,16.74,4,10.8,16.3,18.6,1.0,1.0,143220645,0.0,,,91bbc2a7e466,live,18571925,0.539001,0.813107,0.621497,27.2381,,DEPTH,0.4752,0.618,0.539001,curve,0.621497,curve,inert,-0.618,False,1.0,2026-09-26,current,7.31368,inert-band,gateio,2,2.628,8.0,NEUTRAL,426307.49
2026-09-26,SENT,195,85,27,0.02389838,172975759,9.39,28.81,57.17,81.61,-16.01,40.13,4,11.2,19.3,16.3,0.9111,1.0,821152071,10.95,,,91bbc2a7e466,live,16245922,0.559496,0.96511,0.542045,26.6671,,LIQUIDITY,0.4633,0.6124,0.559496,curve,0.542045,curve,applied,-0.6124,False,1.0,2026-09-26,current,7.92119,inert-band,gateio,1,,4.0,NEUTRAL,184315.18
2026-09-26,STX,88,86,27,0.341174,637816436,7.19,13.98,17.66,27.92,-5.8,14.43,4,14.0,15.7,14.8,1.0,1.0,637816436,10.95,90.06,-0.0739,91bbc2a7e466,live,45874491,0.701174,0.78427,0.493165,27.1196,,LIQUIDITY,0.5417,0.7069,0.701174,curve,0.493165,curve,inert,-0.7069,False,1.0,2026-09-26,current,5.73068,inert-band,gateio,3,36.7069,8.0,NEUTRAL,343682.65
2026-09-26,币安人生,102,87,27,0.502444,502450081,0.36,-4.89,-1.77,-8.51,674.33,130.83,4,13.5,20.0,12.0,1.0,1.0,502450081,10.95,60.01,0.0319,91bbc2a7e466,live,1794657,0.675273,0.999974,0.4,27.0102,,LIQUIDITY,0.7,0.9163,0.675273,curve,0.341271,floor,inert,-0.9163,True,1.0,2026-09-26,current,-0.79276,inert-band,gateio,1,,8.0,NEUTRAL,188802.47
2026-09-26,AKE,80,88,26,0.0339113,772352150,2.59,-52.86,112.96,324.97,13968.54,2887.33,4,14.4,20.0,12.0,0.9128,0.976,3388066678,28.689,53.22,-3.8111,91bbc2a7e466,live,20026895,0.721954,1.0,0.4,25.7352,,LIQUIDITY,0.6751,0.9163,0.721954,curve,0.390955,floor,applied,-0.9163,False,0.976,2026-09-26,current,-5.23656,hot-confirmed,gateio,1,,4.0,ELEVATED,2418248.58
2026-09-26,ALGO,66,89,26,0.118029,1069325933,6.04,16.81,17.42,22.68,-18.0,11.47,4,15.1,14.9,14.0,1.0,1.0,1069341280,10.95,,,91bbc2a7e466,live,64591400,0.757278,0.743095,0.467564,26.3112,,LIQUIDITY,0.5694,0.7602,0.757278,curve,0.467564,curve,inert,-0.7602,False,1.0,2026-09-26,current,0.87958,inert-band,gateio,5,125.9655,8.0,NEUTRAL,495536.26
2026-09-26,ICP,49,90,26,3.2,1785288025,4.27,9.16,7.6,26.63,-1.39,11.03,4,16.3,14.7,12.8,1.0,1.0,1785289612,10.95,,,91bbc2a7e466,live,76197578,0.812927,0.736577,0.42818,25.6387,,LIQUIDITY,0.6232,0.8482,0.812927,curve,0.42818,curve,inert,-0.8482,False,1.0,2026-09-26,current,-1.11145,inert-band,gateio,5,47.4463,8.0,NEUTRAL,1097972.21
2026-09-26,S,206,91,26,0.04138114,160788338,18.15,23.5,44.8,25.52,-98.79,4.87,4,11.0,12.7,22.1,1.0,1.0,160788338,10.95,,,91bbc2a7e466,live,29176696,0.551564,0.636612,0.736578,25.8636,,DEPTH,0.44,0.595,0.551564,curve,0.736578,curve,inert,-0.595,False,1.0,2026-09-26,current,-0.31462,inert-band,gateio,4,493.7261,4.0,NEUTRAL,162177.17
2026-09-26,AIOZ,208,92,25,0.12317,157690863,5.43,42.87,53.49,103.41,67.02,65.49,4,11.0,19.9,13.6,1.0,1.0,157706644,,,,91bbc2a7e466,live,8568293,0.549452,0.995251,0.45408,24.831,,LIQUIDITY,0.5667,0.7895,0.549452,curve,0.45408,curve,inert,-0.7895,False,1.0,2026-09-26,absent,-0.46602,no-feed,,,,,,
2026-09-26,ATH,232,93,25,0.00653266,131501613,12.33,25.39,31.02,25.37,-25.71,16.57,4,10.6,16.2,18.2,0.9448,1.0,274386822,10.95,,,91bbc2a7e466,live,16212607,0.529733,0.811123,0.607307,24.6543,,DEPTH,0.4538,0.6354,0.529733,curve,0.607307,curve,applied,-0.6354,False,1.0,2026-09-26,current,8.78517,inert-band,gateio,2,10.95,4.0,NEUTRAL,422128.41
2026-09-26,BONK,127,94,25,3.71e-06,326312730,14.6,20.03,22.0,13.31,-57.37,3.36,4,12.6,12.2,19.7,1.0,1.0,326312731,8.76,,,91bbc2a7e466,live,47649876,0.628409,0.61018,0.657834,25.2241,,CONFIRM,0.3587,0.494,0.628409,curve,0.657834,curve,inert,-0.494,False,1.0,2026-09-26,current,-1.03753,inert-band,gateio,2,8.76,4.0,NEUTRAL,517908.6
2026-09-26,DRV,115,95,25,0.421148,420941028,2.45,7.46,176.65,159.04,413.06,168.77,4,13.1,20.0,12.0,0.9708,1.0,631626648,,77.44,-1.5425,91bbc2a7e466,live,10303656,0.656055,0.999999,0.4,25.4759,,LIQUIDITY,0.6701,0.9163,0.656055,curve,0.387728,floor,applied,-0.9163,False,1.0,2026-09-26,absent,-3.60946,no-feed,,,,,,
2026-09-26,GT,65,96,25,10.86,1157980638,0.21,4.35,5.83,28.58,34.44,16.79,4,15.3,16.3,12.0,0.9987,1.0,1291012558,10.95,,,91bbc2a7e466,live,2489142,0.765925,0.813768,0.4,24.899,,LIQUIDITY,0.659,0.9163,0.765925,curve,0.33811,floor,applied,-0.9163,False,1.0,2026-09-26,current,-0.02687,inert-band,gateio,1,,8.0,NEUTRAL,738511.21
2026-09-26,RAIN,15,97,25,0.01219772,8652625018,0.19,-17.7,-29.77,-37.44,14.45,-19.22,4,19.7,5.2,30.0,0.9646,1.0,13937199265,,28.02,-0.4654,91bbc2a7e466,live,16159166,0.984287,0.259173,1.0,24.607,,CONFIRM,0.963,1.3503,0.984287,curve,0.337483,bypass,applied,-1.3503,True,1.0,2026-09-26,absent,2.21354,no-feed,,,,,,
2026-09-26,CARDS,199,98,24,0.179403,169946073,5.62,-10.44,12.65,-0.33,462.0,92.35,4,11.2,20.0,13.7,0.9448,1.0,354737427,,53.53,1.3058,91bbc2a7e466,live,9544558,0.557578,0.999444,0.458138,24.1213,,LIQUIDITY,0.5489,0.7806,0.557578,curve,0.458138,curve,applied,-0.7806,False,1.0,2026-09-26,absent,3.69131,no-feed,,,,,,
2026-09-26,CRV,97,99,24,0.352753,553614661,12.43,-0.48,-4.06,-0.22,20.72,2.93,4,13.7,12.1,18.3,0.9683,1.0,854241231,10.95,54.57,0.6944,91bbc2a7e466,live,68822202,0.685802,0.602536,0.609587,24.3909,,CONFIRM,0.3591,0.5066,0.685802,curve,0.609587,curve,applied,-0.5066,False,1.0,2026-09-26,current,1.35565,inert-band,gateio,5,114.0962,8.0,NEUTRAL,1035940.51
2026-09-26,KAS,62,100,24,0.04477257,1240926194,1.84,13.48,16.93,53.87,-39.16,13.91,4,15.5,15.5,12.0,1.0,1.0,1240986771,-18.615,,,91bbc2a7e466,live,22828589,0.773436,0.777379,0.4,24.0501,,LIQUIDITY,0.643,0.9163,0.773436,curve,0.374214,floor,inert,-0.9163,False,1.0,2026-09-26,current,5.97031,cold-no-rsi,gateio,3,51.648,8.0,SHORT_SQUEEZE_RISK,1048690.38
2026-09-26,PIEVERSE,113,101,24,1.56,428741173,0.97,-3.87,15.93,48.16,183.01,51.47,4,13.2,19.7,12.0,0.9179,1.0,1560477426,10.95,97.82,,91bbc2a7e466,live,4158878,0.658049,0.985574,0.4,23.8124,,LIQUIDITY,0.6385,0.9163,0.658049,curve,0.354889,floor,applied,-0.9163,False,1.0,2026-09-26,current,-2.73007,inert-band,gateio,1,,8.0,NEUTRAL,3553632.73
2026-09-26,UB,119,102,24,0.149475,373696240,3.07,3.71,13.2,20.71,350.5,79.69,4,12.9,20.0,12.0,0.9151,1.0,1494784959,10.95,65.29,-1.6721,91bbc2a7e466,live,11467345,0.64313,0.99847,0.401525,23.5947,,LIQUIDITY,0.6319,0.9125,0.64313,curve,0.401525,curve,applied,-0.9125,False,1.0,2026-09-26,current,2.45354,inert-band,gateio,1,,4.0,NEUTRAL,756814.8
2026-09-26,ZEN,222,103,24,7.72,142152489,13.07,-7.54,8.49,40.08,13.84,12.65,4,10.8,15.2,18.7,0.9965,0.925,162182352,91.0743,65.97,-0.9799,91bbc2a7e466,live,18583950,0.538189,0.760049,0.62385,23.5246,,DEPTH,0.4281,0.6195,0.538189,curve,0.62385,curve,applied,-0.6195,False,0.925,2026-09-26,current,0.92995,hot-confirmed,kraken,3,91.0743,1.0,OVERHEATED_LONG,221717.44
2026-09-26,BSV,111,104,23,21.58,433389398,1.82,20.39,22.14,20.84,28.72,22.6,4,13.2,17.5,12.0,1.0,1.0,433391758,10.95,,,91bbc2a7e466,live,7874822,0.65922,0.873246,0.4,23.0264,,LIQUIDITY,0.624,0.9163,0.65922,curve,0.373712,floor,inert,-0.9163,False,1.0,2026-09-26,current,-0.32734,inert-band,gateio,2,0.0,4.0,NEUTRAL,881282.6
2026-09-26,MNT,38,105,23,0.709483,2343141178,1.96,11.86,13.28,24.58,-17.24,9.58,4,16.8,14.3,12.0,0.9521,1.0,4412912841,10.95,,,91bbc2a7e466,live,45958496,0.84245,0.714394,0.4,22.9205,,LIQUIDITY,0.622,0.9163,0.84245,curve,0.37692,floor,applied,-0.9163,False,1.0,2026-09-26,current,4.1695,inert-band,gateio,3,98.3924,4.0,NEUTRAL,252024.22
2026-09-26,Q,217,106,23,0.03249515,145589255,9.15,22.16,24.51,31.93,150.56,50.87,4,10.8,19.7,16.1,0.9405,0.85,324887374,234.111,,,91bbc2a7e466,live,13327271,0.540782,0.98488,0.536756,22.8539,,LIQUIDITY,0.4215,0.6222,0.540782,curve,0.536756,curve,applied,-0.6222,False,0.85,2026-09-26,current,24.62851,hot-confirmed,gateio,1,,4.0,OVERHEATED_LONG,876799.32
2026-09-26,TIBBIR,145,107,23,0.29282,292863752,0.83,31.62,30.63,7.16,52.63,29.46,4,12.3,18.4,12.0,1.0,1.0,292863752,,78.93,-0.0152,91bbc2a7e466,live,2423323,0.616666,0.922128,0.4,22.7458,,LIQUIDITY,0.6188,0.9163,0.616666,curve,0.351721,floor,inert,-0.9163,False,1.0,2026-09-26,absent,5.70028,no-feed,,,,,,
2026-09-26,AKT,173,108,22,0.705867,210481836,3.79,21.45,24.02,20.16,47.81,27.04,4,11.6,18.1,12.5,1.0,1.0,210496404,10.95,,,91bbc2a7e466,live,7984961,0.580804,0.907208,0.417637,22.0057,,LIQUIDITY,0.5768,0.8731,0.580804,curve,0.417637,curve,inert,-0.8731,False,1.0,2026-09-26,current,1.505,inert-band,gateio,2,30.4396,4.0,NEUTRAL,299425.06
2026-09-26,COMP,157,109,22,24.19,241843835,7.04,9.04,11.86,18.54,9.02,12.12,4,11.9,15.0,14.7,1.0,1.0,241843835,10.95,,,91bbc2a7e466,live,17027528,0.595884,0.752486,0.489794,21.9621,,LIQUIDITY,0.4709,0.7138,0.595884,curve,0.489794,curve,inert,-0.7138,False,1.0,2026-09-26,current,0.78767,inert-band,gateio,5,49.0761,8.0,NEUTRAL,163855.82
2026-09-26,RLUSD,34,110,22,0.999973,2491230294,14.26,-3.52,-8.83,-5.26,-18.54,-8.29,4,17.0,8.1,19.5,1.0,1.0,2491230294,,44.44,0.0033,91bbc2a7e466,live,355211716,0.849103,0.406077,0.650189,22.4186,,CONFIRM,0.6027,0.9012,0.849103,curve,0.650189,curve,inert,-0.9012,False,1.0,2026-09-26,absent,-0.00474,no-feed,,,,,,
2026-09-26,SN51,225,111,22,28.64,136739546,3.72,19.96,14.55,32.46,228.62,63.47,4,10.7,19.9,12.5,1.0,1.0,136739546,,,,91bbc2a7e466,live,5083173,0.533974,0.994422,0.415943,22.0863,,LIQUIDITY,0.5809,0.8772,0.533974,curve,0.415943,curve,inert,-0.8772,False,1.0,2026-09-26,absent,4.54527,no-feed,,,,,,
2026-09-26,VET,78,112,22,0.00963834,829172048,2.2,9.65,15.45,35.76,-20.53,11.59,4,14.6,14.9,12.0,1.0,1.0,829172048,10.95,,,91bbc2a7e466,live,18237699,0.729661,0.744868,0.4,21.74,,LIQUIDITY,0.6004,0.9163,0.729661,curve,0.382211,floor,inert,-0.9163,False,1.0,2026-09-26,current,1.75881,inert-band,gateio,2,,8.0,NEUTRAL,250909.59
2026-09-26,ZK,224,113,22,0.01300308,140545710,12.15,12.74,25.96,45.25,-63.31,8.96,4,10.7,14.1,18.1,0.9499,1.0,272865457,10.95,,,91bbc2a7e466,live,17081718,0.536954,0.704735,0.603419,21.69,,DEPTH,0.4069,0.6218,0.536954,curve,0.603419,curve,applied,-0.6218,False,1.0,2026-09-26,current,4.73064,inert-band,gateio,3,82.121,8.0,NEUTRAL,160401.04
2026-09-26,ETHFI,84,114,21,0.729267,703789399,7.51,-5.32,-8.01,19.38,5.24,2.29,4,14.2,11.8,15.0,1.0,1.0,703789399,10.95,67.07,-1.1059,91bbc2a7e466,live,52838350,0.711861,0.591153,0.500171,21.0481,,LIQUIDITY,0.4446,0.6928,0.711861,curve,0.500171,curve,inert,-0.6928,False,1.0,2026-09-26,current,2.42831,inert-band,gateio,4,57.9803,4.0,NEUTRAL,930299.75
2026-09-26,MANA,190,115,21,0.092729,181519579,9.89,10.54,17.48,18.99,-28.12,6.65,4,11.3,13.3,16.6,0.9983,1.0,203287559,10.95,,,91bbc2a7e466,live,17960792,0.564731,0.666997,0.553215,20.8027,,LIQUIDITY,0.3771,0.592,0.564731,curve,0.553215,curve,applied,-0.592,False,1.0,2026-09-26,current,1.07192,inert-band,gateio,2,88.019,8.0,NEUTRAL,120016.53
2026-09-26,MON,132,116,21,0.02671399,315875100,14.7,5.46,4.1,-12.17,3.45,0.31,4,12.5,11.1,19.8,0.9037,1.0,2689453294,10.95,55.5,-1.3535,91bbc2a7e466,live,46442153,0.624879,0.555608,0.66006,20.7096,,CONFIRM,0.3732,0.5877,0.624879,curve,0.66006,curve,applied,-0.5877,False,1.0,2026-09-26,current,1.39933,inert-band,gateio,5,67.7311,4.0,NEUTRAL,521693.41
2026-09-26,RAIL,200,117,21,2.83,169934222,0.21,-15.36,27.91,29.03,123.34,34.3,4,11.2,18.9,12.0,1.0,1.0,169934222,,,,91bbc2a7e466,live,348534,0.55757,0.945603,0.4,21.0896,,LIQUIDITY,0.5887,0.9163,0.55757,curve,0.337891,floor,inert,-0.9163,False,1.0,2026-09-26,absent,-2.06391,no-feed,,,,,,
2026-09-26,SKY,47,118,21,0.078887,1848266936,1.28,7.51,15.76,8.56,-17.61,4.81,4,16.3,12.7,12.0,1.0,1.0,1851434535,10.95,,,91bbc2a7e466,live,23622768,0.816691,0.635568,0.4,20.7625,,LIQUIDITY,0.5829,0.9163,0.816691,curve,0.361736,floor,inert,-0.9163,False,1.0,2026-09-26,current,5.23023,inert-band,gateio,2,98.414,4.0,NEUTRAL,391223.07
2026-09-26,TRUMP,91,119,21,2.16,607933714,42.14,1.57,-1.46,-13.13,-46.98,-12.57,4,13.9,6.8,28.9,0.9187,1.0,2156803368,10.95,61.1,-0.2493,91bbc2a7e466,live,256184343,0.695964,0.34105,0.961869,20.9746,,CONFIRM,0.6887,1.0757,0.695964,curve,0.961869,curve,applied,-1.0757,False,1.0,2026-09-26,current,2.31331,inert-band,gateio,5,157.1762,4.0,NEUTRAL,3729691.78
2026-09-26,ATOM,72,120,20,1.83,976264402,7.86,3.36,3.13,15.42,-31.42,-0.64,4,14.9,10.8,15.2,1.0,1.0,976310955,10.95,,,91bbc2a7e466,live,76688073,0.747392,0.538556,0.507895,20.4434,,LIQUIDITY,0.4268,0.6775,0.747392,curve,0.507895,curve,inert,-0.6775,False,1.0,2026-09-26,current,1.3572,inert-band,gateio,6,38.9885,8.0,NEUTRAL,1255384.87
2026-09-26,MORPHO,44,121,20,2.75,1921556393,1.76,-5.97,10.33,-0.73,19.62,4.53,4,16.4,12.6,12.0,0.9751,1.0,2747042500,10.95,75.28,0.288,91bbc2a7e466,live,33901678,0.820913,0.630713,0.4,20.1947,,LIQUIDITY,0.5728,0.9163,0.820913,curve,0.37254,floor,applied,-0.9163,False,1.0,2026-09-26,current,-5.71289,inert-band,gateio,4,168.1986,4.0,NEUTRAL,457359.18
2026-09-26,NPC,182,122,20,0.0239111,192511448,1.58,-4.64,6.07,28.78,88.16,24.95,4,11.4,17.8,12.0,1.0,1.0,192511448,,,,91bbc2a7e466,live,3043016,0.571114,0.892374,0.4,20.3859,,LIQUIDITY,0.5762,0.9163,0.571114,curve,0.36846,floor,inert,-0.9163,False,1.0,2026-09-26,absent,4.8127,no-feed,,,,,,
2026-09-26,RUNE,162,123,20,0.710944,233580211,115.53,26.84,29.2,17.85,0.88,19.99,4,11.8,17.0,12.0,1.0,1.0,251530628,10.95,87.55,,91bbc2a7e466,live,269851554,0.592109,0.848757,0.4,20.1023,,LIQUIDITY,0.5711,0.9163,0.592109,curve,0.296477,floor,inert,-0.9163,False,1.0,2026-09-26,current,9.38393,inert-band,gateio,5,124.501,8.0,NEUTRAL,401291.31
2026-09-26,SHIB,28,124,20,5.94e-06,3502820811,3.03,6.26,3.86,5.02,-20.53,-0.01,4,17.7,11.0,12.0,1.0,1.0,3504349251,10.95,,,91bbc2a7e466,live,106255106,0.886104,0.549851,0.400743,19.5252,,LIQUIDITY,0.5598,0.9144,0.886104,curve,0.400743,curve,inert,-0.9144,False,1.0,2026-09-26,current,0.03617,inert-band,gateio,2,239.0659,8.0,NEUTRAL,3563666.85
2026-09-26,A,196,125,19,0.102918,171845849,3.65,10.73,22.39,29.06,14.68,19.02,4,11.2,16.8,12.4,0.9871,1.0,216169819,10.95,,,91bbc2a7e466,live,6269749,0.558785,0.838647,0.414411,19.1697,,LIQUIDITY,0.5333,0.8809,0.558785,curve,0.414411,curve,applied,-0.8809,False,1.0,2026-09-26,current,2.68868,inert-band,gateio,1,,4.0,NEUTRAL,125141.34
2026-09-26,BAT,221,126,19,0.095066,142180264,5.72,15.05,21.81,32.21,-24.26,13.17,4,10.8,15.3,13.8,1.0,1.0,142586668,10.95,,,91bbc2a7e466,live,8134179,0.53821,0.767309,0.460467,19.0161,,LIQUIDITY,0.4672,0.7755,0.53821,curve,0.460467,curve,inert,-0.7755,False,1.0,2026-09-26,current,3.52989,inert-band,gateio,2,91.9984,8.0,NEUTRAL,72954.0
2026-09-26,DBR,234,127,19,0.02195264,130197894,3.02,37.57,34.01,46.15,17.47,34.8,4,10.6,19.0,12.0,0.9608,1.0,219604612,,,,91bbc2a7e466,live,3927386,0.528651,0.947631,0.400366,19.2708,,LIQUIDITY,0.5559,0.9154,0.528651,curve,0.400366,curve,applied,-0.9154,False,1.0,2026-09-26,absent,-8.29937,no-feed,,,,,,
2026-09-26,IMX,215,128,19,0.167573,147320183,8.44,19.47,27.26,21.55,-36.49,10.75,4,10.8,14.6,15.6,0.9393,1.0,335019591,10.95,,,91bbc2a7e466,live,12430008,0.542066,0.732352,0.520831,19.4211,,LIQUIDITY,0.398,0.6523,0.542066,curve,0.520831,curve,applied,-0.6523,False,1.0,2026-09-26,current,4.52908,inert-band,gateio,4,184.1537,4.0,NEUTRAL,344767.83
2026-09-26,OKB,33,129,19,121.75,2556774270,0.89,0.53,-2.17,2.0,5.47,1.21,4,17.0,11.4,12.0,1.0,1.0,2556774270,10.95,84.82,0.2421,91bbc2a7e466,live,22799493,0.851923,0.571724,0.4,19.4826,,LIQUIDITY,0.5602,0.9163,0.851923,curve,0.35315,floor,inert,-0.9163,False,1.0,2026-09-26,current,0.8269,inert-band,gateio,1,,8.0,NEUTRAL,768307.81
2026-09-26,SHFL,186,130,19,0.392863,189943782,0.51,18.92,16.51,30.29,37.33,24.84,4,11.4,17.8,12.0,0.9513,1.0,361447580,,,,91bbc2a7e466,live,964186,0.569656,0.891511,0.4,19.3249,,LIQUIDITY,0.5574,0.9163,0.569656,curve,0.344614,floor,applied,-0.9163,False,1.0,2026-09-26,absent,7.46726,no-feed,,,,,,
2026-09-26,BTT,120,131,18,3.71772e-07,367070235,2.84,8.7,5.41,23.71,-6.27,8.63,4,12.8,14.0,12.0,1.0,1.0,368171818,,,,91bbc2a7e466,live,10435690,0.641187,0.699525,0.4,17.9411,,LIQUIDITY,0.5333,0.9163,0.641187,curve,0.39651,floor,inert,-0.9163,False,1.0,2026-09-26,absent,-0.49338,no-feed,,,,,,
2026-09-26,FF,116,132,18,0.13186,413967006,1.33,-0.04,-20.95,25.41,58.39,12.78,4,13.1,15.2,12.0,0.9226,1.0,1318366261,10.95,65.63,-0.0639,91bbc2a7e466,live,5491929,0.654241,0.761874,0.4,18.3948,,LIQUIDITY,0.5412,0.9163,0.654241,curve,0.362815,floor,applied,-0.9163,False,1.0,2026-09-26,current,-2.58313,inert-band,gateio,1,,4.0,NEUTRAL,13897252.41
2026-09-26,GOMINING,214,133,18,0.373037,150390074,10.73,0.26,-3.71,7.54,4.02,1.84,4,10.9,11.7,17.2,1.0,1.0,150390074,,,,91bbc2a7e466,live,16129418,0.544305,0.58302,0.571668,18.1413,,DEPTH,0.3563,0.6082,0.544305,curve,0.571668,curve,inert,-0.6082,False,1.0,2026-09-26,absent,0.67687,no-feed,,,,,,
2026-09-26,SAND,228,134,18,0.04594918,134999289,19.3,13.03,17.0,2.27,-76.08,-6.49,4,10.7,8.7,22.9,1.0,1.0,137865057,10.95,,,91bbc2a7e466,live,26060618,0.532583,0.435735,0.762317,17.6907,,CONFIRM,0.4796,0.8307,0.532583,curve,0.762317,curve,inert,-0.8307,False,1.0,2026-09-26,current,1.9418,inert-band,gateio,3,141.5836,8.0,NEUTRAL,298856.37
2026-09-26,SKR,223,135,18,0.01985739,141339715,2.17,-3.72,-3.27,128.34,-38.73,22.41,4,10.8,17.4,12.0,0.9713,1.0,210840130,10.95,13.07,,91bbc2a7e466,live,3072002,0.537566,0.871511,0.4,18.202,,LIQUIDITY,0.5378,0.9163,0.537566,curve,0.381633,floor,applied,-0.9163,False,1.0,2026-09-26,current,-3.22902,inert-band,gateio,2,0.0,4.0,NEUTRAL,451309.9
2026-09-26,THETA,161,136,18,0.235406,235271325,3.09,3.4,14.26,26.71,8.85,13.03,4,11.9,15.3,12.1,1.0,1.0,235271325,10.95,,,91bbc2a7e466,live,7278064,0.592892,0.765442,0.402077,18.2473,,LIQUIDITY,0.5356,0.9111,0.592892,curve,0.402077,curve,inert,-0.9111,False,1.0,2026-09-26,current,3.94961,inert-band,gateio,2,213.6731,8.0,NEUTRAL,259019.82
2026-09-26,APEPE,149,137,17,1.31e-06,275383530,6.79,5.79,-9.75,10.94,-5.61,0.91,4,12.2,11.3,14.5,1.0,1.0,275383530,,,,91bbc2a7e466,live,18707059,0.609984,0.566451,0.484291,16.7335,,LIQUIDITY,0.4056,0.7251,0.609984,curve,0.484291,curve,inert,-0.7251,False,1.0,2026-09-26,absent,5.28163,no-feed,,,,,,
2026-09-26,ENS,142,138,17,7.14,301150183,6.89,9.7,13.45,14.19,-36.85,2.45,4,12.4,11.9,14.6,0.9368,1.0,714046032,10.95,,,91bbc2a7e466,live,20738139,0.619696,0.593966,0.486362,16.7705,,LIQUIDITY,0.4037,0.7208,0.619696,curve,0.486362,curve,applied,-0.7208,False,1.0,2026-09-26,current,-1.44934,inert-band,gateio,3,18.5193,8.0,NEUTRAL,216000.5
2026-09-26,U,55,139,17,0.999487,1482150890,8.22,-3.55,-8.81,-5.21,-18.58,-8.29,4,15.9,8.1,15.5,1.0,1.0,1482150890,,52.81,-0.0024,91bbc2a7e466,live,121765979,0.792723,0.406069,0.5159,16.6068,,CONFIRM,0.502,0.9012,0.792723,curve,0.5159,curve,inert,-0.9012,False,1.0,2026-09-26,absent,0.00612,no-feed,,,,,,
2026-09-26,CRO,29,140,16,0.065668,3266631771,0.37,7.12,5.32,3.56,-44.36,-4.52,4,17.6,9.4,12.0,0.9481,1.0,6497479796,10.95,,,91bbc2a7e466,live,12011343,0.878525,0.469582,0.4,15.6452,,LIQUIDITY,0.494,0.9163,0.878525,curve,0.341504,floor,applied,-0.9163,False,1.0,2026-09-26,current,-0.22943,inert-band,gateio,2,93.408,8.0,NEUTRAL,453298.56
2026-09-26,FLOKI,148,141,16,2.877e-05,277491200,7.81,7.4,6.42,2.42,-34.41,-2.45,4,12.2,10.1,15.2,1.0,1.0,159454222,10.95,,,91bbc2a7e466,live,21677425,0.610812,0.505993,0.506932,15.6676,,CONFIRM,0.3675,0.6812,0.610812,curve,0.506932,curve,inert,-0.6812,False,1.0,2026-09-26,current,-0.25902,inert-band,gateio,1,,8.0,NEUTRAL,256381.86
2026-09-26,SN64,231,142,16,21.8,131689247,1.94,14.91,23.19,7.52,-3.73,11.4,4,10.6,14.8,12.0,1.0,1.0,131689247,,,,91bbc2a7e466,live,2556484,0.529888,0.742126,0.4,15.7297,,LIQUIDITY,0.4954,0.9163,0.529888,curve,0.376473,floor,inert,-0.9163,False,1.0,2026-09-26,absent,5.28104,no-feed,,,,,,
2026-09-26,TWT,155,143,16,0.600194,250074757,3.76,2.78,0.38,24.19,1.14,7.2,4,12.0,13.5,12.5,0.9361,1.0,600203568,10.95,,,91bbc2a7e466,live,9393386,0.599517,0.676173,0.416805,15.8167,,LIQUIDITY,0.4746,0.8751,0.599517,curve,0.416805,curve,applied,-0.8751,False,1.0,2026-09-26,current,2.93695,inert-band,gateio,1,,8.0,NEUTRAL,142354.21
2026-09-26,XCN,179,144,16,0.00498725,196092786,3.39,14.57,6.98,30.39,-23.1,9.09,4,11.5,14.1,12.3,0.9799,1.0,266262886,10.95,,,91bbc2a7e466,live,6641032,0.573115,0.706814,0.408593,16.2188,,LIQUIDITY,0.492,0.895,0.573115,curve,0.408593,curve,applied,-0.895,False,1.0,2026-09-26,current,-0.28312,inert-band,gateio,1,,4.0,NEUTRAL,240404.04
2026-09-26,XEC,188,145,16,9.14e-06,183571464,2.46,9.14,9.65,22.91,-4.54,9.97,4,11.3,14.4,12.0,1.0,1.0,183571521,,,,91bbc2a7e466,live,4513819,0.565951,0.720547,0.4,16.3118,,LIQUIDITY,0.5053,0.9163,0.565951,curve,0.387975,floor,inert,-0.9163,False,1.0,2026-09-26,absent,-0.21524,no-feed,,,,,,
2026-09-26,XTZ,121,146,16,0.330366,362392073,2.97,-6.77,20.16,37.52,-35.57,5.27,4,12.8,12.9,12.0,1.0,1.0,368991174,10.95,,,91bbc2a7e466,live,10774858,0.639795,0.64353,0.4,16.4691,,LIQUIDITY,0.508,0.9163,0.639795,curve,0.399406,floor,inert,-0.9163,False,1.0,2026-09-26,current,-1.51353,inert-band,gateio,2,25.7029,8.0,NEUTRAL,339236.6
2026-09-26,APE,209,147,15,0.156817,156814017,9.62,8.41,6.29,5.22,-43.51,-3.3,4,11.0,9.8,16.4,1.0,1.0,156814017,10.95,,,91bbc2a7e466,live,15078246,0.548846,0.490907,0.547008,14.7382,,CONFIRM,0.3716,0.7115,0.548846,curve,0.547008,curve,inert,-0.7115,False,1.0,2026-09-26,current,0.79761,inert-band,gateio,5,170.4368,8.0,NEUTRAL,397032.88
2026-09-26,ASTER,43,148,15,0.731576,1983085421,4.92,-7.37,-2.26,-3.08,-15.37,-6.62,4,16.5,8.7,13.3,0.9268,1.0,5703631485,10.95,,,91bbc2a7e466,live,97554362,0.824335,0.433554,0.442652,14.6621,,CONFIRM,0.4353,0.8357,0.824335,curve,0.442652,curve,applied,-0.8357,False,1.0,2026-09-26,current,0.01758,inert-band,gateio,5,29.1068,4.0,NEUTRAL,3482291.12
2026-09-26,AWE,226,149,15,0.070329,136653177,3.95,-5.25,9.23,6.74,19.35,6.29,4,10.7,13.2,12.6,1.0,1.0,136653177,10.95,,,91bbc2a7e466,live,5394826,0.533905,0.660885,0.421063,14.8572,,LIQUIDITY,0.4537,0.865,0.533905,curve,0.421063,curve,inert,-0.865,False,1.0,2026-09-26,current,7.31889,inert-band,gateio,1,,8.0,NEUTRAL,22108.13
2026-09-26,CHZ,192,150,15,0.01678028,176915640,14.17,7.02,7.03,11.83,-76.52,-8.48,4,11.2,8.1,19.4,1.0,1.0,176915640,10.95,,,91bbc2a7e466,live,25061625,0.561942,0.402901,0.64813,14.6741,,CONFIRM,0.4737,0.9091,0.561942,curve,0.64813,curve,inert,-0.9091,False,1.0,2026-09-26,current,1.88098,inert-band,gateio,3,53.5255,8.0,NEUTRAL,160681.47
2026-09-26,LUNC,135,151,15,5.651e-05,311407016,3.4,5.11,1.25,-1.76,7.04,2.81,4,12.5,12.0,12.3,0.994,1.0,364386982,10.95,,,91bbc2a7e466,live,10589912,0.623332,0.600441,0.408904,15.2124,,LIQUIDITY,0.4749,0.8943,0.623332,curve,0.408904,curve,applied,-0.8943,False,1.0,2026-09-26,current,1.58546,inert-band,gateio,1,,8.0,NEUTRAL,230010.5
2026-09-26,SNX,213,152,15,0.261518,151930592,6.19,11.28,15.53,9.33,-41.73,1.25,4,10.9,11.5,14.1,1.0,1.0,152041375,10.95,,,91bbc2a7e466,live,9398277,0.545411,0.572516,0.470798,14.701,,LIQUIDITY,0.3929,0.7533,0.545411,curve,0.470798,curve,inert,-0.7533,False,1.0,2026-09-26,current,0.6841,inert-band,gateio,3,13.6074,8.0,NEUTRAL,151277.36
2026-09-26,BUIDL,39,153,14,1.0,2290130495,0.0,-3.52,-8.83,-5.23,-18.54,-8.28,4,16.8,8.1,12.0,1.0,1.0,2290130495,,50.0,0.0,91bbc2a7e466,live,0.0,0.839965,0.406194,0.4,13.6475,,LIQUIDITY,0.4601,0.9163,0.839965,curve,0.0,zero-volume,inert,-0.9163,False,1.0,2026-09-26,absent,0.0,no-feed,,,,,,
2026-09-26,HTX,50,154,14,1.72e-06,1544498975,1.45,-2.38,-7.59,-5.18,-10.6,-6.03,4,15.9,8.9,12.0,1.0,1.0,1544498975,,25.6,0.0372,91bbc2a7e466,live,22347149,0.797197,0.443552,0.4,14.1439,,LIQUIDITY,0.4685,0.9163,0.797197,curve,0.365486,floor,inert,-0.9163,False,1.0,2026-09-26,absent,0.04002,no-feed,,,,,,
2026-09-26,NEO,185,155,14,2.69,190084860,3.0,11.28,15.34,16.1,-40.24,3.2,4,11.4,12.1,12.0,0.9759,1.0,269509230,10.95,,,91bbc2a7e466,live,5710925,0.569737,0.607237,0.400098,13.5084,,LIQUIDITY,0.4576,0.916,0.569737,curve,0.400098,curve,applied,-0.916,False,1.0,2026-09-26,current,1.40624,inert-band,gateio,3,222.2562,8.0,NEUTRAL,143272.99
2026-09-26,USDY,40,156,14,1.15,2276587135,0.18,-3.32,-8.59,-4.69,-16.27,-7.57,4,16.8,8.4,12.0,1.0,1.0,2276587135,,100.0,0.0,91bbc2a7e466,live,4168278,0.839321,0.417737,0.4,14.0246,,LIQUIDITY,0.4665,0.9163,0.839321,curve,0.337402,floor,inert,-0.9163,False,1.0,2026-09-26,absent,0.1706,no-feed,,,,,,
2026-09-26,USYC,36,157,14,1.14,2405269933,0.0,-3.45,-8.71,-4.94,-16.78,-7.8,4,16.9,8.3,12.0,1.0,1.0,2405269933,,100.0,0.0,91bbc2a7e466,live,0.0,0.845291,0.413923,0.4,13.9954,,LIQUIDITY,0.466,0.9163,0.845291,curve,0.0,zero-volume,inert,-0.9163,False,1.0,2026-09-26,absent,0.02993,no-feed,,,,,,
2026-09-26,BFUSD,60,158,13,0.99966,1319554606,0.3,-3.52,-8.83,-5.26,-18.52,-8.28,4,15.6,8.1,12.0,1.0,1.0,1319554606,,,,91bbc2a7e466,live,3895923,0.780107,0.40614,0.4,12.6733,,LIQUIDITY,0.4436,0.9163,0.780107,curve,0.339894,floor,inert,-0.9163,False,1.0,2026-09-26,absent,0.0033,no-feed,,,,,,
2026-09-26,BGB,57,159,13,2.05,1432683040,2.08,-1.42,-3.68,-1.34,-24.79,-6.64,4,15.8,8.7,12.0,0.9838,1.0,1864393926,,,,91bbc2a7e466,live,29736666,0.789038,0.433264,0.4,13.4529,,LIQUIDITY,0.4568,0.9163,0.789038,curve,0.379458,floor,applied,-0.9163,False,1.0,2026-09-26,absent,1.95865,no-feed,,,,,,
2026-09-26,EDGE,176,160,13,0.587619,205262524,1.54,-1.79,-11.91,46.17,-18.54,4.32,3,11.6,12.5,12.0,0.9271,1.0,586464354,10.95,,,91bbc2a7e466,live,3168630,0.578077,0.626978,0.4,13.4408,,LIQUIDITY,0.4566,0.9163,0.578077,curve,0.367638,floor,applied,-0.9163,False,1.0,2026-09-26,current,4.62401,inert-band,gateio,1,,4.0,NEUTRAL,21607.3
2026-09-26,EURCV,184,161,13,1.14,191039346,11.06,-4.5,-10.6,-7.46,-20.82,-10.03,4,11.4,7.6,17.4,1.0,1.0,191039346,,,,91bbc2a7e466,live,21133683,0.570281,0.378594,0.579166,12.5045,,CONFIRM,0.4672,0.9713,0.570281,curve,0.579166,curve,inert,-0.9713,False,1.0,2026-09-26,absent,-0.1422,no-feed,,,,,,
2026-09-26,GLM,233,162,13,0.130248,130250181,1.41,3.65,8.65,10.9,-15.1,2.96,4,10.6,12.1,12.0,1.0,1.0,130250181,10.95,,,91bbc2a7e466,live,1832601,0.528695,0.603071,0.4,12.7536,,LIQUIDITY,0.4449,0.9163,0.528695,curve,0.3646,floor,inert,-0.9163,False,1.0,2026-09-26,current,1.81435,inert-band,gateio,1,,4.0,NEUTRAL,31125.12
2026-09-26,IOTA,159,163,13,0.050889,236855785,3.72,5.44,17.07,13.27,-54.89,-1.76,4,11.9,10.4,12.5,1.0,1.0,253845616,10.95,,,91bbc2a7e466,live,8813229,0.593621,0.518406,0.416021,12.8025,,LIQUIDITY,0.4267,0.877,0.593621,curve,0.416021,curve,inert,-0.877,False,1.0,2026-09-26,current,2.59617,inert-band,gateio,3,64.4426,8.0,NEUTRAL,503513.42
2026-09-26,JASMY,163,164,13,0.00472033,233413832,6.09,13.25,7.85,-5.78,-48.35,-5.18,4,11.8,9.2,14.1,1.0,1.0,236033808,10.95,,,91bbc2a7e466,live,14207713,0.592032,0.458113,0.468598,12.7092,,CONFIRM,0.3784,0.7806,0.592032,curve,0.468598,curve,inert,-0.7806,False,1.0,2026-09-26,current,0.8877,inert-band,gateio,2,42.486,8.0,NEUTRAL,290286.87
2026-09-26,KOGE,165,165,13,67.73,228936573,0.04,-3.61,-11.13,-0.7,22.62,0.49,4,11.8,11.2,12.0,1.0,1.0,228936573,,,,91bbc2a7e466,live,95119,0.589929,0.558733,0.4,13.1845,,LIQUIDITY,0.4522,0.9163,0.589929,curve,0.334257,floor,inert,-0.9163,False,1.0,2026-09-26,absent,-2.19181,no-feed,,,,,,
2026-09-26,M,31,166,13,1.23,2793234673,0.03,-8.43,-5.15,4.73,-28.77,-8.39,4,17.2,8.1,12.0,0.9366,1.0,6641404985,10.95,,,91bbc2a7e466,live,758407,0.861527,0.404411,0.4,13.0529,,LIQUIDITY,0.45,0.9163,0.861527,curve,0.333937,floor,applied,-0.9163,False,1.0,2026-09-26,current,2.17775,inert-band,gateio,1,,8.0,NEUTRAL,903843.44
2026-09-26,OHM,141,167,13,20.27,302395507,0.03,-3.01,-9.67,7.09,-1.01,-1.75,4,12.4,10.4,12.0,0.9819,1.0,401787558,,,,91bbc2a7e466,live,86735,0.620144,0.518573,0.4,12.6308,,LIQUIDITY,0.4429,0.9163,0.620144,curve,0.333971,floor,applied,-0.9163,False,1.0,2026-09-26,absent,-0.71085,no-feed,,,,,,
2026-09-26,SFP,207,168,13,0.320969,159816708,0.71,1.88,8.09,9.43,-7.43,3.46,4,11.0,12.2,12.0,1.0,1.0,159816708,10.95,,,91bbc2a7e466,live,1136794,0.550906,0.611846,0.4,13.4828,,LIQUIDITY,0.4573,0.9163,0.550906,curve,0.34914,floor,inert,-0.9163,False,1.0,2026-09-26,current,3.64004,inert-band,gateio,1,,8.0,NEUTRAL,14816.52
2026-09-26,TRAC,203,169,13,0.370086,165531060,1.86,6.39,3.77,4.83,-12.07,1.65,4,11.1,11.6,12.0,0.9984,1.0,185044309,,,,91bbc2a7e466,live,3078730,0.55472,0.57972,0.4,12.8427,,LIQUIDITY,0.4464,0.9163,0.55472,curve,0.374665,floor,applied,-0.9163,False,1.0,2026-09-26,absent,-1.74306,no-feed,,,,,,
2026-09-26,USDF,59,170,13,0.996027,1371944576,0.03,-3.49,-8.86,-5.26,-18.3,-8.24,4,15.7,8.1,12.0,1.0,1.0,1371944576,,,,91bbc2a7e466,live,378440,0.784334,0.406904,0.4,12.766,,LIQUIDITY,0.4451,0.9163,0.784334,curve,0.333946,floor,inert,-0.9163,False,1.0,2026-09-26,absent,0.03787,no-feed,,,,,,
2026-09-26,USDGO,58,171,13,0.999768,1407455120,1.56,-3.56,-8.88,-5.27,-18.55,-8.32,4,15.7,8.1,12.0,1.0,1.0,1407455120,,,,91bbc2a7e466,live,21962105,0.787109,0.405593,0.4,12.7698,,LIQUIDITY,0.4452,0.9163,0.787109,curve,0.368009,floor,inert,-0.9163,False,1.0,2026-09-26,absent,-0.00225,no-feed,,,,,,
2026-09-26,ZBCN,172,172,13,0.00212881,212796547,4.11,11.98,6.76,-3.07,-30.55,-1.59,4,11.6,10.4,12.7,1.0,1.0,212796547,10.95,,,91bbc2a7e466,live,8754792,0.581991,0.521411,0.424759,12.8896,,LIQUIDITY,0.4179,0.8562,0.581991,curve,0.424759,curve,inert,-0.8562,False,1.0,2026-09-26,current,-2.25966,inert-band,gateio,1,,4.0,NEUTRAL,47812.95
2026-09-26,1INCH,218,173,12,0.103604,145563543,7.5,0.59,4.43,8.86,-46.67,-5.83,4,10.8,8.9,15.0,1.0,1.0,155342458,10.95,,,91bbc2a7e466,live,10918118,0.540763,0.446842,0.500013,12.0821,,CONFIRM,0.3812,0.8056,0.540763,curve,0.500013,curve,inert,-0.8056,False,1.0,2026-09-26,current,0.59389,inert-band,gateio,3,107.7221,8.0,NEUTRAL,114847.25
2026-09-26,B,181,174,12,0.194576,194624198,2.12,-7.08,-5.82,41.32,-35.21,-0.29,4,11.4,10.9,12.0,1.0,0.99,194624198,18.834,,,91bbc2a7e466,live,4128428,0.572299,0.544748,0.4,12.3456,,LIQUIDITY,0.438,0.9163,0.572299,curve,0.380472,floor,inert,-0.9163,False,0.99,2026-09-26,current,-5.61291,hot-confirmed,gateio,1,,4.0,ELEVATED,1640467.21
2026-09-26,CASH,230,175,12,0.999628,132540171,10.5,-3.5,-8.84,-5.24,-18.6,-8.29,4,10.6,8.1,17.0,1.0,1.0,132540171,,,,91bbc2a7e466,live,13911870,0.530587,0.406005,0.566585,12.2054,,CONFIRM,0.4286,0.9014,0.530587,curve,0.566585,curve,inert,-0.9014,False,1.0,2026-09-26,absent,-0.00207,no-feed,,,,,,
2026-09-26,EGLD,220,176,12,4.62,142533644,2.25,8.32,-6.36,28.69,-43.22,-0.57,4,10.8,10.8,12.0,1.0,1.0,142533644,10.95,,,91bbc2a7e466,live,3204888,0.538479,0.539829,0.4,11.6275,,LIQUIDITY,0.4258,0.9163,0.538479,curve,0.3833,floor,inert,-0.9163,False,1.0,2026-09-26,current,-0.46469,inert-band,gateio,2,101.2063,8.0,NEUTRAL,258608.67
2026-09-26,EURSAFO,54,177,12,1.15,1488884774,0.0,-4.27,-10.55,-7.18,-18.54,-9.42,3,15.9,7.8,12.0,1.0,1.0,1488884774,,,,91bbc2a7e466,live,0.0,0.793215,0.388015,0.4,12.3112,,CONFIRM,0.452,0.9467,0.793215,curve,0.0,zero-volume,inert,-0.9467,False,1.0,2026-09-26,absent,-0.11487,no-feed,,,,,,
2026-09-26,GHO,86,178,12,0.999347,698545479,1.87,-3.48,-8.79,-5.19,-18.53,-8.25,4,14.2,8.1,12.0,1.0,1.0,698545479,,,,91bbc2a7e466,live,13069669,0.711049,0.406731,0.4,11.5682,,LIQUIDITY,0.4248,0.9163,0.711049,curve,0.374911,floor,inert,-0.9163,False,1.0,2026-09-26,absent,0.03782,no-feed,,,,,,
2026-09-26,JAAA,94,179,12,1.051,582040178,0.0,-3.41,-8.66,-4.84,-16.16,-7.63,4,13.8,8.3,12.0,1.0,1.0,582040178,,,,91bbc2a7e466,live,0.0,0.691238,0.41677,0.4,11.5235,,LIQUIDITY,0.4241,0.9163,0.691238,curve,0.0,zero-volume,inert,-0.9163,False,1.0,2026-09-26,absent,0.0,no-feed,,,,,,
2026-09-26,NEXO,76,180,12,0.861357,861433133,0.51,-1.02,-5.2,-3.97,-27.65,-8.13,4,14.7,8.2,12.0,1.0,1.0,861433133,,,,91bbc2a7e466,live,4388620,0.733805,0.408639,0.4,11.9945,,LIQUIDITY,0.4321,0.9163,0.733805,curve,0.344655,floor,inert,-0.9163,False,1.0,2026-09-26,absent,-1.73891,no-feed,,,,,,
2026-09-26,REUSD,146,181,12,1.1,289022940,0.08,-3.38,-8.6,-4.64,3.66,-3.59,4,12.3,9.7,12.0,1.0,1.0,289996716,,,,91bbc2a7e466,live,230565,0.615233,0.485818,0.4,11.9556,,LIQUIDITY,0.4314,0.9163,0.615233,curve,0.335106,floor,inert,-0.9163,False,1.0,2026-09-26,absent,0.0302,no-feed,,,,,,
2026-09-26,SUN,125,182,12,0.01723294,331209615,4.71,-2.35,-7.39,-4.79,-10.59,-5.87,4,12.6,8.9,13.1,1.0,1.0,342901400,10.95,,,91bbc2a7e466,live,15606253,0.630026,0.446252,0.438042,12.3156,,LIQUIDITY,0.3941,0.8254,0.630026,curve,0.438042,curve,inert,-0.8254,False,1.0,2026-09-26,current,0.09475,inert-band,gateio,1,,8.0,NEUTRAL,52551.32
2026-09-26,USTB,82,183,12,11.22,750639257,0.0,-3.45,-8.7,-4.94,-16.62,-7.77,4,14.4,8.3,12.0,1.0,1.0,750639257,,,,91bbc2a7e466,live,0.0,0.718858,0.414514,0.4,11.9191,,LIQUIDITY,0.4308,0.9163,0.718858,curve,0.0,zero-volume,inert,-0.9163,False,1.0,2026-09-26,absent,0.01004,no-feed,,,,,,
2026-09-26,XDC,92,184,12,0.0304048,606444308,1.17,3.71,-0.37,3.92,-36.84,-5.37,4,13.9,9.1,12.0,0.9511,1.0,1157320872,10.95,,,91bbc2a7e466,live,7081978,0.695698,0.454843,0.4,12.0384,,LIQUIDITY,0.4328,0.9163,0.695698,curve,0.359284,floor,applied,-0.9163,False,1.0,2026-09-26,current,-0.39672,inert-band,gateio,1,,4.0,NEUTRAL,184251.82
2026-09-26,YLDS,104,185,12,0.99989,494603838,4.55,-3.51,-8.83,-5.24,-18.55,-8.28,4,13.5,8.1,13.0,1.0,1.0,494603838,,,,91bbc2a7e466,live,22513454,0.673564,0.406191,0.434485,11.8873,,CONFIRM,0.423,0.9009,0.673564,curve,0.434485,curve,inert,-0.9009,False,1.0,2026-09-26,absent,0.00141,no-feed,,,,,,
2026-09-26,BDX,90,186,11,0.077472,609758831,0.62,-1.16,-8.11,-9.43,-21.18,-8.97,4,13.9,7.9,12.0,0.9867,1.0,770033132,,,,91bbc2a7e466,live,3790781,0.69629,0.395127,0.4,10.8586,,CONFIRM,0.4182,0.9285,0.69629,curve,0.347149,floor,applied,-0.9285,False,1.0,2026-09-26,absent,-0.72634,no-feed,,,,,,
2026-09-26,CFX,144,187,11,0.056617,296926632,2.54,10.58,10.47,13.0,-71.21,-5.2,4,12.4,9.2,12.0,1.0,1.0,296935979,10.95,,,91bbc2a7e466,live,7556160,0.618162,0.457706,0.4,11.3175,,LIQUIDITY,0.4205,0.9163,0.618162,curve,0.389884,floor,inert,-0.9163,False,1.0,2026-09-26,current,3.21936,inert-band,gateio,4,108.6722,8.0,NEUTRAL,595118.44
2026-09-26,DCR,133,188,11,17.79,313633686,0.46,-3.9,0.72,23.69,-55.71,-6.21,4,12.5,8.8,12.0,1.0,1.0,313641494,,,,91bbc2a7e466,live,1428417,0.624106,0.440481,0.4,10.9963,,LIQUIDITY,0.4151,0.9163,0.624106,curve,0.343454,floor,inert,-0.9163,False,1.0,2026-09-26,absent,-2.75066,no-feed,,,,,,
2026-09-26,EURC,108,189,11,1.14,459424658,4.75,-4.48,-10.58,-7.41,-20.76,-9.99,4,13.3,7.6,13.2,1.0,1.0,459566879,2.628,,,91bbc2a7e466,live,21844188,0.665554,0.379132,0.438993,11.0772,,CONFIRM,0.4408,0.9699,0.665554,curve,0.438993,curve,inert,-0.9699,False,1.0,2026-09-26,current,-0.15392,inert-band,coinbase,1,,1.0,NEUTRAL,1098204.6
2026-09-26,EUTBL,81,190,11,1.21,750951665,0.0,-4.28,-10.56,-7.22,-19.72,-9.67,4,14.4,7.7,12.0,1.0,1.0,750951665,,,,91bbc2a7e466,live,0.0,0.718903,0.384079,0.4,11.0446,,CONFIRM,0.4343,0.9569,0.718903,curve,0.0,zero-volume,inert,-0.9569,False,1.0,2026-09-26,absent,-0.11511,no-feed,,,,,,
2026-09-26,FLR,89,191,11,0.00733126,637233113,0.61,8.35,5.82,6.73,-73.86,-9.13,4,14.0,7.9,12.0,0.9895,1.0,781632127,10.95,,,91bbc2a7e466,live,3861364,0.701075,0.392624,0.4,10.8948,,CONFIRM,0.4217,0.9349,0.701075,curve,0.346799,floor,applied,-0.9349,False,1.0,2026-09-26,current,1.51345,inert-band,gateio,1,,8.0,NEUTRAL,30061.03
2026-09-26,KAIA,167,192,11,0.03487933,224175543,2.17,12.81,10.6,3.27,-63.23,-5.33,4,11.8,9.1,12.0,1.0,1.0,224177094,10.95,,,91bbc2a7e466,live,4853826,0.587647,0.455428,0.4,10.7052,,LIQUIDITY,0.4101,0.9163,0.587647,curve,0.381449,floor,inert,-0.9163,False,1.0,2026-09-26,current,-1.04232,inert-band,gateio,2,69.6449,4.0,NEUTRAL,56010.57
2026-09-26,KCS,70,193,11,7.32,1004009086,0.3,-2.92,-2.99,-4.36,-42.29,-11.17,4,15.0,7.2,12.0,1.0,1.0,1040610338,,,,91bbc2a7e466,live,2978682,0.750434,0.361307,0.4,10.8455,,CONFIRM,0.4583,1.018,0.750434,curve,0.339926,floor,inert,-1.018,False,1.0,2026-09-26,absent,-0.46309,no-feed,,,,,,
2026-09-26,KITE,129,194,11,0.136124,325286491,4.31,13.06,18.88,0.3,-72.71,-5.83,4,12.6,8.9,12.9,0.914,1.0,1360350594,10.95,,,91bbc2a7e466,live,14009054,0.628067,0.446905,0.429037,11.0068,,LIQUIDITY,0.3835,0.8462,0.628067,curve,0.429037,curve,applied,-0.8462,False,1.0,2026-09-26,current,3.33358,inert-band,gateio,1,,4.0,NEUTRAL,260559.42
2026-09-26,MX,194,195,11,1.89,173435349,4.76,-0.2,-2.38,0.74,-13.48,-3.17,4,11.2,9.9,13.2,0.9125,1.0,772445819,,,,91bbc2a7e466,live,8247709,0.559784,0.493299,0.439011,11.0621,,LIQUIDITY,0.3739,0.8232,0.559784,curve,0.439011,curve,applied,-0.8232,False,1.0,2026-09-26,absent,0.17053,no-feed,,,,,,
2026-09-26,NIGHT,114,196,11,0.02545176,422668313,2.12,-1.08,11.73,22.32,-73.03,-6.42,4,13.1,8.7,12.0,0.9741,1.0,610814448,10.95,,,91bbc2a7e466,live,8975321,0.6565,0.436953,0.4,11.1772,,LIQUIDITY,0.4182,0.9163,0.6565,curve,0.380522,floor,applied,-0.9163,False,1.0,2026-09-26,current,3.47164,inert-band,gateio,3,683.0391,8.0,NEUTRAL,207296.29
2026-09-26,SYRUP,150,197,11,0.220994,257973678,3.94,-3.57,-9.74,10.72,-25.43,-5.91,4,12.1,8.9,12.6,1.0,1.0,275080736,10.95,,,91bbc2a7e466,live,10170953,0.602894,0.445515,0.420947,11.3066,,LIQUIDITY,0.3969,0.8652,0.602894,curve,0.420947,curve,inert,-0.8652,False,1.0,2026-09-26,current,0.80086,inert-band,gateio,3,1071.9164,8.0,NEUTRAL,348945.68
2026-09-26,USD0,100,198,11,0.999188,546196989,0.02,-3.48,-8.81,-5.2,-18.49,-8.24,4,13.7,8.1,12.0,1.0,1.0,546196989,,,,91bbc2a7e466,live,96897,0.684337,0.406765,0.4,11.1346,,LIQUIDITY,0.4174,0.9163,0.684337,curve,0.333728,floor,inert,-0.9163,False,1.0,2026-09-26,absent,0.00928,no-feed,,,,,,
2026-09-26,USDTB,106,199,11,0.999575,475786814,0.04,-3.52,-8.86,-5.27,-18.53,-8.3,4,13.4,8.1,12.0,1.0,1.0,475786814,,,,91bbc2a7e466,live,190266,0.669353,0.405932,0.4,10.8685,,LIQUIDITY,0.4129,0.9163,0.669353,curve,0.334222,floor,inert,-0.9163,False,1.0,2026-09-26,absent,-0.00283,no-feed,,,,,,
2026-09-26,A7A5,107,200,10,0.01178798,462515673,0.0,-3.89,-9.14,-4.57,-24.86,-9.57,4,13.3,7.7,12.0,1.0,1.0,462515673,,,,91bbc2a7e466,live,1083.73,0.666282,0.385701,0.4,10.2794,,CONFIRM,0.4188,0.9527,0.666282,curve,0.333339,floor,inert,-0.9527,False,1.0,2026-09-26,absent,0.01613,no-feed,,,,,,
2026-09-26,APXUSD,131,201,10,0.985477,318067002,0.12,-3.06,-7.86,-3.16,-19.99,-7.67,4,12.5,8.3,12.0,1.0,1.0,318067002,,,,91bbc2a7e466,live,386218,0.62563,0.416072,0.4,10.4123,,LIQUIDITY,0.405,0.9163,0.62563,curve,0.336032,floor,inert,-0.9163,False,1.0,2026-09-26,absent,0.40795,no-feed,,,,,,
2026-09-26,AUSD,168,202,10,0.999785,223703240,0.58,-3.5,-8.85,-5.24,-18.57,-8.29,4,11.7,8.1,12.0,1.0,1.0,223703240,,,,91bbc2a7e466,live,1287028,0.587418,0.406065,0.4,9.5412,,LIQUIDITY,0.39,0.9163,0.587418,curve,0.346118,floor,inert,-0.9163,False,1.0,2026-09-26,absent,-0.00473,no-feed,,,,,,
2026-09-26,BTSE,202,203,10,1.028,166614117,0.21,-3.79,-1.83,24.1,-54.75,-6.52,4,11.1,8.7,12.0,0.9889,1.0,205618380,,,,91bbc2a7e466,live,357968,0.555428,0.435251,0.4,9.5627,,LIQUIDITY,0.3904,0.9163,0.555428,curve,0.338108,floor,applied,-0.9163,False,1.0,2026-09-26,absent,1.14771,no-feed,,,,,,
2026-09-26,CRVUSD,169,204,10,0.999863,223278628,3.61,-3.42,-8.8,-5.21,-18.4,-8.21,4,11.7,8.1,12.4,1.0,1.0,223421939,,,,91bbc2a7e466,live,8050028,0.587212,0.407305,0.413453,9.8887,,CONFIRM,0.3882,0.8982,0.587212,curve,0.413453,curve,inert,-0.8982,False,1.0,2026-09-26,absent,0.02662,no-feed,,,,,,
2026-09-26,JTRSY,126,205,10,1.12,326943964,0.0,-3.46,-8.72,-4.99,-16.69,-7.8,4,12.6,8.3,12.0,1.0,1.0,326943964,,,,91bbc2a7e466,live,0.0,0.628618,0.413957,0.4,10.4088,,LIQUIDITY,0.405,0.9163,0.628618,curve,0.0,zero-volume,inert,-0.9163,False,1.0,2026-09-26,absent,0.0,no-feed,,,,,,
2026-09-26,OUSG,130,206,10,116.68,319820508,0.0,-3.45,-8.7,-4.95,-16.66,-7.78,4,12.5,8.3,12.0,1.0,1.0,319820508,,,,91bbc2a7e466,live,0.0,0.626227,0.41432,0.4,10.3783,,LIQUIDITY,0.4045,0.9163,0.626227,curve,0.0,zero-volume,inert,-0.9163,False,1.0,2026-09-26,absent,0.00954,no-feed,,,,,,
2026-09-26,SOFID,128,207,10,0.999661,325939030,2.09,-3.51,-8.86,-5.3,-18.54,-8.3,3,12.6,8.1,12.0,1.0,1.0,325939030,,,,91bbc2a7e466,live,6819456,0.628284,0.40587,0.4,10.2001,,LIQUIDITY,0.4014,0.9163,0.628284,curve,0.379828,floor,inert,-0.9163,False,1.0,2026-09-26,absent,0.1577,no-feed,,,,,,
2026-09-26,APYUSD,198,208,9,1.39,170166566,0.01,-2.57,-7.83,-3.25,-18.54,-7.25,3,11.2,8.5,12.0,1.0,1.0,170166566,,,,91bbc2a7e466,live,19057.44,0.557719,0.423111,0.4,9.4391,,LIQUIDITY,0.3882,0.9163,0.557719,curve,0.333582,floor,inert,-0.9163,False,1.0,2026-09-26,absent,0.18183,no-feed,,,,,,
2026-09-26,BORG,193,209,9,0.179118,175778146,0.12,-0.17,-3.21,-7.7,-26.2,-8.02,4,11.2,8.2,12.0,1.0,1.0,175778146,,,,91bbc2a7e466,live,207447,0.561241,0.410395,0.4,9.2132,,LIQUIDITY,0.3843,0.9163,0.561241,curve,0.335956,floor,inert,-0.9163,False,1.0,2026-09-26,absent,-1.31242,no-feed,,,,,,
2026-09-26,CASHCAT,191,210,9,0.182233,179800363,11.02,-19.92,-8.2,-27.19,-18.54,-18.53,3,11.3,5.3,17.3,1.0,0.996,179800363,14.235,38.07,-0.1586,91bbc2a7e466,live,19810149,0.563698,0.266535,0.578175,8.6538,,CONFIRM,0.5403,1.3222,0.563698,curve,0.578175,curve,inert,-1.3222,False,0.996,2026-09-26,current,1.4839,hot-confirmed,gateio,2,93.2284,4.0,ELEVATED,1288561.44
2026-09-26,JPYC,227,211,9,0.00635205,135206134,0.79,-2.16,-11.16,-3.84,-18.58,-8.11,4,10.7,8.2,12.0,1.0,1.0,135206134,,,,91bbc2a7e466,live,1071919,0.532749,0.408885,0.4,8.7133,,LIQUIDITY,0.3755,0.9163,0.532749,curve,0.350951,floor,inert,-0.9163,False,1.0,2026-09-26,absent,0.44364,no-feed,,,,,,
2026-09-26,PC0000031,177,212,9,1.0,202500000,0.0,-3.52,-8.83,-5.23,-18.54,-8.28,4,11.5,8.1,12.0,1.0,1.0,202500000,,,,91bbc2a7e466,live,0.0,0.576606,0.406194,0.4,9.3686,,LIQUIDITY,0.387,0.9163,0.576606,curve,0.0,zero-volume,inert,-0.9163,False,1.0,2026-09-26,absent,0.0,no-feed,,,,,,
2026-09-26,PC0000033,205,213,9,1.0,162500000,0.0,-3.52,-8.83,-5.23,-18.54,-8.28,4,11.1,8.1,12.0,1.0,1.0,162500000,,,,91bbc2a7e466,live,0.0,0.552713,0.406194,0.4,8.9804,,LIQUIDITY,0.3802,0.9163,0.552713,curve,0.0,zero-volume,inert,-0.9163,False,1.0,2026-09-26,absent,0.0,no-feed,,,,,,
2026-09-26,PC0000097,229,214,9,1.0,134000000,0.0,-3.52,-8.83,-5.23,-18.54,-8.28,4,10.6,8.1,12.0,1.0,1.0,0.0,,,,91bbc2a7e466,live,0.0,0.531776,0.406194,0.4,8.6402,,LIQUIDITY,0.3742,0.9163,0.531776,curve,0.0,zero-volume,unpublished,-0.9163,False,1.0,2026-09-26,absent,0.0,no-feed,,,,,,
2026-09-26,SAFO,175,215,9,1.022,206257442,0.0,-3.44,-8.68,-4.87,-18.54,-8.13,3,11.6,8.2,12.0,1.0,1.0,206257442,,,,91bbc2a7e466,live,0.0,0.578602,0.408688,0.4,9.4587,,LIQUIDITY,0.3885,0.9163,0.578602,curve,0.0,zero-volume,inert,-0.9163,False,1.0,2026-09-26,absent,0.03523,no-feed,,,,,,
2026-09-26,STABLE,85,216,9,0.02636764,703273191,1.03,0.67,-13.4,-8.6,-28.66,-11.03,4,14.2,7.3,12.0,0.917,1.0,2637451076,10.95,20.26,0.466,91bbc2a7e466,live,7216108,0.711781,0.363383,0.4,9.4873,,CONFIRM,0.4298,1.0123,0.711781,curve,0.356135,floor,applied,-1.0123,False,1.0,2026-09-26,current,0.56947,inert-band,gateio,2,0.0,4.0,NEUTRAL,119724.48
2026-09-26,STRCX,211,217,9,106.44,155262115,0.34,-4.04,-8.87,-3.59,-12.36,-6.8,4,11.0,8.6,12.0,0.9499,1.0,301361650,,,,91bbc2a7e466,live,528483,0.547766,0.430519,0.4,8.9604,,LIQUIDITY,0.3798,0.9163,0.547766,curve,0.340897,floor,applied,-0.9163,False,1.0,2026-09-26,absent,0.58097,no-feed,,,,,,
2026-09-26,USAT,189,218,9,0.99942,183210011,0.12,-3.52,-8.82,-5.27,-18.55,-8.29,4,11.3,8.1,12.0,1.0,1.0,183210011,,,,91bbc2a7e466,live,221234,0.565737,0.406078,0.4,9.1893,,LIQUIDITY,0.3838,0.9163,0.565737,curve,0.336017,floor,inert,-0.9163,False,1.0,2026-09-26,absent,0.00365,no-feed,,,,,,
2026-09-26,USDAI,171,219,9,1.0,213256558,0.23,-3.48,-8.79,-5.22,-18.51,-8.25,4,11.6,8.1,12.0,1.0,1.0,213433456,,,,91bbc2a7e466,live,483845,0.582226,0.406664,0.4,9.4708,,LIQUIDITY,0.3888,0.9163,0.582226,curve,0.338375,floor,inert,-0.9163,False,1.0,2026-09-26,absent,0.02215,no-feed,,,,,,
2026-09-26,USTBL,201,220,9,1.097,167854827,0.0,-3.46,-8.71,-4.96,-16.65,-7.78,4,11.1,8.3,12.0,1.0,1.0,167854827,,,,91bbc2a7e466,live,0.0,0.556233,0.414239,0.4,9.2165,,LIQUIDITY,0.3843,0.9163,0.556233,curve,0.0,zero-volume,inert,-0.9163,False,1.0,2026-09-26,absent,0.00684,no-feed,,,,,,
2026-09-26,USX,170,221,9,0.999398,216132446,0.29,-3.53,-8.84,-5.24,-18.56,-8.29,4,11.7,8.1,12.0,1.0,1.0,216132446,,,,91bbc2a7e466,live,624392,0.58368,0.40599,0.4,9.4787,,LIQUIDITY,0.3889,0.9163,0.58368,curve,0.339753,floor,inert,-0.9163,False,1.0,2026-09-26,absent,0.00122,no-feed,,,,,,
2026-09-26,VSN,197,222,9,0.04491631,170339999,1.18,2.94,0.64,7.73,-62.03,-9.43,4,11.2,7.8,12.0,0.9994,1.0,188612356,,,,91bbc2a7e466,live,2009799,0.557829,0.387838,0.4,8.6487,,CONFIRM,0.387,0.9472,0.557829,curve,0.359553,floor,applied,-0.9472,False,1.0,2026-09-26,absent,-0.94441,no-feed,,,,,,
2026-09-26,WLFI,46,223,9,0.058443,1855527536,2.03,-4.1,-5.91,-4.73,-61.25,-16.14,4,16.3,5.9,12.0,0.923,1.0,5839047687,10.95,,,91bbc2a7e466,live,37755619,0.817117,0.294085,0.4,8.8719,,CONFIRM,0.5053,1.2239,0.817117,curve,0.37855,floor,applied,-1.2239,False,1.0,2026-09-26,current,2.86998,inert-band,gateio,5,106.119,4.0,NEUTRAL,1803893.61
2026-09-26,COCO,204,224,8,0.163438,163437949,0.02,-6.78,-12.77,-7.47,-19.16,-10.93,4,11.1,7.3,12.0,1.0,1.0,163437949,,,,91bbc2a7e466,live,31960,0.553338,0.364979,0.4,8.0783,,CONFIRM,0.4006,1.0079,0.553338,curve,0.333768,floor,inert,-1.0079,False,1.0,2026-09-26,absent,0.01225,no-feed,,,,,,
2026-09-26,GNO,140,225,8,115.79,305656189,0.3,-6.17,-10.48,-10.67,-28.69,-12.88,4,12.4,6.7,12.0,0.9968,1.0,347390660,,,,91bbc2a7e466,live,904705,0.621308,0.336753,0.4,8.3423,,CONFIRM,0.4382,1.0884,0.621308,curve,0.339911,floor,applied,-1.0884,False,1.0,2026-09-26,absent,0.65347,no-feed,,,,,,
2026-09-26,JPYSC,235,226,8,0.00635789,127382641,0.0,-3.78,-11.19,-3.85,-18.54,-8.6,3,10.5,8.0,12.0,1.0,1.0,127382641,,,,91bbc2a7e466,live,0.0,0.526278,0.401011,0.4,8.4417,,LIQUIDITY,0.3707,0.9163,0.526278,curve,0.0,zero-volume,inert,-0.9163,False,1.0,2026-09-26,absent,0.20515,no-feed,,,,,,
2026-09-26,KAU,124,227,8,139.64,333221221,0.02,-5.58,-7.76,-10.53,-34.96,-13.24,4,12.6,6.6,12.0,0.9616,1.0,556591579,,,,91bbc2a7e466,live,64603,0.630683,0.331732,0.4,8.0473,,CONFIRM,0.4379,1.1034,0.630683,curve,0.333764,floor,applied,-1.1034,False,1.0,2026-09-26,absent,0.70632,no-feed,,,,,,
2026-09-26,NFT,158,228,8,2.39999e-07,237627931,2.15,-2.45,-4.82,-11.09,-46.39,-13.99,4,11.9,6.4,12.0,1.0,1.0,237627931,,,,91bbc2a7e466,live,5099074,0.593974,0.321557,0.4,7.6399,,CONFIRM,0.4412,1.1346,0.593974,curve,0.381018,floor,inert,-1.1346,False,1.0,2026-09-26,absent,0.15984,no-feed,,,,,,
2026-09-26,PI,68,229,8,0.092182,1036529746,0.88,4.61,-11.9,-3.77,-77.97,-18.13,4,15.1,5.4,12.0,0.9686,1.0,1594661147,3.942,,,91bbc2a7e466,live,9173046,0.753895,0.270967,0.4,7.9147,,CONFIRM,0.5148,1.3058,0.753895,curve,0.352999,floor,applied,-1.3058,False,1.0,2026-09-26,current,4.30676,inert-band,gateio,1,,4.0,NEUTRAL,1593081.34
2026-09-26,CVX,183,230,7,2.07,192471094,2.86,-0.87,-9.26,-22.19,-33.53,-14.83,4,11.4,6.2,12.0,1.0,1.0,206510037,10.95,,,91bbc2a7e466,live,5510444,0.571091,0.310506,0.4,7.0931,,CONFIRM,0.442,1.1696,0.571091,curve,0.396956,floor,inert,-1.1696,False,1.0,2026-09-26,current,-2.19795,inert-band,gateio,2,122.2202,8.0,NEUTRAL,35005.68
2026-09-26,KAG,160,231,7,63.27,235489427,0.02,-7.34,-10.9,-12.47,-47.77,-17.6,4,11.9,5.5,12.0,1.0,1.0,231837047,,,,91bbc2a7e466,live,48329,0.592993,0.276891,0.4,6.5678,,CONFIRM,0.4716,1.2841,0.592993,curve,0.333789,floor,inert,-1.2841,False,1.0,2026-09-26,absent,-3.03374,no-feed,,,,,,
2026-09-26,SPX,110,232,7,0.467203,435036817,2.37,-9.36,-15.82,-30.25,-15.97,-17.52,4,13.2,5.6,12.0,1.0,1.0,435036817,10.95,41.59,1.577,91bbc2a7e466,live,10305924,0.659632,0.277831,0.4,7.3306,,CONFIRM,0.4901,1.2807,0.659632,curve,0.385977,floor,inert,-1.2807,False,1.0,2026-09-26,current,2.0348,inert-band,gateio,3,85.6414,4.0,NEUTRAL,509478.07
2026-09-26,H,216,233,5,0.071573,146454603,7.28,-11.34,-27.87,-5.35,-61.34,-23.97,4,10.8,4.3,14.9,0.9105,1.0,716705079,10.95,,,91bbc2a7e466,live,10666132,0.541426,0.215289,0.495175,5.2553,,CONFIRM,0.5213,1.5358,0.541426,curve,0.495175,curve,applied,-1.5358,False,1.0,2026-09-26,current,8.90818,inert-band,gateio,1,,4.0,NEUTRAL,1266797.21
2026-09-26,HASH,118,234,4,0.00641592,374274439,0.0,-13.53,-30.81,-26.89,-71.2,-32.73,4,12.9,3.2,12.0,0.9637,1.0,609373969,,,,91bbc2a7e466,live,3655.17,0.643298,0.161188,0.4,3.9971,,CONFIRM,0.5669,1.8252,0.643298,curve,0.333355,floor,applied,-1.8252,False,1.0,2026-09-26,absent,-14.18202,no-feed,,,,,,
2026-09-26,ULTIMA,210,235,4,1839.17,155798964,3.52,-8.54,-18.92,-25.41,-76.54,-28.95,4,11.0,3.6,12.3,0.9932,1.0,183924735,,,,91bbc2a7e466,live,5481413,0.548141,0.180818,0.411517,4.051,,CONFIRM,0.5334,1.7103,0.548141,curve,0.411517,curve,applied,-1.7103,False,1.0,2026-09-26,absent,-0.81363,no-feed,,,,,,
2026-09-27,ZEC,7,1,100,1660.13,28155056103,4.85,9.86,41.28,101.31,661.44,170.89,4,20.0,20.0,30.0,1.0,1.0,28155367463,-7.008,68.55,2.5357,91bbc2a7e466,live,1365369278,1.0,0.999999,1.0,99.9999,,CONFIRM,1.0,0.0,1.112389,cap,0.441099,bypass,inert,-0.0,False,1.0,2026-09-27,current,7.49947,inert-band,gateio,5,33.2806,8.0,MILD_INVERSION,170726707.64
2026-09-27,NEAR,19,2,96,5.19,6781748572,17.66,39.84,116.25,170.99,283.85,140.53,4,19.2,20.0,30.0,1.0,1.0,6781749065,10.95,86.06,2.4862,91bbc2a7e466,live,1197798468,0.957835,0.999988,1.0,95.7824,,DEPTH,0.9997,0.0431,0.957835,curve,0.725824,bypass,inert,-0.0431,False,1.0,2026-09-27,current,5.57516,inert-band,gateio,6,55.6627,8.0,NEUTRAL,91634628.67
2026-09-27,UNI,20,3,92,9.95,6170746574,10.39,7.5,48.94,109.53,119.95,65.86,4,19.0,19.9,30.0,0.975,1.0,8828463285,10.95,74.2,1.869,91bbc2a7e466,live,641297281,0.947584,0.995387,1.0,91.9633,,DEPTH,0.6426,0.0538,0.947584,curve,0.564279,bypass,applied,-0.0538,False,1.0,2026-09-27,current,3.45673,inert-band,gateio,6,40.1083,8.0,NEUTRAL,66102867.23
2026-09-27,HYPE,9,4,86,93.35,20765310251,2.7,-3.13,9.8,4.91,147.41,32.22,4,20.0,18.7,30.0,0.9133,1.0,89177928069,0.876,64.5,1.4427,91bbc2a7e466,live,560859613,1.0,0.936466,1.0,85.5275,,SUPPLY,0.5801,0.0907,1.079335,cap,0.393354,bypass,applied,-0.0907,False,1.0,2026-09-27,current,1.35117,inert-band,gateio,5,76.1338,4.0,NEUTRAL,104760432.7
2026-09-27,SUI,23,5,85,1.25,5108719984,19.99,47.72,65.4,56.95,6.28,46.16,4,18.5,19.6,30.0,0.9351,1.0,12470825484,10.95,84.89,1.7012,91bbc2a7e466,live,1021308675,0.927078,0.978132,1.0,84.7953,,DEPTH,0.4591,0.0757,0.927078,curve,0.777588,bypass,applied,-0.0757,False,1.0,2026-09-27,current,6.21258,inert-band,gateio,6,71.8466,8.0,NEUTRAL,90423680.06
2026-09-27,LTC,21,6,83,71.68,5565872706,6.85,20.2,23.03,39.33,10.96,23.84,4,18.7,17.7,30.0,1.0,1.0,5566072504,7.1175,84.28,0.688,91bbc2a7e466,live,381209919,0.936383,0.883657,1.0,82.7442,,CONFIRM,0.653,0.1237,0.936383,curve,0.485535,bypass,inert,-0.1237,False,1.0,2026-09-27,current,-1.94477,inert-band,gateio,6,34.3839,8.0,NEUTRAL,37207066.99
2026-09-27,AVAX,24,7,79,10.99,4868952137,12.44,6.9,39.82,41.49,-7.75,20.85,4,18.4,17.1,30.0,1.0,1.0,5162014650,10.95,79.16,2.423,91bbc2a7e466,live,605646215,0.921859,0.857133,1.0,79.0155,,CONFIRM,0.6545,0.1542,0.921859,curve,0.609754,bypass,inert,-0.1542,False,1.0,2026-09-27,current,0.45186,inert-band,gateio,6,80.1306,8.0,NEUTRAL,32378643.0
2026-09-27,LINK,11,8,79,14.31,10702935523,4.67,13.51,15.68,14.73,23.93,16.44,4,20.0,16.2,30.0,0.9813,1.0,14306825218,4.9275,75.08,1.5675,91bbc2a7e466,live,499992989,1.0,0.809545,1.0,79.4407,,CONFIRM,0.918,0.2113,1.007376,cap,0.437146,bypass,applied,-0.2113,False,1.0,2026-09-27,current,0.38642,inert-band,gateio,6,45.3017,8.0,NEUTRAL,76748936.69
2026-09-27,BCH,18,9,77,339.6,6823869089,3.73,32.54,41.41,21.56,-47.07,16.09,4,19.2,16.1,30.0,1.0,1.0,6823962473,10.293,76.36,2.1938,91bbc2a7e466,live,254397401,0.958508,0.805309,1.0,77.1895,,CONFIRM,0.8363,0.2165,0.958508,curve,0.416179,bypass,inert,-0.2165,False,1.0,2026-09-27,current,0.56386,inert-band,gateio,5,154.4078,8.0,NEUTRAL,5529600.46
2026-09-27,SOL,5,10,77,124.17,72974419935,4.82,9.04,13.79,10.05,23.47,13.37,4,20.0,15.4,30.0,1.0,1.0,78816633169,-9.636,75.87,1.5429,91bbc2a7e466,live,3518199121,1.0,0.770002,1.0,77.0002,,CONFIRM,1.0,0.2614,1.215793,cap,0.44047,bypass,inert,-0.2614,True,1.0,2026-09-27,current,2.40916,inert-band,gateio,6,37.9688,8.0,MILD_INVERSION,467690431.0
2026-09-27,CC,22,11,75,0.138502,5497421903,0.54,28.08,35.36,16.49,-28.35,15.72,4,18.7,16.0,30.0,1.0,1.0,5497421903,10.95,75.95,-0.0623,91bbc2a7e466,live,29678715,0.93504,0.800699,1.0,74.8685,,CONFIRM,0.7679,0.2223,0.93504,curve,0.34533,bypass,inert,-0.2223,True,1.0,2026-09-27,current,2.64555,inert-band,gateio,2,4.5154,4.0,NEUTRAL,268601.99
2026-09-27,QNT,38,12,72,163.47,2373836481,23.26,151.37,146.3,154.27,120.93,144.74,4,16.9,20.0,25.5,1.0,1.0,2384986855,10.95,,,91bbc2a7e466,live,552103622,0.843863,0.999992,0.850175,71.7425,,DEPTH,0.5112,0.1698,0.843863,curve,0.850175,curve,inert,-0.1698,False,1.0,2026-09-27,current,56.68906,inert-band,gateio,2,71.4889,8.0,NEUTRAL,1282959.62
2026-09-27,XLM,17,13,71,0.218056,7625036249,2.34,9.59,11.94,11.83,16.94,12.21,4,19.4,15.1,30.0,0.9751,1.0,10902587275,10.95,64.46,1.8312,91bbc2a7e466,live,178160312,0.97056,0.753797,1.0,71.3389,,CONFIRM,0.8369,0.2826,0.97056,curve,0.385256,bypass,applied,-0.2826,True,1.0,2026-09-27,current,-0.20755,inert-band,gateio,5,76.8837,8.0,NEUTRAL,2953631.15
2026-09-27,XMR,12,14,70,554.06,10422099268,0.93,0.41,-8.11,11.17,38.02,8.49,4,20.0,13.9,30.0,1.0,1.0,10422111236,10.95,55.41,1.2541,91bbc2a7e466,live,96684014,1.0,0.697209,1.0,69.7209,,CONFIRM,1.0,0.3607,1.004489,cap,0.353949,bypass,inert,-0.3607,True,1.0,2026-09-27,current,0.04419,inert-band,gateio,4,198.3671,8.0,NEUTRAL,714024.45
2026-09-27,WLD,42,15,69,0.580855,2159885573,39.51,32.56,38.45,38.2,43.44,37.62,4,16.7,19.2,27.8,0.93,1.0,5811446422,10.95,82.0,0.4091,91bbc2a7e466,live,853424856,0.833608,0.9577,0.926833,68.8139,,DEPTH,0.4869,0.182,0.833608,curve,0.926833,curve,applied,-0.182,False,1.0,2026-09-27,current,18.96681,inert-band,gateio,5,111.252,8.0,NEUTRAL,6416401.91
2026-09-27,ADA,14,16,64,0.257149,9649316100,4.51,11.45,15.4,16.11,-30.29,5.25,4,19.9,12.9,30.0,0.9917,1.0,11568322394,2.628,71.68,2.066,91bbc2a7e466,live,435558112,0.996124,0.643204,1.0,63.5393,,CONFIRM,0.9731,0.4413,0.996124,curve,0.433642,bypass,applied,-0.4413,True,1.0,2026-09-27,current,-0.03866,inert-band,gateio,6,14.892,8.0,NEUTRAL,52910571.86
2026-09-27,WBT,13,17,64,84.74,10071371517,0.36,-1.99,-4.17,8.91,35.3,7.65,4,20.0,13.7,30.0,0.9345,1.0,24864153721,,65.04,0.8437,91bbc2a7e466,live,36119949,1.0,0.683524,1.0,63.8754,,CONFIRM,0.8489,0.3805,1.000772,cap,0.341303,bypass,applied,-0.3805,True,1.0,2026-09-27,absent,0.94242,no-feed,,,,,,
2026-09-27,ARB,52,18,61,0.226575,1537097238,20.58,1.4,54.93,145.65,108.98,72.36,4,15.9,19.9,23.7,0.9724,1.0,2265242559,10.95,71.43,1.5895,91bbc2a7e466,live,316340546,0.796675,0.997253,0.790675,61.0844,,LIQUIDITY,0.4765,0.2349,0.796675,curve,0.790675,curve,applied,-0.2349,False,1.0,2026-09-27,current,1.85758,inert-band,gateio,6,147.168,8.0,NEUTRAL,3157484.71
2026-09-27,FIL,73,19,61,1.14,948282848,28.89,14.19,29.54,55.71,-1.1,25.35,4,14.9,17.9,29.3,0.9372,1.0,2232762546,-7.227,74.08,1.0577,91bbc2a7e466,live,273933431,0.744234,0.895338,0.975274,60.9054,,DEPTH,0.5957,0.2954,0.744234,curve,0.975274,curve,applied,-0.2954,False,1.0,2026-09-27,current,4.7663,inert-band,gateio,6,20.367,8.0,MILD_INVERSION,4596752.67
2026-09-27,HBAR,26,20,61,0.094992,4162689614,2.37,12.3,15.6,14.67,-21.0,7.06,4,18.1,13.5,30.0,0.9965,1.0,4748491396,6.789,,,91bbc2a7e466,live,98532390,0.904844,0.673787,1.0,60.7538,,CONFIRM,0.7923,0.3948,0.904844,curve,0.385934,bypass,applied,-0.3948,True,1.0,2026-09-27,current,0.99336,inert-band,gateio,5,184.9611,8.0,NEUTRAL,1347486.5
2026-09-27,DASH,75,21,60,68.56,880938803,32.97,17.47,16.42,71.48,94.3,46.07,4,14.7,19.6,25.2,1.0,1.0,880949067,10.95,70.86,2.1438,91bbc2a7e466,live,290458014,0.736236,0.977986,0.839619,60.455,,DEPTH,0.6084,0.3062,0.736236,curve,0.839619,curve,inert,-0.3062,False,1.0,2026-09-27,current,1.66126,inert-band,gateio,4,35.2335,8.0,NEUTRAL,1004443.93
2026-09-27,DOGE,10,22,60,0.098182,15320123002,4.66,9.89,6.77,5.7,-16.13,2.86,4,20.0,12.0,30.0,0.9999,1.0,16862200233,10.95,66.82,1.886,91bbc2a7e466,live,713839456,1.0,0.601248,1.0,60.1188,,CONFIRM,0.9998,0.5087,1.046316,cap,0.436878,bypass,applied,-0.5087,True,1.0,2026-09-27,current,0.65405,inert-band,gateio,6,50.2662,8.0,NEUTRAL,117187562.9
2026-09-27,GRAM,25,23,60,1.63,4571467177,3.62,12.48,8.98,8.33,-1.03,7.87,4,18.3,13.7,30.0,0.9527,1.0,8537572402,10.95,,,91bbc2a7e466,live,165622417,0.915014,0.687089,1.0,59.8958,,CONFIRM,0.7322,0.3753,0.915014,curve,0.413844,bypass,applied,-0.3753,True,1.0,2026-09-27,current,11.40409,inert-band,gateio,2,61.8947,4.0,NEUTRAL,2326124.99
2026-09-27,PENGU,89,24,60,0.01032291,648720857,29.18,29.48,33.72,2.36,25.65,22.99,4,14.1,17.5,29.5,0.99,1.0,791781233,10.95,72.74,0.0594,91bbc2a7e466,live,189297689,0.703014,0.876599,0.981781,59.8984,,DEPTH,0.6875,0.3524,0.703014,curve,0.981781,curve,applied,-0.3524,False,1.0,2026-09-27,current,1.46208,inert-band,gateio,5,319.74,4.0,NEUTRAL,2006087.18
2026-09-27,ETH,2,25,59,2711.77,331056835940,2.19,-0.32,-1.13,1.42,11.58,2.29,4,20.0,11.8,30.0,1.0,1.0,331056835940,10.95,64.7,1.1166,91bbc2a7e466,live,7238443775,1.0,0.591155,1.0,59.1155,,CONFIRM,1.0,0.5257,1.379976,cap,0.381921,bypass,inert,-0.5257,True,1.0,2026-09-27,current,0.85717,inert-band,gateio,6,42.5642,8.0,NEUTRAL,1282285632.09
2026-09-27,ENA,31,26,56,0.276017,2785459206,15.05,29.94,86.96,58.01,147.34,74.69,4,17.2,20.0,20.0,0.9716,1.0,4138741429,10.95,86.74,2.0654,91bbc2a7e466,live,419279190,0.861224,0.997719,0.667832,55.7544,,LIQUIDITY,0.691,0.4037,0.861224,curve,0.667832,curve,applied,-0.4037,False,1.0,2026-09-27,current,-2.0938,inert-band,gateio,5,191.8451,4.0,NEUTRAL,37986098.97
2026-09-27,BNB,3,27,55,780.18,103881470696,0.67,-1.57,-1.66,3.62,0.27,0.07,4,20.0,11.0,30.0,1.0,1.0,103881469690,9.636,65.69,0.7281,91bbc2a7e466,live,693600149,1.0,0.551303,1.0,55.1303,,CONFIRM,1.0,0.5955,1.254135,cap,0.348171,bypass,inert,-0.5955,True,1.0,2026-09-27,current,0.67432,inert-band,gateio,6,54.4717,8.0,NEUTRAL,86327983.0
2026-09-27,BTC,1,28,55,84930,1706240566968,1.21,0.0,0.0,0.0,0.0,0.0,4,20.0,11.0,30.0,1.0,1.0,1706248040807,3.6135,69.13,1.0,91bbc2a7e466,live,20623405666,1.0,0.55,1.0,55.0,,CONFIRM,1.0,0.5978,1.55801,cap,0.360193,bypass,inert,-0.5978,True,1.0,2026-09-27,current,0.94813,inert-band,gateio,6,10.95,8.0,NEUTRAL,2381811316.74
2026-09-27,XRP,4,29,55,1.54,96773646865,2.8,6.11,4.03,1.55,-10.82,1.06,4,20.0,11.4,30.0,0.9657,1.0,153881916146,10.95,59.83,1.9756,91bbc2a7e466,live,2708443580,1.0,0.56912,1.0,54.9599,,CONFIRM,0.9417,0.5637,1.246439,cap,0.395528,bypass,applied,-0.5637,True,1.0,2026-09-27,current,-0.35332,inert-band,gateio,6,163.3553,8.0,NEUTRAL,181568838.86
2026-09-27,FET,97,30,52,0.243684,562984468,21.62,37.93,37.13,42.43,3.95,32.06,4,13.8,18.7,24.4,0.9937,1.0,661107851,10.95,89.38,0.8876,91bbc2a7e466,live,121738890,0.687624,0.935689,0.813863,52.0343,,DEPTH,0.5733,0.3745,0.687624,curve,0.813863,curve,applied,-0.3745,False,1.0,2026-09-27,current,0.04868,inert-band,gateio,4,170.5027,8.0,NEUTRAL,1947161.72
2026-09-27,MARSCOIN,228,31,51,0.136302,136247333,41.9,38.12,15.96,246.39,-21.97,72.63,3,10.7,19.9,28.8,1.0,1.0,136247333,10.95,56.24,,91bbc2a7e466,live,57090331,0.533582,0.997312,0.958693,51.0166,,DEPTH,0.9333,0.6281,0.533582,curve,0.958693,curve,inert,-0.6281,True,1.0,2026-09-27,current,19.517,inert-band,gateio,1,,4.0,NEUTRAL,1230808.85
2026-09-27,SEI,101,32,49,0.074944,504462188,20.74,53.51,59.09,52.47,-44.62,35.02,4,13.5,19.0,23.8,0.9717,1.0,749201270,10.95,,,91bbc2a7e466,live,104649669,0.675707,0.94848,0.794329,49.4674,,DEPTH,0.5569,0.392,0.675707,curve,0.794329,curve,applied,-0.392,False,1.0,2026-09-27,current,1.37367,inert-band,gateio,6,333.2398,8.0,NEUTRAL,858842.52
2026-09-27,OP,125,33,46,0.144799,332793203,19.48,13.03,41.69,48.02,-1.1,26.12,4,12.6,18.0,23.0,0.9527,1.103,621551749,-31.8645,82.22,,91bbc2a7e466,live,64842588,0.630544,0.90087,0.766319,45.7631,,DEPTH,0.4712,0.4612,0.630544,curve,0.766319,curve,applied,-0.4612,False,1.103,2026-09-27,current,-0.48643,cold-squeeze,gateio,6,59.8965,8.0,SHORT_SQUEEZE_RISK,1012715.83
2026-09-27,GRASS,116,34,45,0.622014,420993714,16.91,69.62,78.78,62.28,27.01,61.55,4,13.1,19.9,21.3,0.9722,1.0,621831145,-12.045,,,91bbc2a7e466,live,71185119,0.656069,0.993506,0.709085,44.9339,,DEPTH,0.5269,0.4215,0.656069,curve,0.709085,curve,applied,-0.4215,False,1.0,2026-09-27,current,18.68458,inert-band,gateio,3,146.7902,4.0,MILD_INVERSION,897968.2
2026-09-27,INJ,79,35,45,7.82,782084060,9.85,-5.22,24.12,38.44,143.82,42.84,4,14.5,19.4,16.6,1.0,1.15,782084060,-105.0105,66.71,0.3962,91bbc2a7e466,live,76997239,0.723313,0.971688,0.552114,44.6252,,LIQUIDITY,0.5468,0.594,0.723313,curve,0.552114,curve,inert,-0.594,False,1.15,2026-09-27,current,0.25034,cold-squeeze,gateio,6,287.2185,8.0,SHORT_SQUEEZE_RISK,1356925.11
2026-09-27,FIGR_HELOC,8,36,44,1.062,24610425446,0.01,0.29,-4.61,-4.26,-19.51,-6.03,4,20.0,8.9,30.0,1.0,1.0,24610425446,,65.24,0.103,91bbc2a7e466,live,1961886,1.0,0.44348,1.0,44.348,,CONFIRM,1.0,0.8131,1.09778,cap,0.33351,bypass,inert,-0.8131,True,1.0,2026-09-27,absent,3.68669,no-feed,,,,,,
2026-09-27,WIF,154,37,44,0.249561,249183119,24.86,20.64,22.77,8.24,22.32,18.41,4,12.0,16.6,26.6,1.0,1.0,249183119,10.95,70.38,-0.6441,91bbc2a7e466,live,61956777,0.59913,0.832095,0.885866,44.1633,,DEPTH,0.6268,0.5123,0.59913,curve,0.885866,curve,inert,-0.5123,False,1.0,2026-09-27,current,-0.04839,inert-band,gateio,6,130.239,4.0,NEUTRAL,637536.42
2026-09-27,Q,169,38,43,0.04874119,218445797,51.16,90.63,87.62,88.86,277.08,126.73,4,11.7,20.0,27.5,0.9405,0.85,487469227,241.119,,,91bbc2a7e466,live,111747368,0.584836,0.999964,0.917925,42.9144,,DEPTH,0.6341,0.5364,0.584836,curve,0.917925,curve,applied,-0.5364,False,0.85,2026-09-27,current,37.46658,hot-confirmed,gateio,1,,4.0,OVERHEATED_LONG,1480942.75
2026-09-27,RAY,92,39,43,2.26,610411492,14.23,32.6,40.73,172.97,85.8,80.36,4,13.9,20.0,19.5,0.9458,1.0,1255950075,10.95,80.8,-1.0508,91bbc2a7e466,live,86848752,0.696406,0.99855,0.649509,42.7185,,LIQUIDITY,0.5074,0.4315,0.696406,curve,0.649509,curve,applied,-0.4315,False,1.0,2026-09-27,current,9.43443,inert-band,gateio,2,99.8136,4.0,NEUTRAL,730855.37
2026-09-27,XPL,102,40,43,0.110785,502200924,23.26,17.04,27.05,21.32,-9.93,15.22,4,13.5,15.9,25.5,0.9412,1.0,1107796155,10.95,70.52,0.6486,91bbc2a7e466,live,116794527,0.675219,0.794452,0.850145,42.9228,,DEPTH,0.4643,0.3927,0.675219,curve,0.850145,curve,applied,-0.3927,False,1.0,2026-09-27,current,-7.57134,inert-band,gateio,5,273.0603,4.0,NEUTRAL,2008793.55
2026-09-27,TAO,27,41,42,333.41,3773223780,8.69,26.8,31.91,28.23,42.56,31.59,4,17.9,18.7,15.8,0.9534,1.0,6987669624,10.95,76.27,0.4187,91bbc2a7e466,live,327789846,0.894178,0.933402,0.526384,41.8861,,LIQUIDITY,0.7374,0.6417,0.894178,curve,0.526384,curve,applied,-0.6417,True,1.0,2026-09-27,current,0.55892,inert-band,gateio,5,66.576,4.0,NEUTRAL,37795186.26
2026-09-27,JTO,127,42,41,0.624451,328292224,17.4,20.55,35.63,23.47,81.91,37.32,4,12.6,19.1,21.6,0.9514,1.0,624179124,10.95,60.3,1.191,91bbc2a7e466,live,57120536,0.629065,0.956729,0.719984,41.226,,DEPTH,0.5231,0.4635,0.629065,curve,0.719984,curve,applied,-0.4635,False,1.0,2026-09-27,current,5.46125,inert-band,gateio,5,349.6673,8.0,NEUTRAL,639524.19
2026-09-27,ONDO,33,43,41,0.545384,2654072128,8.3,27.64,48.58,41.11,91.83,49.08,4,17.1,19.7,15.5,0.9459,1.0,5450589250,10.95,81.89,0.1572,91bbc2a7e466,live,220217715,0.855978,0.982603,0.517719,41.1889,,LIQUIDITY,0.7422,0.6583,0.855978,curve,0.517719,curve,applied,-0.6583,True,1.0,2026-09-27,current,-1.0404,inert-band,gateio,5,192.5949,4.0,NEUTRAL,42718039.73
2026-09-27,PYTH,87,44,41,0.087189,686793658,11.76,46.16,52.97,74.09,30.01,51.62,4,14.2,19.7,17.8,0.9862,1.0,872123431,10.95,,,91bbc2a7e466,live,80734135,0.709207,0.985747,0.594561,40.992,,LIQUIDITY,0.583,0.5199,0.709207,curve,0.594561,curve,applied,-0.5199,False,1.0,2026-09-27,current,11.36749,inert-band,gateio,5,67.5098,4.0,NEUTRAL,781034.63
2026-09-27,SUPER,227,45,41,0.215405,137908761,20.38,56.36,70.96,80.09,68.44,68.36,4,10.7,19.9,23.6,0.9672,1.0,215427051,10.95,,,91bbc2a7e466,live,28109636,0.534898,0.996221,0.786284,40.5249,,DEPTH,0.6927,0.6257,0.534898,curve,0.786284,curve,applied,-0.6257,False,1.0,2026-09-27,current,15.29691,inert-band,gateio,3,178.833,8.0,NEUTRAL,136571.94
2026-09-27,TRX,6,46,40,0.334127,31730632840,1.09,-8.1,-12.48,-8.56,-6.04,-8.9,4,20.0,7.9,30.0,1.0,1.0,31731948313,-25.842,36.07,0.1007,91bbc2a7e466,live,344741160,1.0,0.396298,1.0,39.6298,,CONFIRM,1.0,0.9256,1.12537,cap,0.357477,bypass,inert,-0.9256,True,1.0,2026-09-27,current,-0.79409,cold-downtrend,gateio,5,312.3958,8.0,SHORT_SQUEEZE_RISK,4834149.0
2026-09-27,AAVE,36,47,38,156.64,2416656804,11.16,9.65,15.14,17.67,14.71,14.04,4,16.9,15.6,17.4,1.0,1.0,2506031240,-6.4605,73.99,-0.6738,91bbc2a7e466,live,269761990,0.845804,0.779085,0.581391,38.311,,LIQUIDITY,0.5653,0.5423,0.845804,curve,0.581391,curve,inert,-0.5423,False,1.0,2026-09-27,current,1.5028,inert-band,gateio,6,43.5758,8.0,MILD_INVERSION,5048917.5
2026-09-27,PENDLE,108,48,38,2.64,458445441,13.46,-3.1,14.76,45.47,87.57,31.64,4,13.3,18.7,19.0,0.964,1.0,743398006,10.95,64.96,0.4113,91bbc2a7e466,live,61690403,0.665322,0.933675,0.632365,37.868,,LIQUIDITY,0.4719,0.4583,0.665322,curve,0.632365,curve,applied,-0.4583,False,1.0,2026-09-27,current,1.76604,inert-band,gateio,5,202.3911,8.0,NEUTRAL,708929.76
2026-09-27,KMNO,150,49,37,0.04646009,261229736,14.35,66.5,75.56,63.87,47.94,64.4,4,12.1,19.9,19.6,0.9565,1.0,464604388,10.95,,,91bbc2a7e466,live,37476287,0.604256,0.99482,0.652136,37.4963,,DEPTH,0.5136,0.5038,0.604256,curve,0.652136,curve,applied,-0.5038,False,1.0,2026-09-27,current,-0.24233,inert-band,gateio,1,,4.0,NEUTRAL,119191.03
2026-09-27,ZRO,96,50,37,1.64,580443556,13.26,47.39,51.24,33.88,-41.61,27.17,4,13.8,18.2,18.8,0.9276,1.0,1642857807,10.95,,,91bbc2a7e466,live,76951999,0.69094,0.908094,0.627943,36.5471,,LIQUIDITY,0.4623,0.4653,0.69094,curve,0.627943,curve,applied,-0.4653,False,1.0,2026-09-27,current,4.22134,inert-band,gateio,4,56.7546,4.0,NEUTRAL,740510.86
2026-09-27,PEPE,47,51,36,4.42e-06,1859283720,11.78,6.46,19.0,8.92,11.68,11.25,4,16.3,14.8,17.9,1.0,1.0,1859283720,10.95,63.09,2.4523,91bbc2a7e466,live,219072294,0.817336,0.739892,0.595169,35.9923,,LIQUIDITY,0.5078,0.5189,0.817336,curve,0.595169,curve,inert,-0.5189,False,1.0,2026-09-27,current,0.31941,inert-band,gateio,3,10.95,8.0,NEUTRAL,55638701.44
2026-09-27,RENDER,67,52,36,2.04,1059681644,8.68,29.39,39.29,30.01,10.06,28.16,4,15.1,18.3,15.8,1.0,1.0,1089831607,10.95,,,91bbc2a7e466,live,91942897,0.756294,0.914377,0.526144,36.3848,,LIQUIDITY,0.6352,0.6422,0.756294,curve,0.526144,curve,inert,-0.6422,False,1.0,2026-09-27,current,2.32947,inert-band,gateio,5,133.6448,4.0,NEUTRAL,362751.9
2026-09-27,AERO,77,53,35,0.853876,850233551,7.68,26.47,41.94,58.6,103.38,53.75,4,14.6,19.8,15.1,0.9479,1.0,1697287768,10.95,77.66,-1.1208,91bbc2a7e466,live,65267604,0.732385,0.987954,0.503921,34.5621,,LIQUIDITY,0.6451,0.6853,0.732385,curve,0.503921,curve,applied,-0.6853,False,1.0,2026-09-27,current,-7.08155,inert-band,gateio,3,2166.786,4.0,NEUTRAL,1717691.22
2026-09-27,LEO,16,54,35,9.02,8296031705,0.01,-4.72,-11.13,-11.25,-23.48,-11.71,4,19.6,7.1,30.0,1.0,1.0,8885697008,,47.05,-0.1829,91bbc2a7e466,live,465670,0.979718,0.353404,1.0,34.6236,,CONFIRM,0.9807,1.0401,0.979718,curve,0.333458,bypass,inert,-1.0401,True,1.0,2026-09-27,absent,0.63679,no-feed,,,,,,
2026-09-27,PONS,114,55,35,0.620182,423784330,9.31,2.35,3.67,359.68,-21.97,87.15,3,13.1,20.0,16.2,1.0,1.0,423758622,10.95,51.0,-1.6295,91bbc2a7e466,live,39464174,0.656786,0.999157,0.540274,35.4545,,LIQUIDITY,0.5938,0.6157,0.656786,curve,0.540274,curve,inert,-0.6157,False,1.0,2026-09-27,current,-1.85236,inert-band,gateio,3,285.9784,4.0,NEUTRAL,2820907.8
2026-09-27,CAKE,74,56,34,2.8,892263250,7.77,8.15,17.46,53.24,48.05,29.73,4,14.8,18.5,15.2,1.0,1.0,924767313,10.95,79.02,0.7129,91bbc2a7e466,live,69344590,0.737623,0.923642,0.506039,34.4764,,LIQUIDITY,0.6396,0.6811,0.737623,curve,0.506039,curve,inert,-0.6811,False,1.0,2026-09-27,current,0.28679,inert-band,gateio,3,214.8862,4.0,NEUTRAL,611582.17
2026-09-27,ZEN,222,57,34,7.82,143994483,19.65,-2.34,14.49,44.49,18.19,17.68,4,10.8,16.5,23.1,0.9965,1.0,164283890,5.5851,68.64,0.1165,91bbc2a7e466,live,28290782,0.539586,0.82404,0.769936,34.1147,,DEPTH,0.5737,0.617,0.539586,curve,0.769936,curve,applied,-0.617,False,1.0,2026-09-27,current,1.0278,inert-band,kraken,3,10.95,1.0,NEUTRAL,229864.33
2026-09-27,2Z,161,58,33,0.067988,235999657,18.75,35.12,35.04,12.69,-33.13,15.84,4,11.9,16.0,22.5,0.9268,1.0,680083474,-224.037,,,91bbc2a7e466,live,44238287,0.593228,0.802256,0.74989,33.0764,,DEPTH,0.472,0.5222,0.593228,curve,0.74989,curve,applied,-0.5222,False,1.0,2026-09-27,current,-4.92767,cold-no-rsi,gateio,3,535.2578,4.0,SHORT_SQUEEZE_RISK,241284.15
2026-09-27,DGAI,214,59,33,1.011,151651201,26.97,0.08,26.87,29.86,-21.97,9.81,3,10.9,14.4,28.0,0.9059,1.0,1011008009,10.95,,,91bbc2a7e466,live,40902027,0.545211,0.718052,0.932692,33.078,,DEPTH,0.5483,0.6066,0.545211,curve,0.932692,curve,applied,-0.6066,False,1.0,2026-09-27,current,-0.97007,inert-band,gateio,1,,4.0,NEUTRAL,934250.41
2026-09-27,DOT,43,60,33,1.25,2124271008,11.26,8.43,14.0,35.26,-38.93,7.06,4,16.6,13.5,17.5,1.0,1.0,2124275302,-6.4605,81.84,1.0124,91bbc2a7e466,live,239272543,0.831802,0.673819,0.583639,32.7121,,LIQUIDITY,0.4819,0.5385,0.831802,curve,0.583639,curve,inert,-0.5385,False,1.0,2026-09-27,current,1.16227,inert-band,gateio,6,54.1711,8.0,MILD_INVERSION,3063566.0
2026-09-27,JUP,65,61,33,0.341519,1133576739,6.66,20.93,36.04,38.82,72.13,39.42,4,15.3,19.3,14.4,0.9455,1.0,2343222806,10.95,73.76,0.7855,91bbc2a7e466,live,75449266,0.763613,0.963144,0.481241,33.4648,,LIQUIDITY,0.6681,0.7314,0.763613,curve,0.481241,curve,applied,-0.7314,False,1.0,2026-09-27,current,-2.61049,inert-band,gateio,5,59.7714,4.0,NEUTRAL,452493.03
2026-09-27,META,217,62,33,6.46,146632790,19.1,14.33,20.69,-7.44,75.81,22.77,4,10.8,17.5,22.7,1.0,0.931,146632790,56.3925,,,91bbc2a7e466,live,28009293,0.541558,0.874714,0.757815,33.4392,,DEPTH,0.5599,0.6133,0.541558,curve,0.757815,curve,inert,-0.6133,False,0.931,2026-09-27,current,3.00938,hot-confirmed,gateio,2,15.2205,8.0,OVERHEATED_LONG,669745.83
2026-09-27,USELESS,144,63,33,0.295362,295354887,9.06,10.08,22.92,350.65,229.89,142.39,4,12.4,20.0,16.0,1.0,1.0,295354887,10.95,60.73,1.4894,91bbc2a7e466,live,26760515,0.617586,0.99999,0.534677,33.0206,,LIQUIDITY,0.565,0.6261,0.617586,curve,0.534677,curve,inert,-0.6261,False,1.0,2026-09-27,current,4.86198,inert-band,gateio,2,90.9021,4.0,NEUTRAL,3795650.37
2026-09-27,VIRTUAL,100,64,33,0.813105,535247356,14.93,21.33,22.46,7.11,-5.34,12.72,4,13.6,15.2,20.0,0.9697,1.0,812969116,10.95,81.75,,91bbc2a7e466,live,79904076,0.682139,0.76112,0.665076,33.4838,,LIQUIDITY,0.3728,0.4079,0.682139,curve,0.665076,curve,applied,-0.4079,False,1.0,2026-09-27,current,3.25382,inert-band,gateio,4,72.0365,4.0,NEUTRAL,1018244.65
2026-09-27,APT,82,65,32,0.854861,744181263,9.93,12.68,35.5,45.52,-31.6,17.74,4,14.4,16.5,16.6,0.9778,1.0,1033383727,-3.066,,,91bbc2a7e466,live,73927900,0.71792,0.824675,0.554092,32.0767,,LIQUIDITY,0.5193,0.5904,0.71792,curve,0.554092,curve,applied,-0.5904,False,1.0,2026-09-27,current,0.16954,inert-band,gateio,6,185.6181,8.0,MILD_INVERSION,1116287.24
2026-09-27,LIT,64,66,32,4.78,1195610228,4.69,-3.49,5.23,29.82,343.03,76.32,4,15.4,20.0,13.1,0.9151,1.044,4782440910,-29.127,52.19,-0.0573,91bbc2a7e466,live,56031630,0.769397,0.997997,0.437477,32.0895,,LIQUIDITY,0.6762,0.8267,0.769397,curve,0.437477,curve,applied,-0.8267,False,1.044,2026-09-27,current,-0.8699,cold-squeeze,gateio,4,50.151,4.0,SHORT_SQUEEZE_RISK,1463210.58
2026-09-27,PUMP,44,67,32,0.00451215,2102380532,6.18,5.96,10.43,-13.21,104.83,22.06,4,16.6,17.4,14.1,0.9562,1.0,3751564468,10.95,68.85,0.0706,91bbc2a7e466,live,129986077,0.830678,0.868405,0.470729,32.4694,,LIQUIDITY,0.6698,0.7535,0.830678,curve,0.470729,curve,applied,-0.7535,False,1.0,2026-09-27,current,-0.10149,inert-band,gateio,4,74.5978,4.0,NEUTRAL,2559275.5
2026-09-27,AR,135,68,31,4.8,314766303,7.79,4.42,78.52,116.46,63.0,62.67,4,12.5,19.9,15.2,1.0,1.0,314766303,10.95,89.2,,91bbc2a7e466,live,24507309,0.624497,0.994057,0.506353,31.4337,,LIQUIDITY,0.588,0.6805,0.624497,curve,0.506353,curve,inert,-0.6805,False,1.0,2026-09-27,current,1.26934,inert-band,gateio,3,139.3078,8.0,NEUTRAL,1483131.36
2026-09-27,LDO,119,69,31,0.490755,407049761,14.17,15.93,21.93,26.76,-28.27,11.3,4,13.0,14.8,19.4,0.9911,1.0,490676927,10.95,,,91bbc2a7e466,live,57683941,0.652412,0.74055,0.648249,31.041,,LIQUIDITY,0.3705,0.4335,0.652412,curve,0.648249,curve,applied,-0.4335,False,1.0,2026-09-27,current,0.08492,inert-band,gateio,5,89.6291,8.0,NEUTRAL,1331917.1
2026-09-27,MON,134,70,31,0.0266451,314886689,48.67,8.16,5.43,-10.26,3.97,2.04,4,12.5,11.7,28.5,0.9037,1.0,2681037674,10.95,55.15,0.3129,91bbc2a7e466,live,153268696,0.624539,0.586576,0.95101,31.4842,,CONFIRM,0.4616,0.5335,0.624539,curve,0.95101,curve,applied,-0.5335,False,1.0,2026-09-27,current,-0.29369,inert-band,gateio,5,37.23,4.0,NEUTRAL,465996.55
2026-09-27,STONK,158,71,31,0.294351,240120853,11.73,3.76,-3.22,1931.78,-21.97,478.87,3,11.9,20.0,17.8,1.0,0.871,240120853,234.33,59.21,2.2079,91bbc2a7e466,live,28172742,0.595107,1.0,0.594061,30.8031,,LIQUIDITY,0.4422,0.5208,0.595107,curve,0.594061,curve,inert,-0.5208,False,0.871,2026-09-27,current,7.16021,hot-confirmed,gateio,1,,4.0,OVERHEATED_LONG,531206.64
2026-09-27,VVV,54,72,31,31.21,1503516194,2.22,3.94,26.1,75.31,477.19,121.97,4,15.9,20.0,12.0,0.961,1.0,2530147825,-4.161,84.64,-0.9518,91bbc2a7e466,live,33396397,0.794277,0.999948,0.4,30.5304,,LIQUIDITY,0.7723,0.9163,0.794277,curve,0.382694,floor,applied,-0.9163,True,1.0,2026-09-27,current,4.33229,inert-band,gateio,3,71.6589,4.0,MILD_INVERSION,24277287.54
2026-09-27,BCAP,72,73,30,107.53,979825296,0.0,-4.78,-9.77,-5.48,348.21,64.4,4,15.0,19.9,12.0,1.0,1.0,979825296,,99.45,-0.0131,91bbc2a7e466,live,0.0,0.747787,0.994819,0.4,29.7565,,LIQUIDITY,0.7559,0.9163,0.747787,curve,0.0,zero-volume,inert,-0.9163,True,1.0,2026-09-27,absent,0.0,no-feed,,,,,,
2026-09-27,BTW,30,74,30,1.14,3098568465,1.01,48.34,88.59,172.59,6579.58,1395.71,4,17.5,20.0,12.0,0.9174,0.938,11441675306,34.383,87.5,-0.3569,91bbc2a7e466,live,31398501,0.87279,1.0,0.4,30.0454,,LIQUIDITY,0.762,0.9163,0.87279,curve,0.355852,floor,applied,-0.9163,True,0.938,2026-09-27,current,22.10608,hot-confirmed,gateio,1,,4.0,ELEVATED,2695253.99
2026-09-27,DRV,117,75,29,0.418279,418323294,5.66,2.6,175.2,147.36,574.74,196.37,4,13.1,20.0,13.8,0.9708,1.0,627698773,,76.6,4.623,91bbc2a7e466,live,23680406,0.655378,1.0,0.459129,29.2116,,LIQUIDITY,0.6326,0.7784,0.655378,curve,0.459129,curve,applied,-0.7784,False,1.0,2026-09-27,absent,0.03503,no-feed,,,,,,
2026-09-27,RAIN,15,76,29,0.01268542,8997035758,0.28,-9.55,-28.1,-34.83,17.05,-15.19,4,19.8,6.1,30.0,0.9646,1.0,14491886555,,31.14,-0.4492,91bbc2a7e466,live,25537231,0.988525,0.30594,1.0,29.1723,,CONFIRM,0.9614,1.1844,0.988525,curve,0.339641,bypass,applied,-1.1844,True,1.0,2026-09-27,absent,2.28343,no-feed,,,,,,
2026-09-27,ZAMA,173,77,29,0.086733,213788398,9.57,-6.03,67.71,51.49,316.74,91.34,4,11.6,20.0,16.4,0.9118,1.0,981086854,10.95,66.99,2.0649,91bbc2a7e466,live,20459137,0.582496,0.999397,0.545996,28.9814,,LIQUIDITY,0.4886,0.6051,0.582496,curve,0.545996,curve,applied,-0.6051,False,1.0,2026-09-27,current,-6.21265,inert-band,gateio,1,,4.0,NEUTRAL,613910.85
2026-09-27,BP,120,78,28,1.56,389081847,5.91,112.29,202.82,239.4,-21.97,139.85,3,13.0,20.0,13.9,0.9151,1.0,1556327388,10.95,,,91bbc2a7e466,live,22987017,0.64751,0.999988,0.464623,27.5302,,LIQUIDITY,0.5943,0.7665,0.64751,curve,0.464623,curve,applied,-0.7665,False,1.0,2026-09-27,current,23.59336,inert-band,gateio,1,,4.0,NEUTRAL,585024.93
2026-09-27,EIGEN,151,79,28,0.280268,259757275,17.03,19.1,24.76,33.02,-64.23,7.33,4,12.1,13.6,21.4,0.9481,1.0,517250840,10.95,,,91bbc2a7e466,live,44225659,0.603642,0.678267,0.711684,27.6262,,DEPTH,0.3924,0.5048,0.603642,curve,0.711684,curve,applied,-0.5048,False,1.0,2026-09-27,current,3.85142,inert-band,gateio,5,77.964,4.0,NEUTRAL,519218.45
2026-09-27,JST,69,80,28,0.125033,1023844084,2.6,4.1,0.86,21.77,120.75,31.04,4,15.1,18.6,12.0,1.0,1.0,1023844084,10.95,85.21,0.3051,91bbc2a7e466,live,26611403,0.752558,0.930636,0.4,28.0143,,LIQUIDITY,0.7201,0.9163,0.752558,curve,0.391093,floor,inert,-0.9163,True,1.0,2026-09-27,current,1.13017,inert-band,gateio,1,,4.0,NEUTRAL,86259.49
2026-09-27,KAS,60,81,28,0.04841189,1342165997,3.66,19.46,31.15,59.49,-35.96,21.31,4,15.6,17.2,12.4,1.0,1.0,1342174287,10.95,,,91bbc2a7e466,live,49183405,0.781952,0.86152,0.414766,27.9414,,LIQUIDITY,0.6902,0.88,0.781952,curve,0.414766,curve,inert,-0.88,False,1.0,2026-09-27,current,7.78124,inert-band,gateio,3,47.6357,8.0,NEUTRAL,1285191.75
2026-09-27,POL,62,82,28,0.120555,1280415174,7.83,9.79,16.05,5.29,3.15,8.9,4,15.5,14.1,15.2,1.0,1.0,1280415174,10.95,61.03,-0.1111,91bbc2a7e466,live,100272242,0.776838,0.703825,0.507361,27.7403,,LIQUIDITY,0.5292,0.6785,0.776838,curve,0.507361,curve,inert,-0.6785,False,1.0,2026-09-27,current,1.35262,inert-band,gateio,5,238.6787,4.0,NEUTRAL,1000275.32
2026-09-27,TIA,106,83,28,0.496508,483453728,10.17,14.75,32.4,33.27,-44.49,11.94,4,13.4,15.0,16.8,0.9908,1.0,584880539,10.95,,,91bbc2a7e466,live,49188086,0.671089,0.750008,0.559429,27.8983,,LIQUIDITY,0.455,0.5808,0.671089,curve,0.559429,curve,applied,-0.5808,False,1.0,2026-09-27,current,-0.65492,inert-band,gateio,5,155.8498,4.0,NEUTRAL,547793.58
2026-09-27,GT,63,84,27,11.38,1215352699,0.27,6.54,14.21,34.75,40.33,22.27,4,15.4,17.4,12.0,0.9987,1.0,1354973576,10.95,,,91bbc2a7e466,live,3230621,0.771176,0.870284,0.4,26.8108,,LIQUIDITY,0.6961,0.9163,0.771176,curve,0.33924,floor,applied,-0.9163,False,1.0,2026-09-27,current,4.78724,inert-band,gateio,1,,8.0,NEUTRAL,816301.61
2026-09-27,MET,179,85,27,0.364174,202780833,7.36,40.73,42.04,63.89,106.02,59.9,4,11.5,19.9,14.9,0.9559,1.0,363274399,10.95,71.85,,91bbc2a7e466,live,14927766,0.576757,0.992597,0.496923,27.1936,,LIQUIDITY,0.537,0.6993,0.576757,curve,0.496923,curve,applied,-0.6993,False,1.0,2026-09-27,current,1.98276,inert-band,gateio,2,0.0,4.0,NEUTRAL,135881.93
2026-09-27,币安人生,103,86,27,0.49925,499149042,0.41,-3.51,-4.07,-7.4,655.8,127.24,4,13.5,20.0,12.0,1.0,1.0,499149042,10.95,58.85,-0.0175,91bbc2a7e466,live,2054165,0.674558,0.999966,0.4,26.9814,,LIQUIDITY,0.6994,0.9163,0.674558,curve,0.342479,floor,inert,-0.9163,False,1.0,2026-09-27,current,-0.65103,inert-band,gateio,1,,8.0,NEUTRAL,191397.7
2026-09-27,BR,149,87,26,0.90408,268161618,5.7,-31.8,235.09,269.43,1312.58,379.1,4,12.1,20.0,13.8,0.9205,1.0,903915569,10.95,,,91bbc2a7e466,live,15293350,0.607099,1.0,0.460067,25.7102,,LIQUIDITY,0.5716,0.7764,0.607099,curve,0.460067,curve,applied,-0.7764,False,1.0,2026-09-27,current,-7.60683,inert-band,gateio,1,,4.0,NEUTRAL,1296488.52
2026-09-27,ICP,50,88,26,3.21,1789014757,4.58,9.64,10.28,26.44,-6.64,10.74,4,16.3,14.6,13.1,1.0,1.0,1789016405,10.95,,,91bbc2a7e466,live,81958807,0.813153,0.732263,0.435138,25.91,,LIQUIDITY,0.6161,0.8321,0.813153,curve,0.435138,curve,inert,-0.8321,False,1.0,2026-09-27,current,0.32416,inert-band,gateio,5,118.3579,8.0,NEUTRAL,1038884.72
2026-09-27,XCN,176,89,26,0.00528045,207704554,9.05,25.07,19.24,41.65,-16.08,19.53,4,11.6,16.9,16.0,0.9799,1.0,282023382,4.818,,,91bbc2a7e466,live,18790223,0.579362,0.844027,0.534369,25.6052,,LIQUIDITY,0.46,0.6267,0.579362,curve,0.534369,curve,applied,-0.6267,False,1.0,2026-09-27,current,4.12146,inert-band,gateio,1,,4.0,NEUTRAL,284086.13
2026-09-27,COMP,157,90,25,24.42,244024048,10.27,11.56,12.94,16.24,9.26,12.62,4,11.9,15.2,16.8,1.0,1.0,244024048,10.95,,,91bbc2a7e466,live,25071414,0.596858,0.759591,0.561648,25.4633,,LIQUIDITY,0.4217,0.5769,0.596858,curve,0.561648,curve,inert,-0.5769,False,1.0,2026-09-27,current,1.71893,inert-band,gateio,5,84.972,8.0,NEUTRAL,165440.37
2026-09-27,ETC,53,91,25,9.52,1506929797,4.76,9.26,15.9,16.14,-6.18,9.55,4,15.9,14.3,13.2,1.0,1.0,1506933419,10.95,,,91bbc2a7e466,live,71687852,0.794523,0.714016,0.439049,24.9074,,LIQUIDITY,0.5922,0.8231,0.794523,curve,0.439049,curve,inert,-0.8231,False,1.0,2026-09-27,current,-0.35101,inert-band,gateio,6,97.3075,8.0,NEUTRAL,1839506.5
2026-09-27,FARTCOIN,182,92,25,0.196793,196760189,18.77,14.56,30.03,-10.94,-22.23,4.69,4,11.5,12.7,22.5,1.0,0.922,196760189,87.819,62.02,-0.8507,91bbc2a7e466,live,36929376,0.573484,0.633517,0.750416,25.1288,,DEPTH,0.4026,0.556,0.573484,curve,0.750416,curve,inert,-0.556,False,0.922,2026-09-27,current,1.56601,hot-confirmed,gateio,4,57.5924,4.0,OVERHEATED_LONG,5543867.07
2026-09-27,MINA,187,93,25,0.143461,185579031,5.21,32.09,26.55,122.87,30.91,53.16,4,11.3,19.7,13.5,1.0,1.0,185579031,10.95,75.58,,91bbc2a7e466,live,9673378,0.567132,0.98738,0.449168,25.1523,,LIQUIDITY,0.5799,0.8004,0.567132,curve,0.449168,curve,inert,-0.8004,False,1.0,2026-09-27,current,-1.88084,inert-band,gateio,3,127.4097,8.0,NEUTRAL,306591.56
2026-09-27,AIOZ,208,94,24,0.121905,156148395,4.73,35.74,61.39,94.19,66.77,62.97,4,11.0,19.9,13.2,1.0,1.0,156150835,,,,91bbc2a7e466,live,7387511,0.548384,0.994199,0.438469,23.9054,,LIQUIDITY,0.5761,0.8245,0.548384,curve,0.438469,curve,inert,-0.8245,False,1.0,2026-09-27,absent,-1.12158,no-feed,,,,,,
2026-09-27,AKE,83,95,24,0.03240129,738960461,1.54,-67.0,110.79,303.73,15325.58,3148.65,4,14.3,20.0,12.0,0.9128,0.925,3241587811,176.514,52.14,2.3729,91bbc2a7e466,live,11345352,0.717155,1.0,0.4,24.2262,,LIQUIDITY,0.6463,0.9163,0.717155,curve,0.367451,floor,applied,-0.9163,False,0.925,2026-09-27,current,-6.1321,hot-confirmed,gateio,1,,4.0,OVERHEATED_LONG,2379440.61
2026-09-27,ALGO,66,96,24,0.117215,1061247685,5.07,10.11,15.49,25.03,-22.91,8.58,4,15.1,14.0,13.4,1.0,1.0,1061250059,10.95,,,91bbc2a7e466,live,53814397,0.756454,0.698668,0.446019,23.5726,,LIQUIDITY,0.5587,0.8074,0.756454,curve,0.446019,curve,inert,-0.8074,False,1.0,2026-09-27,current,-0.57558,inert-band,gateio,5,191.0867,8.0,NEUTRAL,541750.18
2026-09-27,ETHFI,85,97,24,0.739746,713626702,6.84,0.74,2.23,23.8,7.57,8.24,4,14.3,13.9,14.6,1.0,1.0,713626702,10.95,69.32,2.0477,91bbc2a7e466,live,48847431,0.713368,0.693238,0.485443,24.0068,,LIQUIDITY,0.5065,0.7227,0.713368,curve,0.485443,curve,inert,-0.7227,False,1.0,2026-09-27,current,1.97817,inert-band,gateio,4,148.482,4.0,NEUTRAL,960995.74
2026-09-27,PIEVERSE,110,98,24,1.61,443540333,1.72,-12.88,27.77,49.78,221.14,59.75,4,13.2,19.9,12.0,0.9179,1.0,1614341520,10.95,97.94,,91bbc2a7e466,live,7617445,0.661733,0.992507,0.4,24.1141,,LIQUIDITY,0.6442,0.9163,0.661733,curve,0.371498,floor,applied,-0.9163,False,1.0,2026-09-27,current,3.57955,inert-band,gateio,1,,8.0,NEUTRAL,3619794.36
2026-09-27,STX,88,99,24,0.349758,653927077,5.23,5.82,17.83,23.67,-3.09,11.5,4,14.1,14.9,13.5,1.0,1.0,653943794,-6.6795,90.77,-0.2688,91bbc2a7e466,live,34179347,0.703882,0.74359,0.449484,23.526,,LIQUIDITY,0.5526,0.7997,0.703882,curve,0.449484,curve,inert,-0.7997,False,1.0,2026-09-27,current,2.08646,inert-band,gateio,3,86.9414,8.0,MILD_INVERSION,332415.36
2026-09-27,UB,121,100,24,0.149213,373025674,3.12,-17.86,15.4,5.93,346.46,69.27,4,12.9,19.9,12.1,0.9151,1.0,1492102695,10.95,65.15,2.376,91bbc2a7e466,live,11648993,0.642935,0.996484,0.40273,23.6113,,LIQUIDITY,0.6301,0.9095,0.642935,curve,0.40273,curve,applied,-0.9095,False,1.0,2026-09-27,current,0.06901,inert-band,gateio,1,,4.0,NEUTRAL,759950.12
2026-09-27,AI,165,101,23,0.226715,225087869,4.23,-13.92,-20.83,174.36,-21.97,29.81,3,11.8,18.5,12.8,1.0,1.0,225087612,0.0,42.1,1.6464,91bbc2a7e466,live,9518392,0.588088,0.924115,0.427305,23.2224,,LIQUIDITY,0.5823,0.8503,0.588088,curve,0.427305,curve,inert,-0.8503,False,1.0,2026-09-27,current,-14.50075,inert-band,hyperliquid,1,,1.0,NEUTRAL,
2026-09-27,AXS,178,102,23,1.17,205048312,11.28,13.31,13.99,19.88,-21.27,8.21,4,11.6,13.9,17.5,0.9682,1.0,316855672,10.95,,,91bbc2a7e466,live,23124572,0.577964,0.692646,0.583947,22.6335,,DEPTH,0.369,0.5482,0.577964,curve,0.583947,curve,applied,-0.5482,False,1.0,2026-09-27,current,-1.36902,inert-band,gateio,3,57.0549,8.0,NEUTRAL,619473.4
2026-09-27,BONK,130,103,23,3.69e-06,325035896,12.2,19.61,24.09,14.02,-59.36,3.54,4,12.6,12.3,18.1,1.0,1.0,325035896,10.95,,,91bbc2a7e466,live,39659467,0.627983,0.613219,0.604479,23.2779,,LIQUIDITY,0.3453,0.5034,0.627983,curve,0.604479,curve,inert,-0.5034,False,1.0,2026-09-27,current,0.22186,inert-band,gateio,2,10.95,4.0,NEUTRAL,470679.49
2026-09-27,GRT,139,104,23,0.02781419,304340244,4.02,31.59,41.77,56.9,-44.46,25.26,4,12.4,17.9,12.7,1.0,1.0,323023339,10.95,,,91bbc2a7e466,live,12244283,0.62084,0.894633,0.422738,23.4799,,LIQUIDITY,0.5942,0.861,0.62084,curve,0.422738,curve,inert,-0.861,False,1.0,2026-09-27,current,-1.38171,inert-band,gateio,2,40.4252,8.0,NEUTRAL,268008.16
2026-09-27,RUNE,155,105,23,0.756819,248494490,150.55,34.56,39.58,42.99,29.47,36.91,4,12.0,19.1,12.0,1.0,1.0,267642233,5.3655,89.12,,91bbc2a7e466,live,374118626,0.598829,0.955344,0.4,22.8835,,LIQUIDITY,0.6213,0.9163,0.598829,curve,0.225928,floor,inert,-0.9163,False,1.0,2026-09-27,current,3.70485,inert-band,gateio,5,144.0245,8.0,NEUTRAL,390734.71
2026-09-27,S,209,106,23,0.04017765,156105525,19.97,9.5,42.06,22.83,-100.39,-1.01,4,11.0,10.6,23.3,1.0,1.0,156105525,10.95,,,91bbc2a7e466,live,31176356,0.548355,0.531904,0.777141,22.667,,CONFIRM,0.4253,0.6313,0.548355,curve,0.777141,curve,inert,-0.6313,False,1.0,2026-09-27,current,-2.4192,inert-band,gateio,4,674.082,4.0,NEUTRAL,168984.01
2026-09-27,STRK,141,107,23,0.04098437,301260942,11.5,-16.73,33.6,53.02,-60.68,4.5,4,12.4,12.6,17.7,0.9797,1.0,409845064,10.95,,,91bbc2a7e466,live,34648051,0.619736,0.630157,0.588911,22.5319,,LIQUIDITY,0.3553,0.5295,0.619736,curve,0.588911,curve,applied,-0.5295,False,1.0,2026-09-27,current,-3.07552,inert-band,gateio,5,101.1826,4.0,NEUTRAL,377984.04
2026-09-27,TIBBIR,146,108,23,0.290477,290424977,0.84,40.5,40.46,-5.84,61.08,33.02,4,12.3,18.8,12.0,1.0,1.0,290424977,,78.53,-0.2237,91bbc2a7e466,live,2446439,0.615758,0.940149,0.4,23.1562,,LIQUIDITY,0.6263,0.9163,0.615758,curve,0.352053,floor,inert,-0.9163,False,1.0,2026-09-27,absent,-0.39501,no-feed,,,,,,
2026-09-27,ATOM,71,109,22,1.88,1003966973,7.58,6.09,9.04,19.92,-33.17,2.44,4,15.0,11.9,15.1,1.0,1.0,1003967802,10.95,,,91bbc2a7e466,live,76065422,0.75043,0.593705,0.5017,22.3524,,LIQUIDITY,0.4604,0.6898,0.75043,curve,0.5017,curve,inert,-0.6898,False,1.0,2026-09-27,current,2.78433,inert-band,gateio,6,1197.054,8.0,NEUTRAL,1323972.04
2026-09-27,BSV,112,110,22,21.63,434371043,1.69,23.82,16.63,22.71,21.63,21.31,4,13.2,17.2,12.0,1.0,0.963,434374827,39.42,,,91bbc2a7e466,live,7336335,0.659465,0.861522,0.4,21.8803,,LIQUIDITY,0.603,0.9163,0.659465,curve,0.370866,floor,inert,-0.9163,False,0.963,2026-09-27,current,0.08262,hot-confirmed,gateio,2,16.6903,4.0,ELEVATED,894528.72
2026-09-27,CARDS,194,111,22,0.187546,177651094,3.31,6.33,28.48,1.76,439.06,97.27,4,11.2,20.0,12.2,0.9448,1.0,370820544,,56.33,-2.8152,91bbc2a7e466,live,5885272,0.562392,0.999625,0.406952,21.6152,,LIQUIDITY,0.5869,0.8991,0.562392,curve,0.406952,curve,applied,-0.8991,False,1.0,2026-09-27,absent,3.7836,no-feed,,,,,,
2026-09-27,CRV,98,112,22,0.349824,548902068,9.86,-0.74,-10.42,3.28,25.89,3.17,4,13.7,12.1,16.6,0.9683,1.0,846930790,10.95,52.77,-0.4338,91bbc2a7e466,live,54142925,0.684874,0.60676,0.55253,22.2327,,LIQUIDITY,0.3946,0.5932,0.684874,curve,0.55253,curve,applied,-0.5932,False,1.0,2026-09-27,current,0.06484,inert-band,gateio,5,142.5929,8.0,NEUTRAL,1026657.19
2026-09-27,DBR,232,113,22,0.02257654,133737751,4.84,37.71,38.74,49.2,18.76,37.05,4,10.6,19.1,13.2,0.9608,1.0,225575285,,,,91bbc2a7e466,live,6475405,0.531564,0.955826,0.44093,21.5247,,LIQUIDITY,0.5331,0.8189,0.531564,curve,0.44093,curve,applied,-0.8189,False,1.0,2026-09-27,absent,2.81182,no-feed,,,,,,
2026-09-27,MNT,40,114,22,0.689962,2277973497,1.54,10.94,13.4,25.09,-22.66,8.38,4,16.8,13.9,12.0,0.9521,1.0,4290180459,10.95,,,91bbc2a7e466,live,35131721,0.839387,0.695355,0.4,22.2286,,LIQUIDITY,0.6093,0.9163,0.839387,curve,0.367605,floor,applied,-0.9163,False,1.0,2026-09-27,current,-2.34416,inert-band,gateio,3,121.2937,4.0,NEUTRAL,248356.05
2026-09-27,MORPHO,46,115,22,2.75,1920212717,1.34,4.37,15.29,-3.26,16.41,7.6,4,16.4,13.7,12.0,0.9751,1.0,2744920295,-5.256,75.28,-0.0654,91bbc2a7e466,live,25810539,0.820837,0.68274,0.4,21.8586,,LIQUIDITY,0.6026,0.9163,0.820837,curve,0.363203,floor,applied,-0.9163,False,1.0,2026-09-27,current,-1.32174,inert-band,gateio,4,305.724,4.0,MILD_INVERSION,446051.3
2026-09-27,RAIL,191,116,22,3.0,179743105,0.08,2.91,37.27,33.95,135.46,45.77,4,11.3,19.5,12.0,1.0,1.0,179743105,,,,91bbc2a7e466,live,142627,0.563663,0.977458,0.4,22.0383,,LIQUIDITY,0.6059,0.9163,0.563663,curve,0.335097,floor,inert,-0.9163,False,1.0,2026-09-27,absent,5.774,no-feed,,,,,,
2026-09-27,SN51,221,117,22,30.32,144537719,2.24,35.59,23.54,42.35,252.05,77.56,4,10.8,20.0,12.0,1.0,1.0,144537719,,,,91bbc2a7e466,live,3238183,0.539995,0.998186,0.4,21.5606,,LIQUIDITY,0.5972,0.9163,0.539995,curve,0.383119,floor,inert,-0.9163,False,1.0,2026-09-27,absent,2.59738,no-feed,,,,,,
2026-09-27,AKT,175,118,21,0.703116,209714381,3.13,23.59,20.25,24.43,45.11,27.27,4,11.6,18.2,12.1,1.0,1.0,209716716,10.95,,,91bbc2a7e466,live,6560615,0.580407,0.90872,0.402852,21.2476,,LIQUIDITY,0.587,0.9092,0.580407,curve,0.402852,curve,inert,-0.9092,False,1.0,2026-09-27,current,0.06471,inert-band,gateio,2,4341.8593,4.0,NEUTRAL,278452.45
2026-09-27,KITE,123,119,20,0.150072,358694050,9.04,27.0,26.95,11.19,-65.16,4.6,4,12.8,12.6,16.0,0.914,1.0,1500061261,10.95,,,91bbc2a7e466,live,32437457,0.638681,0.631931,0.534294,19.7097,,LIQUIDITY,0.386,0.6268,0.638681,curve,0.534294,curve,applied,-0.6268,False,1.0,2026-09-27,current,10.08517,inert-band,gateio,1,,4.0,NEUTRAL,268732.37
2026-09-27,NPC,188,120,20,0.02304633,185532875,1.09,-3.58,5.91,31.87,82.58,24.89,4,11.3,17.8,12.0,1.0,1.0,185532875,,,,91bbc2a7e466,live,2017322,0.567105,0.891867,0.4,20.2313,,LIQUIDITY,0.5734,0.9163,0.567105,curve,0.357496,floor,inert,-0.9163,False,1.0,2026-09-27,absent,-1.99698,no-feed,,,,,,
2026-09-27,OKB,34,121,20,122.21,2566031326,0.72,0.04,-2.76,0.39,6.11,0.64,4,17.0,11.2,12.0,1.0,1.067,2566031326,-24.6375,85.05,-1.08,91bbc2a7e466,live,18582828,0.852315,0.561524,0.4,20.4341,,LIQUIDITY,0.5332,0.9163,0.852315,curve,0.349426,floor,inert,-0.9163,False,1.067,2026-09-27,current,0.72804,cold-squeeze,gateio,1,,8.0,SHORT_SQUEEZE_RISK,769010.05
2026-09-27,SENT,200,122,20,0.02335149,169014332,3.81,28.89,51.55,77.38,-18.71,37.16,4,11.1,19.1,12.5,0.9111,1.0,802346349,10.95,,,91bbc2a7e466,live,6440782,0.556981,0.956187,0.418018,20.2835,,LIQUIDITY,0.5467,0.8722,0.556981,curve,0.418018,curve,applied,-0.8722,False,1.0,2026-09-27,current,-2.47151,inert-band,gateio,1,,4.0,NEUTRAL,172343.07
2026-09-27,SHIB,28,123,20,5.98e-06,3521329652,2.54,5.98,4.21,5.46,-20.28,0.15,4,17.7,11.1,12.0,1.0,1.0,3522866191,10.95,,,91bbc2a7e466,live,89349753,0.886677,0.552788,0.4,19.6058,,LIQUIDITY,0.5624,0.9163,0.886677,curve,0.38972,floor,inert,-0.9163,False,1.0,2026-09-27,current,1.01213,inert-band,gateio,2,10.95,8.0,NEUTRAL,3624539.35
2026-09-27,SKY,49,124,20,0.076927,1802534679,0.7,6.45,13.75,5.75,-18.81,3.05,4,16.3,12.1,12.0,1.0,1.0,1804878447,10.95,,,91bbc2a7e466,live,12614750,0.813971,0.604559,0.4,19.6837,,LIQUIDITY,0.5637,0.9163,0.813971,curve,0.348885,floor,inert,-0.9163,False,1.0,2026-09-27,current,-1.83229,inert-band,gateio,2,18.6261,4.0,NEUTRAL,389643.1
2026-09-27,VET,78,125,20,0.00930084,799703647,1.59,7.11,9.52,29.77,-23.93,7.17,4,14.5,13.5,12.0,1.0,1.0,799703647,10.95,,,91bbc2a7e466,live,12751173,0.725732,0.675622,0.4,19.6128,,LIQUIDITY,0.5625,0.9163,0.725732,curve,0.368766,floor,inert,-0.9163,False,1.0,2026-09-27,current,-3.29691,inert-band,gateio,2,,8.0,NEUTRAL,251835.34
2026-09-27,A,197,126,19,0.104644,174639970,3.67,15.52,16.55,27.64,16.61,19.03,4,11.2,16.8,12.4,0.9871,1.0,219656144,10.95,,,91bbc2a7e466,live,6411000,0.560536,0.838755,0.414911,19.2555,,LIQUIDITY,0.534,0.8797,0.560536,curve,0.414911,curve,applied,-0.8797,False,1.0,2026-09-27,current,2.50142,inert-band,gateio,1,,4.0,NEUTRAL,133649.93
2026-09-27,BAT,218,127,19,0.097613,146000498,5.77,19.52,14.27,30.89,-24.9,12.17,4,10.8,15.1,13.8,1.0,1.0,146417823,10.95,,,91bbc2a7e466,live,8421339,0.541089,0.753184,0.461512,18.8084,,LIQUIDITY,0.4628,0.7732,0.541089,curve,0.461512,curve,inert,-0.7732,False,1.0,2026-09-27,current,3.16855,inert-band,gateio,2,4362.1414,8.0,NEUTRAL,75187.54
2026-09-27,FF,118,128,19,0.132098,414745931,1.04,-3.15,-19.47,33.63,58.09,14.21,4,13.1,15.6,12.0,0.9226,1.0,1320846913,10.95,65.79,0.9347,91bbc2a7e466,live,4312190,0.654446,0.781441,0.4,18.8731,,LIQUIDITY,0.5495,0.9163,0.654446,curve,0.356438,floor,applied,-0.9163,False,1.0,2026-09-27,current,0.36984,inert-band,gateio,1,,4.0,NEUTRAL,13951787.7
2026-09-27,GOMINING,215,129,19,0.373911,150659462,14.4,-2.51,-5.66,4.45,3.89,-0.28,4,10.9,10.9,19.6,1.0,1.0,150659462,,,,91bbc2a7e466,live,21699287,0.544499,0.545006,0.653397,19.3899,,DEPTH,0.3706,0.6079,0.544499,curve,0.653397,curve,inert,-0.6079,False,1.0,2026-09-27,absent,0.23431,no-feed,,,,,,
2026-09-27,SHFL,184,130,19,0.392731,190113740,0.28,17.13,16.85,27.9,38.75,24.07,4,11.4,17.7,12.0,0.9514,1.0,361324546,,,,91bbc2a7e466,live,533879,0.569753,0.885519,0.4,19.2003,,LIQUIDITY,0.5552,0.9163,0.569753,curve,0.339574,floor,applied,-0.9163,False,1.0,2026-09-27,absent,-0.05183,no-feed,,,,,,
2026-09-27,SN64,226,131,18,22.89,138041193,0.56,24.92,29.15,15.79,4.41,19.59,4,10.7,16.9,12.0,1.0,1.0,138041193,,,,91bbc2a7e466,live,772886,0.535002,0.844684,0.4,18.0763,,LIQUIDITY,0.5357,0.9163,0.535002,curve,0.345775,floor,inert,-0.9163,False,1.0,2026-09-27,absent,1.50028,no-feed,,,,,,
2026-09-27,THETA,160,132,18,0.236563,236595654,2.47,6.73,2.86,27.69,8.46,11.35,4,11.9,14.8,12.0,1.0,1.0,236595654,10.95,,,91bbc2a7e466,live,5855217,0.593502,0.741304,0.4,17.5986,,LIQUIDITY,0.5274,0.9163,0.593502,curve,0.388328,floor,inert,-0.9163,False,1.0,2026-09-27,current,1.04699,inert-band,gateio,2,31.7062,8.0,NEUTRAL,244065.29
2026-09-27,AWE,225,133,17,0.072848,141499170,4.28,9.98,11.43,9.79,20.34,12.37,4,10.8,15.1,12.9,1.0,1.0,141499170,10.95,,,91bbc2a7e466,live,6058186,0.537688,0.756077,0.428476,17.419,,LIQUIDITY,0.485,0.8475,0.537688,curve,0.428476,curve,inert,-0.8475,False,1.0,2026-09-27,current,3.10018,inert-band,gateio,1,,8.0,NEUTRAL,22835.41
2026-09-27,BTT,122,134,17,3.71592e-07,366736510,3.38,6.93,1.19,20.1,-10.31,5.34,4,12.8,12.9,12.3,1.0,1.0,367837091,,,,91bbc2a7e466,live,12401333,0.641089,0.644712,0.408479,16.8831,,LIQUIDITY,0.5033,0.8953,0.641089,curve,0.408479,curve,inert,-0.8953,False,1.0,2026-09-27,absent,0.02492,no-feed,,,,,,
2026-09-27,CRO,29,135,17,0.068213,3393435944,0.43,12.12,5.74,8.94,-44.68,-1.63,4,17.7,10.4,12.0,0.9481,1.0,6749561072,10.95,,,91bbc2a7e466,live,14458445,0.88266,0.520699,0.4,17.4299,,LIQUIDITY,0.5245,0.9163,0.88266,curve,0.342802,floor,applied,-0.9163,False,1.0,2026-09-27,current,3.99828,inert-band,gateio,2,195.8059,8.0,NEUTRAL,483653.34
2026-09-27,IMX,216,136,17,0.167282,147112137,5.35,18.83,25.83,22.7,-37.91,10.2,4,10.8,14.5,13.6,0.9393,1.0,334546476,10.95,,,91bbc2a7e466,live,7876925,0.541912,0.724039,0.452319,16.6702,,LIQUIDITY,0.4428,0.7934,0.541912,curve,0.452319,curve,applied,-0.7934,False,1.0,2026-09-27,current,0.5757,inert-band,gateio,4,88.508,4.0,NEUTRAL,396239.84
2026-09-27,SAND,234,137,17,0.04486347,131765086,20.41,9.36,15.41,5.28,-79.88,-8.0,4,10.6,8.2,23.6,1.0,1.0,134562199,10.95,,,91bbc2a7e466,live,26898692,0.52995,0.410778,0.786981,17.1319,,CONFIRM,0.5043,0.8897,0.52995,curve,0.786981,curve,inert,-0.8897,False,1.0,2026-09-27,current,-2.26035,inert-band,gateio,3,31.1655,8.0,NEUTRAL,292125.06
2026-09-27,ZK,223,138,17,0.01318514,142594984,6.96,5.19,28.19,48.2,-71.12,6.43,4,10.8,13.3,14.6,0.9499,1.0,276844064,10.95,,,91bbc2a7e466,live,9926469,0.538526,0.663266,0.488029,16.5584,,LIQUIDITY,0.3989,0.7174,0.538526,curve,0.488029,curve,applied,-0.7174,False,1.0,2026-09-27,current,1.89293,inert-band,gateio,3,34.5104,8.0,NEUTRAL,147207.4
2026-09-27,FLOKI,147,139,16,2.89e-05,278647439,7.84,8.83,7.31,2.88,-35.03,-1.81,4,12.2,10.4,15.2,1.0,1.0,160118725,10.95,,,91bbc2a7e466,live,21832838,0.611264,0.517516,0.507451,16.0526,,LIQUIDITY,0.3708,0.6784,0.611264,curve,0.507451,curve,inert,-0.6784,False,1.0,2026-09-27,current,0.37425,inert-band,gateio,1,,8.0,NEUTRAL,256715.25
2026-09-27,JASMY,156,140,16,0.00500548,247639504,7.44,20.99,17.17,-3.15,-50.24,-0.25,4,12.0,10.9,15.0,1.0,1.0,250419158,10.95,,,91bbc2a7e466,live,18428381,0.598455,0.54555,0.498703,16.282,,LIQUIDITY,0.3833,0.6957,0.598455,curve,0.498703,curve,inert,-0.6957,False,1.0,2026-09-27,current,6.38787,inert-band,gateio,2,23.214,8.0,NEUTRAL,320893.41
2026-09-27,SNX,212,141,16,0.266349,154728527,6.51,15.99,12.44,13.73,-42.38,2.86,4,10.9,12.0,14.3,1.0,1.0,154841350,10.95,,,91bbc2a7e466,live,10080049,0.547393,0.601328,0.478104,15.7374,,LIQUIDITY,0.3991,0.7379,0.547393,curve,0.478104,curve,inert,-0.7379,False,1.0,2026-09-27,current,2.1573,inert-band,gateio,3,131.2633,8.0,NEUTRAL,200122.03
2026-09-27,TRUMP,93,142,16,2.15,605278154,35.33,1.08,-1.37,-28.16,-50.83,-17.22,4,13.9,5.6,26.1,0.9187,1.0,2147382074,10.95,60.69,-1.6098,91bbc2a7e466,live,213860866,0.695489,0.281199,0.871102,15.6512,,CONFIRM,0.6841,1.2687,0.695489,curve,0.871102,curve,applied,-1.2687,False,1.0,2026-09-27,current,-0.06456,inert-band,gateio,5,123.1862,4.0,NEUTRAL,4181802.5
2026-09-27,XEC,192,143,16,8.9e-06,178843505,2.19,10.42,5.05,20.61,-1.77,9.19,4,11.3,14.2,12.0,1.0,1.0,178843866,,,,91bbc2a7e466,live,3925092,0.563118,0.708301,0.4,15.9543,,LIQUIDITY,0.4992,0.9163,0.563118,curve,0.382105,floor,inert,-0.9163,False,1.0,2026-09-27,absent,-2.28834,no-feed,,,,,,
2026-09-27,APE,207,144,15,0.158941,158926221,7.21,12.3,7.64,6.53,-37.93,-0.35,4,11.0,10.9,14.8,1.0,1.0,158926221,10.95,,,91bbc2a7e466,live,11460584,0.550299,0.543659,0.493584,14.7668,,LIQUIDITY,0.3691,0.7061,0.550299,curve,0.493584,curve,inert,-0.7061,False,1.0,2026-09-27,current,1.8609,inert-band,gateio,5,171.9795,8.0,NEUTRAL,394133.03
2026-09-27,ASTER,45,145,15,0.738086,2000111197,5.11,-4.99,-3.4,-2.21,-15.36,-5.97,4,16.5,8.9,13.4,0.9268,1.0,5752600002,10.95,,,91bbc2a7e466,live,102137203,0.825264,0.444453,0.446813,15.189,,CONFIRM,0.4303,0.8109,0.825264,curve,0.446813,curve,applied,-0.8109,False,1.0,2026-09-27,current,1.04579,inert-band,gateio,5,42.9324,4.0,NEUTRAL,3512199.6
2026-09-27,EDGE,171,146,15,0.616195,215665400,2.39,3.59,-3.74,45.77,-21.97,7.19,3,11.7,13.5,12.0,0.9271,1.0,616186857,-373.176,,,91bbc2a7e466,live,5144578,0.583445,0.67597,0.4,14.6256,,LIQUIDITY,0.4766,0.9163,0.583445,curve,0.386343,floor,applied,-0.9163,False,1.0,2026-09-27,current,4.95909,cold-no-rsi,gateio,1,,4.0,SHORT_SQUEEZE_RISK,23337.11
2026-09-27,ENS,142,147,15,7.11,299654891,4.24,10.37,14.84,15.36,-37.09,3.24,4,12.4,12.2,12.8,0.9368,1.0,710500600,10.95,,,91bbc2a7e466,live,12692052,0.619155,0.608069,0.427457,15.0762,,LIQUIDITY,0.4492,0.8499,0.619155,curve,0.427457,curve,applied,-0.8499,False,1.0,2026-09-27,current,-0.25917,inert-band,gateio,3,72.3026,8.0,NEUTRAL,209859.06
2026-09-27,LUNC,138,148,15,5.658e-05,311689793,3.63,5.82,1.24,-1.04,6.09,3.02,4,12.5,12.1,12.4,0.994,1.0,364737953,10.95,,,91bbc2a7e466,live,11314021,0.623431,0.604022,0.413998,15.4962,,LIQUIDITY,0.473,0.8819,0.623431,curve,0.413998,curve,applied,-0.8819,False,1.0,2026-09-27,current,0.34395,inert-band,gateio,1,,8.0,NEUTRAL,278530.05
2026-09-27,MANA,190,149,15,0.092206,180524578,5.53,9.45,9.26,16.69,-32.09,2.91,4,11.3,12.0,13.7,0.9983,1.0,202173278,10.95,,,91bbc2a7e466,live,9980842,0.564134,0.602065,0.456196,15.4681,,LIQUIDITY,0.4205,0.7848,0.564134,curve,0.456196,curve,applied,-0.7848,False,1.0,2026-09-27,current,0.13817,inert-band,gateio,2,67.5127,8.0,NEUTRAL,122356.12
2026-09-27,TWT,153,150,15,0.599475,249821886,2.54,0.73,0.53,24.94,-0.88,6.41,4,12.0,13.3,12.0,0.9361,1.0,599596653,10.95,,,91bbc2a7e466,live,6334253,0.599408,0.66291,0.4,14.8785,,LIQUIDITY,0.4809,0.9163,0.599408,curve,0.389678,floor,applied,-0.9163,False,1.0,2026-09-27,current,-0.47197,inert-band,gateio,1,,8.0,NEUTRAL,140440.56
2026-09-27,XTZ,124,151,15,0.326084,357794883,1.72,-9.21,12.43,37.8,-38.74,2.05,4,12.8,11.7,12.0,1.0,1.0,364309497,10.95,,,91bbc2a7e466,live,6141510,0.638409,0.586762,0.4,14.9838,,LIQUIDITY,0.4827,0.9163,0.638409,curve,0.371478,floor,inert,-0.9163,False,1.0,2026-09-27,current,-1.01935,inert-band,gateio,2,6.9784,8.0,NEUTRAL,393521.44
2026-09-27,CHZ,196,152,14,0.0168119,177152999,13.05,8.55,2.26,13.75,-78.24,-9.08,4,11.2,7.9,18.7,1.0,1.0,177152999,10.95,,,91bbc2a7e466,live,23118717,0.562087,0.393405,0.623336,13.7837,,CONFIRM,0.4708,0.9329,0.562087,curve,0.623336,curve,inert,-0.9329,False,1.0,2026-09-27,current,0.4662,inert-band,gateio,3,200.2671,8.0,NEUTRAL,154624.58
2026-09-27,EGLD,224,153,14,4.62,142425778,2.55,21.68,-1.87,26.83,-38.8,4.99,4,10.8,12.8,12.0,1.0,1.0,142425778,10.95,,,91bbc2a7e466,live,3630794,0.538397,0.638594,0.4,13.7527,,LIQUIDITY,0.4619,0.9163,0.538397,curve,0.389983,floor,inert,-0.9163,False,1.0,2026-09-27,current,0.06605,inert-band,gateio,2,94.4334,8.0,NEUTRAL,243119.23
2026-09-27,HTX,51,154,14,1.71e-06,1538257884,4.12,-5.16,-10.13,-4.74,-16.36,-8.54,4,15.9,8.0,12.7,1.0,1.0,1538257884,,23.94,0.1078,91bbc2a7e466,live,63353079,0.796757,0.402067,0.424855,13.6102,,CONFIRM,0.4569,0.9111,0.796757,curve,0.424855,curve,inert,-0.9111,False,1.0,2026-09-27,absent,-0.25733,no-feed,,,,,,
2026-09-27,NIGHT,111,155,14,0.02658859,441437358,2.14,6.2,18.86,27.44,-70.67,-0.7,4,13.2,10.7,12.0,0.9741,1.0,637938327,10.95,,,91bbc2a7e466,live,9449447,0.661217,0.537442,0.4,13.8465,,LIQUIDITY,0.4634,0.9163,0.661217,curve,0.380902,floor,applied,-0.9163,False,1.0,2026-09-27,current,4.02429,inert-band,gateio,3,1699.878,8.0,NEUTRAL,234908.29
2026-09-27,RLUSD,35,156,14,1.0,2491390653,4.29,-5.7,-10.73,-6.69,-21.96,-10.46,4,17.0,7.4,12.9,1.0,1.0,2491390653,,47.02,-0.0001,91bbc2a7e466,live,106756305,0.84911,0.372061,0.428556,13.539,,CONFIRM,0.4944,0.9887,0.84911,curve,0.428556,curve,inert,-0.9887,False,1.0,2026-09-27,absent,0.00239,no-feed,,,,,,
2026-09-27,SKR,229,157,14,0.01905528,135791040,2.76,-5.71,-8.58,71.54,-39.02,6.22,4,10.7,13.2,12.0,0.9713,1.0,202563072,10.95,12.48,,91bbc2a7e466,live,3742398,0.533218,0.659765,0.4,13.6681,,LIQUIDITY,0.4604,0.9163,0.533218,curve,0.394578,floor,applied,-0.9163,False,1.0,2026-09-27,current,-4.88611,inert-band,gateio,2,0.0,4.0,NEUTRAL,426867.98
2026-09-27,APEPE,148,158,13,1.31e-06,275675804,3.12,2.76,-9.34,9.58,-10.08,-1.13,4,12.2,10.6,12.1,1.0,1.0,275675804,,,,91bbc2a7e466,live,8602741,0.6101,0.529709,0.40268,13.0136,,LIQUIDITY,0.4461,0.9096,0.6101,curve,0.40268,curve,inert,-0.9096,False,1.0,2026-09-27,absent,-0.02247,no-feed,,,,,,
2026-09-27,BGB,57,159,13,2.07,1448048767,1.25,-2.03,-3.06,0.25,-27.35,-6.78,4,15.8,8.6,12.0,0.9838,1.0,1884389812,,,,91bbc2a7e466,live,18148240,0.790196,0.430831,0.4,13.397,,LIQUIDITY,0.4558,0.9163,0.790196,curve,0.361184,floor,applied,-0.9163,False,1.0,2026-09-27,absent,1.57213,no-feed,,,,,,
2026-09-27,SFP,210,160,13,0.312083,156041573,0.81,3.98,1.25,11.19,-8.23,2.66,4,11.0,12.0,12.0,1.0,1.0,156041573,10.95,,,91bbc2a7e466,live,1257026,0.54831,0.597714,0.4,13.1093,,LIQUIDITY,0.451,0.9163,0.54831,curve,0.351235,floor,inert,-0.9163,False,1.0,2026-09-27,current,-2.04915,inert-band,gateio,1,,8.0,NEUTRAL,14709.39
2026-09-27,TRAC,203,161,13,0.368827,165016304,2.83,7.07,6.71,4.53,-13.67,2.2,4,11.1,11.8,12.0,0.9984,1.0,184468872,,,,91bbc2a7e466,live,4674128,0.554382,0.589425,0.4,13.0497,,LIQUIDITY,0.45,0.9163,0.554382,curve,0.396278,floor,applied,-0.9163,False,1.0,2026-09-27,absent,-0.6382,no-feed,,,,,,
2026-09-27,U,56,162,13,0.999969,1482743424,4.64,-5.71,-10.69,-6.64,-21.97,-10.44,4,15.9,7.4,13.1,1.0,1.0,1482743424,,63.0,0.0005,91bbc2a7e466,live,68822089,0.792767,0.372278,0.436479,12.8818,,CONFIRM,0.4822,0.9881,0.792767,curve,0.436479,curve,inert,-0.9881,False,1.0,2026-09-27,absent,0.04316,no-feed,,,,,,
2026-09-27,USDY,41,163,13,1.15,2274775210,0.07,-5.72,-10.5,-6.53,-21.07,-10.19,4,16.8,7.5,12.0,1.0,1.0,2274970396,,100.0,0.0,91bbc2a7e466,live,1556747,0.839235,0.376133,0.4,12.6266,,CONFIRM,0.4725,0.9778,0.839235,curve,0.334854,floor,inert,-0.9778,False,1.0,2026-09-27,absent,0.01739,no-feed,,,,,,
2026-09-27,USYC,37,164,13,1.14,2405269933,0.0,-5.64,-10.62,-6.4,-20.21,-9.99,4,16.9,7.6,12.0,1.0,1.0,2405269933,,100.0,0.0,91bbc2a7e466,live,0.0,0.845291,0.379157,0.4,12.8199,,CONFIRM,0.4721,0.9698,0.845291,curve,0.0,zero-volume,inert,-0.9698,False,1.0,2026-09-27,absent,0.0,no-feed,,,,,,
2026-09-27,XDC,91,165,13,0.03172723,632696759,1.55,8.95,2.92,5.55,-37.74,-2.75,4,14.0,10.0,12.0,0.9511,1.0,1207420295,10.95,,,91bbc2a7e466,live,9827668,0.700299,0.500735,0.4,13.3407,,LIQUIDITY,0.4549,0.9163,0.700299,curve,0.367851,floor,applied,-0.9163,False,1.0,2026-09-27,current,4.53627,inert-band,gateio,1,,4.0,NEUTRAL,206395.7
2026-09-27,BFUSD,61,166,12,0.99971,1319617297,0.23,-5.69,-10.71,-6.71,-21.92,-10.45,4,15.6,7.4,12.0,1.0,1.0,1319617297,,,,91bbc2a7e466,live,3065360,0.780112,0.372173,0.4,11.6135,,CONFIRM,0.4591,0.9884,0.780112,curve,0.338495,floor,inert,-0.9884,False,1.0,2026-09-27,absent,-0.01355,no-feed,,,,,,
2026-09-27,BUIDL,39,167,12,1.0,2290130495,0.0,-5.71,-10.75,-6.68,-21.97,-10.46,4,16.8,7.4,12.0,1.0,1.0,2290130495,,50.0,0.0,91bbc2a7e466,live,0.0,0.839965,0.37192,0.4,12.496,,CONFIRM,0.4756,0.9891,0.839965,curve,0.0,zero-volume,inert,-0.9891,False,1.0,2026-09-27,absent,0.0,no-feed,,,,,,
2026-09-27,DCR,131,168,12,18.24,321574161,0.77,-0.82,1.39,24.88,-54.52,-4.58,4,12.5,9.4,12.0,1.0,1.0,321576936,,,,91bbc2a7e466,live,2469498,0.62682,0.468434,0.4,11.745,,LIQUIDITY,0.4278,0.9163,0.62682,curve,0.350399,floor,inert,-0.9163,False,1.0,2026-09-27,absent,2.69789,no-feed,,,,,,
2026-09-27,IOTA,162,169,12,0.050678,235964559,3.46,4.32,15.38,14.68,-55.61,-2.31,4,11.9,10.2,12.3,1.0,1.0,252887674,10.95,,,91bbc2a7e466,live,8164532,0.593212,0.508495,0.410224,12.3742,,LIQUIDITY,0.4264,0.8911,0.593212,curve,0.410224,curve,inert,-0.8911,False,1.0,2026-09-27,current,-0.10973,inert-band,gateio,3,685.3773,8.0,NEUTRAL,528877.35
2026-09-27,KAIA,163,170,12,0.03609036,231990020,3.12,17.22,8.52,7.03,-63.32,-3.61,4,11.8,9.7,12.1,1.0,1.0,231990919,10.95,,,91bbc2a7e466,live,7232208,0.591367,0.485427,0.40261,11.5576,,LIQUIDITY,0.4216,0.9098,0.591367,curve,0.40261,curve,inert,-0.9098,False,1.0,2026-09-27,current,4.02864,inert-band,gateio,2,104.0647,4.0,NEUTRAL,54455.7
2026-09-27,KOGE,164,171,12,67.87,229406400,0.02,-6.23,-12.74,-0.98,19.43,-1.41,4,11.8,10.5,12.0,1.0,1.0,229406400,,,,91bbc2a7e466,live,49102,0.590151,0.524567,0.4,12.383,,LIQUIDITY,0.4387,0.9163,0.590151,curve,0.333809,floor,inert,-0.9163,False,1.0,2026-09-27,absent,0.20322,no-feed,,,,,,
2026-09-27,NEO,185,172,12,2.68,188900463,1.99,8.89,6.52,16.45,-42.85,-0.16,4,11.4,10.9,12.0,0.9759,1.0,267829949,10.95,,,91bbc2a7e466,live,3766252,0.569058,0.547135,0.4,12.1539,,LIQUIDITY,0.4348,0.9163,0.569058,curve,0.377639,floor,applied,-0.9163,False,1.0,2026-09-27,current,-0.35177,inert-band,gateio,3,197.9317,8.0,NEUTRAL,143794.04
2026-09-27,NEXO,76,173,12,0.875022,874597291,0.3,-0.27,-4.17,-2.95,-29.0,-7.66,4,14.7,8.3,12.0,1.0,1.0,874597291,,,,91bbc2a7e466,live,2585808,0.735452,0.416275,0.4,12.246,,LIQUIDITY,0.4363,0.9163,0.735452,curve,0.339903,floor,inert,-0.9163,False,1.0,2026-09-27,absent,1.52027,no-feed,,,,,,
2026-09-27,OHM,140,174,12,20.3,302783738,0.01,-3.88,-10.07,5.58,-2.88,-2.86,4,12.4,10.0,12.0,0.9819,1.0,402303781,,,,91bbc2a7e466,live,33029,0.620283,0.498676,0.4,12.1489,,LIQUIDITY,0.4347,0.9163,0.620283,curve,0.333576,floor,applied,-0.9163,False,1.0,2026-09-27,absent,-0.24999,no-feed,,,,,,
2026-09-27,STABLE,84,175,12,0.02734467,730162723,1.21,9.67,-12.48,-5.52,-23.74,-6.35,4,14.3,8.8,12.0,0.917,1.0,2735105534,10.95,22.62,-0.2209,91bbc2a7e466,live,8805739,0.715855,0.438148,0.4,11.5047,,LIQUIDITY,0.4237,0.9163,0.715855,curve,0.360133,floor,applied,-0.9163,False,1.0,2026-09-27,current,3.6118,inert-band,gateio,2,0.0,4.0,NEUTRAL,129070.8
2026-09-27,SUN,126,176,12,0.01713644,329398738,6.41,-5.31,-10.08,-4.73,-15.22,-8.34,4,12.6,8.1,14.3,1.0,1.0,341026599,10.95,,,91bbc2a7e466,live,21128196,0.62943,0.40527,0.47587,12.1389,,CONFIRM,0.4283,0.9032,0.62943,curve,0.47587,curve,inert,-0.9032,False,1.0,2026-09-27,current,-0.5843,inert-band,gateio,1,,8.0,NEUTRAL,61621.41
2026-09-27,SYRUP,152,177,12,0.2205,257415269,4.75,-3.15,-8.84,11.2,-26.97,-5.75,4,12.1,9.0,13.2,1.0,1.0,274485298,10.95,,,91bbc2a7e466,live,12229952,0.602659,0.448324,0.438912,11.8588,,LIQUIDITY,0.3862,0.8235,0.602659,curve,0.438912,curve,inert,-0.8235,False,1.0,2026-09-27,current,0.10601,inert-band,gateio,3,52.7289,8.0,NEUTRAL,325602.86
2026-09-27,USDF,59,178,12,0.99624,1372246835,0.03,-5.67,-10.77,-6.69,-21.86,-10.44,4,15.7,7.4,12.0,1.0,1.0,1372246835,,,,91bbc2a7e466,live,352202,0.784358,0.37232,0.4,11.6813,,CONFIRM,0.4601,0.988,0.784358,curve,0.333904,floor,inert,-0.988,False,1.0,2026-09-27,absent,0.01798,no-feed,,,,,,
2026-09-27,USDGO,58,179,12,0.999844,1407561335,0.84,-5.73,-10.8,-6.7,-22.0,-10.49,4,15.7,7.4,12.0,1.0,1.0,1407561335,,,,91bbc2a7e466,live,11875555,0.787117,0.371468,0.4,11.6955,,CONFIRM,0.4615,0.9903,0.787117,curve,0.352082,floor,inert,-0.9903,False,1.0,2026-09-27,absent,-0.00384,no-feed,,,,,,
2026-09-27,ZBCN,174,180,12,0.00210718,210751358,3.8,5.47,8.36,-5.42,-32.39,-4.1,4,11.6,9.5,12.5,1.0,1.0,210751358,10.95,,,91bbc2a7e466,live,8010843,0.580943,0.476833,0.417802,11.5736,,LIQUIDITY,0.4047,0.8727,0.580943,curve,0.417802,curve,inert,-0.8727,False,1.0,2026-09-27,current,-1.44163,inert-band,gateio,1,,4.0,NEUTRAL,52072.37
2026-09-27,1INCH,220,181,11,0.103454,145368739,5.67,2.45,3.47,7.66,-50.25,-6.53,4,10.8,8.7,13.8,1.0,1.0,155134567,10.95,,,91bbc2a7e466,live,8240849,0.540618,0.435035,0.45931,10.8024,,CONFIRM,0.374,0.8323,0.540618,curve,0.45931,curve,inert,-0.8323,False,1.0,2026-09-27,current,0.25717,inert-band,gateio,3,161.083,8.0,NEUTRAL,114836.0
2026-09-27,CASHCAT,195,182,11,0.179518,177341495,4.85,13.77,-1.03,-18.36,-21.97,-5.11,3,11.2,9.2,13.2,1.0,0.996,177341495,14.454,37.37,0.1085,91bbc2a7e466,live,8603439,0.562203,0.459228,0.441141,11.3483,,LIQUIDITY,0.3761,0.8184,0.562203,curve,0.441141,curve,inert,-0.8184,False,0.996,2026-09-27,current,-1.07357,hot-confirmed,gateio,2,3.504,4.0,ELEVATED,1211798.14
2026-09-27,CFX,143,183,11,0.056707,297276777,2.21,10.31,7.97,14.39,-71.71,-5.66,4,12.4,9.0,12.0,1.0,1.0,297278091,10.95,,,91bbc2a7e466,live,6578931,0.61829,0.44986,0.4,11.1258,,LIQUIDITY,0.4173,0.9163,0.61829,curve,0.382513,floor,inert,-0.9163,False,1.0,2026-09-27,current,0.65574,inert-band,gateio,4,101.3204,8.0,NEUTRAL,610718.3
2026-09-27,EURSAFO,55,184,11,1.16,1493327917,0.0,-6.13,-12.17,-8.36,-21.97,-11.36,3,15.9,7.2,12.0,1.0,1.0,1493327917,,,,91bbc2a7e466,live,0.0,0.793539,0.358457,0.4,11.378,,CONFIRM,0.472,1.0259,0.793539,curve,0.0,zero-volume,inert,-1.0259,False,1.0,2026-09-27,absent,0.29842,no-feed,,,,,,
2026-09-27,FLR,90,185,11,0.00738953,642256425,0.59,9.02,3.74,7.38,-75.63,-9.64,4,14.0,7.7,12.0,0.9895,1.0,787715138,-51.5745,,,91bbc2a7e466,live,3779885,0.701927,0.384566,0.4,10.6841,,CONFIRM,0.4273,0.9556,0.701927,curve,0.346412,floor,applied,-0.9556,False,1.0,2026-09-27,current,2.35077,cold-no-rsi,gateio,1,,8.0,SHORT_SQUEEZE_RISK,33416.85
2026-09-27,GHO,86,186,11,0.999233,698463877,0.83,-5.69,-10.69,-6.72,-21.95,-10.45,4,14.2,7.4,12.0,1.0,1.0,698463877,,,,91bbc2a7e466,live,5829490,0.711036,0.372163,0.4,10.5849,,CONFIRM,0.4401,0.9884,0.711036,curve,0.35188,floor,inert,-0.9884,False,1.0,2026-09-27,absent,-0.01557,no-feed,,,,,,
2026-09-27,GLM,235,187,11,0.129842,129863456,1.5,5.38,-3.72,9.33,-19.02,-0.79,4,10.6,10.7,12.0,1.0,1.0,129863456,10.95,,,91bbc2a7e466,live,1942992,0.528372,0.535763,0.4,11.3233,,LIQUIDITY,0.4206,0.9163,0.528372,curve,0.366582,floor,inert,-0.9163,False,1.0,2026-09-27,current,0.13969,inert-band,gateio,1,,4.0,NEUTRAL,31038.31
2026-09-27,JAAA,95,188,11,1.051,582030058,0.0,-5.6,-10.57,-6.3,-19.54,-9.81,4,13.8,7.6,12.0,1.0,1.0,582030058,,,,91bbc2a7e466,live,0.0,0.691236,0.382012,0.4,10.5624,,CONFIRM,0.4281,0.9623,0.691236,curve,0.0,zero-volume,inert,-0.9623,False,1.0,2026-09-27,absent,0.0,no-feed,,,,,,
2026-09-27,KCS,70,189,11,7.34,1006409821,0.3,-2.7,-3.1,-4.57,-42.48,-11.22,4,15.0,7.2,12.0,1.0,1.0,1043098591,,,,91bbc2a7e466,live,3004444,0.750694,0.360545,0.4,10.8264,,CONFIRM,0.4589,1.0201,0.750694,curve,0.339967,floor,inert,-1.0201,False,1.0,2026-09-27,absent,0.39362,no-feed,,,,,,
2026-09-27,USTB,80,190,11,11.22,755638257,0.0,-5.64,-10.61,-6.4,-20.08,-9.96,4,14.4,7.6,12.0,1.0,1.0,755638257,,,,91bbc2a7e466,live,0.0,0.719578,0.37962,0.4,10.9267,,CONFIRM,0.4375,0.9686,0.719578,curve,0.0,zero-volume,inert,-0.9686,False,1.0,2026-09-27,absent,0.0,no-feed,,,,,,
2026-09-27,BDX,94,191,10,0.076622,603065829,0.69,-4.89,-10.21,-10.66,-26.06,-11.9,4,13.9,7.0,12.0,0.9867,1.0,761579829,,,,91bbc2a7e466,live,4141614,0.695091,0.350652,0.4,9.6197,,CONFIRM,0.4476,1.048,0.695091,curve,0.348595,floor,applied,-1.048,False,1.0,2026-09-27,absent,-0.88333,no-feed,,,,,,
2026-09-27,CASH,233,192,10,0.999505,132523863,6.99,-5.71,-10.74,-6.72,-22.03,-10.48,4,10.6,7.4,14.7,1.0,1.0,132523863,,,,91bbc2a7e466,live,9261881,0.530574,0.371627,0.488641,9.6348,,CONFIRM,0.4231,0.9899,0.530574,curve,0.488641,curve,inert,-0.9899,False,1.0,2026-09-27,absent,-0.01453,no-feed,,,,,,
2026-09-27,CVX,181,193,10,2.14,199400588,4.39,7.43,-6.51,-17.15,-29.66,-9.62,4,11.5,7.7,12.9,1.0,1.0,213945187,10.95,,,91bbc2a7e466,live,8755271,0.574932,0.384908,0.430907,9.5358,,CONFIRM,0.4063,0.9548,0.574932,curve,0.430907,curve,inert,-0.9548,False,1.0,2026-09-27,current,3.93705,inert-band,gateio,2,261.2183,8.0,NEUTRAL,43992.95
2026-09-27,EUTBL,81,194,10,1.21,753192661,0.0,-6.13,-12.18,-8.4,-22.47,-11.48,4,14.4,7.1,12.0,1.0,1.0,753192661,,,,91bbc2a7e466,live,0.0,0.719227,0.356774,0.4,10.2641,,CONFIRM,0.4527,1.0307,0.719227,curve,0.0,zero-volume,inert,-1.0307,False,1.0,2026-09-27,absent,0.29842,no-feed,,,,,,
2026-09-27,JTRSY,128,195,10,1.12,326943964,0.0,-5.65,-10.63,-6.45,-20.13,-9.99,4,12.6,7.6,12.0,1.0,1.0,326943964,,,,91bbc2a7e466,live,0.0,0.628618,0.379162,0.4,9.5339,,CONFIRM,0.4126,0.9698,0.628618,curve,0.0,zero-volume,inert,-0.9698,False,1.0,2026-09-27,absent,0.0,no-feed,,,,,,
2026-09-27,M,32,196,10,1.2,2745058868,0.02,-22.36,-6.46,3.84,-32.63,-13.89,4,17.2,6.5,12.0,0.9366,1.0,6526244186,10.95,,,91bbc2a7e466,live,648563,0.859638,0.32289,0.4,10.3988,,CONFIRM,0.4994,1.1304,0.859638,curve,0.333858,floor,applied,-1.1304,False,1.0,2026-09-27,current,-1.33498,inert-band,gateio,1,,8.0,NEUTRAL,911115.86
2026-09-27,OUSG,132,197,10,116.68,319820508,0.0,-5.64,-10.61,-6.41,-20.11,-9.97,4,12.5,7.6,12.0,1.0,1.0,319820508,,,,91bbc2a7e466,live,0.0,0.626227,0.3795,0.4,9.5061,,CONFIRM,0.4117,0.9689,0.626227,curve,0.0,zero-volume,inert,-0.9689,False,1.0,2026-09-27,absent,0.0,no-feed,,,,,,
2026-09-27,REUSD,145,198,10,1.1,292836829,0.3,-5.62,-10.52,-6.08,-9.03,-7.64,4,12.3,8.3,12.0,1.0,1.0,292836829,,,,91bbc2a7e466,live,889294,0.616656,0.416565,0.4,10.2751,,LIQUIDITY,0.4027,0.9163,0.616656,curve,0.340082,floor,inert,-0.9163,False,1.0,2026-09-27,absent,-0.00327,no-feed,,,,,,
2026-09-27,USD0,99,199,10,0.999121,546158798,0.0,-5.68,-10.72,-6.76,-21.91,-10.46,4,13.7,7.4,12.0,1.0,1.0,546158798,,,,91bbc2a7e466,live,5406.24,0.68433,0.372063,0.4,10.1846,,CONFIRM,0.4328,0.9887,0.68433,curve,0.333355,floor,inert,-0.9887,False,1.0,2026-09-27,absent,-0.01213,no-feed,,,,,,
2026-09-27,USDTB,105,200,10,0.999816,491788008,0.05,-5.67,-10.72,-6.73,-21.94,-10.45,4,13.5,7.4,12.0,1.0,1.0,491788008,,,,91bbc2a7e466,live,234062,0.672944,0.37212,0.4,10.0166,,CONFIRM,0.4296,0.9885,0.672944,curve,0.334391,floor,inert,-0.9885,False,1.0,2026-09-27,absent,0.01965,no-feed,,,,,,
2026-09-27,YLDS,104,201,10,0.999821,494569117,1.07,-5.69,-10.77,-6.71,-21.99,-10.48,4,13.5,7.4,12.0,1.0,1.0,494569117,,,,91bbc2a7e466,live,5312533,0.673557,0.371756,0.4,10.0159,,CONFIRM,0.43,0.9895,0.673557,curve,0.357204,floor,inert,-0.9895,False,1.0,2026-09-27,absent,-0.00927,no-feed,,,,,,
2026-09-27,A7A5,107,202,9,0.01170952,459435736,0.0,-5.93,-10.8,-6.12,-27.44,-11.5,4,13.3,7.1,12.0,1.0,1.0,459435736,,,,91bbc2a7e466,live,844.91,0.665556,0.356533,0.4,9.4917,,CONFIRM,0.438,1.0313,0.665556,curve,0.333337,floor,inert,-1.0313,False,1.0,2026-09-27,absent,-0.67005,no-feed,,,,,,
2026-09-27,APXUSD,133,203,9,0.980947,316617246,0.17,-5.38,-10.32,-5.47,-23.89,-10.34,4,12.5,7.5,12.0,1.0,1.0,316617246,,,,91bbc2a7e466,live,527324,0.625134,0.373843,0.4,9.3481,,CONFIRM,0.4152,0.9839,0.625134,curve,0.337034,floor,inert,-0.9839,False,1.0,2026-09-27,absent,-0.46403,no-feed,,,,,,
2026-09-27,APYUSD,199,204,9,1.38,169425890,0.01,-4.31,-10.04,-5.26,-21.97,-9.51,3,11.1,7.7,12.0,1.0,1.0,169425890,,,,91bbc2a7e466,live,23002,0.557245,0.386554,0.4,8.6162,,CONFIRM,0.3877,0.9505,0.557245,curve,0.333635,floor,inert,-0.9505,False,1.0,2026-09-27,absent,-0.32504,no-feed,,,,,,
2026-09-27,AUSD,167,205,9,0.999739,223690713,0.54,-5.69,-10.73,-6.72,-22.0,-10.47,4,11.7,7.4,12.0,1.0,1.0,223690713,,,,91bbc2a7e466,live,1207445,0.587412,0.371844,0.4,8.737,,CONFIRM,0.4058,0.9893,0.587412,curve,0.345329,floor,inert,-0.9893,False,1.0,2026-09-27,absent,-0.00927,no-feed,,,,,,
2026-09-27,B,186,206,9,0.188671,188653635,2.09,-13.85,-17.98,31.05,-40.42,-8.97,4,11.4,7.9,12.0,1.0,0.947,188653635,56.94,,,91bbc2a7e466,live,3946209,0.568916,0.395097,0.4,8.5146,,CONFIRM,0.377,0.9286,0.568916,curve,0.379817,floor,inert,-0.9286,False,0.947,2026-09-27,current,-2.27218,hot-confirmed,gateio,1,,4.0,OVERHEATED_LONG,1577921.37
2026-09-27,BORG,193,207,9,0.181483,178098357,0.18,0.8,-0.48,-9.71,-29.46,-8.2,4,11.3,8.1,12.0,1.0,1.0,178098357,,,,91bbc2a7e466,live,315545,0.562665,0.407444,0.4,9.1702,,LIQUIDITY,0.3835,0.9163,0.562665,curve,0.337271,floor,inert,-0.9163,False,1.0,2026-09-27,absent,0.62854,no-feed,,,,,,
2026-09-27,CRVUSD,166,208,9,0.999841,224077814,1.72,-5.7,-10.76,-6.74,-21.94,-10.47,4,11.8,7.4,12.0,1.0,1.0,224077876,,,,91bbc2a7e466,live,3851672,0.5876,0.371774,0.4,8.7382,,CONFIRM,0.4059,0.9895,0.5876,curve,0.371531,floor,inert,-0.9895,False,1.0,2026-09-27,absent,0.01527,no-feed,,,,,,
2026-09-27,EURC,109,209,9,1.14,457453244,2.07,-6.65,-12.55,-8.96,-23.78,-12.13,4,13.3,6.9,12.0,1.0,1.0,457453244,4.38,,,91bbc2a7e466,live,9459181,0.665087,0.347347,0.4,9.2406,,CONFIRM,0.444,1.0574,0.665087,curve,0.379284,floor,inert,-1.0574,False,1.0,2026-09-27,current,-0.02154,inert-band,coinbase,1,,1.0,NEUTRAL,1098204.6
2026-09-27,GNO,136,210,9,118.66,313203060,0.42,-4.21,-8.57,-8.36,-28.21,-11.14,4,12.5,7.2,12.0,0.9968,1.0,355967986,,,,91bbc2a7e466,live,1301152,0.623956,0.361828,0.4,9.0017,,CONFIRM,0.4222,1.0166,0.623956,curve,0.342565,floor,applied,-1.0166,False,1.0,2026-09-27,absent,2.32114,no-feed,,,,,,
2026-09-27,MX,198,211,9,1.88,173097030,2.62,-2.93,-4.04,1.45,-17.02,-4.93,4,11.2,9.2,12.0,0.9125,1.0,770939015,,,,91bbc2a7e466,live,4531990,0.559572,0.462407,0.4,9.4444,,LIQUIDITY,0.3883,0.9163,0.559572,curve,0.391515,floor,applied,-0.9163,False,1.0,2026-09-27,absent,0.49364,no-feed,,,,,,
2026-09-27,PC0000031,180,212,9,1.0,202500000,0.0,-5.71,-10.75,-6.68,-21.97,-10.46,4,11.5,7.4,12.0,1.0,1.0,202500000,,,,91bbc2a7e466,live,0.0,0.576606,0.37192,0.4,8.5781,,CONFIRM,0.4027,0.9891,0.576606,curve,0.0,zero-volume,inert,-0.9891,False,1.0,2026-09-27,absent,0.0,no-feed,,,,,,
2026-09-27,SAFO,177,213,9,1.022,206257442,0.0,-5.63,-10.59,-6.34,-21.97,-10.31,3,11.6,7.5,12.0,1.0,1.0,206257442,,,,91bbc2a7e466,live,0.0,0.578602,0.374221,0.4,8.661,,CONFIRM,0.4018,0.9829,0.578602,curve,0.0,zero-volume,inert,-0.9829,False,1.0,2026-09-27,absent,0.0,no-feed,,,,,,
2026-09-27,SOFID,129,214,9,0.999394,325851037,0.93,-5.72,-10.74,-6.61,-21.97,-10.45,3,12.6,7.4,12.0,1.0,1.0,325851037,,,,91bbc2a7e466,live,3015664,0.628255,0.372161,0.4,9.3525,,CONFIRM,0.4171,0.9884,0.628255,curve,0.353899,floor,inert,-0.9884,False,1.0,2026-09-27,absent,-0.01156,no-feed,,,,,,
2026-09-27,USDAI,172,215,9,1.0,214939081,0.39,-5.67,-10.72,-6.68,-21.93,-10.44,4,11.7,7.4,12.0,1.0,1.0,214939081,,,,91bbc2a7e466,live,829108,0.583079,0.372302,0.4,8.6833,,CONFIRM,0.4043,0.9881,0.583079,curve,0.341905,floor,inert,-0.9881,False,1.0,2026-09-27,absent,-0.00133,no-feed,,,,,,
2026-09-27,USX,170,216,9,0.999401,216132239,0.46,-5.72,-10.73,-6.7,-22.0,-10.47,4,11.7,7.4,12.0,1.0,1.0,216132239,,,,91bbc2a7e466,live,1004101,0.58368,0.371783,0.4,8.6801,,CONFIRM,0.4048,0.9894,0.58368,curve,0.343657,floor,inert,-0.9894,False,1.0,2026-09-27,absent,-0.01043,no-feed,,,,,,
2026-09-27,EURCV,183,217,8,1.14,190908945,3.24,-6.74,-12.57,-8.98,-23.94,-12.19,4,11.4,6.9,12.2,1.0,1.0,190908945,,,,91bbc2a7e466,live,6187574,0.570207,0.346395,0.405358,8.0065,,CONFIRM,0.4199,1.0602,0.570207,curve,0.405358,curve,inert,-1.0602,False,1.0,2026-09-27,absent,-0.05397,no-feed,,,,,,
2026-09-27,JPYC,230,218,8,0.00632914,134718745,0.79,-4.58,-12.75,-5.55,-21.44,-10.24,4,10.6,7.5,12.0,1.0,1.0,134718745,,,,91bbc2a7e466,live,1062188,0.532357,0.375409,0.4,7.9941,,CONFIRM,0.3878,0.9797,0.532357,curve,0.350854,floor,inert,-0.9797,False,1.0,2026-09-27,absent,-0.33321,no-feed,,,,,,
2026-09-27,PC0000033,206,219,8,1.0,162500000,0.0,-5.71,-10.75,-6.68,-21.97,-10.46,4,11.1,7.4,12.0,1.0,1.0,162500000,,,,91bbc2a7e466,live,0.0,0.552713,0.37192,0.4,8.2226,,CONFIRM,0.3959,0.9891,0.552713,curve,0.0,zero-volume,inert,-0.9891,False,1.0,2026-09-27,absent,0.0,no-feed,,,,,,
2026-09-27,PC0000097,231,220,8,1.0,134000000,0.0,-5.71,-10.75,-6.68,-21.97,-10.46,4,10.6,7.4,12.0,1.0,1.0,0.0,,,,91bbc2a7e466,live,0.0,0.531776,0.37192,0.4,7.9111,,CONFIRM,0.3899,0.9891,0.531776,curve,0.0,zero-volume,unpublished,-0.9891,False,1.0,2026-09-27,absent,0.0,no-feed,,,,,,
2026-09-27,STRCX,213,221,8,105.18,153427147,0.2,-6.28,-11.5,-5.01,-17.25,-9.46,4,10.9,7.7,12.0,0.9499,1.0,297800014,,,,91bbc2a7e466,live,300142,0.546476,0.387417,0.4,8.0443,,CONFIRM,0.3763,0.9483,0.546476,curve,0.337681,floor,applied,-0.9483,False,1.0,2026-09-27,absent,-1.1706,no-feed,,,,,,
2026-09-27,USAT,189,222,8,0.999083,183149486,0.1,-5.71,-10.76,-6.72,-22.08,-10.5,4,11.3,7.4,12.0,1.0,1.0,183149486,,,,91bbc2a7e466,live,181731,0.565701,0.371377,0.4,8.4035,,CONFIRM,0.4,0.9905,0.565701,curve,0.335538,floor,inert,-0.9905,False,1.0,2026-09-27,absent,-0.03669,no-feed,,,,,,
2026-09-27,USTBL,201,223,8,1.097,167854827,0.0,-5.65,-10.62,-6.43,-20.09,-9.97,4,11.1,7.6,12.0,1.0,1.0,167854827,,,,91bbc2a7e466,live,0.0,0.556233,0.379418,0.4,8.4418,,CONFIRM,0.392,0.9691,0.556233,curve,0.0,zero-volume,inert,-0.9691,False,1.0,2026-09-27,absent,0.0,no-feed,,,,,,
2026-09-27,WLFI,48,224,8,0.058063,1845155848,1.83,-5.53,-8.94,-7.88,-64.26,-18.71,4,16.3,5.3,12.0,0.923,1.0,5806344887,10.95,,,91bbc2a7e466,live,33822817,0.816508,0.264564,0.4,7.9754,,CONFIRM,0.5258,1.3297,0.816508,curve,0.374068,floor,applied,-1.3297,False,1.0,2026-09-27,current,-0.50803,inert-band,gateio,5,125.6171,4.0,NEUTRAL,1841078.57
2026-09-27,BTSE,205,225,7,1.004,162711698,0.16,-11.37,-10.98,20.91,-58.86,-12.7,4,11.1,6.8,12.0,0.9889,1.0,200802408,,,,91bbc2a7e466,live,264138,0.552855,0.339219,0.4,7.4183,,CONFIRM,0.4156,1.0811,0.552855,curve,0.336941,floor,applied,-1.0811,False,1.0,2026-09-27,absent,-2.32726,no-feed,,,,,,
2026-09-27,COCO,204,226,7,0.163107,163107367,0.02,-8.49,-13.27,-8.91,-27.07,-13.51,4,11.1,6.6,12.0,1.0,1.0,163107367,,,,91bbc2a7e466,live,32788,0.553118,0.328069,0.4,7.2584,,CONFIRM,0.4249,1.1145,0.553118,curve,0.33378,floor,inert,-1.1145,False,1.0,2026-09-27,absent,-0.04184,no-feed,,,,,,
2026-09-27,NFT,159,227,7,2.4098e-07,238591529,2.86,-4.13,-7.11,-12.04,-50.1,-16.05,4,11.9,5.9,12.0,1.0,1.0,238591529,,,,91bbc2a7e466,live,6827103,0.594414,0.295237,0.4,7.0197,,CONFIRM,0.4593,1.22,0.594414,curve,0.39692,floor,inert,-1.22,False,1.0,2026-09-27,absent,0.51188,no-feed,,,,,,
2026-09-27,PI,68,228,7,0.091192,1025256000,0.61,2.33,-16.36,-7.08,-83.16,-21.79,4,15.1,4.7,12.0,0.9686,1.0,1577316923,3.723,,,91bbc2a7e466,live,6216529,0.752708,0.234002,0.4,6.8242,,CONFIRM,0.541,1.4524,0.752708,curve,0.346808,floor,applied,-1.4524,False,1.0,2026-09-27,current,-0.74071,inert-band,gateio,1,,4.0,NEUTRAL,1544208.92
2026-09-27,SPX,115,229,7,0.455019,423610572,2.17,-4.54,-15.62,-27.76,-25.23,-17.25,4,13.1,5.6,12.0,1.0,1.0,423610572,10.95,40.6,-2.4587,91bbc2a7e466,live,9195207,0.656742,0.280876,0.4,7.3785,,CONFIRM,0.4872,1.2698,0.656742,curve,0.381571,floor,inert,-1.2698,False,1.0,2026-09-27,current,-3.10339,inert-band,gateio,3,123.7264,4.0,NEUTRAL,502548.6
2026-09-27,VSN,202,230,7,0.0440317,167030159,1.71,-3.01,-3.74,3.41,-71.98,-15.38,4,11.1,6.1,12.0,0.9994,1.0,184947470,,,,91bbc2a7e466,live,2849840,0.555699,0.303506,0.4,6.7423,,CONFIRM,0.4421,1.1924,0.555699,curve,0.371249,floor,applied,-1.1924,False,1.0,2026-09-27,absent,-1.14615,no-feed,,,,,,
2026-09-27,HASH,113,231,6,0.00732005,427305625,0.0,-5.3,-7.06,-14.84,-69.97,-21.06,4,13.2,4.8,12.0,0.9638,1.0,695247529,,,,91bbc2a7e466,live,5115.24,0.657685,0.240828,0.4,6.1062,,CONFIRM,0.5092,1.4237,0.657685,curve,0.33336,floor,applied,-1.4237,False,1.0,2026-09-27,absent,13.96685,no-feed,,,,,,
2026-09-27,KAU,137,232,6,130.85,312242521,0.0,-12.8,-16.53,-18.03,-43.66,-21.21,4,12.5,4.8,12.0,0.9616,1.0,521550091,,,,91bbc2a7e466,live,6541.99,0.623623,0.239379,0.4,5.742,,CONFIRM,0.5004,1.4297,0.623623,curve,0.33338,floor,applied,-1.4297,False,1.0,2026-09-27,absent,-6.37193,no-feed,,,,,,
2026-09-27,KAG,168,233,5,59.94,223084007,0.01,-16.12,-15.79,-21.42,-51.74,-24.49,4,11.7,4.2,12.0,1.0,1.0,219624032,,,,91bbc2a7e466,live,30855,0.587117,0.211214,0.4,4.9603,,CONFIRM,0.5177,1.5549,0.587117,curve,0.333641,floor,inert,-1.5549,False,1.0,2026-09-27,absent,-5.25711,no-feed,,,,,,
2026-09-27,H,219,234,4,0.07119,145780582,2.74,-7.58,-29.48,-12.06,-66.77,-26.01,4,10.8,4.0,12.0,0.9105,1.0,712027357,10.95,,,91bbc2a7e466,live,3992615,0.540925,0.199872,0.4,3.9376,,CONFIRM,0.4978,1.6101,0.540925,curve,0.394195,floor,applied,-1.6101,False,1.0,2026-09-27,current,0.66679,inert-band,gateio,1,,4.0,NEUTRAL,1308298.14
2026-09-27,ULTIMA,211,235,4,1839.98,155830020,4.06,-8.51,-17.41,-25.54,-80.75,-29.44,4,11.0,3.6,12.7,0.9932,1.0,183961397,,,,91bbc2a7e466,live,6325802,0.548163,0.177981,0.423543,4.1041,,CONFIRM,0.5406,1.7261,0.548163,curve,0.423543,curve,applied,-1.7261,False,1.0,2026-09-27,absent,0.50166,no-feed,,,,,,
2026-09-28,ZEC,7,1,100,1584.15,26888465234,3.98,3.4,33.25,90.02,639.2,159.68,4,20.0,20.0,30.0,1.0,1.0,26891855052,5.694,60.89,2.4746,91bbc2a7e466,live,1071053246,1.0,0.999997,1.0,99.9997,,CONFIRM,1.0,0.0,1.107392,cap,0.421852,bypass,inert,-0.0,False,1.0,2026-09-28,current,-4.00876,inert-band,gateio,5,34.118,8.0,NEUTRAL,180609000.24
2026-09-28,NEAR,18,2,96,5.23,6850511436,19.63,26.25,108.11,182.42,276.08,135.72,4,19.2,20.0,30.0,1.0,1.0,6850511965,9.855,86.37,2.4559,91bbc2a7e466,live,1345036931,0.958931,0.999983,1.0,95.8914,,DEPTH,0.9996,0.0419,0.958931,curve,0.769647,bypass,inert,-0.0419,False,1.0,2026-09-28,current,-0.10734,inert-band,gateio,6,59.2537,8.0,NEUTRAL,102770252.78
2026-09-28,UNI,20,3,90,9.0,5586662043,17.39,3.1,36.21,98.84,97.6,54.21,4,18.7,19.8,30.0,0.975,1.0,7993475996,10.95,56.03,1.8932,91bbc2a7e466,live,971449365,0.936788,0.988386,1.0,90.276,,DEPTH,0.6383,0.0653,0.936788,curve,0.719749,bypass,applied,-0.0653,False,1.0,2026-09-28,current,-8.66403,inert-band,gateio,6,16.8337,8.0,NEUTRAL,66422808.27
2026-09-28,HBAR,22,4,89,0.120355,5280723446,17.83,35.07,49.15,53.03,8.01,37.67,4,18.6,19.2,30.0,0.9965,1.0,6023862496,2.847,96.1,,91bbc2a7e466,live,941502116,0.930673,0.957862,1.0,88.8336,,DEPTH,0.6068,0.0718,0.930673,curve,0.729534,bypass,applied,-0.0718,False,1.0,2026-09-28,current,27.46814,inert-band,gateio,5,52.7536,8.0,NEUTRAL,2047969.34
2026-09-28,QNT,28,5,87,246.15,3588124839,43.43,249.37,258.37,276.42,226.94,253.9,4,17.8,20.0,29.4,1.0,1.0,3604978962,-51.5745,,,91bbc2a7e466,live,1558169910,0.888717,1.0,0.97901,87.0063,,DEPTH,0.8476,0.118,0.888717,curve,0.97901,curve,inert,-0.118,False,1.0,2026-09-28,current,52.70776,cold-no-rsi,gateio,2,325.9776,8.0,SHORT_SQUEEZE_RISK,2132253.23
2026-09-28,LINK,11,6,85,14.78,11061602857,7.44,14.43,21.89,22.59,30.97,21.64,4,20.0,17.3,30.0,0.9813,1.0,14786262925,10.95,78.35,1.55,91bbc2a7e466,live,822998247,1.0,0.864635,1.0,84.8467,,CONFIRM,0.8851,0.1454,1.010955,cap,0.49867,bypass,applied,-0.1454,False,1.0,2026-09-28,current,4.32928,inert-band,gateio,6,60.2014,8.0,NEUTRAL,78911636.23
2026-09-28,HYPE,9,7,82,89.15,19844447288,4.85,-3.96,5.14,3.77,122.99,25.64,4,20.0,17.9,30.0,0.9133,1.0,85223224283,5.694,50.51,1.5224,91bbc2a7e466,live,963370146,1.0,0.897433,1.0,81.9626,,CONFIRM,0.5441,0.1082,1.07441,cap,0.441214,bypass,applied,-0.1082,False,1.0,2026-09-28,current,-3.54969,inert-band,gateio,5,50.37,4.0,NEUTRAL,111937561.88
2026-09-28,LTC,21,8,82,70.31,5462598963,9.74,19.07,24.88,37.72,11.79,23.73,4,18.7,17.7,30.0,1.0,1.0,5462786251,-0.219,76.75,0.664,91bbc2a7e466,live,531862613,0.93435,0.88273,1.0,82.4779,,CONFIRM,0.6475,0.1247,0.93435,curve,0.549699,bypass,inert,-0.1247,False,1.0,2026-09-28,current,-1.15527,inert-band,gateio,6,90.0309,8.0,MILD_INVERSION,43605649.8
2026-09-28,SUI,25,9,81,1.18,4845002597,29.76,18.74,57.28,54.76,0.32,33.69,4,18.4,18.9,30.0,0.9351,1.0,11827068627,4.818,74.42,1.7025,91bbc2a7e466,live,1441684046,0.921324,0.943086,1.0,81.2496,,DEPTH,0.3946,0.0819,0.921324,curve,0.99458,bypass,applied,-0.0819,False,1.0,2026-09-28,current,-5.64723,inert-band,gateio,6,83.22,8.0,NEUTRAL,84605260.97
2026-09-28,ONDO,34,10,78,0.524485,2555437232,27.83,19.74,43.1,44.72,87.77,45.43,4,17.0,19.5,28.6,0.9459,1.044,5248025689,-21.024,71.52,0.1526,91bbc2a7e466,live,711152328,0.851866,0.976857,0.951755,78.2195,,DEPTH,0.483,0.1603,0.851866,curve,0.951755,curve,applied,-0.1603,False,1.044,2026-09-28,current,-4.60958,cold-squeeze,gateio,5,59.6516,4.0,SHORT_SQUEEZE_RISK,41223920.09
2026-09-28,XLM,17,11,76,0.223059,7803143647,6.29,9.26,12.45,20.45,23.61,15.72,4,19.5,16.0,30.0,0.9751,1.0,11157255384,10.95,67.34,1.7617,91bbc2a7e466,live,490440563,0.973067,0.800792,1.0,75.9822,,CONFIRM,0.8088,0.2222,0.973067,curve,0.473004,bypass,applied,-0.2222,True,1.0,2026-09-28,current,2.95455,inert-band,gateio,5,34.602,8.0,NEUTRAL,3029714.06
2026-09-28,AVAX,24,12,73,10.5,4936978562,11.79,-5.05,33.99,37.68,-9.1,14.58,4,18.5,15.7,30.0,1.0,1.0,4936978479,-1.6425,68.29,2.4143,91bbc2a7e466,live,582221094,0.923365,0.786267,1.0,72.6012,,CONFIRM,0.751,0.2405,0.923365,curve,0.595401,bypass,inert,-0.2405,True,1.0,2026-09-28,current,-4.42483,inert-band,gateio,6,22.338,8.0,MILD_INVERSION,34212419.83
2026-09-28,SOL,5,13,72,119.83,70466958945,5.62,4.33,10.95,8.26,19.44,9.99,4,20.0,14.4,30.0,1.0,1.0,76108655534,-1.4235,63.86,1.5184,91bbc2a7e466,live,3961197488,1.0,0.72083,1.0,72.083,,CONFIRM,1.0,0.3274,1.211996,cap,0.458252,bypass,inert,-0.3274,True,1.0,2026-09-28,current,-2.62585,inert-band,gateio,6,33.0617,8.0,MILD_INVERSION,416803444.96
2026-09-28,ENA,32,14,70,0.268956,2720715169,23.0,22.46,83.29,66.15,140.07,72.11,4,17.2,19.9,25.3,0.9716,1.0,4042542273,10.95,80.52,1.9625,91bbc2a7e466,live,625749112,0.858671,0.997198,0.844432,70.2523,,LIQUIDITY,0.4789,0.1691,0.858671,curve,0.844432,curve,applied,-0.1691,False,1.0,2026-09-28,current,-1.38499,inert-band,gateio,5,459.0696,4.0,NEUTRAL,38437661.88
2026-09-28,BCH,19,15,68,313.96,6313037611,5.09,19.29,33.53,21.83,-50.5,9.53,4,19.0,14.3,30.0,1.0,1.0,6313073935,-1.971,57.66,2.2224,91bbc2a7e466,live,321413627,0.95006,0.71363,1.0,67.7991,,CONFIRM,0.8682,0.3374,0.95006,curve,0.446473,bypass,inert,-0.3374,True,1.0,2026-09-28,current,-6.59005,inert-band,gateio,5,47.213,8.0,MILD_INVERSION,4734729.4
2026-09-28,ARB,55,16,67,0.208398,1415733058,24.62,-5.57,49.36,135.63,97.08,63.99,4,15.8,19.9,26.4,0.9724,1.0,2086386401,-14.235,55.9,1.5696,91bbc2a7e466,live,348550828,0.787745,0.99465,0.88044,67.0812,,DEPTH,0.5975,0.2386,0.787745,curve,0.88044,curve,applied,-0.2386,False,1.0,2026-09-28,current,-6.69829,inert-band,gateio,6,195.5129,8.0,MILD_INVERSION,2512351.31
2026-09-28,GRAM,26,17,67,1.68,4734238214,3.51,18.16,15.57,14.5,1.22,13.21,4,18.4,15.4,30.0,0.9528,1.0,8840655327,10.95,90.62,,91bbc2a7e466,live,166054200,0.918813,0.767863,1.0,67.2222,,CONFIRM,0.6651,0.2641,0.918813,curve,0.411278,bypass,applied,-0.2641,False,1.0,2026-09-28,current,4.89421,inert-band,gateio,2,74.3009,4.0,NEUTRAL,2323506.23
2026-09-28,CC,23,18,66,0.131348,5218144954,0.83,17.72,31.02,9.85,-30.28,9.48,4,18.6,14.3,30.0,1.0,1.0,5218144954,-0.438,64.03,-0.0477,91bbc2a7e466,live,43448442,0.929379,0.71288,1.0,66.2536,,CONFIRM,0.8221,0.3384,0.929379,curve,0.351836,bypass,inert,-0.3384,True,1.0,2026-09-28,current,-3.35338,inert-band,gateio,2,11.388,4.0,MILD_INVERSION,233480.17
2026-09-28,PUMP,37,19,66,0.00527268,2456326315,22.67,21.3,39.08,7.23,138.3,45.63,4,17.0,19.5,25.1,0.9562,1.0,4384232366,10.95,80.64,-0.09,91bbc2a7e466,live,556776129,0.847572,0.977201,0.837045,66.2915,,LIQUIDITY,0.4327,0.1779,0.847572,curve,0.837045,curve,applied,-0.1779,False,1.0,2026-09-28,current,14.34515,inert-band,gateio,4,49.0904,4.0,NEUTRAL,3157862.6
2026-09-28,XMR,12,20,66,531.63,10003808825,1.1,-5.32,-3.4,6.99,34.29,6.16,4,20.0,13.2,30.0,1.0,1.0,10003813293,9.198,46.91,1.2893,91bbc2a7e466,live,109590791,1.0,0.658664,1.0,65.8664,,CONFIRM,1.0,0.4175,1.000041,cap,0.357678,bypass,inert,-0.4175,True,1.0,2026-09-28,current,-3.02711,inert-band,gateio,4,42.1155,8.0,NEUTRAL,587147.52
2026-09-28,WBT,13,21,65,83.63,9941155279,1.04,-1.43,-3.71,9.1,36.43,8.21,4,20.0,13.9,30.0,0.9345,1.0,24542676495,,57.84,0.8328,91bbc2a7e466,live,103601148,0.999359,0.692624,1.0,64.6842,,CONFIRM,0.843,0.3673,0.999359,curve,0.356492,bypass,applied,-0.3673,True,1.0,2026-09-28,absent,-1.33937,no-feed,,,,,,
2026-09-28,SEI,100,22,62,0.078994,532743011,43.29,32.78,72.57,68.64,-42.17,36.7,4,13.6,19.1,29.3,0.9717,1.0,791202492,-1.752,,,91bbc2a7e466,live,230620588,0.681629,0.954648,0.97719,61.7879,,DEPTH,0.7961,0.3833,0.681629,curve,0.97719,curve,applied,-0.3833,True,1.0,2026-09-28,current,7.67176,inert-band,gateio,6,325.4705,8.0,MILD_INVERSION,772702.17
2026-09-28,ADA,14,23,61,0.249531,9373514513,5.86,6.04,12.96,18.74,-28.84,3.97,4,19.9,12.4,30.0,0.9917,1.0,11237670808,7.665,63.06,2.0181,91bbc2a7e466,live,549369709,0.992976,0.620825,1.0,61.1348,,CONFIRM,0.9687,0.4767,0.992976,curve,0.463575,bypass,applied,-0.4767,True,1.0,2026-09-28,current,-2.58624,inert-band,gateio,6,78.7652,8.0,NEUTRAL,48719046.71
2026-09-28,ETH,2,24,60,2690.59,328615196181,4.38,0.26,-0.24,2.72,11.7,3.04,4,20.0,12.1,30.0,1.0,1.0,328615196181,0.876,61.08,1.1255,91bbc2a7e466,live,14399000301,1.0,0.604385,1.0,60.4385,,CONFIRM,1.0,0.5035,1.379172,cap,0.430705,bypass,inert,-0.5035,True,1.0,2026-09-28,current,-0.63639,inert-band,gateio,6,45.3914,8.0,NEUTRAL,1144998145.66
2026-09-28,GRT,123,25,57,0.03207368,350937558,38.8,40.74,67.71,89.47,-26.55,46.2,4,12.7,19.6,27.5,1.0,1.0,372481209,10.95,,,91bbc2a7e466,live,136166976,0.636307,0.978209,0.917346,57.0994,,DEPTH,0.8067,0.4521,0.636307,curve,0.917346,curve,inert,-0.4521,True,1.0,2026-09-28,current,14.80202,inert-band,gateio,2,66.4672,8.0,NEUTRAL,341680.68
2026-09-28,BNB,3,26,56,766.59,102119805975,0.94,-1.03,-0.88,3.94,-0.7,0.32,4,20.0,11.1,30.0,1.0,1.0,102119807440,3.8325,55.62,0.7129,91bbc2a7e466,live,956150723,1.0,0.555695,1.0,55.5695,,CONFIRM,1.0,0.5875,1.252277,cap,0.35414,bypass,inert,-0.5875,True,1.0,2026-09-28,current,-1.73901,inert-band,gateio,6,36.9259,8.0,NEUTRAL,96559130.04
2026-09-28,FET,97,27,56,0.233741,540514767,25.7,22.02,31.87,53.32,-3.21,27.26,4,13.7,18.2,27.1,0.9937,1.0,634721872,10.95,78.93,0.8955,91bbc2a7e466,live,138896968,0.683202,0.908665,0.904381,55.7904,,DEPTH,0.6528,0.381,0.683202,curve,0.904381,curve,applied,-0.381,False,1.0,2026-09-28,current,-3.80395,inert-band,gateio,4,77.526,8.0,NEUTRAL,1696420.08
2026-09-28,PENGU,89,28,56,0.00996836,627078835,41.51,21.89,32.63,3.36,22.43,20.05,4,14.0,17.0,28.6,0.99,1.0,765366558,10.293,63.06,0.0561,91bbc2a7e466,live,260318051,0.699331,0.849312,0.953504,56.0671,,DEPTH,0.6181,0.3576,0.699331,curve,0.953504,curve,applied,-0.3576,False,1.0,2026-09-28,current,-3.8509,inert-band,gateio,4,84.972,4.0,NEUTRAL,1974130.13
2026-09-28,WLD,45,29,56,0.511088,1902771667,30.97,16.85,26.93,30.54,30.5,25.52,4,16.4,17.9,24.4,0.93,1.0,5117651830,-8.2125,63.07,0.5182,91bbc2a7e466,live,589316785,0.819847,0.896596,0.812953,55.5748,,LIQUIDITY,0.3525,0.2071,0.819847,curve,0.812953,curve,applied,-0.2071,False,1.0,2026-09-28,current,-10.93874,inert-band,gateio,5,76.9906,8.0,MILD_INVERSION,4959047.11
2026-09-28,BTC,1,30,55,83617,1680424526445,2.12,0.0,0.0,0.0,0.0,0.0,4,20.0,11.0,30.0,1.0,1.0,1680424526445,6.2415,60.04,1.0,91bbc2a7e466,live,35704887917,1.0,0.55,1.0,55.0,,CONFIRM,1.0,0.5978,1.556355,cap,0.38055,bypass,inert,-0.5978,True,1.0,2026-09-28,current,-1.59648,inert-band,gateio,6,17.5675,8.0,NEUTRAL,2253313969.35
2026-09-28,DOGE,10,31,54,0.094047,14689799609,7.32,2.74,4.93,4.19,-19.47,-0.79,4,20.0,10.7,30.0,0.9999,1.0,16168319971,3.8325,55.49,1.8419,91bbc2a7e466,live,1075687061,1.0,0.535799,1.0,53.5746,,CONFIRM,0.9998,0.624,1.041754,cap,0.49606,bypass,applied,-0.624,True,1.0,2026-09-28,current,-3.79348,inert-band,gateio,6,14.016,8.0,NEUTRAL,120822538.04
2026-09-28,XRP,4,32,54,1.52,95692154008,3.82,4.09,1.57,2.51,-9.39,0.37,4,20.0,11.1,30.0,0.9657,1.0,152162210435,0.3285,56.97,1.9575,91bbc2a7e466,live,3656996502,1.0,0.556651,1.0,53.7558,,CONFIRM,0.9438,0.5858,1.245219,cap,0.418258,bypass,applied,-0.5858,True,1.0,2026-09-28,current,-0.74153,inert-band,gateio,6,1093.8156,8.0,NEUTRAL,181844426.75
2026-09-28,DASH,75,33,53,65.94,847457564,18.52,12.53,14.46,61.28,85.49,39.79,4,14.6,19.3,22.3,1.0,1.0,847458962,9.9645,62.12,1.9996,91bbc2a7e466,live,156985249,0.732029,0.964179,0.744984,52.5815,,DEPTH,0.4853,0.3119,0.732029,curve,0.744984,curve,inert,-0.3119,False,1.0,2026-09-28,current,-3.16004,inert-band,gateio,4,60.882,8.0,NEUTRAL,801289.8
2026-09-28,VIRTUAL,99,34,49,0.815696,537414370,27.49,18.07,26.01,12.67,-3.59,14.37,4,13.7,15.7,28.3,0.9697,1.0,816260520,10.95,81.87,,91bbc2a7e466,live,147730917,0.682577,0.783517,0.944204,48.967,,DEPTH,0.5348,0.3819,0.682577,curve,0.944204,curve,applied,-0.3819,False,1.0,2026-09-28,current,0.16747,inert-band,gateio,4,160.4301,4.0,NEUTRAL,1120600.34
2026-09-28,INJ,80,35,48,7.51,751298518,15.91,-3.38,16.91,41.51,132.86,40.16,4,14.4,19.3,20.6,1.0,1.0,751298518,10.95,57.39,0.5297,91bbc2a7e466,live,119507082,0.718953,0.965187,0.686816,47.6599,,LIQUIDITY,0.5069,0.3757,0.718953,curve,0.686816,curve,inert,-0.3757,False,1.0,2026-09-28,current,-3.41989,inert-band,gateio,6,245.9753,8.0,NEUTRAL,1446621.02
2026-09-28,RUNE,156,36,47,0.739947,243122151,56.33,25.3,35.93,49.97,7.38,30.54,4,11.9,18.6,25.5,1.0,1.0,261849632,-4.0515,88.59,,91bbc2a7e466,live,136944685,0.596456,0.928058,0.848966,46.9942,,DEPTH,0.6843,0.5167,0.596456,curve,0.848966,curve,inert,-0.5167,False,1.0,2026-09-28,current,-3.0085,inert-band,gateio,5,73.2724,8.0,MILD_INVERSION,400928.13
2026-09-28,GRASS,111,37,46,0.606128,423924629,17.85,64.27,80.21,65.23,29.49,61.54,4,13.1,19.9,21.9,0.9751,1.0,606046148,10.95,,,91bbc2a7e466,live,75676261,0.656822,0.993497,0.73003,46.452,,DEPTH,0.5482,0.4203,0.656822,curve,0.73003,curve,applied,-0.4203,False,1.0,2026-09-28,current,-2.86588,inert-band,gateio,3,106.1168,4.0,NEUTRAL,869676.88
2026-09-28,TRX,6,38,46,0.334757,31795361672,1.06,-1.18,-8.94,-8.74,-2.82,-5.34,4,20.0,9.1,30.0,1.0,1.0,31795367062,-11.7165,39.17,0.0694,91bbc2a7e466,live,337697093,1.0,0.455357,1.0,45.5357,,CONFIRM,1.0,0.7867,1.125591,cap,0.356935,bypass,inert,-0.7867,True,1.0,2026-09-28,current,0.30506,inert-band,gateio,5,93.8021,8.0,MILD_INVERSION,4771122.45
2026-09-28,OP,133,39,44,0.138335,318197479,22.31,10.64,38.55,51.42,-0.42,25.6,4,12.5,17.9,24.9,0.9527,1.0,594291583,1.095,75.96,,91bbc2a7e466,live,70990598,0.625674,0.897185,0.829116,44.3406,,DEPTH,0.5766,0.4689,0.625674,curve,0.829116,curve,applied,-0.4689,False,1.0,2026-09-28,current,-3.53497,inert-band,gateio,6,19.71,8.0,NEUTRAL,922580.55
2026-09-28,ALGO,63,40,42,0.135844,1230563790,13.22,17.31,30.3,45.19,-13.07,21.45,4,15.5,17.3,18.8,1.0,1.0,1230596900,10.95,,,91bbc2a7e466,live,162631339,0.772526,0.862851,0.627022,41.7957,,LIQUIDITY,0.5351,0.4668,0.772526,curve,0.627022,curve,inert,-0.4668,False,1.0,2026-09-28,current,15.81466,inert-band,gateio,5,42.2536,8.0,NEUTRAL,598177.26
2026-09-28,ZRO,95,41,42,1.57,556435029,18.56,32.76,48.37,42.89,-39.56,24.73,4,13.7,17.8,22.4,0.9276,1.0,1574905298,-1.095,85.71,,91bbc2a7e466,live,103264918,0.686354,0.890691,0.74574,42.2886,,DEPTH,0.4373,0.3764,0.686354,curve,0.74574,curve,applied,-0.3764,False,1.0,2026-09-28,current,-2.64367,inert-band,gateio,4,12.045,4.0,MILD_INVERSION,647984.53
2026-09-28,JUP,65,42,41,0.34199,1135652909,11.3,16.72,39.83,52.46,72.78,42.64,4,15.3,19.4,17.5,0.9455,1.0,2347514451,10.95,74.02,-0.8393,91bbc2a7e466,live,128314048,0.763811,0.971255,0.584416,40.9923,,LIQUIDITY,0.6023,0.5371,0.763811,curve,0.584416,curve,applied,-0.5371,False,1.0,2026-09-28,current,1.48744,inert-band,gateio,5,77.2478,4.0,NEUTRAL,496503.7
2026-09-28,PEPE,48,43,41,4.28e-06,1800858095,16.62,3.35,17.14,10.69,9.11,9.79,4,16.3,14.4,21.1,1.0,1.0,1800858095,10.95,57.72,-0.155,91bbc2a7e466,live,299341532,0.81387,0.717666,0.702715,41.0446,,LIQUIDITY,0.3962,0.3528,0.81387,curve,0.702715,curve,inert,-0.3528,False,1.0,2026-09-28,current,-2.99627,inert-band,gateio,3,10.95,8.0,NEUTRAL,51561990.18
2026-09-28,CAKE,76,44,40,2.65,845586955,13.48,6.36,4.95,48.41,40.97,23.44,4,14.6,17.6,19.0,0.9898,1.0,1034097702,10.95,63.36,0.0356,91bbc2a7e466,live,113984671,0.73179,0.880393,0.632888,40.3587,,LIQUIDITY,0.5042,0.4575,0.73179,curve,0.632888,curve,applied,-0.4575,False,1.0,2026-09-28,current,-6.33304,inert-band,gateio,3,89.2606,4.0,NEUTRAL,534346.78
2026-09-28,LEO,16,45,40,9.0,8277134363,0.01,2.77,-6.45,-14.0,-18.73,-8.03,4,19.6,8.2,30.0,1.0,1.0,8865456481,,44.34,0.1729,91bbc2a7e466,live,417097,0.97947,0.410277,1.0,40.1854,,CONFIRM,0.9772,0.8909,0.97947,curve,0.333445,bypass,inert,-0.8909,True,1.0,2026-09-28,absent,-0.05863,no-feed,,,,,,
2026-09-28,PONS,122,46,40,0.5276,360658800,15.04,-11.61,-11.33,174.17,-18.7,33.49,3,12.8,18.8,20.0,1.0,1.0,360603043,10.95,42.56,0.6866,91bbc2a7e466,live,54239119,0.639274,0.942205,0.667531,40.2072,,DEPTH,0.4911,0.4474,0.639274,curve,0.667531,curve,inert,-0.4474,False,1.0,2026-09-28,current,-13.61154,inert-band,gateio,3,154.3597,4.0,NEUTRAL,2715772.06
2026-09-28,USELESS,151,47,40,0.254103,254137221,15.27,-5.3,24.15,310.67,153.07,112.73,4,12.0,20.0,20.2,1.0,1.0,254137221,10.95,49.75,-1.3047,91bbc2a7e466,live,38807409,0.601267,0.999891,0.672672,40.4412,,DEPTH,0.5619,0.5087,0.601267,curve,0.672672,curve,inert,-0.5087,False,1.0,2026-09-28,current,-14.06565,inert-band,gateio,2,0.0,4.0,NEUTRAL,3333342.5
2026-09-28,FIGR_HELOC,8,48,39,1.058,24549385578,0.01,1.46,-9.57,-11.51,-21.29,-9.09,4,20.0,7.9,30.0,1.0,1.0,24549385578,,62.79,0.1823,91bbc2a7e466,live,2058116,1.0,0.39324,1.0,39.324,,CONFIRM,1.0,0.9333,1.09751,cap,0.33352,bypass,inert,-0.9333,True,1.0,2026-09-28,absent,0.08267,no-feed,,,,,,
2026-09-28,PENDLE,113,49,39,2.38,414074417,18.06,-9.36,-2.69,37.06,66.89,19.16,4,13.1,16.8,22.0,0.9641,1.0,671420796,-7.227,47.0,0.4158,91bbc2a7e466,live,74795341,0.65427,0.840223,0.734739,38.9409,,DEPTH,0.4498,0.4242,0.65427,curve,0.734739,curve,applied,-0.4242,False,1.0,2026-09-28,current,-9.85732,inert-band,gateio,5,107.0218,8.0,MILD_INVERSION,519229.43
2026-09-28,RAY,98,50,39,2.0,539801258,12.56,18.04,38.79,153.4,69.19,67.3,4,13.7,19.9,18.4,0.9458,1.0,1110666231,10.95,61.58,-1.0367,91bbc2a7e466,live,67780119,0.683058,0.995887,0.612367,39.3984,,LIQUIDITY,0.5265,0.4904,0.683058,curve,0.612367,curve,applied,-0.4904,False,1.0,2026-09-28,current,-10.01369,inert-band,gateio,2,43.1787,4.0,NEUTRAL,637199.92
2026-09-28,FIL,73,51,38,1.061,882356397,16.67,9.76,-0.84,49.63,-7.22,13.68,4,14.7,15.5,21.1,0.9372,1.0,2077372253,-14.7825,63.22,1.0579,91bbc2a7e466,live,147114330,0.736411,0.774302,0.703842,37.613,,LIQUIDITY,0.3592,0.3512,0.736411,curve,0.703842,curve,applied,-0.3512,False,1.0,2026-09-28,current,-6.14367,inert-band,gateio,6,32.1295,8.0,MILD_INVERSION,3465736.6
2026-09-28,MET,185,52,38,0.331075,184475982,16.9,24.76,48.02,55.6,86.26,50.58,4,11.3,19.7,21.3,0.956,1.0,330433167,10.95,68.85,,91bbc2a7e466,live,31171789,0.566485,0.984539,0.708833,37.794,,DEPTH,0.5841,0.5683,0.566485,curve,0.708833,curve,applied,-0.5683,False,1.0,2026-09-28,current,-7.60835,inert-band,gateio,2,0.0,4.0,NEUTRAL,117354.05
2026-09-28,MON,124,53,38,0.02911446,344200266,37.21,11.85,17.25,-0.34,14.59,10.7,4,12.7,14.6,26.9,0.9037,1.0,2930622072,10.95,65.01,-1.5818,91bbc2a7e466,live,128066403,0.634203,0.731612,0.896093,37.5739,,DEPTH,0.4652,0.4554,0.634203,curve,0.896093,curve,applied,-0.4554,False,1.0,2026-09-28,current,9.31764,inert-band,gateio,5,415.4822,4.0,NEUTRAL,600481.54
2026-09-28,STONK,172,54,38,0.253182,206713653,14.63,-23.19,24.42,1400.78,-18.7,345.61,3,11.6,20.0,19.8,1.0,1.0,206725404,10.95,50.56,-1.6839,91bbc2a7e466,live,30244253,0.578842,1.0,0.658466,38.1148,,DEPTH,0.5668,0.5467,0.578842,curve,0.658466,curve,inert,-0.5467,False,1.0,2026-09-28,current,-6.63547,inert-band,gateio,1,,4.0,NEUTRAL,513882.86
2026-09-28,TAO,29,55,38,307.83,3492309359,8.96,10.05,23.7,23.56,25.09,19.85,4,17.7,16.9,16.0,0.9534,1.0,6467441490,10.95,61.11,0.4254,91bbc2a7e466,live,312788712,0.885778,0.847294,0.532367,38.093,,LIQUIDITY,0.6532,0.6304,0.885778,curve,0.532367,curve,applied,-0.6304,False,1.0,2026-09-28,current,-6.54852,inert-band,gateio,5,46.8631,4.0,NEUTRAL,40572962.35
2026-09-28,XPL,106,56,38,0.102135,463373148,28.33,3.71,16.35,13.82,-19.99,4.66,4,13.3,12.7,28.9,0.9412,1.0,1022146651,10.95,58.34,0.627,91bbc2a7e466,live,131259450,0.666483,0.632864,0.962821,38.2232,,CONFIRM,0.4757,0.4575,0.666483,curve,0.962821,curve,applied,-0.4575,False,1.0,2026-09-28,current,-6.21473,inert-band,gateio,5,340.7386,4.0,NEUTRAL,1778576.07
2026-09-28,APT,83,57,37,0.82991,723144726,13.56,10.22,35.23,50.05,-27.55,18.87,4,14.3,16.7,19.0,0.9778,1.0,1004154985,-0.3285,,,91bbc2a7e466,live,98056229,0.714806,0.83714,0.63466,37.1345,,LIQUIDITY,0.459,0.4547,0.714806,curve,0.63466,curve,applied,-0.4547,False,1.0,2026-09-28,current,-1.69433,inert-band,gateio,6,195.1726,8.0,MILD_INVERSION,1011940.6
2026-09-28,WIF,161,58,37,0.233214,233112216,31.22,10.77,16.24,10.03,14.7,12.74,4,11.8,15.2,24.5,1.0,1.0,233112216,7.008,57.55,-0.6447,91bbc2a7e466,live,72785391,0.591891,0.761336,0.816311,36.7853,,DEPTH,0.5244,0.5244,0.591891,curve,0.816311,curve,inert,-0.5244,False,1.0,2026-09-28,current,-5.75274,inert-band,gateio,6,100.74,4.0,NEUTRAL,537594.71
2026-09-28,AAVE,39,59,36,149.62,2311304109,11.71,4.59,11.61,15.95,11.28,10.53,4,16.8,14.6,17.8,1.0,1.0,2396712659,6.132,63.34,-0.7066,91bbc2a7e466,live,270760655,0.840964,0.729009,0.593658,36.3954,,LIQUIDITY,0.5159,0.5215,0.840964,curve,0.593658,curve,inert,-0.5215,False,1.0,2026-09-28,current,-3.27696,inert-band,gateio,6,52.56,8.0,NEUTRAL,4680507.11
2026-09-28,AR,146,60,36,4.33,284121224,11.58,-5.84,46.41,105.95,78.88,52.11,4,12.3,19.7,17.7,1.0,1.0,284121224,10.95,87.08,,91bbc2a7e466,live,32896785,0.613376,0.986289,0.590632,35.7312,,LIQUIDITY,0.5117,0.5266,0.613376,curve,0.590632,curve,inert,-0.5266,False,1.0,2026-09-28,current,-10.52627,inert-band,gateio,3,131.8085,8.0,NEUTRAL,1295980.13
2026-09-28,LIT,66,61,36,4.36,1091039525,8.52,-12.8,-9.64,19.79,276.92,54.08,4,15.2,19.8,15.7,0.9151,1.0,4364158101,-8.322,41.86,0.4615,91bbc2a7e466,live,92910370,0.75946,0.988262,0.522573,35.8916,,LIQUIDITY,0.6334,0.649,0.75946,curve,0.522573,curve,applied,-0.649,False,1.0,2026-09-28,current,-7.81792,inert-band,gateio,4,255.354,4.0,MILD_INVERSION,1406565.95
2026-09-28,AERO,77,62,35,0.793213,790678963,8.79,17.13,31.63,57.3,63.56,40.08,4,14.5,19.3,15.9,0.9479,1.0,1578565162,10.95,69.8,0.0038,91bbc2a7e466,live,69537648,0.7245,0.964977,0.528771,35.0417,,LIQUIDITY,0.6076,0.6372,0.7245,curve,0.528771,curve,applied,-0.6372,False,1.0,2026-09-28,current,-4.99249,inert-band,gateio,3,1206.69,4.0,NEUTRAL,1621719.97
2026-09-28,IMX,206,63,35,0.178288,156896981,21.64,21.37,39.17,37.13,-29.18,19.65,4,11.0,16.9,24.4,0.9393,1.0,356798106,10.95,,,91bbc2a7e466,live,33944913,0.548904,0.845233,0.814115,35.4783,,DEPTH,0.5788,0.5998,0.548904,curve,0.814115,curve,applied,-0.5998,False,1.0,2026-09-28,current,6.02706,inert-band,gateio,4,127.0887,4.0,NEUTRAL,410223.0
2026-09-28,PYTH,88,64,35,0.080268,632713852,8.57,29.75,40.45,67.05,23.5,40.5,4,14.0,19.3,15.7,0.9862,1.0,803450307,10.95,,,91bbc2a7e466,live,54211325,0.700302,0.966087,0.523735,34.9444,,LIQUIDITY,0.6151,0.6468,0.700302,curve,0.523735,curve,applied,-0.6468,False,1.0,2026-09-28,current,-4.31283,inert-band,gateio,5,40.5495,4.0,NEUTRAL,722232.9
2026-09-28,RENDER,68,65,35,1.98,1027849512,9.64,13.0,34.2,31.58,0.84,20.51,4,15.1,17.1,16.4,1.0,1.0,1057093791,10.95,,,91bbc2a7e466,live,99111209,0.752982,0.853923,0.547613,35.2109,,LIQUIDITY,0.5769,0.6022,0.752982,curve,0.547613,curve,inert,-0.6022,False,1.0,2026-09-28,current,-2.4775,inert-band,gateio,5,31.6393,4.0,NEUTRAL,345521.54
2026-09-28,JTO,139,66,34,0.568089,299038836,14.0,13.86,21.46,9.82,64.65,24.91,4,12.4,17.8,19.3,0.9515,1.0,568173882,10.95,48.29,1.2119,91bbc2a7e466,live,41863231,0.618932,0.892034,0.644428,33.8538,,DEPTH,0.4429,0.4798,0.618932,curve,0.644428,curve,applied,-0.4798,False,1.0,2026-09-28,current,-8.74807,inert-band,gateio,5,117.0557,8.0,NEUTRAL,576904.58
2026-09-28,BTW,27,67,33,1.35,3657332927,1.09,51.33,86.36,216.55,5794.78,1250.08,4,17.8,20.0,12.0,0.9174,1.0,13504951177,10.95,90.27,0.6886,91bbc2a7e466,live,39922328,0.890791,1.0,0.4,32.6885,,LIQUIDITY,0.8195,0.9163,0.890791,curve,0.35759,floor,applied,-0.9163,True,1.0,2026-09-28,current,17.00223,inert-band,gateio,1,,4.0,NEUTRAL,3004635.97
2026-09-28,POL,62,68,33,0.117194,1245350636,12.88,6.67,15.58,5.74,2.69,7.87,4,15.5,13.7,18.6,1.0,1.0,1245350636,-8.103,57.99,0.2717,91bbc2a7e466,live,160427821,0.773823,0.687174,0.619603,32.9475,,LIQUIDITY,0.4311,0.4787,0.773823,curve,0.619603,curve,inert,-0.4787,False,1.0,2026-09-28,current,-2.72408,inert-band,gateio,6,172.2669,4.0,MILD_INVERSION,951647.83
2026-09-28,MARSCOIN,215,69,32,0.148378,148691648,70.81,57.94,67.57,211.18,-18.7,83.33,3,10.9,20.0,17.8,1.0,1.0,148691648,4.599,59.57,,91bbc2a7e466,live,105294353,0.543072,0.998856,0.594574,32.2527,,DEPTH,0.5395,0.6105,0.543072,curve,0.594574,curve,inert,-0.6105,False,1.0,2026-09-28,current,14.10582,inert-band,gateio,1,,4.0,NEUTRAL,1338646.42
2026-09-28,VVV,59,70,32,28.0,1349089864,2.99,-13.14,17.76,69.29,388.67,95.55,4,15.7,20.0,12.0,0.961,1.067,2269551867,-24.528,72.63,0.272,91bbc2a7e466,live,40354413,0.78251,0.999569,0.4,32.0752,,LIQUIDITY,0.7235,0.9163,0.78251,curve,0.399805,floor,applied,-0.9163,True,1.067,2026-09-28,current,-7.5294,cold-squeeze,gateio,3,77.964,4.0,SHORT_SQUEEZE_RISK,24680010.58
2026-09-28,DGAI,210,71,31,1.013,152118279,31.25,0.38,26.83,45.21,-18.7,14.38,3,10.9,15.7,24.5,0.9059,0.993,1014121859,16.863,,,91bbc2a7e466,live,47532189,0.545545,0.783673,0.816625,31.4032,,DEPTH,0.5232,0.606,0.545545,curve,0.816625,curve,applied,-0.606,False,0.993,2026-09-28,current,-0.20675,hot-confirmed,gateio,1,,4.0,ELEVATED,976345.09
2026-09-28,LDO,118,72,31,0.459257,381342766,18.61,6.85,18.13,22.96,-33.12,5.7,4,12.9,13.0,22.4,0.9911,1.0,459688506,10.95,,,91bbc2a7e466,live,70976447,0.645329,0.650914,0.746939,31.0962,,DEPTH,0.375,0.438,0.645329,curve,0.746939,curve,applied,-0.438,False,1.0,2026-09-28,current,-4.52877,inert-band,gateio,5,51.171,8.0,NEUTRAL,1206126.25
2026-09-28,ZAMA,174,73,31,0.081298,204532744,11.2,-16.23,63.12,50.0,280.26,79.46,4,11.6,20.0,17.5,0.9122,1.0,919647264,10.95,60.52,-1.4876,91bbc2a7e466,live,22913062,0.577691,0.998442,0.582281,30.6366,,DEPTH,0.4638,0.5487,0.577691,curve,0.582281,curve,applied,-0.5487,False,1.0,2026-09-28,current,-2.93132,inert-band,gateio,1,,4.0,NEUTRAL,427383.27
2026-09-28,BCAP,71,74,30,107.53,979825296,0.0,2.41,-6.53,-6.51,351.48,67.76,4,15.0,19.9,12.0,1.0,1.0,979825296,,99.45,0.0139,91bbc2a7e466,live,0.0,0.747787,0.996036,0.4,29.7929,,LIQUIDITY,0.7567,0.9163,0.747787,curve,0.0,zero-volume,inert,-0.9163,True,1.0,2026-09-28,absent,0.0,no-feed,,,,,,
2026-09-28,DOT,43,75,30,1.19,2034020671,11.46,1.6,9.72,33.82,-39.77,3.41,4,16.5,12.2,17.6,1.0,1.0,2034026666,10.95,79.87,0.6998,91bbc2a7e466,live,233063415,0.827089,0.611012,0.587961,29.7133,,LIQUIDITY,0.4376,0.5311,0.827089,curve,0.587961,curve,inert,-0.5311,False,1.0,2026-09-28,current,-3.68383,inert-band,gateio,6,25.404,8.0,NEUTRAL,3017767.41
2026-09-28,JASMY,155,76,30,0.00500341,247395908,20.87,20.53,25.45,6.32,-46.89,4.72,4,12.0,12.7,23.9,1.0,1.0,250172828,10.95,,,91bbc2a7e466,live,51642000,0.598348,0.634036,0.797205,30.2439,,DEPTH,0.4295,0.5136,0.598348,curve,0.797205,curve,inert,-0.5136,False,1.0,2026-09-28,current,-5.01786,inert-band,gateio,2,83.658,8.0,NEUTRAL,335788.64
2026-09-28,RAIN,15,77,30,0.01259477,8939615830,0.27,-9.45,-24.19,-36.48,19.29,-14.15,4,19.8,6.4,30.0,0.9646,1.0,14399383377,,30.51,0.257,91bbc2a7e466,live,23820096,0.98783,0.319466,1.0,30.4406,,CONFIRM,0.9594,1.1411,0.98783,curve,0.339255,bypass,applied,-1.1411,True,1.0,2026-09-28,absent,-0.49681,no-feed,,,,,,
2026-09-28,JST,67,78,29,0.131696,1078410014,2.87,18.04,8.25,23.58,129.13,39.2,4,15.2,19.3,12.0,1.0,1.0,1078410014,10.95,88.88,0.1069,91bbc2a7e466,live,30959624,0.758196,0.962508,0.4,29.1908,,LIQUIDITY,0.7442,0.9163,0.758196,curve,0.39713,floor,inert,-0.9163,True,1.0,2026-09-28,current,4.78953,inert-band,gateio,1,,4.0,NEUTRAL,93083.78
2026-09-28,S,211,79,29,0.03891258,151407308,18.19,-0.99,38.27,23.39,-27.71,9.58,4,10.9,14.3,22.1,1.0,1.0,151407308,10.95,,,91bbc2a7e466,live,27535980,0.545037,0.714415,0.737482,28.7162,,DEPTH,0.4864,0.6069,0.545037,curve,0.737482,curve,inert,-0.6069,False,1.0,2026-09-28,current,-2.67848,inert-band,gateio,5,1254.8478,4.0,NEUTRAL,153028.84
2026-09-28,ZEN,228,80,29,7.18,132179974,18.68,-8.2,6.94,39.65,10.12,11.21,4,10.6,14.8,22.5,0.9965,1.0,150804668,6.9505,54.52,-1.2198,91bbc2a7e466,live,24692196,0.530291,0.739285,0.748461,29.2397,,DEPTH,0.5159,0.6343,0.530291,curve,0.748461,curve,applied,-0.6343,False,1.0,2026-09-28,current,-8.09832,inert-band,kraken,3,10.95,1.0,NEUTRAL,204762.48
2026-09-28,CASHCAT,184,81,28,0.187678,185845049,28.35,3.4,14.52,-13.19,-18.7,-2.39,3,11.3,10.1,28.9,1.0,1.0,185845053,10.95,39.54,-0.7111,91bbc2a7e466,live,52684594,0.567288,0.507138,0.963304,27.7136,,CONFIRM,0.5291,0.679,0.567288,curve,0.963304,curve,inert,-0.679,False,1.0,2026-09-28,current,7.21264,inert-band,gateio,2,16.8922,4.0,NEUTRAL,828054.26
2026-09-28,IOTA,153,82,28,0.053794,250715740,16.86,13.05,13.12,34.33,-48.24,6.13,4,12.0,13.2,21.2,1.0,1.0,268693833,10.95,,,91bbc2a7e466,live,42258798,0.599795,0.658167,0.707895,27.9453,,DEPTH,0.4009,0.5112,0.599795,curve,0.707895,curve,inert,-0.5112,False,1.0,2026-09-28,current,6.56768,inert-band,gateio,3,101.0744,8.0,NEUTRAL,494528.86
2026-09-28,KAS,60,83,28,0.0478541,1326798832,2.15,17.96,35.84,66.54,-34.85,24.01,4,15.6,17.7,12.0,1.0,1.0,1326904997,10.95,,,91bbc2a7e466,live,28478638,0.780701,0.885025,0.4,27.6376,,LIQUIDITY,0.7125,0.9163,0.780701,curve,0.381031,floor,inert,-0.9163,True,1.0,2026-09-28,current,1.10673,inert-band,gateio,3,92.109,8.0,NEUTRAL,1154166.73
2026-09-28,KMNO,152,84,28,0.04485673,253099468,7.39,26.95,73.65,68.98,65.85,56.91,4,12.0,19.8,14.9,0.9567,1.0,448941323,10.95,,,91bbc2a7e466,live,18713081,0.600823,0.990618,0.497635,28.3361,,LIQUIDITY,0.5534,0.6979,0.600823,curve,0.497635,curve,applied,-0.6979,False,1.0,2026-09-28,current,-1.60723,inert-band,gateio,1,,4.0,NEUTRAL,107455.33
2026-09-28,TIA,110,85,28,0.46208,450340632,12.5,9.45,23.99,31.33,-38.55,8.95,4,13.3,14.1,18.3,0.9908,1.0,544620728,10.95,,,91bbc2a7e466,live,56300892,0.663385,0.704591,0.611152,28.3034,,LIQUIDITY,0.3901,0.4924,0.663385,curve,0.611152,curve,applied,-0.4924,False,1.0,2026-09-28,current,-6.75613,inert-band,gateio,5,133.1885,4.0,NEUTRAL,482947.89
2026-09-28,AI,166,86,27,0.227541,225543258,7.12,-15.96,-10.93,160.92,-18.7,28.97,3,11.8,18.4,14.7,1.0,1.0,225543258,0.0,42.19,2.8946,91bbc2a7e466,live,16055472,0.588307,0.919279,0.491524,26.5825,,LIQUIDITY,0.5361,0.7102,0.588307,curve,0.491524,curve,inert,-0.7102,False,1.0,2026-09-28,current,1.93029,inert-band,hyperliquid,1,,1.0,NEUTRAL,
2026-09-28,BONK,137,87,27,3.52e-06,309575701,20.49,10.56,21.37,12.36,-59.36,-0.27,4,12.5,10.9,23.7,1.0,1.0,309575701,-13.578,,,91bbc2a7e466,live,63417057,0.622692,0.54509,0.788559,26.7655,,CONFIRM,0.4604,0.6068,0.622692,curve,0.788559,curve,inert,-0.6068,False,1.0,2026-09-28,current,-5.24947,inert-band,gateio,2,13.578,4.0,MILD_INVERSION,449011.5
2026-09-28,DRV,117,88,27,0.391475,390957513,4.52,0.6,162.47,125.76,221.6,116.56,4,13.0,20.0,13.0,0.9708,1.0,586636135,,69.53,-3.5049,91bbc2a7e466,live,17662512,0.648032,0.99992,0.433728,27.2841,,LIQUIDITY,0.6431,0.8353,0.648032,curve,0.433728,curve,applied,-0.8353,False,1.0,2026-09-28,absent,-6.25571,no-feed,,,,,,
2026-09-28,ETC,54,89,27,9.21,1457868329,6.72,7.64,14.12,16.67,-5.68,8.85,4,15.8,14.1,14.5,1.0,1.0,1457868329,10.95,,,91bbc2a7e466,live,97918607,0.79093,0.702981,0.48259,26.8324,,LIQUIDITY,0.5538,0.7286,0.79093,curve,0.48259,curve,inert,-0.7286,False,1.0,2026-09-28,current,-2.87654,inert-band,gateio,6,197.538,8.0,NEUTRAL,1910630.88
2026-09-28,MINA,183,90,27,0.145916,188712675,6.49,17.65,72.55,119.41,34.42,60.17,4,11.4,19.9,14.3,1.0,1.0,188712675,-5.475,77.73,,91bbc2a7e466,live,12248868,0.56895,0.992752,0.477572,26.9745,,LIQUIDITY,0.564,0.739,0.56895,curve,0.477572,curve,inert,-0.739,False,1.0,2026-09-28,current,2.39897,inert-band,gateio,3,157.1653,8.0,MILD_INVERSION,287461.09
2026-09-28,币安人生,104,91,27,0.491227,491117764,0.44,-4.04,-4.62,-10.12,658.52,126.81,4,13.5,20.0,12.0,1.0,1.0,491117764,10.95,55.6,0.7115,91bbc2a7e466,live,2137331,0.672796,0.999965,0.4,26.9109,,LIQUIDITY,0.6981,0.9163,0.672796,curve,0.343004,floor,inert,-0.9163,False,1.0,2026-09-28,current,-1.26836,inert-band,gateio,1,,8.0,NEUTRAL,184461.49
2026-09-28,AKE,82,92,26,0.03199395,729450665,2.23,-37.2,92.8,234.53,14364.48,2943.57,4,14.3,20.0,12.0,0.9128,1.0,3199871317,10.95,51.85,1.2048,91bbc2a7e466,live,16243017,0.715749,1.0,0.4,26.1334,,LIQUIDITY,0.6828,0.9163,0.715749,curve,0.382817,floor,applied,-0.9163,False,1.0,2026-09-28,current,-2.7711,inert-band,gateio,1,,4.0,NEUTRAL,2210002.29
2026-09-28,BP,126,93,26,1.33,333302934,5.12,55.86,157.03,222.57,-18.7,107.92,3,12.6,20.0,13.4,0.9151,1.0,1333211736,10.95,,,91bbc2a7e466,live,17074209,0.63071,0.99984,0.447172,25.8049,,LIQUIDITY,0.5941,0.8048,0.63071,curve,0.447172,curve,applied,-0.8048,False,1.0,2026-09-28,current,-12.01156,inert-band,gateio,1,,4.0,NEUTRAL,483041.24
2026-09-28,AIOZ,207,94,25,0.119679,153186955,5.62,21.38,61.5,101.43,63.43,59.83,4,10.9,19.9,13.7,1.0,1.0,153215904,,,,91bbc2a7e466,live,8616376,0.546305,0.992555,0.458328,24.8523,,LIQUIDITY,0.5604,0.7802,0.546305,curve,0.458328,curve,inert,-0.7802,False,1.0,2026-09-28,absent,-1.25808,no-feed,,,,,,
2026-09-28,ETHFI,87,95,25,0.694152,670456564,9.87,-4.77,-0.63,23.4,4.08,5.08,4,14.1,12.8,16.6,1.0,1.0,670456564,10.95,60.2,-1.0318,91bbc2a7e466,live,66153523,0.706593,0.640151,0.552599,24.9955,,LIQUIDITY,0.4278,0.5931,0.706593,curve,0.552599,curve,inert,-0.5931,False,1.0,2026-09-28,current,-4.41928,inert-band,gateio,4,250.098,4.0,NEUTRAL,893163.16
2026-09-28,GT,64,96,25,10.94,1167087249,0.36,1.96,10.65,29.64,36.27,17.91,4,15.3,16.5,12.0,0.9987,1.0,1301161980,10.95,,,91bbc2a7e466,live,4217559,0.766776,0.82665,0.4,25.3212,,LIQUIDITY,0.6671,0.9163,0.766776,curve,0.341364,floor,applied,-0.9163,False,1.0,2026-09-28,current,-3.30053,inert-band,gateio,1,,8.0,NEUTRAL,786198.21
2026-09-28,COMP,160,97,24,23.5,235009012,8.91,6.72,13.98,21.65,12.27,13.38,4,11.9,15.4,15.9,1.0,1.0,235009012,10.95,,,91bbc2a7e466,live,20936710,0.592771,0.770173,0.531309,24.2562,,LIQUIDITY,0.4465,0.6324,0.592771,curve,0.531309,curve,inert,-0.6324,False,1.0,2026-09-28,current,-2.65756,inert-band,gateio,5,32.85,8.0,NEUTRAL,149269.67
2026-09-28,CRV,101,98,24,0.331443,520241079,13.86,-5.69,-11.64,3.2,24.52,1.08,4,13.6,11.4,19.2,0.9683,1.0,802588139,10.95,41.9,-0.2589,91bbc2a7e466,live,72097080,0.679051,0.569505,0.641298,24.0143,,CONFIRM,0.3947,0.563,0.679051,curve,0.641298,curve,applied,-0.563,False,1.0,2026-09-28,current,-4.32834,inert-band,gateio,5,41.1002,8.0,NEUTRAL,964034.29
2026-09-28,PIEVERSE,112,99,24,1.52,417681625,1.61,-16.66,25.74,42.52,204.91,53.05,4,13.1,19.7,12.0,0.9179,0.997,1520224295,14.235,97.71,,91bbc2a7e466,live,6707446,0.655211,0.987269,0.4,23.6721,,LIQUIDITY,0.6359,0.9163,0.655211,curve,0.369019,floor,applied,-0.9163,False,0.997,2026-09-28,current,-3.9806,hot-confirmed,gateio,1,,8.0,ELEVATED,3355948.67
2026-09-28,PRL,105,100,24,1.42,467180521,0.88,45.2,154.41,387.22,-18.7,145.22,3,13.3,20.0,12.0,0.9064,1.0,2990316210,10.95,,,91bbc2a7e466,live,4124233,0.667371,0.999992,0.4,24.196,,LIQUIDITY,0.6457,0.9163,0.667371,curve,0.352951,floor,applied,-0.9163,False,1.0,2026-09-28,current,-13.06778,inert-band,gateio,2,91.542,4.0,NEUTRAL,44191.28
2026-09-28,SHFL,141,101,24,0.611775,296442648,2.77,109.91,102.74,123.31,155.57,120.6,4,12.4,20.0,12.0,0.9515,1.0,562855387,,,,91bbc2a7e466,live,8210262,0.617985,0.999942,0.4,23.5191,,LIQUIDITY,0.6331,0.9163,0.617985,curve,0.39488,floor,applied,-0.9163,False,1.0,2026-09-28,absent,56.76722,no-feed,,,,,,
2026-09-28,UB,121,102,24,0.146114,365563167,3.43,6.24,-0.72,2.35,339.69,70.22,4,12.8,19.9,12.3,0.9151,1.0,1462252669,10.95,63.35,-0.3919,91bbc2a7e466,live,12531424,0.640741,0.996741,0.409511,23.9331,,LIQUIDITY,0.6244,0.8928,0.640741,curve,0.409511,curve,applied,-0.8928,False,1.0,2026-09-28,current,-1.58778,inert-band,gateio,1,,4.0,NEUTRAL,795276.73
2026-09-28,APE,209,103,23,0.152372,152452623,30.75,8.22,8.65,1.57,-36.49,-2.28,4,10.9,10.2,24.3,1.0,1.0,152452623,10.95,,,91bbc2a7e466,live,46873427,0.545784,0.509153,0.80995,22.5075,,CONFIRM,0.4526,0.675,0.545784,curve,0.80995,curve,inert,-0.675,False,1.0,2026-09-28,current,-3.8049,inert-band,gateio,5,64.2069,8.0,NEUTRAL,358448.76
2026-09-28,STRK,142,104,23,0.0401182,295057202,11.22,-12.36,34.1,58.21,-70.29,5.31,4,12.3,12.9,17.5,0.9797,1.0,401405297,10.95,,,91bbc2a7e466,live,33110791,0.617477,0.644189,0.582707,22.7079,,LIQUIDITY,0.3643,0.5401,0.617477,curve,0.582707,curve,applied,-0.5401,False,1.0,2026-09-28,current,-1.54864,inert-band,gateio,5,125.0928,4.0,NEUTRAL,337038.03
2026-09-28,AXS,180,105,22,1.11,194609499,12.72,6.57,10.76,17.55,-22.12,4.63,4,11.4,12.6,18.5,0.9682,1.0,300724854,10.95,,,91bbc2a7e466,live,24757279,0.572291,0.632338,0.616034,21.5842,,DEPTH,0.364,0.5581,0.572291,curve,0.616034,curve,applied,-0.5581,False,1.0,2026-09-28,current,-4.84525,inert-band,gateio,3,81.5606,8.0,NEUTRAL,513952.96
2026-09-28,BR,149,106,22,0.911137,270244635,2.79,-21.07,83.5,288.61,1437.0,374.11,4,12.2,20.0,12.0,0.9205,1.0,910936973,10.95,,,91bbc2a7e466,live,7553087,0.607939,1.0,0.4,22.3843,,LIQUIDITY,0.6122,0.9163,0.607939,curve,0.395442,floor,applied,-0.9163,False,1.0,2026-09-28,current,1.09508,inert-band,gateio,1,,4.0,NEUTRAL,1166530.25
2026-09-28,ICP,50,107,22,3.0,1669446757,4.72,3.78,2.29,13.59,-4.69,4.17,4,16.1,12.5,13.1,1.0,1.0,1669446885,9.7455,,,91bbc2a7e466,live,78875494,0.805643,0.624308,0.438326,22.0464,,LIQUIDITY,0.5455,0.8248,0.805643,curve,0.438326,curve,inert,-0.8248,False,1.0,2026-09-28,current,-6.12749,inert-band,gateio,5,652.564,8.0,NEUTRAL,1039117.2
2026-09-28,SKY,46,108,22,0.08034,1883972160,2.94,11.43,19.85,10.38,-19.29,7.13,4,16.4,13.5,12.0,1.0,1.0,1886538841,-3.285,,,91bbc2a7e466,live,55369689,0.818769,0.674939,0.4,22.1048,,LIQUIDITY,0.6071,0.9163,0.818769,curve,0.398644,floor,inert,-0.9163,False,1.0,2026-09-28,current,6.57148,inert-band,gateio,3,14.235,4.0,MILD_INVERSION,426434.01
2026-09-28,TIBBIR,144,109,22,0.290783,290665468,0.62,22.28,12.89,-1.09,67.52,23.14,4,12.3,17.6,12.0,1.0,1.0,290665468,,78.58,2.0009,91bbc2a7e466,live,1801763,0.615848,0.877831,0.4,21.6244,,LIQUIDITY,0.5984,0.9163,0.615848,curve,0.347108,floor,inert,-0.9163,False,1.0,2026-09-28,absent,0.734,no-feed,,,,,,
2026-09-28,BTT,119,110,21,3.81717e-07,376735152,5.22,14.67,7.72,22.74,-3.38,11.34,4,12.9,14.8,13.5,1.0,1.0,377865740,,,,91bbc2a7e466,live,19654426,0.644009,0.741149,0.449268,21.4439,,LIQUIDITY,0.5197,0.8001,0.644009,curve,0.449268,curve,inert,-0.8001,False,1.0,2026-09-28,absent,1.42543,no-feed,,,,,,
2026-09-28,CARDS,189,111,21,0.185959,176149780,2.91,-0.61,25.75,-0.68,394.95,85.08,4,11.2,20.0,12.0,0.9448,1.0,367686786,,55.76,-0.2396,91bbc2a7e466,live,5129990,0.561471,0.999005,0.4,21.198,,LIQUIDITY,0.5907,0.9163,0.561471,curve,0.398051,floor,applied,-0.9163,False,1.0,2026-09-28,absent,-2.78267,no-feed,,,,,,
2026-09-28,EIGEN,157,112,21,0.258726,240158902,14.77,7.64,20.35,27.91,-66.51,1.05,4,11.9,11.4,19.8,0.9481,1.0,478224887,10.95,,,91bbc2a7e466,live,35477237,0.595125,0.568976,0.661609,21.2401,,CONFIRM,0.364,0.5639,0.595125,curve,0.661609,curve,applied,-0.5639,False,1.0,2026-09-28,current,-6.4768,inert-band,gateio,5,212.4337,4.0,NEUTRAL,420240.65
2026-09-28,FARTCOIN,193,113,21,0.172559,172771029,24.41,-1.98,15.94,-16.34,-32.2,-7.13,4,11.2,8.5,26.3,1.0,1.0,172771029,10.95,44.82,1.0887,91bbc2a7e466,live,42175554,0.559368,0.42497,0.875805,20.8192,,CONFIRM,0.5453,0.8557,0.559368,curve,0.875805,curve,inert,-0.8557,False,1.0,2026-09-28,current,-11.29935,inert-band,gateio,4,116.07,4.0,NEUTRAL,4928529.83
2026-09-28,GOMINING,212,114,21,0.373172,150423140,14.49,2.18,-2.64,3.77,7.57,2.45,4,10.9,11.9,19.7,1.0,1.0,150423140,,,,91bbc2a7e466,live,21796295,0.544329,0.593952,0.655333,21.1872,,DEPTH,0.3919,0.6082,0.544329,curve,0.655333,curve,inert,-0.6082,False,1.0,2026-09-28,absent,-0.30863,no-feed,,,,,,
2026-09-28,MNT,42,115,21,0.670077,2211908355,2.18,7.74,11.01,23.47,-24.09,6.12,4,16.7,13.2,12.0,0.9521,1.0,4165757860,10.95,,,91bbc2a7e466,live,48194581,0.836192,0.658066,0.4,20.9565,,LIQUIDITY,0.5863,0.9163,0.836192,curve,0.381753,floor,applied,-0.9163,False,1.0,2026-09-28,current,-1.78439,inert-band,gateio,3,31.9777,4.0,NEUTRAL,221162.48
2026-09-28,SN51,225,116,21,28.06,134217908,0.54,20.16,21.19,37.21,207.98,62.24,4,10.6,19.9,12.0,1.0,1.0,134217908,,,,91bbc2a7e466,live,724446,0.531953,0.993852,0.4,21.1473,,LIQUIDITY,0.5898,0.9163,0.531953,curve,0.345328,floor,inert,-0.9163,False,1.0,2026-09-28,absent,-5.94911,no-feed,,,,,,
2026-09-28,XDC,86,117,21,0.03398312,677533523,5.38,17.03,15.09,15.95,-27.53,7.36,4,14.2,13.6,13.6,0.9511,1.0,1292985486,10.95,,,91bbc2a7e466,live,36470574,0.707733,0.678817,0.452952,20.6967,,LIQUIDITY,0.5028,0.792,0.707733,curve,0.452952,curve,applied,-0.792,False,1.0,2026-09-28,current,7.12034,inert-band,gateio,1,,4.0,NEUTRAL,208208.76
2026-09-28,2Z,165,118,20,0.065014,225560654,7.33,25.44,28.57,10.01,-34.9,10.3,4,11.8,14.5,14.9,0.9268,1.0,650001254,10.95,,,91bbc2a7e466,live,16540470,0.588316,0.725532,0.49629,19.6331,,LIQUIDITY,0.4304,0.7006,0.588316,curve,0.49629,curve,applied,-0.7006,False,1.0,2026-09-28,current,-3.04182,inert-band,gateio,3,69.6037,4.0,NEUTRAL,322034.38
2026-09-28,AKT,178,119,20,0.661928,197450651,3.88,4.69,13.11,23.23,38.74,18.24,4,11.5,16.6,12.6,1.0,1.0,197476829,10.95,,,91bbc2a7e466,live,7657866,0.573865,0.830257,0.419519,19.9882,,LIQUIDITY,0.5395,0.8686,0.573865,curve,0.419519,curve,inert,-0.8686,False,1.0,2026-09-28,current,-5.07569,inert-band,gateio,2,61.0527,4.0,NEUTRAL,294572.57
2026-09-28,BSV,114,120,20,20.15,404898979,2.24,14.02,12.39,14.62,16.76,14.31,4,13.0,15.7,12.0,1.0,1.0,404902380,10.95,,,91bbc2a7e466,live,9082729,0.651837,0.782725,0.4,20.4084,,LIQUIDITY,0.5766,0.9163,0.651837,curve,0.383182,floor,inert,-0.9163,False,1.0,2026-09-28,current,-6.5473,inert-band,gateio,2,123.7596,4.0,NEUTRAL,872160.75
2026-09-28,MORPHO,47,121,20,2.6,1821463092,1.98,-2.79,10.43,-0.15,14.49,4.63,4,16.3,12.6,12.0,0.9751,1.0,2603555962,10.95,67.62,-0.6801,91bbc2a7e466,live,36111097,0.815105,0.632418,0.4,20.1061,,LIQUIDITY,0.5712,0.9163,0.815105,curve,0.37739,floor,applied,-0.9163,False,1.0,2026-09-28,current,-3.143,inert-band,gateio,4,133.0405,4.0,NEUTRAL,439087.52
2026-09-28,RAIL,203,122,20,2.7,161756748,0.61,-12.36,21.57,24.15,100.67,27.86,4,11.0,18.3,12.0,1.0,1.0,161756748,,,,91bbc2a7e466,live,979778,0.552216,0.912504,0.4,20.1559,,LIQUIDITY,0.5721,0.9163,0.552216,curve,0.346794,floor,inert,-0.9163,False,1.0,2026-09-28,absent,-9.91618,no-feed,,,,,,
2026-09-28,STX,91,123,20,0.320495,599809395,4.76,-1.79,10.4,24.02,-10.55,5.96,4,13.9,13.1,13.2,1.0,1.0,599810768,10.95,87.8,-0.2612,91bbc2a7e466,live,28542101,0.694503,0.655257,0.439078,19.9815,,LIQUIDITY,0.5111,0.8231,0.694503,curve,0.439078,curve,inert,-0.8231,False,1.0,2026-09-28,current,-6.64466,inert-band,gateio,3,121.0275,8.0,NEUTRAL,300428.92
2026-09-28,XCN,179,124,20,0.00497601,195947086,5.86,16.61,16.94,36.65,-22.17,13.94,4,11.5,15.6,13.9,0.9799,1.0,266053142,-58.911,,,91bbc2a7e466,live,11481502,0.573035,0.777852,0.463544,20.2465,,LIQUIDITY,0.4814,0.7689,0.573035,curve,0.463544,curve,applied,-0.7689,False,1.0,2026-09-28,current,-5.34269,cold-no-rsi,gateio,1,,4.0,SHORT_SQUEEZE_RISK,271253.68
2026-09-28,A,202,125,19,0.097182,162210024,4.93,9.43,14.41,20.57,11.27,13.83,4,11.1,15.5,13.3,0.9871,1.0,203994976,10.95,,,91bbc2a7e466,live,7991639,0.552519,0.776247,0.442816,18.747,,LIQUIDITY,0.4866,0.8146,0.552519,curve,0.442816,curve,applied,-0.8146,False,1.0,2026-09-28,current,-6.88339,inert-band,gateio,1,,4.0,NEUTRAL,96499.49
2026-09-28,CRO,30,126,19,0.068606,3414509074,0.58,10.72,9.39,12.52,-41.0,0.49,4,17.7,11.2,12.0,0.9481,1.0,6791329512,10.95,,,91bbc2a7e466,live,19744597,0.883332,0.558905,0.4,18.723,,LIQUIDITY,0.5469,0.9163,0.883332,curve,0.346183,floor,applied,-0.9163,False,1.0,2026-09-28,current,1.13334,inert-band,gateio,2,67.8358,8.0,NEUTRAL,463455.38
2026-09-28,FF,115,127,19,0.12753,400723622,2.51,2.74,-13.72,29.57,56.35,16.06,4,13.0,16.1,12.0,0.9226,0.965,1276189880,37.668,62.82,1.2462,91bbc2a7e466,live,10052271,0.650711,0.804888,0.4,18.6539,,LIQUIDITY,0.5457,0.9163,0.650711,curve,0.389078,floor,applied,-0.9163,False,0.965,2026-09-28,current,-1.32836,hot-confirmed,gateio,1,,4.0,ELEVATED,13500647.59
2026-09-28,META,222,128,19,6.0,136131297,4.92,13.87,16.48,-8.27,52.39,16.69,4,10.7,16.3,13.3,1.0,1.0,136131297,0.0,,,91bbc2a7e466,live,6703667,0.533489,0.812529,0.442765,19.1928,,LIQUIDITY,0.4936,0.8147,0.533489,curve,0.442765,curve,inert,-0.8147,False,1.0,2026-09-28,current,-7.96512,inert-band,gateio,2,7.884,8.0,NEUTRAL,660491.05
2026-09-28,RLUSD,35,129,19,1.0,2491036248,8.53,1.49,-7.51,-7.76,-18.69,-7.11,4,17.0,8.5,15.7,1.0,1.0,2491036248,,47.02,-0.0016,91bbc2a7e466,live,212524709,0.849095,0.425443,0.522924,18.8902,,CONFIRM,0.5128,0.8546,0.849095,curve,0.522924,curve,inert,-0.8546,False,1.0,2026-09-28,absent,0.00403,no-feed,,,,,,
2026-09-28,SENT,214,130,19,0.02062294,149296071,4.87,12.8,31.95,58.54,-24.05,21.65,4,10.9,17.3,13.2,0.9111,1.0,708739641,10.95,,,91bbc2a7e466,live,7264320,0.543512,0.864703,0.44146,18.9031,,LIQUIDITY,0.4908,0.8177,0.543512,curve,0.44146,curve,applied,-0.8177,False,1.0,2026-09-28,current,-9.70197,inert-band,gateio,1,,4.0,NEUTRAL,146532.98
2026-09-28,ATOM,72,131,18,1.74,930382549,7.06,0.38,5.31,10.78,-36.52,-3.17,4,14.8,9.9,14.7,1.0,1.0,930418165,10.95,,,91bbc2a7e466,live,65703860,0.742165,0.493287,0.490267,17.9487,,LIQUIDITY,0.415,0.7128,0.742165,curve,0.490267,curve,inert,-0.7128,False,1.0,2026-09-28,current,-6.01199,inert-band,gateio,6,283.386,8.0,NEUTRAL,1183079.94
2026-09-28,BAT,221,132,18,0.091476,136882857,6.89,10.99,10.49,28.42,-27.75,7.47,4,10.7,13.6,14.6,1.0,1.0,137274120,10.95,,,91bbc2a7e466,live,9425437,0.534087,0.680656,0.48635,17.6803,,LIQUIDITY,0.416,0.7208,0.534087,curve,0.48635,curve,inert,-0.7208,False,1.0,2026-09-28,current,-4.18399,inert-band,gateio,2,1003.059,8.0,NEUTRAL,63158.71
2026-09-28,MANA,190,133,18,0.089224,174744876,8.77,5.77,12.3,14.95,-29.14,2.71,4,11.2,12.0,15.8,0.9983,1.0,195700588,10.95,,,91bbc2a7e466,live,15331449,0.560601,0.59867,0.528303,17.7005,,LIQUIDITY,0.3685,0.6381,0.560601,curve,0.528303,curve,applied,-0.6381,False,1.0,2026-09-28,current,-2.64245,inert-band,gateio,2,64.3436,8.0,NEUTRAL,109427.42
2026-09-28,NIGHT,109,134,18,0.02739678,455324117,3.66,14.31,26.11,34.29,-60.89,7.21,4,13.3,13.5,12.4,0.9741,1.0,658006624,10.95,,,91bbc2a7e466,live,16644118,0.66458,0.676358,0.414565,18.1518,,LIQUIDITY,0.516,0.8805,0.66458,curve,0.414565,curve,applied,-0.8805,False,1.0,2026-09-28,current,2.52314,inert-band,gateio,3,1001.0871,8.0,NEUTRAL,242964.81
2026-09-28,OKB,36,135,18,118.26,2483660403,1.17,-1.79,-3.53,-0.59,5.6,-0.45,4,17.0,10.8,12.0,1.0,1.0,2483660403,10.95,82.85,0.4711,91bbc2a7e466,live,29129929,0.848773,0.541949,0.4,18.3997,,LIQUIDITY,0.5413,0.9163,0.848773,curve,0.359397,floor,inert,-0.9163,False,1.0,2026-09-28,current,-2.99173,inert-band,gateio,1,,8.0,NEUTRAL,668071.54
2026-09-28,SHIB,31,136,18,5.72e-06,3371651292,2.97,2.21,2.43,5.16,-26.92,-2.82,4,17.6,10.0,12.0,1.0,1.0,3373122519,0.219,,,91bbc2a7e466,live,99983408,0.881961,0.49937,0.4,17.617,,LIQUIDITY,0.5277,0.9163,0.881961,curve,0.399231,floor,inert,-0.9163,False,1.0,2026-09-28,current,-3.70374,inert-band,gateio,2,16.1166,8.0,NEUTRAL,3434959.72
2026-09-28,U,52,137,18,0.999612,1490178809,8.6,1.46,-7.53,-7.7,-18.71,-7.11,4,15.9,8.5,15.7,1.0,1.0,1490178809,,56.18,0.0034,91bbc2a7e466,live,128093275,0.79331,0.425337,0.524352,17.6929,,CONFIRM,0.4936,0.8549,0.79331,curve,0.524352,curve,inert,-0.8549,False,1.0,2026-09-28,absent,-0.03272,no-feed,,,,,,
2026-09-28,VET,78,138,18,0.00893315,768120260,1.68,2.31,8.28,27.8,-25.55,4.6,4,14.4,12.6,12.0,1.0,1.0,768120260,10.95,,,91bbc2a7e466,live,12887166,0.721357,0.631913,0.4,18.2334,,LIQUIDITY,0.5384,0.9163,0.721357,curve,0.370617,floor,inert,-0.9163,False,1.0,2026-09-28,current,-3.89213,inert-band,gateio,2,,8.0,NEUTRAL,261938.84
2026-09-28,ZK,223,139,18,0.01247229,134891787,9.43,7.73,24.39,50.22,-75.28,5.92,4,10.6,13.1,16.3,0.9499,1.0,261888529,10.95,,,91bbc2a7e466,live,12719635,0.532496,0.654563,0.542878,17.9741,,DEPTH,0.3672,0.6302,0.532496,curve,0.542878,curve,applied,-0.6302,False,1.0,2026-09-28,current,-3.794,inert-band,gateio,3,52.2861,8.0,NEUTRAL,127649.06
2026-09-28,APEPE,148,140,17,1.32e-06,276980233,4.66,9.48,-0.48,9.85,-4.5,4.29,4,12.2,12.5,13.1,1.0,1.0,276980233,,,,91bbc2a7e466,live,12903233,0.610612,0.626423,0.436856,16.7098,,LIQUIDITY,0.4629,0.8282,0.610612,curve,0.436856,curve,inert,-0.8282,False,1.0,2026-09-28,absent,0.58981,no-feed,,,,,,
2026-09-28,NPC,191,141,17,0.02164067,174202819,2.41,-14.8,-8.84,18.69,68.57,11.74,4,11.2,14.9,12.0,1.0,1.0,174202819,,,,91bbc2a7e466,live,4190580,0.560264,0.746997,0.4,16.7406,,LIQUIDITY,0.5127,0.9163,0.560264,curve,0.386791,floor,inert,-0.9163,False,1.0,2026-09-28,absent,-6.70256,no-feed,,,,,,
2026-09-28,SNX,217,142,17,0.246593,143325502,12.72,6.62,10.45,11.43,-46.05,-1.75,4,10.8,10.4,18.5,1.0,1.0,143430011,10.95,,,91bbc2a7e466,live,18233784,0.539081,0.518473,0.616043,17.2183,,CONFIRM,0.3734,0.6569,0.539081,curve,0.616043,curve,inert,-0.6569,False,1.0,2026-09-28,current,-6.42123,inert-band,gateio,3,101.0411,8.0,NEUTRAL,175079.96
2026-09-28,THETA,163,143,17,0.228507,228529763,2.67,2.7,6.53,25.6,10.05,10.86,4,11.8,14.7,12.0,1.0,1.0,228529763,10.95,,,91bbc2a7e466,live,6110837,0.589736,0.733982,0.4,17.3142,,LIQUIDITY,0.5225,0.9163,0.589736,curve,0.392755,floor,inert,-0.9163,False,1.0,2026-09-28,current,-2.55155,inert-band,gateio,2,35.8724,8.0,NEUTRAL,240669.05
2026-09-28,ASTER,44,144,16,0.708044,1919272686,7.62,-4.86,-5.9,-5.9,-18.9,-8.19,4,16.4,8.2,15.1,0.9268,1.0,5520097120,6.351,,,91bbc2a7e466,live,146328638,0.820784,0.407693,0.502759,15.5922,,CONFIRM,0.4828,0.8972,0.820784,curve,0.502759,curve,applied,-0.8972,False,1.0,2026-09-28,current,-3.31763,inert-band,gateio,5,10.95,4.0,NEUTRAL,2722445.17
2026-09-28,HTX,51,145,16,1.71e-06,1535350279,5.1,1.07,-6.44,-5.89,-12.07,-5.18,4,15.9,9.2,13.4,1.0,1.0,1535350279,,23.94,-0.0082,91bbc2a7e466,live,78350676,0.796552,0.458133,0.446736,16.3026,,LIQUIDITY,0.4442,0.8058,0.796552,curve,0.446736,curve,inert,-0.8058,False,1.0,2026-09-28,absent,0.16368,no-feed,,,,,,
2026-09-28,ENS,145,146,15,6.75,284526641,7.32,3.4,10.91,15.82,-45.15,-1.33,4,12.3,10.5,14.9,0.9368,1.0,674630568,10.95,,,91bbc2a7e466,live,20823673,0.613531,0.526117,0.495971,14.9976,,LIQUIDITY,0.3696,0.7012,0.613531,curve,0.495971,curve,applied,-0.7012,False,1.0,2026-09-28,current,-4.6965,inert-band,gateio,3,91.9999,8.0,NEUTRAL,181230.73
2026-09-28,FLOKI,150,147,15,2.758e-05,265996505,9.41,3.31,4.36,2.64,-38.76,-5.01,4,12.1,9.2,16.3,1.0,1.0,152853119,10.95,,,91bbc2a7e466,live,25029286,0.606219,0.461059,0.542436,15.1612,,CONFIRM,0.4104,0.7742,0.606219,curve,0.542436,curve,inert,-0.7742,False,1.0,2026-09-28,current,-3.77498,inert-band,gateio,1,,8.0,NEUTRAL,219901.18
2026-09-28,SKR,230,148,15,0.01813987,129219262,2.93,0.89,-2.1,80.18,-38.3,12.13,4,10.6,15.1,12.0,0.9713,1.0,192719579,10.95,11.87,,91bbc2a7e466,live,3790302,0.527832,0.752624,0.4,15.4343,,LIQUIDITY,0.4904,0.9163,0.527832,curve,0.398516,floor,applied,-0.9163,False,1.0,2026-09-28,current,-4.20936,inert-band,gateio,2,0.0,4.0,NEUTRAL,348402.22
2026-09-28,SN64,229,149,15,21.41,129484139,0.82,10.71,22.63,12.24,-9.8,9.97,4,10.6,14.4,12.0,1.0,1.0,129484139,,,,91bbc2a7e466,live,1059944,0.528054,0.720489,0.4,15.2183,,LIQUIDITY,0.4867,0.9163,0.528054,curve,0.351524,floor,inert,-0.9163,False,1.0,2026-09-28,absent,-4.93889,no-feed,,,,,,
2026-09-28,SUN,128,150,15,0.01710244,328624220,8.22,1.21,-6.06,-5.65,-12.21,-5.01,4,12.6,9.2,15.5,1.0,1.0,340224740,10.95,,,91bbc2a7e466,live,27003542,0.629175,0.460998,0.515937,14.9646,,CONFIRM,0.4077,0.7744,0.629175,curve,0.515937,curve,inert,-0.7744,False,1.0,2026-09-28,current,0.22809,inert-band,gateio,1,,8.0,NEUTRAL,55356.38
2026-09-28,TRUMP,94,151,15,2.02,568870854,44.31,-4.31,-5.38,-33.2,-50.26,-20.99,4,13.8,4.8,29.7,0.9187,1.0,2018217685,-12.483,55.77,-0.9259,91bbc2a7e466,live,252055820,0.688753,0.241483,0.990775,15.139,,CONFIRM,0.7527,1.421,0.688753,curve,0.990775,curve,applied,-1.421,True,1.0,2026-09-28,current,-5.35497,inert-band,gateio,5,50.8383,4.0,MILD_INVERSION,3591740.51
2026-09-28,TWT,158,152,15,0.575195,239780390,5.93,-1.12,-2.29,15.46,-3.8,2.2,4,11.9,11.8,14.0,0.9361,1.0,575496094,10.95,,,91bbc2a7e466,live,14213911,0.594953,0.589443,0.465064,15.2672,,LIQUIDITY,0.4073,0.7656,0.594953,curve,0.465064,curve,applied,-0.7656,False,1.0,2026-09-28,current,-3.23243,inert-band,gateio,1,,8.0,NEUTRAL,131964.35
2026-09-28,USDY,41,153,15,1.15,2276023466,0.27,2.02,-7.4,-7.5,-16.72,-6.46,4,16.8,8.7,12.0,1.0,1.0,2276023466,,100.0,0.0,91bbc2a7e466,live,6171228,0.839294,0.436246,0.4,14.6456,,LIQUIDITY,0.477,0.9163,0.839294,curve,0.339359,floor,inert,-0.9163,False,1.0,2026-09-28,absent,0.03043,no-feed,,,,,,
2026-09-28,USYC,38,154,15,1.14,2405447270,0.0,1.55,-7.37,-7.45,-16.97,-6.63,4,16.9,8.7,12.0,1.0,1.0,2405447270,,100.0,0.0,91bbc2a7e466,live,0.0,0.845299,0.4333,0.4,14.6507,,LIQUIDITY,0.4771,0.9163,0.845299,curve,0.0,zero-volume,inert,-0.9163,False,1.0,2026-09-28,absent,0.00737,no-feed,,,,,,
2026-09-28,BUIDL,40,155,14,1.0,2290130495,0.0,1.48,-7.51,-7.71,-18.7,-7.1,4,16.8,8.5,12.0,1.0,1.0,2290130495,,50.0,0.0,91bbc2a7e466,live,0.0,0.839965,0.425521,0.4,14.2969,,LIQUIDITY,0.4711,0.9163,0.839965,curve,0.0,zero-volume,inert,-0.9163,False,1.0,2026-09-28,absent,0.0,no-feed,,,,,,
2026-09-28,CHZ,198,156,14,0.01582691,166986885,16.81,2.61,0.61,9.23,-76.7,-12.1,4,11.1,7.0,21.2,1.0,1.0,166986885,-16.425,,,91bbc2a7e466,live,28072892,0.555671,0.347786,0.706921,13.6616,,CONFIRM,0.5306,1.0562,0.555671,curve,0.706921,curve,inert,-1.0562,False,1.0,2026-09-28,current,-4.65682,cold-no-rsi,gateio,3,104.919,8.0,SHORT_SQUEEZE_RISK,133344.16
2026-09-28,EURCV,181,157,14,1.14,190583183,11.71,0.46,-9.07,-9.57,-20.4,-8.6,4,11.4,8.0,17.8,1.0,1.0,190583183,,,,91bbc2a7e466,live,22311712,0.570021,0.401045,0.593491,13.5674,,CONFIRM,0.4574,0.9137,0.570021,curve,0.593491,curve,inert,-0.9137,False,1.0,2026-09-28,absent,-0.16742,no-feed,,,,,,
2026-09-28,KITE,127,158,14,0.137885,329962612,5.46,18.17,24.59,1.68,-63.4,-0.66,4,12.6,10.8,13.6,0.914,1.0,1379906164,10.95,,,91bbc2a7e466,live,18023349,0.629616,0.538056,0.454716,14.0796,,LIQUIDITY,0.402,0.7881,0.629616,curve,0.454716,curve,applied,-0.7881,False,1.0,2026-09-28,current,-7.14721,inert-band,gateio,1,,4.0,NEUTRAL,236462.64
2026-09-28,LUNC,140,159,14,5.393e-05,297245265,3.94,-0.56,-1.11,-4.68,2.85,-1.05,4,12.4,10.6,12.6,0.994,1.0,347808356,10.95,,,91bbc2a7e466,live,11706650,0.618279,0.531192,0.420853,13.7389,,LIQUIDITY,0.436,0.8655,0.618279,curve,0.420853,curve,applied,-0.8655,False,1.0,2026-09-28,current,-4.13134,inert-band,gateio,1,,8.0,NEUTRAL,248924.16
2026-09-28,XEC,196,160,14,8.4e-06,168765728,2.89,4.28,3.83,15.36,-14.26,3.23,4,11.1,12.2,12.0,1.0,1.0,168768983,,,,91bbc2a7e466,live,4877736,0.556821,0.607764,0.4,13.5366,,LIQUIDITY,0.4582,0.9163,0.556821,curve,0.397561,floor,inert,-0.9163,False,1.0,2026-09-28,absent,-4.94249,no-feed,,,,,,
2026-09-28,XTZ,125,161,14,0.311389,341710861,2.19,-8.13,6.27,36.58,-39.8,0.31,4,12.7,11.1,12.0,1.0,1.0,347932078,-7.884,,,91bbc2a7e466,live,7500355,0.633415,0.555664,0.4,14.0786,,LIQUIDITY,0.4674,0.9163,0.633415,curve,0.38211,floor,inert,-0.9163,False,1.0,2026-09-28,current,-4.11412,inert-band,gateio,2,59.7702,8.0,MILD_INVERSION,336400.92
2026-09-28,AWE,232,162,13,0.065908,128040627,2.78,5.53,1.41,-0.98,9.88,3.74,4,10.5,12.3,12.0,1.0,1.0,128040627,10.95,,,91bbc2a7e466,live,3557488,0.526837,0.616871,0.4,12.9996,,LIQUIDITY,0.4491,0.9163,0.526837,curve,0.395076,floor,inert,-0.9163,False,1.0,2026-09-28,current,-6.26841,inert-band,gateio,1,,8.0,NEUTRAL,21397.73
2026-09-28,BFUSD,61,163,13,0.999044,1318745288,0.22,1.42,-7.56,-7.77,-18.73,-7.15,4,15.6,8.5,12.0,1.0,1.0,1318745288,,,,91bbc2a7e466,live,2852224,0.78004,0.424643,0.4,13.2495,,LIQUIDITY,0.4533,0.9163,0.78004,curve,0.33814,floor,inert,-0.9163,False,1.0,2026-09-28,absent,-0.06478,no-feed,,,,,,
2026-09-28,BGB,57,164,13,1.99,1394946690,1.59,-2.12,-4.13,-3.36,-28.72,-8.25,4,15.7,8.1,12.0,0.9838,1.0,1815286468,,,,91bbc2a7e466,live,22208976,0.786139,0.406645,0.4,12.58,,LIQUIDITY,0.442,0.9163,0.786139,curve,0.368713,floor,applied,-0.9163,False,1.0,2026-09-28,absent,-3.1672,no-feed,,,,,,
2026-09-28,EURC,108,165,13,1.14,456830715,7.06,0.47,-9.04,-9.52,-20.31,-8.56,4,13.3,8.0,14.7,1.0,1.0,457645242,1.752,,,91bbc2a7e466,live,32233202,0.664939,0.401648,0.49013,13.0899,,CONFIRM,0.4486,0.9122,0.664939,curve,0.49013,curve,inert,-0.9122,False,1.0,2026-09-28,current,-0.18057,inert-band,coinbase,1,,1.0,NEUTRAL,1166120.2
2026-09-28,EURSAFO,53,166,13,1.15,1486015613,0.0,0.49,-8.95,-9.38,-18.7,-8.17,3,15.9,8.2,12.0,1.0,1.0,1486015613,,,,91bbc2a7e466,live,0.0,0.793006,0.407904,0.4,12.9388,,LIQUIDITY,0.4481,0.9163,0.793006,curve,0.0,zero-volume,inert,-0.9163,False,1.0,2026-09-28,absent,-0.48966,no-feed,,,,,,
2026-09-28,KCS,69,167,13,7.42,1018652520,0.29,2.57,-1.79,-1.01,-38.32,-7.59,4,15.0,8.3,12.0,1.0,1.0,1055787600,,,,91bbc2a7e466,live,2994572,0.752007,0.417379,0.4,12.5549,,LIQUIDITY,0.4416,0.9163,0.752007,curve,0.339866,floor,inert,-0.9163,False,1.0,2026-09-28,absent,1.18539,no-feed,,,,,,
2026-09-28,KOGE,164,168,13,67.57,228388221,0.03,-0.76,-9.92,-1.88,22.08,1.24,4,11.8,11.4,12.0,1.0,1.0,228388221,,,,91bbc2a7e466,live,69133,0.589668,0.572226,0.4,13.497,,LIQUIDITY,0.4575,0.9163,0.589668,curve,0.334006,floor,inert,-0.9163,False,1.0,2026-09-28,absent,-0.24936,no-feed,,,,,,
2026-09-28,NEXO,74,169,13,0.865709,865706813,0.43,2.03,-2.08,-1.77,-25.6,-5.47,4,14.7,9.1,12.0,1.0,1.0,865706813,,,,91bbc2a7e466,live,3746946,0.734343,0.453038,0.4,13.3074,,LIQUIDITY,0.4543,0.9163,0.734343,curve,0.342952,floor,inert,-0.9163,False,1.0,2026-09-28,absent,-0.19266,no-feed,,,,,,
2026-09-28,OHM,138,170,13,20.33,303280549,0.04,2.68,-6.97,-0.54,0.03,-1.07,4,12.4,10.6,12.0,0.9819,1.0,402962349,,,,91bbc2a7e466,live,117217,0.620461,0.530778,0.4,12.9346,,LIQUIDITY,0.448,0.9163,0.620461,curve,0.334192,floor,applied,-0.9163,False,1.0,2026-09-28,absent,0.43377,no-feed,,,,,,
2026-09-28,USDF,58,171,13,0.995903,1371790989,0.02,1.49,-7.56,-7.76,-18.8,-7.14,4,15.7,8.5,12.0,1.0,1.0,1371790989,,,,91bbc2a7e466,live,336223,0.784322,0.42484,0.4,13.3285,,LIQUIDITY,0.4547,0.9163,0.784322,curve,0.333878,floor,inert,-0.9163,False,1.0,2026-09-28,absent,-0.05055,no-feed,,,,,,
2026-09-28,USDGO,56,172,13,1.0,1405745323,1.58,1.48,-7.53,-7.73,-18.71,-7.11,4,15.7,8.5,12.0,1.0,1.0,1405745323,,,,91bbc2a7e466,live,22199796,0.786977,0.425321,0.4,13.3887,,LIQUIDITY,0.4557,0.9163,0.786977,curve,0.368427,floor,inert,-0.9163,False,1.0,2026-09-28,absent,0.02429,no-feed,,,,,,
2026-09-28,CASH,227,173,12,0.999506,132524688,9.67,1.48,-7.51,-7.73,-18.76,-7.12,4,10.6,8.5,16.4,1.0,1.0,132524688,,,,91bbc2a7e466,live,12812593,0.530574,0.42524,0.54818,12.3681,,CONFIRM,0.4091,0.8551,0.530574,curve,0.54818,curve,inert,-0.8551,False,1.0,2026-09-28,absent,-0.00351,no-feed,,,,,,
2026-09-28,DCR,131,174,12,18.13,319585575,0.69,4.04,0.05,20.57,-50.25,-3.68,4,12.5,9.7,12.0,1.0,1.0,319587778,,,,91bbc2a7e466,live,2199201,0.626147,0.484164,0.4,12.1263,,LIQUIDITY,0.4343,0.9163,0.626147,curve,0.348625,floor,inert,-0.9163,False,1.0,2026-09-28,absent,0.19253,no-feed,,,,,,
2026-09-28,EDGE,177,175,12,0.566163,198184196,1.7,-4.96,-16.66,41.06,-18.7,0.87,3,11.5,11.3,12.0,0.9271,1.0,566240561,10.95,,,91bbc2a7e466,live,3361640,0.574267,0.565664,0.4,12.0465,,LIQUIDITY,0.4329,0.9163,0.574267,curve,0.371027,floor,applied,-0.9163,False,1.0,2026-09-28,current,-8.11497,inert-band,gateio,1,,4.0,NEUTRAL,32575.03
2026-09-28,EUTBL,81,176,12,1.2,730447353,0.0,0.5,-8.94,-9.4,-19.2,-8.27,4,14.3,8.1,12.0,1.0,1.0,730447353,,,,91bbc2a7e466,live,0.0,0.715897,0.406276,0.4,11.6341,,LIQUIDITY,0.4259,0.9163,0.715897,curve,0.0,zero-volume,inert,-0.9163,False,1.0,2026-09-28,absent,-0.48966,no-feed,,,,,,
2026-09-28,GHO,85,177,12,0.999217,698563264,0.93,1.51,-7.46,-7.73,-18.76,-7.1,4,14.2,8.5,12.0,1.0,1.0,698563264,,,,91bbc2a7e466,live,6522392,0.711051,0.425608,0.4,12.1052,,LIQUIDITY,0.4339,0.9163,0.711051,curve,0.354082,floor,inert,-0.9163,False,1.0,2026-09-28,absent,0.00959,no-feed,,,,,,
2026-09-28,JAAA,93,178,12,1.051,582088585,0.0,1.55,-7.36,-7.32,-16.19,-6.44,4,13.8,8.7,12.0,1.0,1.0,582088585,,,,91bbc2a7e466,live,0.0,0.691247,0.436549,0.4,12.0705,,LIQUIDITY,0.4334,0.9163,0.691247,curve,0.0,zero-volume,inert,-0.9163,False,1.0,2026-09-28,absent,0.0118,no-feed,,,,,,
2026-09-28,REUSD,143,179,12,1.1,293764664,0.53,1.61,-7.24,-7.12,1.64,-2.78,4,12.3,10.0,12.0,1.0,1.0,293764664,,,,91bbc2a7e466,live,1547996,0.617,0.50017,0.4,12.3442,,LIQUIDITY,0.438,0.9163,0.617,curve,0.345043,floor,inert,-0.9163,False,1.0,2026-09-28,absent,0.03096,no-feed,,,,,,
2026-09-28,SFP,213,180,12,0.298718,149358999,1.09,-0.39,-1.15,10.06,-14.68,-0.83,4,10.9,10.7,12.0,1.0,1.0,149358999,10.95,,,91bbc2a7e466,live,1624059,0.543558,0.535107,0.4,11.6345,,LIQUIDITY,0.4259,0.9163,0.543558,curve,0.357497,floor,inert,-0.9163,False,1.0,2026-09-28,current,-3.99657,inert-band,gateio,1,,8.0,NEUTRAL,13143.04
2026-09-28,USD0,96,181,12,0.998803,546188101,0.09,1.47,-7.52,-7.82,-18.66,-7.13,4,13.7,8.5,12.0,1.0,1.0,546188101,,,,91bbc2a7e466,live,515391,0.684336,0.425087,0.4,11.6361,,LIQUIDITY,0.426,0.9163,0.684336,curve,0.33543,floor,inert,-0.9163,False,1.0,2026-09-28,absent,-0.02981,no-feed,,,,,,
2026-09-28,USTB,79,182,12,11.22,752425104,0.0,1.55,-7.37,-7.44,-16.82,-6.6,4,14.4,8.7,12.0,1.0,1.0,752425104,,,,91bbc2a7e466,live,0.0,0.719116,0.433858,0.4,12.4798,,LIQUIDITY,0.4403,0.9163,0.719116,curve,0.0,zero-volume,inert,-0.9163,False,1.0,2026-09-28,absent,0.00973,no-feed,,,,,,
2026-09-28,1INCH,219,183,11,0.099424,139776235,7.39,-0.74,0.62,7.31,-48.3,-7.9,4,10.7,8.2,14.9,1.0,1.0,149166360,10.95,,,91bbc2a7e466,live,10329594,0.536358,0.412396,0.497558,11.0056,,CONFIRM,0.4014,0.8858,0.536358,curve,0.497558,curve,inert,-0.8858,False,1.0,2026-09-28,current,-3.64643,inert-band,gateio,3,63.2828,8.0,NEUTRAL,101987.46
2026-09-28,A7A5,107,184,11,0.01175222,461121338,0.0,-0.39,-5.98,-6.88,-25.89,-8.51,4,13.3,8.0,12.0,1.0,1.0,461121338,,,,91bbc2a7e466,live,752.78,0.665954,0.402476,0.4,10.7212,,LIQUIDITY,0.4104,0.9163,0.665954,curve,0.333337,floor,inert,-0.9163,False,1.0,2026-09-28,absent,0.36719,no-feed,,,,,,
2026-09-28,APXUSD,134,185,11,0.985955,318016178,0.17,1.62,-6.99,-6.25,-20.46,-6.92,4,12.5,8.6,12.0,1.0,1.0,318016178,,,,91bbc2a7e466,live,537496,0.625612,0.428594,0.4,10.7254,,LIQUIDITY,0.4104,0.9163,0.625612,curve,0.337089,floor,inert,-0.9163,False,1.0,2026-09-28,absent,0.44311,no-feed,,,,,,
2026-09-28,CRVUSD,167,186,11,0.999581,223096815,5.34,1.51,-7.5,-7.74,-18.5,-7.06,4,11.7,8.5,13.6,1.0,1.0,222820796,,,,91bbc2a7e466,live,11904629,0.587123,0.426229,0.451913,11.3091,,CONFIRM,0.3913,0.8528,0.587123,curve,0.451913,curve,inert,-0.8528,False,1.0,2026-09-28,absent,-0.02655,no-feed,,,,,,
2026-09-28,EGLD,220,187,11,4.51,139088995,3.09,7.16,0.88,23.38,-46.68,-1.12,4,10.7,10.6,12.1,1.0,1.0,139088995,10.95,,,91bbc2a7e466,live,4298498,0.535823,0.529814,0.40201,11.4125,,LIQUIDITY,0.4199,0.9113,0.535823,curve,0.40201,curve,inert,-0.9113,False,1.0,2026-09-28,current,-1.80377,inert-band,gateio,2,212.5102,8.0,NEUTRAL,211574.0
2026-09-28,GLM,234,188,11,0.12728,127387578,1.75,4.65,2.08,4.98,-19.78,-0.8,4,10.5,10.7,12.0,1.0,1.0,127387578,10.95,,,91bbc2a7e466,live,2231080,0.526282,0.535675,0.4,11.2766,,LIQUIDITY,0.4198,0.9163,0.526282,curve,0.372254,floor,inert,-0.9163,False,1.0,2026-09-28,current,-0.91412,inert-band,gateio,1,,4.0,NEUTRAL,29089.32
2026-09-28,GNO,135,189,11,120.25,317358004,0.76,3.38,-4.67,-5.58,-25.8,-6.71,4,12.5,8.6,12.0,0.9968,1.0,360690249,,,,91bbc2a7e466,live,2417898,0.625387,0.432091,0.4,10.7744,,LIQUIDITY,0.4113,0.9163,0.625387,curve,0.350264,floor,applied,-0.9163,False,1.0,2026-09-28,absent,0.67799,no-feed,,,,,,
2026-09-28,JTRSY,129,190,11,1.12,327035582,0.0,1.54,-7.39,-7.45,-16.84,-6.61,4,12.6,8.7,12.0,1.0,1.0,327035582,,,,91bbc2a7e466,live,0.0,0.628649,0.433649,0.4,10.9045,,LIQUIDITY,0.4135,0.9163,0.628649,curve,0.0,zero-volume,inert,-0.9163,False,1.0,2026-09-28,absent,0.02802,no-feed,,,,,,
2026-09-28,M,33,191,11,1.17,2670949018,0.06,-21.59,-3.17,5.94,-33.96,-12.58,4,17.1,6.8,12.0,0.9366,1.0,6349343160,10.95,,,91bbc2a7e466,live,1689629,0.856666,0.340961,0.4,10.9428,,CONFIRM,0.4863,1.076,0.856666,curve,0.334739,floor,applied,-1.076,False,1.0,2026-09-28,current,-1.59459,inert-band,gateio,1,,8.0,NEUTRAL,951082.16
2026-09-28,MX,194,192,11,1.88,172254844,4.76,-0.71,-0.8,-0.58,-14.22,-3.4,4,11.2,9.8,13.2,0.9125,1.0,767188091,,,,91bbc2a7e466,live,8196771,0.559043,0.489149,0.439078,10.9562,,LIQUIDITY,0.3722,0.8231,0.559043,curve,0.439078,curve,applied,-0.8231,False,1.0,2026-09-28,absent,-0.42165,no-feed,,,,,,
2026-09-28,NEO,187,193,11,2.54,179040444,3.18,3.4,5.34,14.64,-44.05,-2.79,4,11.3,10.0,12.1,0.9759,1.0,253850056,10.95,,,91bbc2a7e466,live,5696353,0.563238,0.49997,0.404036,11.1035,,LIQUIDITY,0.4123,0.9063,0.563238,curve,0.404036,curve,applied,-0.9063,False,1.0,2026-09-28,current,-4.67829,inert-band,gateio,3,247.2541,8.0,NEUTRAL,137723.08
2026-09-28,OUSG,136,194,11,116.68,315317256,0.0,1.55,-7.38,-7.45,-16.84,-6.61,4,12.5,8.7,12.0,1.0,1.0,315317256,,,,91bbc2a7e466,live,0.0,0.624687,0.43373,0.4,10.8378,,LIQUIDITY,0.4123,0.9163,0.624687,curve,0.0,zero-volume,inert,-0.9163,False,1.0,2026-09-28,absent,0.0,no-feed,,,,,,
2026-09-28,RLB,235,195,11,0.080532,126032209,0.1,3.52,-5.82,-6.46,3.19,-1.37,4,10.5,10.5,12.0,1.0,1.0,126034312,0.0,,,91bbc2a7e466,live,122797,0.52512,0.525283,0.4,11.0335,,LIQUIDITY,0.4157,0.9163,0.52512,curve,0.335499,floor,inert,-0.9163,False,1.0,2026-09-28,current,-0.81968,inert-band,hyperliquid,1,,1.0,NEUTRAL,
2026-09-28,SOFID,130,196,11,0.99963,325929911,2.39,1.51,-7.49,-7.72,-18.7,-7.09,3,12.6,8.5,12.0,1.0,1.0,325929911,,,,91bbc2a7e466,live,7781543,0.628281,0.42565,0.4,10.6971,,LIQUIDITY,0.4099,0.9163,0.628281,curve,0.386389,floor,inert,-0.9163,False,1.0,2026-09-28,absent,0.02362,no-feed,,,,,,
2026-09-28,STABLE,84,197,11,0.02679398,716598485,1.27,6.89,-13.94,-4.26,-24.1,-7.3,4,14.3,8.4,12.0,0.917,1.0,2681085131,10.95,21.23,-0.0466,91bbc2a7e466,live,9116493,0.713819,0.422168,0.4,11.0536,,LIQUIDITY,0.416,0.9163,0.713819,curve,0.361604,floor,applied,-0.9163,False,1.0,2026-09-28,current,-1.67551,inert-band,gateio,2,0.0,4.0,NEUTRAL,141948.23
2026-09-28,SYRUP,154,198,11,0.214686,250534534,4.08,-7.8,-8.59,14.43,-33.69,-7.62,4,12.0,8.3,12.7,1.0,1.0,267148279,10.95,,,91bbc2a7e466,live,10210851,0.599717,0.416974,0.423903,10.6004,,CONFIRM,0.3898,0.8747,0.599717,curve,0.423903,curve,inert,-0.8747,False,1.0,2026-09-28,current,-2.0052,inert-band,gateio,3,92.6212,8.0,NEUTRAL,302636.58
2026-09-28,TRAC,205,199,11,0.355302,158877899,3.02,2.17,2.73,-1.95,-16.36,-2.43,4,11.0,10.1,12.0,0.9984,1.0,177606856,,,,91bbc2a7e466,live,4805240,0.550266,0.506455,0.400544,11.1447,,LIQUIDITY,0.417,0.9149,0.550266,curve,0.400544,curve,applied,-0.9149,False,1.0,2026-09-28,absent,-3.69672,no-feed,,,,,,
2026-09-28,USDTB,103,200,11,0.999682,491725363,0.01,1.5,-7.53,-7.75,-18.69,-7.11,4,13.5,8.5,12.0,1.0,1.0,491725363,,,,91bbc2a7e466,live,35177,0.672931,0.425406,0.4,11.4508,,LIQUIDITY,0.4228,0.9163,0.672931,curve,0.333492,floor,inert,-0.9163,False,1.0,2026-09-28,absent,-0.01086,no-feed,,,,,,
2026-09-28,YLDS,102,201,11,0.999768,494545588,1.6,1.48,-7.5,-7.74,-18.73,-7.11,4,13.5,8.5,12.0,1.0,1.0,494545588,,,,91bbc2a7e466,live,7918638,0.673552,0.425322,0.4,11.4591,,LIQUIDITY,0.423,0.9163,0.673552,curve,0.368915,floor,inert,-0.9163,False,1.0,2026-09-28,absent,-0.00301,no-feed,,,,,,
2026-09-28,ZBCN,175,202,11,0.00203202,203247832,4.2,-0.3,6.56,-3.42,-34.29,-6.16,4,11.5,8.8,12.8,1.0,1.0,203247832,10.95,,,91bbc2a7e466,live,8543057,0.577006,0.441289,0.426739,10.8659,,LIQUIDITY,0.3837,0.8516,0.577006,curve,0.426739,curve,inert,-0.8516,False,1.0,2026-09-28,current,-3.68288,inert-band,gateio,1,,4.0,NEUTRAL,42783.49
2026-09-28,APYUSD,195,203,10,1.39,169457271,0.07,2.51,-6.85,-6.58,-18.7,-6.34,3,11.1,8.8,12.0,1.0,1.0,169457271,,,,91bbc2a7e466,live,117483,0.557265,0.43823,0.4,9.7684,,LIQUIDITY,0.3939,0.9163,0.557265,curve,0.334874,floor,inert,-0.9163,False,1.0,2026-09-28,absent,0.40996,no-feed,,,,,,
2026-09-28,AUSD,168,204,10,0.999758,222642885,2.52,1.47,-7.53,-7.75,-18.75,-7.13,4,11.7,8.5,12.0,1.0,1.0,222642885,,,,91bbc2a7e466,live,5601713,0.586902,0.42506,0.4,9.9787,,LIQUIDITY,0.3976,0.9163,0.586902,curve,0.389245,floor,inert,-0.9163,False,1.0,2026-09-28,absent,-0.01986,no-feed,,,,,,
2026-09-28,BDX,92,205,10,0.076059,598590161,0.68,0.81,-8.11,-12.94,-24.58,-9.94,4,13.9,7.6,12.0,0.9867,1.0,755924785,,,,91bbc2a7e466,live,4093151,0.694282,0.38002,0.4,10.4133,,CONFIRM,0.4277,0.9675,0.694282,curve,0.348529,floor,applied,-0.9675,False,1.0,2026-09-28,absent,-0.51498,no-feed,,,,,,
2026-09-28,BTSE,200,206,10,1.025,166169014,0.17,-0.92,-9.77,39.4,-56.66,-4.2,4,11.1,9.5,12.0,0.9889,1.0,205069079,,,,91bbc2a7e466,live,285861,0.555138,0.475122,0.4,10.4332,,LIQUIDITY,0.4054,0.9163,0.555138,curve,0.337156,floor,applied,-0.9163,False,1.0,2026-09-28,absent,2.42373,no-feed,,,,,,
2026-09-28,CFX,147,207,10,0.053976,283009286,3.03,1.41,7.39,12.44,-68.02,-8.22,4,12.3,8.1,12.0,1.0,1.0,283025537,-3.3945,,,91bbc2a7e466,live,8564764,0.61295,0.407111,0.400585,9.9962,,LIQUIDITY,0.3972,0.9148,0.61295,curve,0.400585,curve,inert,-0.9148,False,1.0,2026-09-28,current,-4.11254,inert-band,gateio,4,66.4665,8.0,MILD_INVERSION,559142.66
2026-09-28,CVX,182,208,10,2.03,189250402,6.73,0.09,-5.79,-16.08,-24.61,-10.36,4,11.4,7.5,14.5,1.0,1.0,203054849,10.95,,,91bbc2a7e466,live,12732288,0.569259,0.373469,0.482839,10.2652,,CONFIRM,0.4327,0.9849,0.569259,curve,0.482839,curve,inert,-0.9849,False,1.0,2026-09-28,current,-5.61243,inert-band,gateio,2,35.1062,8.0,NEUTRAL,44871.49
2026-09-28,FLR,90,209,10,0.00711874,619041749,0.91,5.4,2.06,5.78,-76.5,-11.72,4,14.0,7.1,12.0,0.9895,1.0,759248656,-94.827,,,91bbc2a7e466,live,5623461,0.69793,0.353251,0.4,9.7582,,CONFIRM,0.4472,1.0406,0.69793,curve,0.35352,floor,applied,-1.0406,False,1.0,2026-09-28,current,-3.44005,cold-no-rsi,gateio,1,,8.0,SHORT_SQUEEZE_RISK,34375.92
2026-09-28,KAIA,169,210,10,0.03406467,218963199,3.1,9.45,7.0,6.85,-66.45,-6.99,4,11.7,8.5,12.1,1.0,1.0,218963298,10.95,,,91bbc2a7e466,live,6797308,0.585093,0.427302,0.402318,10.0584,,LIQUIDITY,0.3964,0.9105,0.585093,curve,0.402318,curve,inert,-0.9105,False,1.0,2026-09-28,current,-5.50865,inert-band,gateio,2,95.9567,4.0,NEUTRAL,49563.83
2026-09-28,PC0000031,176,211,10,1.0,202500000,0.0,1.48,-7.51,-7.71,-18.7,-7.1,4,11.5,8.5,12.0,1.0,1.0,202500000,,,,91bbc2a7e466,live,0.0,0.576606,0.425521,0.4,9.8143,,LIQUIDITY,0.3947,0.9163,0.576606,curve,0.0,zero-volume,inert,-0.9163,False,1.0,2026-09-28,absent,0.0,no-feed,,,,,,
2026-09-28,SAFO,173,212,10,1.022,206257442,0.0,1.56,-7.35,-7.4,-18.7,-6.96,3,11.6,8.6,12.0,1.0,1.0,206257442,,,,91bbc2a7e466,live,0.0,0.578602,0.4279,0.4,9.9034,,LIQUIDITY,0.3963,0.9163,0.578602,curve,0.0,zero-volume,inert,-0.9163,False,1.0,2026-09-28,absent,0.0,no-feed,,,,,,
2026-09-28,USAT,186,213,10,0.999321,183200050,0.19,1.52,-7.53,-7.7,-18.77,-7.11,4,11.3,8.5,12.0,1.0,1.0,183200050,,,,91bbc2a7e466,live,345435,0.565731,0.4254,0.4,9.6265,,LIQUIDITY,0.3915,0.9163,0.565731,curve,0.337523,floor,inert,-0.9163,False,1.0,2026-09-28,absent,0.03153,no-feed,,,,,,
2026-09-28,USDAI,170,214,10,1.0,218620400,0.27,1.53,-7.45,-7.73,-18.67,-7.07,4,11.7,8.5,12.0,1.0,1.0,218620400,,,,91bbc2a7e466,live,580390,0.584923,0.426009,0.4,9.9673,,LIQUIDITY,0.3974,0.9163,0.584923,curve,0.339233,floor,inert,-0.9163,False,1.0,2026-09-28,absent,0.00685,no-feed,,,,,,
2026-09-28,USTBL,197,215,10,1.097,167854827,0.0,1.54,-7.38,-7.46,-16.83,-6.61,4,11.1,8.7,12.0,1.0,1.0,167854827,,,,91bbc2a7e466,live,0.0,0.556233,0.433651,0.4,9.6484,,LIQUIDITY,0.3918,0.9163,0.556233,curve,0.0,zero-volume,inert,-0.9163,False,1.0,2026-09-28,absent,0.0,no-feed,,,,,,
2026-09-28,USX,171,216,10,0.999311,215113396,0.71,1.45,-7.51,-7.75,-18.76,-7.13,4,11.7,8.5,12.0,1.0,1.0,215113396,,,,91bbc2a7e466,live,1528480,0.583167,0.424995,0.4,9.9137,,LIQUIDITY,0.3964,0.9163,0.583167,curve,0.349123,floor,inert,-0.9163,False,1.0,2026-09-28,absent,0.0089,no-feed,,,,,,
2026-09-28,BORG,192,217,9,0.176553,173187037,0.19,1.75,-3.34,-10.87,-29.69,-8.97,4,11.2,7.9,12.0,1.0,1.0,173187037,,,,91bbc2a7e466,live,336125,0.559629,0.395181,0.4,8.8462,,CONFIRM,0.3828,0.9284,0.559629,curve,0.337646,floor,inert,-0.9284,False,1.0,2026-09-28,absent,-2.64575,no-feed,,,,,,
2026-09-28,JPYC,224,218,9,0.00632179,134561943,1.31,1.96,-9.57,-6.47,-18.05,-7.03,4,10.6,8.5,12.0,1.0,1.0,134561943,,,,91bbc2a7e466,live,1764457,0.532231,0.426665,0.4,9.0834,,LIQUIDITY,0.382,0.9163,0.532231,curve,0.362472,floor,inert,-0.9163,False,1.0,2026-09-28,absent,-0.2838,no-feed,,,,,,
2026-09-28,JPYSC,233,219,9,0.0063649,127610639,0.0,1.45,-9.21,-5.89,-18.7,-7.08,3,10.5,8.5,12.0,1.0,1.0,127610639,,,,91bbc2a7e466,live,0.0,0.526472,0.425863,0.4,8.9682,,LIQUIDITY,0.38,0.9163,0.526472,curve,0.0,zero-volume,inert,-0.9163,False,1.0,2026-09-28,absent,0.08494,no-feed,,,,,,
2026-09-28,NFT,159,220,9,2.41159e-07,238774271,3.26,2.96,-3.79,-7.05,-46.65,-11.15,4,11.9,7.2,12.2,1.0,1.0,238774271,,,,91bbc2a7e466,live,7775619,0.594497,0.361594,0.405699,8.7212,,CONFIRM,0.417,1.0172,0.594497,curve,0.405699,curve,inert,-1.0172,False,1.0,2026-09-28,absent,-0.56558,no-feed,,,,,,
2026-09-28,PC0000033,201,221,9,1.0,162500000,0.0,1.48,-7.51,-7.71,-18.7,-7.1,4,11.1,8.5,12.0,1.0,1.0,162500000,,,,91bbc2a7e466,live,0.0,0.552713,0.425521,0.4,9.4076,,LIQUIDITY,0.3877,0.9163,0.552713,curve,0.0,zero-volume,inert,-0.9163,False,1.0,2026-09-28,absent,0.0,no-feed,,,,,,
2026-09-28,PC0000097,226,222,9,1.0,134000000,0.0,1.48,-7.51,-7.71,-18.7,-7.1,4,10.6,8.5,12.0,1.0,1.0,0.0,,,,91bbc2a7e466,live,0.0,0.531776,0.425521,0.4,9.0513,,LIQUIDITY,0.3814,0.9163,0.531776,curve,0.0,zero-volume,unpublished,-0.9163,False,1.0,2026-09-28,absent,0.0,no-feed,,,,,,
2026-09-28,SAND,231,223,9,0.04391883,129077192,22010.79,6.67,16.7,4.38,-76.83,-8.09,4,10.6,8.2,12.0,1.0,1.0,131817246,3.3945,,,91bbc2a7e466,live,28410913200,0.527712,0.409198,0.4,8.6376,,LIQUIDITY,0.3741,0.9163,0.527712,curve,0.066667,floor,inert,-0.9163,False,1.0,2026-09-28,current,-1.9143,inert-band,gateio,3,48.3412,8.0,NEUTRAL,265406.65
2026-09-28,VSN,199,224,9,0.04388949,166450830,1.65,2.11,-3.12,-0.05,-40.59,-8.28,4,11.1,8.1,12.0,0.9994,1.0,184305996,,,,91bbc2a7e466,live,2746576,0.555321,0.406214,0.4,9.0178,,LIQUIDITY,0.3808,0.9163,0.555321,curve,0.370002,floor,applied,-0.9163,False,1.0,2026-09-28,absent,0.38053,no-feed,,,,,,
2026-09-28,COCO,204,225,8,0.161437,161452608,0.02,-0.53,-10.73,-10.28,-32.79,-11.97,4,11.0,7.0,12.0,1.0,1.0,161452608,,,,91bbc2a7e466,live,39918,0.552011,0.349645,0.4,7.7203,,CONFIRM,0.4103,1.0508,0.552011,curve,0.333883,floor,inert,-1.0508,False,1.0,2026-09-28,absent,-1.04305,no-feed,,,,,,
2026-09-28,STRCX,216,226,8,99.03,144455622,0.03,1.97,-13.69,-12.67,-20.06,-10.01,4,10.8,7.6,12.0,0.9499,1.0,280387864,,,,91bbc2a7e466,live,41576,0.539934,0.378873,0.4,7.7727,,CONFIRM,0.3799,0.9706,0.539934,curve,0.333973,floor,applied,-0.9706,False,1.0,2026-09-28,absent,-6.12966,no-feed,,,,,,
2026-09-28,WLFI,49,227,8,0.056592,1798557108,2.64,-1.03,-8.42,-9.65,-62.73,-17.37,4,16.3,5.6,12.0,0.923,1.0,5659695323,0.876,,,91bbc2a7e466,live,47399371,0.813731,0.279501,0.4,8.397,,CONFIRM,0.5146,1.2747,0.813731,curve,0.391898,floor,applied,-1.2747,False,1.0,2026-09-28,current,-2.31368,inert-band,gateio,5,518.7017,4.0,NEUTRAL,1689052.82
2026-09-28,B,188,228,7,0.178739,178708168,2.51,-13.89,-28.57,19.45,-34.26,-13.3,4,11.3,6.6,12.0,1.0,1.0,178708168,10.95,,,91bbc2a7e466,live,4493338,0.563036,0.330879,0.4,7.4519,,CONFIRM,0.4259,1.106,0.563036,curve,0.389208,floor,inert,-1.106,False,1.0,2026-09-28,current,-4.24123,inert-band,gateio,1,,4.0,NEUTRAL,1441718.19
2026-09-28,KAG,162,229,7,61.65,229459451,0.38,-6.28,-9.36,-14.64,-47.64,-17.41,4,11.8,5.6,12.0,1.0,1.0,225900595,,,,91bbc2a7e466,live,865069,0.590176,0.279029,0.4,6.5871,,CONFIRM,0.4693,1.2764,0.590176,curve,0.341711,floor,inert,-1.2764,False,1.0,2026-09-28,absent,-2.07952,no-feed,,,,,,
2026-09-28,KAU,132,230,7,133.85,319399983,0.04,-3.76,-10.09,-15.23,-38.7,-15.2,4,12.5,6.1,12.0,0.9616,1.0,533556048,,,,91bbc2a7e466,live,141081,0.626084,0.30579,0.4,7.3639,,CONFIRM,0.4542,1.1849,0.626084,curve,0.334315,floor,applied,-1.1849,False,1.0,2026-09-28,absent,-4.12658,no-feed,,,,,,
2026-09-28,PI,70,231,7,0.089597,1007483507,0.73,2.36,-15.31,-10.1,-82.75,-22.2,4,15.0,4.6,12.0,0.9686,1.0,1549974627,10.95,,,91bbc2a7e466,live,7320335,0.750809,0.230347,0.4,6.7007,,CONFIRM,0.5432,1.4682,0.750809,curve,0.34948,floor,applied,-1.4682,False,1.0,2026-09-28,current,-1.83778,inert-band,gateio,1,,4.0,NEUTRAL,1346430.31
2026-09-28,SPX,116,232,6,0.422203,393247883,2.48,-14.04,-21.57,-27.5,-23.02,-21.08,4,13.0,4.8,12.0,1.0,1.0,393247883,-7.665,38.14,0.6529,91bbc2a7e466,live,9766089,0.648667,0.240606,0.4,6.2429,,CONFIRM,0.5136,1.4246,0.648667,curve,0.388521,floor,inert,-1.4246,False,1.0,2026-09-28,current,-5.93227,inert-band,gateio,3,86.3795,4.0,MILD_INVERSION,458686.8
2026-09-28,H,218,233,5,0.069745,142945774,2.05,4.52,-24.64,-17.02,-65.56,-22.17,4,10.8,4.6,12.0,0.9105,1.0,698181476,10.95,,,91bbc2a7e466,live,2933561,0.538793,0.230609,0.4,4.5252,,CONFIRM,0.4739,1.467,0.538793,curve,0.378938,floor,applied,-1.467,False,1.0,2026-09-28,current,-0.7863,inert-band,gateio,1,,4.0,NEUTRAL,1356898.45
2026-09-28,ULTIMA,208,234,5,1808.22,153172726,4.6,-2.64,-15.43,-28.62,-77.42,-27.29,4,10.9,3.8,13.1,0.9932,1.0,180824392,,,,91bbc2a7e466,live,7042990,0.546295,0.191142,0.435513,4.5167,,CONFIRM,0.5342,1.6547,0.546295,curve,0.435513,curve,applied,-1.6547,False,1.0,2026-09-28,absent,-1.02814,no-feed,,,,,,
2026-09-28,HASH,120,235,4,0.00631354,368811554,0.0,-14.49,-15.79,-29.73,-72.66,-30.26,4,12.8,3.5,12.0,0.9638,1.0,599653046,,,,91bbc2a7e466,live,3742.05,0.641701,0.173445,0.4,4.2908,,CONFIRM,0.5564,1.7519,0.641701,curve,0.333356,floor,applied,-1.7519,False,1.0,2026-09-28,absent,-13.43413,no-feed,,,,,,
2026-09-29,ZEC,7,1,100,1444.24,24497309764,6.28,-1.81,17.34,64.38,552.23,130.33,4,20.0,20.0,30.0,1.0,1.0,24497582872,10.731,49.1,2.5475,91bbc2a7e466,live,1539214248,1.0,0.999973,1.0,99.9973,,CONFIRM,1.0,0.0,1.09728,cap,0.47296,bypass,inert,-0.0,False,1.0,2026-09-29,current,-9.32451,inert-band,gateio,5,99.9568,8.0,NEUTRAL,168101636.86
2026-09-29,NEAR,18,2,95,4.86,6352452593,21.48,10.73,95.78,152.8,247.84,114.93,4,19.0,20.0,30.0,1.0,1.0,6352452938,1.8615,69.73,2.5049,91bbc2a7e466,live,1364669251,0.950735,0.999909,1.0,95.0648,,DEPTH,0.9982,0.0505,0.950735,curve,0.810723,bypass,inert,-0.0505,False,1.0,2026-09-29,current,-6.52809,inert-band,gateio,6,26.28,8.0,NEUTRAL,100936503.54
2026-09-29,UNI,20,3,90,9.06,5623202175,17.61,7.07,27.27,77.95,98.87,48.2,4,18.7,19.6,30.0,0.975,1.0,8045499620,8.4315,56.81,2.0368,91bbc2a7e466,live,990067508,0.937496,0.981354,1.0,89.7015,,DEPTH,0.5939,0.0645,0.937496,curve,0.724596,bypass,applied,-0.0645,False,1.0,2026-09-29,current,0.08346,inert-band,gateio,6,27.156,8.0,NEUTRAL,74898826.63
2026-09-29,LINK,11,4,89,15.25,11409448798,12.17,20.8,25.4,26.97,38.02,26.93,4,20.0,18.1,30.0,0.9813,1.0,15251235461,7.3365,81.22,1.4633,91bbc2a7e466,live,1388418783,1.0,0.906505,1.0,88.9553,,CONFIRM,0.8387,0.0982,1.014316,cap,0.603756,bypass,applied,-0.0982,False,1.0,2026-09-29,current,3.86419,inert-band,gateio,6,15.768,8.0,NEUTRAL,81486514.5
2026-09-29,HBAR,24,5,86,0.114298,5009339350,19.26,28.32,43.05,49.76,4.72,32.64,4,18.5,18.8,30.0,0.9965,1.0,5714287398,10.95,85.26,,91bbc2a7e466,live,964687973,0.924945,0.938433,1.0,86.4961,,DEPTH,0.5378,0.078,0.924945,curve,0.761284,bypass,applied,-0.078,False,1.0,2026-09-29,current,-5.18618,inert-band,gateio,5,80.8936,8.0,NEUTRAL,2113392.73
2026-09-29,AVAX,22,6,85,11.69,5181326988,19.91,10.45,48.17,52.77,1.59,28.69,4,18.6,18.4,30.0,1.0,1.0,5493179654,10.95,77.17,2.5013,91bbc2a7e466,live,1031451414,0.92861,0.917613,1.0,85.2105,,CONFIRM,0.5372,0.086,0.92861,curve,0.775713,bypass,inert,-0.086,False,1.0,2026-09-29,current,10.64166,inert-band,gateio,6,24.761,8.0,NEUTRAL,41416245.0
2026-09-29,HYPE,9,7,80,88.28,19644314513,3.73,-5.01,2.17,-1.69,121.4,22.9,4,20.0,17.5,30.0,0.9133,1.0,84363741522,10.95,47.99,1.5435,91bbc2a7e466,live,733650924,1.0,0.875769,1.0,79.9839,,CONFIRM,0.5939,0.1327,1.073309,cap,0.416326,bypass,applied,-0.1327,False,1.0,2026-09-29,current,-2.21375,inert-band,gateio,5,42.8875,4.0,NEUTRAL,111221852.53
2026-09-29,SUI,25,8,80,1.18,4823058023,28.09,18.64,56.5,51.4,-5.62,31.44,4,18.4,18.7,30.0,0.9351,1.0,11773500032,10.95,74.42,1.9557,91bbc2a7e466,live,1354806623,0.920831,0.932682,1.0,80.3104,,DEPTH,0.3762,0.0825,0.920831,curve,0.95756,bypass,applied,-0.0825,False,1.0,2026-09-29,current,-1.20374,inert-band,gateio,6,116.508,8.0,NEUTRAL,89187550.93
2026-09-29,LTC,21,9,79,68.65,5331049941,9.13,16.65,21.77,32.22,6.92,19.87,4,18.6,17.0,30.0,1.0,1.0,5331071821,10.95,68.14,0.7059,91bbc2a7e466,live,486915531,0.931703,0.847549,1.0,78.9664,,CONFIRM,0.7004,0.1654,0.931703,curve,0.536302,bypass,inert,-0.1654,False,1.0,2026-09-29,current,-3.184,inert-band,gateio,6,76.2408,8.0,NEUTRAL,49426717.15
2026-09-29,QNT,27,10,78,253.24,3678472897,24.23,262.71,288.7,296.41,248.5,274.79,4,17.8,20.0,26.2,1.0,1.0,3695751402,-13.2495,,,91bbc2a7e466,live,891366570,0.891417,1.0,0.871822,77.7157,,LIQUIDITY,0.5441,0.1372,0.891417,curve,0.871822,curve,inert,-0.1372,False,1.0,2026-09-29,current,6.95505,inert-band,gateio,2,191.2416,8.0,MILD_INVERSION,2389390.8
2026-09-29,XLM,17,11,78,0.232684,8149296054,9.66,13.34,10.51,22.46,25.56,17.36,4,19.6,16.4,30.0,0.9752,1.0,11637820176,10.95,72.36,1.7201,91bbc2a7e466,live,787560446,0.97778,0.820331,1.0,78.2211,,CONFIRM,0.8063,0.198,0.97778,curve,0.548092,bypass,applied,-0.198,False,1.0,2026-09-29,current,2.34836,inert-band,gateio,5,20.058,8.0,NEUTRAL,3100065.39
2026-09-29,SOL,5,12,70,120.63,70901733076,5.17,4.63,9.5,6.34,16.65,8.68,4,20.0,14.0,30.0,1.0,1.0,76578447918,1.314,65.05,1.4318,91bbc2a7e466,live,3664445970,1.0,0.700227,1.0,70.0227,,CONFIRM,1.0,0.3564,1.212664,cap,0.448185,bypass,inert,-0.3564,True,1.0,2026-09-29,current,0.60114,inert-band,gateio,6,16.7975,8.0,NEUTRAL,418786151.5
2026-09-29,CC,23,13,69,0.130349,5176802151,0.72,12.61,27.89,2.68,-26.65,6.1,4,18.6,13.2,30.0,1.0,1.131,5176802151,-42.048,62.43,0.0945,91bbc2a7e466,live,37202694,0.928515,0.657603,1.0,69.0826,,CONFIRM,0.6796,0.4192,0.928515,curve,0.349303,bypass,inert,-0.4192,False,1.131,2026-09-29,current,-1.97599,cold-squeeze,gateio,2,52.998,4.0,SHORT_SQUEEZE_RISK,217322.48
2026-09-29,XMR,12,14,68,544.67,10248694525,1.16,-2.28,-3.94,5.82,39.66,7.72,4,20.0,13.7,30.0,1.0,1.0,10248710542,10.95,51.91,1.3091,91bbc2a7e466,live,119123964,1.0,0.684693,1.0,68.4693,,CONFIRM,1.0,0.3788,1.002667,cap,0.359163,bypass,inert,-0.3788,True,1.0,2026-09-29,current,2.07825,inert-band,gateio,4,37.8044,8.0,NEUTRAL,567343.55
2026-09-29,AAVE,33,15,67,173.19,2672727751,23.92,23.59,24.73,29.03,27.76,26.07,4,17.1,18.0,25.9,1.0,1.0,2771478245,10.95,81.38,-0.2579,91bbc2a7e466,live,639282456,0.856739,0.900535,0.864861,66.726,,DEPTH,0.3822,0.1546,0.856739,curve,0.864861,curve,inert,-0.1546,False,1.0,2026-09-29,current,15.25097,inert-band,gateio,6,77.5667,8.0,NEUTRAL,5615512.03
2026-09-29,BCH,19,16,66,312.41,6277517903,3.69,17.92,31.55,19.63,-50.07,8.16,4,19.0,13.8,30.0,1.0,1.0,6277521808,5.256,56.69,2.3601,91bbc2a7e466,live,231842437,0.949447,0.69186,1.0,65.6884,,CONFIRM,0.8766,0.3684,0.949447,curve,0.415405,bypass,inert,-0.3684,True,1.0,2026-09-29,current,-0.66401,inert-band,gateio,5,66.0707,8.0,NEUTRAL,4701162.25
2026-09-29,WBT,13,17,65,84.36,10025076124,1.36,-0.6,-3.74,9.03,36.87,8.52,4,20.0,14.0,30.0,0.9345,1.0,24749859876,,61.14,0.8401,91bbc2a7e466,live,136830593,1.0,0.697679,1.0,65.1981,,CONFIRM,0.8416,0.36,1.000272,cap,0.363664,bypass,applied,-0.36,True,1.0,2026-09-29,absent,1.00539,no-feed,,,,,,
2026-09-29,ARB,55,18,64,0.212896,1443829895,22.69,-0.12,47.8,135.46,89.67,63.71,4,15.8,19.9,25.1,0.9724,1.0,2127793118,10.293,58.5,1.6891,91bbc2a7e466,live,327631611,0.789879,0.99453,0.837597,63.9821,,DEPTH,0.5282,0.2359,0.789879,curve,0.837597,curve,applied,-0.2359,False,1.0,2026-09-29,current,0.77011,inert-band,gateio,6,91.8135,8.0,NEUTRAL,2934766.82
2026-09-29,ETH,2,19,62,2734.55,333888180503,4.95,1.45,0.53,3.15,12.03,3.76,4,20.0,12.3,30.0,1.0,1.0,333888180503,6.8985,65.72,1.1144,91bbc2a7e466,live,16513806331,1.0,0.617177,1.0,61.7177,,CONFIRM,1.0,0.4826,1.3809,cap,0.443242,bypass,inert,-0.4826,True,1.0,2026-09-29,current,1.76739,inert-band,gateio,6,28.908,8.0,NEUTRAL,1172980936.64
2026-09-29,PUMP,32,20,62,0.00575955,2681811039,19.68,25.78,47.54,9.44,145.26,51.03,4,17.1,19.7,23.1,0.9562,1.0,4787636787,10.95,84.91,-0.475,91bbc2a7e466,live,527850348,0.857107,0.985072,0.770725,62.223,,LIQUIDITY,0.5489,0.2604,0.857107,curve,0.770725,curve,applied,-0.2604,False,1.0,2026-09-29,current,8.88459,inert-band,gateio,4,98.1943,4.0,NEUTRAL,3462909.24
2026-09-29,ADA,14,21,61,0.252618,9483542238,6.83,5.4,14.16,18.03,-28.23,4.02,4,19.9,12.4,30.0,0.9917,1.0,11369580280,10.95,65.05,2.0473,91bbc2a7e466,live,647474020,0.994243,0.621764,1.0,61.3053,,CONFIRM,0.9712,0.4752,0.994243,curve,0.485052,bypass,applied,-0.4752,True,1.0,2026-09-29,current,0.12585,inert-band,gateio,6,15.043,8.0,NEUTRAL,50757357.38
2026-09-29,ENA,34,22,60,0.254531,2568757572,17.92,24.01,69.09,53.07,108.06,59.35,4,17.0,19.8,21.9,0.9716,1.0,3816757885,10.95,68.76,1.827,91bbc2a7e466,live,460381002,0.852431,0.992267,0.731607,60.1247,,LIQUIDITY,0.6143,0.3125,0.852431,curve,0.731607,curve,applied,-0.3125,False,1.0,2026-09-29,current,-5.48142,inert-band,gateio,5,234.5759,4.0,NEUTRAL,40905106.6
2026-09-29,GRAM,26,23,60,1.56,4388690563,2.02,13.36,8.39,8.08,1.64,8.46,4,18.2,13.9,30.0,0.9528,1.0,8194644964,10.95,63.04,,91bbc2a7e466,live,88808283,0.910584,0.696652,1.0,60.4418,,CONFIRM,0.7179,0.3615,0.910584,curve,0.378302,bypass,applied,-0.3615,True,1.0,2026-09-29,current,-6.22926,inert-band,gateio,2,0.0,4.0,NEUTRAL,2095021.86
2026-09-29,WLD,46,24,60,0.501225,1925792705,25.4,14.62,25.56,27.62,22.59,22.2,4,16.4,17.4,26.9,0.9317,1.0,5009589610,10.95,60.76,0.8442,91bbc2a7e466,live,489098961,0.821152,0.869661,0.897717,59.7296,,DEPTH,0.3824,0.197,0.821152,curve,0.897717,curve,applied,-0.197,False,1.0,2026-09-29,current,-3.06095,inert-band,gateio,5,43.9581,8.0,NEUTRAL,4897862.14
2026-09-29,DASH,77,25,57,61.79,793904981,23.27,7.16,7.15,42.69,70.7,28.75,4,14.5,18.4,25.5,1.0,1.0,793907530,10.95,50.59,2.0494,91bbc2a7e466,live,184716660,0.724942,0.917978,0.850374,56.5908,,DEPTH,0.565,0.3217,0.724942,curve,0.850374,curve,inert,-0.3217,False,1.0,2026-09-29,current,-6.45076,inert-band,gateio,4,82.782,8.0,NEUTRAL,657964.36
2026-09-29,FET,99,26,57,0.232003,536209375,31.42,16.29,39.21,43.77,0.43,25.72,4,13.6,18.0,24.6,0.9937,1.144,629666087,-53.9835,77.09,1.1465,91bbc2a7e466,live,168496837,0.682334,0.89803,0.818983,57.0534,,DEPTH,0.4603,0.3822,0.682334,curve,0.818983,curve,applied,-0.3822,False,1.144,2026-09-29,current,-1.37974,cold-squeeze,gateio,4,195.2001,8.0,SHORT_SQUEEZE_RISK,1536476.38
2026-09-29,ONDO,36,27,56,0.518617,2525876833,17.45,23.88,40.86,39.9,77.25,42.8,4,17.0,19.4,21.6,0.9459,1.0,5187318374,10.95,68.67,0.3517,91bbc2a7e466,live,440744611,0.850603,0.971605,0.721093,56.3706,,LIQUIDITY,0.5704,0.327,0.850603,curve,0.721093,curve,applied,-0.327,False,1.0,2026-09-29,current,-2.64191,inert-band,gateio,5,115.2516,4.0,NEUTRAL,45283834.72
2026-09-29,SEI,102,28,56,0.07462,502530758,26.73,26.33,63.52,58.3,-41.15,30.13,4,13.5,18.5,27.8,0.9717,1.0,746332809,10.95,,,91bbc2a7e466,live,134344916,0.675291,0.925835,0.927415,56.3418,,DEPTH,0.6843,0.3926,0.675291,curve,0.927415,curve,applied,-0.3926,False,1.0,2026-09-29,current,-7.30858,inert-band,gateio,6,354.4553,8.0,NEUTRAL,806573.74
2026-09-29,BTC,1,29,55,84306,1693504728386,1.91,0.0,0.0,0.0,0.0,0.0,4,20.0,11.0,30.0,1.0,1.0,1693504728386,-0.219,63.02,1.0,91bbc2a7e466,live,32334648297,1.0,0.55,1.0,55.0,,CONFIRM,1.0,0.5978,1.557197,cap,0.375763,bypass,inert,-0.5978,True,1.0,2026-09-29,current,0.97111,inert-band,gateio,6,26.499,8.0,MILD_INVERSION,2243465543.18
2026-09-29,BNB,3,30,54,765.22,101885328305,0.93,-0.77,-2.95,2.75,-1.52,-0.59,4,20.0,10.8,30.0,1.0,1.0,101885330623,10.95,54.64,0.7219,91bbc2a7e466,live,951095442,1.0,0.539462,1.0,53.9462,,CONFIRM,1.0,0.6172,1.252028,cap,0.354078,bypass,inert,-0.6172,True,1.0,2026-09-29,current,-0.50796,inert-band,gateio,6,53.436,8.0,NEUTRAL,106690632.21
2026-09-29,DOGE,10,31,53,0.095954,14979461297,6.22,-0.24,6.25,4.9,-19.99,-1.28,4,20.0,10.5,30.0,0.9999,1.0,16486959713,10.95,59.21,1.8729,91bbc2a7e466,live,932027855,1.0,0.526898,1.0,52.6845,,CONFIRM,0.9998,0.6407,1.043874,cap,0.471601,bypass,applied,-0.6407,True,1.0,2026-09-29,current,1.58168,inert-band,gateio,6,23.2327,8.0,NEUTRAL,120388449.41
2026-09-29,MARSCOIN,217,32,53,0.146263,146433202,45.81,22.72,56.37,241.71,-16.41,78.05,3,10.8,20.0,29.7,1.0,1.0,146433202,10.95,59.02,,91bbc2a7e466,live,67079540,0.54141,0.998256,0.989214,53.4636,,DEPTH,0.9799,0.6136,0.54141,curve,0.989214,curve,inert,-0.6136,True,1.0,2026-09-29,current,-10.67369,inert-band,gateio,1,,4.0,NEUTRAL,1328985.25
2026-09-29,ALGO,62,33,50,0.132592,1200534617,17.73,24.03,31.45,44.84,-7.67,24.75,4,15.4,17.8,21.8,1.0,1.0,1200537075,1.752,,,91bbc2a7e466,live,212808910,0.769844,0.890798,0.727248,49.8729,,LIQUIDITY,0.4578,0.3185,0.769844,curve,0.727248,curve,inert,-0.3185,False,1.0,2026-09-29,current,1.35248,inert-band,gateio,5,29.784,8.0,NEUTRAL,631533.94
2026-09-29,INJ,81,34,50,7.7,768845840,17.17,2.04,18.98,40.39,129.64,41.38,4,14.4,19.4,21.4,1.0,1.0,768845840,10.95,61.26,0.6239,91bbc2a7e466,live,131982189,0.72146,0.968312,0.714806,49.9362,,LIQUIDITY,0.4835,0.3357,0.72146,curve,0.714806,curve,inert,-0.3357,False,1.0,2026-09-29,current,2.41036,inert-band,gateio,6,168.1113,8.0,NEUTRAL,1908336.65
2026-09-29,XRP,4,35,50,1.55,97632297685,3.98,0.9,-1.31,1.26,-10.87,-1.92,4,20.0,10.3,30.0,0.9657,1.0,155247275804,10.95,60.29,1.9689,91bbc2a7e466,live,3883248959,1.0,0.515571,1.0,49.7887,,CONFIRM,0.95,0.6625,1.247398,cap,0.42172,bypass,applied,-0.6625,True,1.0,2026-09-29,current,2.05892,inert-band,gateio,6,1312.9779,8.0,NEUTRAL,185415701.52
2026-09-29,GRASS,105,36,49,0.705854,494803004,18.98,57.42,105.97,81.46,44.39,72.96,4,13.5,19.9,22.7,0.9751,1.0,707374457,10.95,,,91bbc2a7e466,live,93911921,0.673608,0.997382,0.755104,49.468,,DEPTH,0.5614,0.3951,0.673608,curve,0.755104,curve,applied,-0.3951,False,1.0,2026-09-29,current,16.67498,inert-band,gateio,3,69.7214,4.0,NEUTRAL,1184100.32
2026-09-29,OP,139,37,49,0.133103,305936479,29.33,11.32,25.86,42.0,-9.01,18.56,4,12.4,16.7,29.6,0.9527,1.0,571391939,10.95,70.86,3.4114,91bbc2a7e466,live,89735337,0.621408,0.833774,0.985141,48.6273,,DEPTH,0.6599,0.4758,0.621408,curve,0.985141,curve,applied,-0.4758,False,1.0,2026-09-29,current,-4.60865,inert-band,gateio,6,42.5642,8.0,NEUTRAL,921856.96
2026-09-29,PENGU,89,38,47,0.00998127,627322351,36.4,12.36,29.87,0.09,11.96,13.59,4,14.0,15.5,26.6,0.99,1.0,765663773,10.95,63.27,0.1224,91bbc2a7e466,live,228358130,0.699373,0.773063,0.885361,47.3891,,DEPTH,0.4788,0.3576,0.699373,curve,0.885361,curve,applied,-0.3576,False,1.0,2026-09-29,current,-0.03045,inert-band,gateio,5,63.072,4.0,NEUTRAL,2117326.0
2026-09-29,CRV,90,39,46,0.39469,619710498,31.17,11.51,5.84,23.24,43.67,19.45,4,14.0,16.9,24.5,0.9683,1.0,955988536,10.95,70.65,-0.3303,91bbc2a7e466,live,193134519,0.698047,0.843244,0.815537,46.4828,,DEPTH,0.4692,0.3595,0.698047,curve,0.815537,curve,applied,-0.3595,False,1.0,2026-09-29,current,17.97343,inert-band,gateio,5,72.708,8.0,NEUTRAL,1122893.05
2026-09-29,TRX,6,40,45,0.3352,31839467867,1.03,-1.36,-10.46,-9.4,-0.17,-5.41,4,20.0,9.1,30.0,1.0,1.0,31839474881,-13.14,41.5,0.0671,91bbc2a7e466,live,326672105,1.0,0.454134,1.0,45.4134,,CONFIRM,1.0,0.7894,1.125741,cap,0.356133,bypass,inert,-0.7894,True,1.0,2026-09-29,current,0.05477,inert-band,gateio,5,83.405,8.0,MILD_INVERSION,4756312.46
2026-09-29,VIRTUAL,98,41,44,0.818219,538705827,23.67,18.34,27.42,11.38,-7.91,13.62,4,13.7,15.5,25.8,0.9697,1.0,818222070,2.19,82.0,,91bbc2a7e466,live,127504207,0.682838,0.773468,0.859303,44.0092,,DEPTH,0.4648,0.3815,0.682838,curve,0.859303,curve,applied,-0.3815,False,1.0,2026-09-29,current,-0.50811,inert-band,gateio,4,27.594,4.0,NEUTRAL,1072537.91
2026-09-29,JUP,66,42,43,0.329428,1092922441,12.95,17.01,34.48,47.75,66.93,39.04,4,15.2,19.2,18.6,0.9455,1.0,2259186059,10.95,66.51,-0.6312,91bbc2a7e466,live,141585832,0.759647,0.962069,0.621218,42.9263,,LIQUIDITY,0.5629,0.4761,0.759647,curve,0.621218,curve,applied,-0.4761,False,1.0,2026-09-29,current,-5.424,inert-band,gateio,5,99.9296,4.0,NEUTRAL,450273.96
2026-09-29,MON,124,43,42,0.02920597,345290582,28.13,16.57,20.09,0.97,14.14,13.07,4,12.7,15.3,28.8,0.9037,1.0,2939905342,10.95,65.29,1.109,91bbc2a7e466,live,97142048,0.634546,0.765877,0.95852,42.0967,,DEPTH,0.5257,0.4548,0.634546,curve,0.95852,curve,applied,-0.4548,False,1.0,2026-09-29,current,0.22738,inert-band,gateio,5,51.5991,4.0,NEUTRAL,623006.07
2026-09-29,USELESS,160,44,42,0.240581,240579920,16.62,-19.4,7.87,266.58,163.21,95.43,4,11.9,20.0,21.1,1.0,1.012,240579920,-47.742,46.28,-0.9266,91bbc2a7e466,live,39984966,0.595315,0.999565,0.702672,42.3105,,DEPTH,0.5869,0.5187,0.595315,curve,0.702672,curve,inert,-0.5187,False,1.012,2026-09-29,current,-7.73779,cold-squeeze,gateio,2,83.4019,4.0,SHORT_SQUEEZE_RISK,3426607.92
2026-09-29,FIGR_HELOC,8,45,41,1.002,23256727756,2.87,0.72,-12.06,-7.76,-16.98,-8.14,4,20.0,8.2,30.0,1.0,1.0,23256727756,,38.92,0.1842,91bbc2a7e466,live,667973138,1.0,0.408517,1.0,40.8517,,CONFIRM,1.0,0.8952,1.091637,cap,0.397159,bypass,inert,-0.8952,True,1.0,2026-09-29,absent,0.20092,no-feed,,,,,,
2026-09-29,AERO,76,46,40,0.824344,820452904,11.4,20.19,40.85,62.28,73.48,46.53,4,14.6,19.6,17.6,0.9479,1.0,1638059409,10.95,73.62,-1.3297,91bbc2a7e466,live,93515846,0.728513,0.978763,0.586624,39.6495,,LIQUIDITY,0.5766,0.5334,0.728513,curve,0.586624,curve,applied,-0.5334,False,1.0,2026-09-29,current,3.40738,inert-band,gateio,3,2521.566,4.0,NEUTRAL,1771788.38
2026-09-29,FIL,73,47,40,1.076,894349847,16.61,11.75,12.88,50.84,-7.62,17.93,4,14.8,16.5,21.1,0.9372,1.0,2105451329,10.95,65.03,-2.581,91bbc2a7e466,live,148588777,0.737877,0.826872,0.702537,40.172,,LIQUIDITY,0.3871,0.3531,0.737877,curve,0.702537,curve,applied,-0.3531,False,1.0,2026-09-29,current,1.01204,inert-band,gateio,6,12.8188,8.0,NEUTRAL,3839278.62
2026-09-29,LEO,16,48,40,8.99,8273054394,0.01,2.74,-8.74,-14.6,-16.32,-8.28,4,19.6,8.1,30.0,1.0,1.0,8861086515,,43.05,0.1694,91bbc2a7e466,live,521613,0.979416,0.406197,1.0,39.7836,,CONFIRM,0.9774,0.9009,0.979416,curve,0.333473,bypass,inert,-0.9009,True,1.0,2026-09-29,absent,-0.68222,no-feed,,,,,,
2026-09-29,PENDLE,112,49,40,2.4,416890936,17.74,2.79,-6.35,33.6,71.27,21.91,4,13.1,17.3,21.8,0.9641,1.0,675978812,10.95,48.29,0.6011,91bbc2a7e466,live,73962525,0.655006,0.867034,0.727588,39.8372,,DEPTH,0.4597,0.4231,0.655006,curve,0.727588,curve,applied,-0.4231,False,1.0,2026-09-29,current,-0.33482,inert-band,gateio,5,2062.3096,8.0,NEUTRAL,575845.87
2026-09-29,RAY,100,50,40,1.92,516864076,13.6,11.61,30.38,139.84,65.49,59.14,4,13.6,19.8,19.1,0.9458,1.0,1062979816,10.95,56.73,-0.6412,91bbc2a7e466,live,70298767,0.678344,0.992133,0.635578,40.4565,,LIQUIDITY,0.5008,0.4532,0.678344,curve,0.635578,curve,applied,-0.4532,False,1.0,2026-09-29,current,-4.97292,inert-band,gateio,2,61.0295,4.0,NEUTRAL,527311.62
2026-09-29,TAO,28,51,40,314.26,3562889240,8.8,2.65,30.37,25.16,15.95,17.87,4,17.8,16.5,15.9,0.9534,1.075,6598149055,-25.842,64.32,-0.2759,91bbc2a7e466,live,313622427,0.887951,0.826144,0.528944,39.7499,,LIQUIDITY,0.5973,0.6369,0.887951,curve,0.528944,curve,applied,-0.6369,False,1.075,2026-09-29,current,2.06784,cold-squeeze,gateio,5,67.89,4.0,SHORT_SQUEEZE_RISK,45073271.77
2026-09-29,ZRO,96,52,37,1.62,573088907,13.29,38.12,59.12,39.68,-38.32,28.47,4,13.8,18.3,18.9,0.9276,1.0,1622041586,10.95,87.06,,91bbc2a7e466,live,76146305,0.689556,0.916304,0.6286,36.8421,,LIQUIDITY,0.4649,0.4643,0.689556,curve,0.6286,curve,applied,-0.4643,False,1.0,2026-09-29,current,0.91606,inert-band,gateio,4,67.9305,4.0,NEUTRAL,686903.91
2026-09-29,CARDS,176,53,36,0.223375,202100390,10.85,21.19,60.09,-11.06,483.29,115.27,4,11.5,20.0,17.2,0.9415,1.15,443886796,-488.37,73.13,-2.6085,91bbc2a7e466,live,21928457,0.576392,0.999911,0.574451,35.8468,,LIQUIDITY,0.4246,0.5543,0.576392,curve,0.574451,curve,applied,-0.5543,False,1.15,2026-09-29,current,21.07758,cold-squeeze,gateio,1,,4.0,SHORT_SQUEEZE_RISK,12451.93
2026-09-29,RAIN,15,54,36,0.0124721,8844213099,0.17,-5.38,-15.46,-36.52,22.0,-10.21,4,19.7,7.5,30.0,0.9646,1.0,14245702507,,29.69,-0.5125,91bbc2a7e466,live,14975136,0.986665,0.375838,1.0,35.7699,,CONFIRM,0.9519,0.9786,0.986665,curve,0.337096,bypass,applied,-0.9786,True,1.0,2026-09-29,absent,-0.6796,no-feed,,,,,,
2026-09-29,WIF,161,55,36,0.240956,240576813,31.29,-3.36,24.23,12.75,15.04,11.25,4,11.9,14.8,24.5,1.0,1.0,240576813,10.95,62.99,1.1169,91bbc2a7e466,live,75271389,0.595313,0.739782,0.817172,35.9884,,DEPTH,0.5075,0.5187,0.595313,curve,0.817172,curve,inert,-0.5187,False,1.0,2026-09-29,current,2.27988,inert-band,gateio,6,95.484,4.0,NEUTRAL,540903.5
2026-09-29,APT,82,56,35,0.841914,733026168,11.62,14.45,36.97,48.42,-25.27,20.63,4,14.3,17.1,17.7,0.9778,1.0,1017865652,10.95,,,91bbc2a7e466,live,85151846,0.71628,0.855025,0.591477,35.4201,,LIQUIDITY,0.506,0.5251,0.71628,curve,0.591477,curve,applied,-0.5251,False,1.0,2026-09-29,current,0.15381,inert-band,gateio,6,197.2242,8.0,NEUTRAL,1035852.04
2026-09-29,CAKE,75,57,35,2.6,827048102,10.02,5.87,4.36,41.28,42.09,21.59,4,14.6,17.3,16.7,1.0,1.005,857181101,-15.768,58.11,0.1435,91bbc2a7e466,live,82900824,0.729383,0.864137,0.556082,35.2278,,LIQUIDITY,0.557,0.5868,0.729383,curve,0.556082,curve,inert,-0.5868,False,1.005,2026-09-29,current,-2.51917,cold-squeeze,gateio,3,88.8303,4.0,SHORT_SQUEEZE_RISK,561363.46
2026-09-29,LDO,117,58,35,0.471122,390709360,18.81,16.58,22.9,22.75,-28.54,10.68,4,13.0,14.6,22.5,0.9911,1.0,470979438,10.95,,,91bbc2a7e466,live,73504563,0.647963,0.731281,0.751402,35.2878,,DEPTH,0.4166,0.4339,0.647963,curve,0.751402,curve,applied,-0.4339,False,1.0,2026-09-29,current,2.08498,inert-band,gateio,5,314.046,8.0,NEUTRAL,1324719.2
2026-09-29,LIT,65,59,35,4.46,1115169286,7.59,-4.0,-7.91,20.68,263.51,54.7,4,15.2,19.8,15.1,0.9151,1.0,4460677143,10.95,43.93,-0.1871,91bbc2a7e466,live,84621014,0.761835,0.988819,0.501959,34.6031,,LIQUIDITY,0.6495,0.6892,0.761835,curve,0.501959,curve,applied,-0.6892,False,1.0,2026-09-29,current,2.07887,inert-band,gateio,4,78.402,4.0,NEUTRAL,1408045.93
2026-09-29,PEPE,49,60,35,4.34e-06,1823996171,16.42,-10.81,15.41,10.1,4.64,4.06,4,16.3,12.4,20.9,1.0,1.0,1823996171,10.95,59.45,-0.0386,91bbc2a7e466,live,299413012,0.815256,0.622476,0.698116,35.4278,,CONFIRM,0.4568,0.474,0.815256,curve,0.698116,curve,inert,-0.474,False,1.0,2026-09-29,current,1.26176,inert-band,gateio,3,10.95,8.0,NEUTRAL,53151980.0
2026-09-29,STRK,134,61,35,0.04341276,318984505,15.96,5.45,46.81,59.66,-51.2,18.01,4,12.5,16.6,20.6,0.9797,1.0,433956769,10.95,,,91bbc2a7e466,live,50898096,0.625942,0.827753,0.687918,34.9192,,DEPTH,0.4453,0.4685,0.625942,curve,0.687918,curve,applied,-0.4685,False,1.0,2026-09-29,current,7.65227,inert-band,gateio,5,54.7295,4.0,NEUTRAL,320845.22
2026-09-29,DOT,43,62,34,1.21,2065442059,11.62,7.5,14.23,36.78,-35.78,7.85,4,16.6,13.7,17.7,1.0,1.0,2065446027,10.95,80.57,-0.1885,91bbc2a7e466,live,240105124,0.828753,0.686784,0.591664,33.676,,LIQUIDITY,0.4822,0.5248,0.828753,curve,0.591664,curve,inert,-0.5248,False,1.0,2026-09-29,current,1.99615,inert-band,gateio,6,21.9337,8.0,NEUTRAL,3011994.36
2026-09-29,GRT,127,63,34,0.03058137,334449260,9.8,34.42,63.25,79.01,-10.02,43.88,4,12.6,19.5,16.5,1.0,1.0,354980713,10.95,,,91bbc2a7e466,live,32770731,0.631083,0.973894,0.551076,33.8695,,LIQUIDITY,0.5504,0.5959,0.631083,curve,0.551076,curve,inert,-0.5959,False,1.0,2026-09-29,current,-5.69327,inert-band,gateio,2,44.6765,8.0,NEUTRAL,354633.84
2026-09-29,ICP,47,64,34,3.33,1852591036,7.31,16.31,20.62,29.84,5.29,18.57,4,16.3,16.7,14.9,1.0,1.0,1852591036,0.7665,,,91bbc2a7e466,live,135493790,0.816945,0.833857,0.495861,33.7788,,LIQUIDITY,0.6463,0.7015,0.816945,curve,0.495861,curve,inert,-0.7015,False,1.0,2026-09-29,current,10.27328,inert-band,gateio,5,403.4357,8.0,NEUTRAL,1120227.76
2026-09-29,POL,58,65,34,0.124839,1328803773,8.76,12.06,14.03,6.81,4.87,9.8,4,15.6,14.4,15.8,1.0,1.148,1328803773,-63.072,64.31,0.5307,91bbc2a7e466,live,116355867,0.780865,0.71789,0.527921,33.962,,LIQUIDITY,0.4714,0.6388,0.780865,curve,0.527921,curve,inert,-0.6388,False,1.148,2026-09-29,current,5.08021,cold-squeeze,gateio,6,104.244,4.0,SHORT_SQUEEZE_RISK,1046020.52
2026-09-29,ETHFI,83,66,33,0.75344,727492838,10.32,11.16,12.76,31.58,16.15,17.66,4,14.3,16.5,16.9,1.0,1.0,727492838,10.95,70.66,-0.3955,91bbc2a7e466,live,75102871,0.715457,0.823814,0.562745,33.1684,,LIQUIDITY,0.521,0.5749,0.715457,curve,0.562745,curve,inert,-0.5749,False,1.0,2026-09-29,current,7.82618,inert-band,gateio,4,433.9086,4.0,NEUTRAL,937640.1
2026-09-29,MINA,180,67,32,0.149865,193882694,9.96,14.1,68.05,123.82,65.74,65.35,4,11.4,19.9,16.6,1.0,1.0,193882694,2.9565,80.23,,91bbc2a7e466,live,19301502,0.571885,0.995196,0.554561,31.5622,,LIQUIDITY,0.5112,0.5896,0.571885,curve,0.554561,curve,inert,-0.5896,False,1.0,2026-09-29,current,2.75844,inert-band,gateio,3,108.8297,8.0,NEUTRAL,283093.54
2026-09-29,RENDER,70,68,32,1.96,1016057120,8.32,10.78,34.71,27.83,-9.01,17.07,4,15.0,16.3,15.5,1.0,1.0,1044965883,10.95,,,91bbc2a7e466,live,84555624,0.75173,0.816959,0.518265,31.8283,,LIQUIDITY,0.5741,0.6573,0.75173,curve,0.518265,curve,inert,-0.6573,False,1.0,2026-09-29,current,-0.7313,inert-band,gateio,5,11.9259,4.0,NEUTRAL,329489.92
2026-09-29,XPL,109,69,32,0.100146,453766776,22.51,9.95,12.85,6.75,-23.18,3.25,4,13.3,12.2,25.0,0.9412,1.0,1000956123,10.95,56.11,0.0903,91bbc2a7e466,live,102131801,0.664208,0.608161,0.833501,31.6892,,CONFIRM,0.4328,0.4973,0.664208,curve,0.833501,curve,applied,-0.4973,False,1.0,2026-09-29,current,-2.01107,inert-band,gateio,5,266.3231,4.0,NEUTRAL,1706259.56
2026-09-29,BTW,29,70,31,1.3,3535030471,1.43,52.37,72.54,214.13,5577.74,1202.93,4,17.7,20.0,12.0,0.9174,0.938,13053341021,65.043,89.73,0.8453,91bbc2a7e466,live,50440971,0.887098,1.0,0.4,30.5282,,LIQUIDITY,0.7723,0.9163,0.887098,curve,0.365042,floor,applied,-0.9163,True,0.938,2026-09-29,current,0.65127,hot-confirmed,gateio,1,,4.0,OVERHEATED_LONG,2636413.4
2026-09-29,JTO,142,71,31,0.563804,296847240,12.11,15.21,17.83,8.95,61.2,23.5,4,12.4,17.6,18.1,0.9515,1.0,563615938,10.95,47.57,-0.9978,91bbc2a7e466,live,35939435,0.618133,0.880819,0.602379,31.2066,,LIQUIDITY,0.4353,0.5069,0.618133,curve,0.602379,curve,applied,-0.5069,False,1.0,2026-09-29,current,-1.19435,inert-band,gateio,5,129.2234,8.0,NEUTRAL,551960.4
2026-09-29,MET,189,72,31,0.324629,180856798,11.69,13.48,49.65,56.96,78.44,46.38,4,11.3,19.6,17.8,0.956,1.0,323902701,10.95,67.61,,91bbc2a7e466,live,21150274,0.564334,0.978511,0.593211,31.3162,,DEPTH,0.4928,0.5721,0.564334,curve,0.593211,curve,applied,-0.5721,False,1.0,2026-09-29,current,-1.89697,inert-band,gateio,2,0.0,4.0,NEUTRAL,135392.76
2026-09-29,PYTH,91,73,31,0.078724,619527866,6.15,30.46,38.35,60.32,19.83,37.77,4,14.0,19.2,14.1,0.9862,1.0,786706116,10.95,,,91bbc2a7e466,live,38124746,0.698015,0.95819,0.470085,31.0069,,LIQUIDITY,0.6446,0.7548,0.698015,curve,0.470085,curve,applied,-0.7548,False,1.0,2026-09-29,current,-4.15951,inert-band,gateio,5,1245.6107,4.0,NEUTRAL,683009.5
2026-09-29,TIA,110,74,31,0.460601,448922430,15.87,8.51,25.24,29.16,-40.36,8.08,4,13.3,13.8,20.6,0.9909,1.0,542706710,-3.066,,,91bbc2a7e466,live,71253593,0.663043,0.690593,0.686048,31.1277,,DEPTH,0.3521,0.4109,0.663043,curve,0.686048,curve,applied,-0.4109,False,1.0,2026-09-29,current,-1.7526,inert-band,gateio,5,187.0872,4.0,MILD_INVERSION,399751.69
2026-09-29,VVV,60,75,31,27.24,1314610084,3.71,-11.84,16.95,60.12,320.86,79.89,4,15.6,20.0,12.5,0.9611,1.0,2208228846,10.95,66.84,-0.4468,91bbc2a7e466,live,48765746,0.779699,0.998493,0.415767,31.1094,,LIQUIDITY,0.7516,0.8776,0.779699,curve,0.415767,curve,applied,-0.8776,True,1.0,2026-09-29,current,-4.49405,inert-band,gateio,3,79.278,4.0,NEUTRAL,26329541.75
2026-09-29,BCAP,71,76,30,107.53,979825296,0.0,1.77,-8.61,-6.78,353.77,67.44,4,15.0,19.9,12.0,1.0,1.0,979825296,,99.45,0.0156,91bbc2a7e466,live,0.0,0.747787,0.995933,0.4,29.7898,,LIQUIDITY,0.7566,0.9163,0.747787,curve,0.0,zero-volume,inert,-0.9163,True,1.0,2026-09-29,absent,0.0,no-feed,,,,,,
2026-09-29,IOTA,152,77,30,0.055372,257775859,15.85,19.78,22.91,30.41,-46.73,9.92,4,12.1,14.4,20.6,1.0,1.0,276257169,10.95,,,91bbc2a7e466,live,40848692,0.602811,0.719705,0.68548,29.7392,,DEPTH,0.4174,0.5062,0.602811,curve,0.68548,curve,inert,-0.5062,False,1.0,2026-09-29,current,2.78298,inert-band,gateio,3,42.0238,8.0,NEUTRAL,507687.81
2026-09-29,STONK,181,78,30,0.23811,193595238,9.07,-28.55,20.78,777.28,-16.41,187.67,3,11.4,20.0,16.0,1.0,0.979,193585983,26.718,47.99,1.917,91bbc2a7e466,live,17551641,0.571724,1.0,0.534803,29.9308,,LIQUIDITY,0.5188,0.6259,0.571724,curve,0.534803,curve,inert,-0.6259,False,0.979,2026-09-29,current,-5.23936,hot-confirmed,gateio,1,,4.0,ELEVATED,537670.73
2026-09-29,AR,147,79,29,4.3,282376878,6.38,0.97,48.88,100.47,61.52,49.93,4,12.3,19.7,14.3,1.0,1.0,282376878,10.95,86.92,,91bbc2a7e466,live,18012889,0.612707,0.983725,0.475089,28.6353,,LIQUIDITY,0.5951,0.7443,0.612707,curve,0.475089,curve,inert,-0.7443,False,1.0,2026-09-29,current,-1.78759,inert-band,gateio,3,240.5043,8.0,NEUTRAL,1294634.1
2026-09-29,DRV,116,80,29,0.393074,392875926,5.77,-3.12,170.11,131.34,252.08,124.84,4,13.0,20.0,13.8,0.9708,1.0,589514929,,69.91,2.8717,91bbc2a7e466,live,22685643,0.648564,0.999959,0.46165,29.0655,,LIQUIDITY,0.6256,0.7729,0.648564,curve,0.46165,curve,applied,-0.7729,False,1.0,2026-09-29,absent,2.56713,no-feed,,,,,,
2026-09-29,JST,67,81,29,0.130133,1065560275,2.99,14.24,3.71,27.9,129.41,38.05,4,15.1,19.2,12.0,1.0,1.0,1065560275,10.95,88.19,0.1171,91bbc2a7e466,live,31869275,0.756895,0.959086,0.4,29.0371,,LIQUIDITY,0.741,0.9163,0.756895,curve,0.399797,floor,inert,-0.9163,True,1.0,2026-09-29,current,-0.55629,inert-band,gateio,1,,4.0,NEUTRAL,90049.28
2026-09-29,COMP,156,82,28,25.17,251625581,10.03,16.04,21.82,29.9,12.34,20.21,4,12.0,17.0,16.7,1.0,1.0,251625581,10.95,,,91bbc2a7e466,live,25241086,0.600189,0.850924,0.556249,28.4085,,LIQUIDITY,0.4661,0.5865,0.600189,curve,0.556249,curve,inert,-0.5865,False,1.0,2026-09-29,current,6.33209,inert-band,gateio,5,241.4954,8.0,NEUTRAL,139702.95
2026-09-29,ETC,54,83,28,9.31,1473271869,6.71,9.7,16.06,17.87,-7.32,9.93,4,15.8,14.4,14.5,1.0,1.0,1473276133,10.95,,,91bbc2a7e466,live,98790392,0.792071,0.719895,0.482345,27.5037,,LIQUIDITY,0.5648,0.7291,0.792071,curve,0.482345,curve,inert,-0.7291,False,1.0,2026-09-29,current,0.28141,inert-band,gateio,6,45.1011,8.0,NEUTRAL,1835310.72
2026-09-29,KMNO,157,84,28,0.04398669,248286762,6.9,36.66,67.47,65.28,58.09,55.8,4,12.0,19.8,14.6,0.9568,1.0,439816894,10.95,,,91bbc2a7e466,live,17132783,0.598738,0.989756,0.486676,27.5947,,LIQUIDITY,0.5593,0.7202,0.598738,curve,0.486676,curve,applied,-0.7202,False,1.0,2026-09-29,current,-2.32322,inert-band,gateio,1,,4.0,NEUTRAL,92879.48
2026-09-29,NIGHT,101,85,28,0.03095342,514490181,6.25,35.68,45.85,56.86,-57.73,24.84,4,13.6,17.8,14.2,0.9741,1.0,743509808,9.7455,,,91bbc2a7e466,live,32141641,0.677844,0.891483,0.472162,27.7931,,LIQUIDITY,0.5861,0.7504,0.677844,curve,0.472162,curve,applied,-0.7504,False,1.0,2026-09-29,current,14.12162,inert-band,gateio,3,2429.0385,8.0,NEUTRAL,291964.97
2026-09-29,SYRUP,145,86,28,0.251651,293538229,11.69,16.75,11.56,34.93,-19.16,12.81,4,12.3,15.2,17.8,1.0,1.0,313003687,10.95,,,91bbc2a7e466,live,34300571,0.616916,0.762369,0.593005,27.8901,,LIQUIDITY,0.4092,0.5226,0.616916,curve,0.593005,curve,inert,-0.5226,False,1.0,2026-09-29,current,17.9258,inert-band,gateio,3,56.9942,8.0,NEUTRAL,372086.79
2026-09-29,BONK,131,87,27,3.71e-06,326637814,17.66,9.82,28.0,16.08,-58.79,2.21,4,12.6,11.8,21.8,1.0,1.0,326637814,10.95,,,91bbc2a7e466,live,57685247,0.628517,0.589662,0.725785,26.8985,,CONFIRM,0.4023,0.5282,0.628517,curve,0.725785,curve,inert,-0.5282,False,1.0,2026-09-29,current,4.85805,inert-band,gateio,2,10.95,4.0,NEUTRAL,484646.14
2026-09-29,DGAI,216,88,27,0.976355,146449625,20.19,-4.34,20.58,34.49,-16.41,9.18,3,10.8,14.2,23.5,0.9059,1.0,976330832,10.95,,,91bbc2a7e466,live,29569775,0.541422,0.708265,0.782024,27.1664,,DEPTH,0.4708,0.6136,0.541422,curve,0.782024,curve,applied,-0.6136,False,1.0,2026-09-29,current,-3.59945,inert-band,gateio,1,,4.0,NEUTRAL,989020.62
2026-09-29,ZAMA,178,89,27,0.079484,200630481,7.87,-12.34,64.28,49.09,258.78,76.4,4,11.5,20.0,15.2,0.9123,1.0,899356751,10.95,58.63,-0.8584,91bbc2a7e466,live,15785813,0.575599,0.998009,0.50818,26.6324,,LIQUIDITY,0.5116,0.6769,0.575599,curve,0.50818,curve,applied,-0.6769,False,1.0,2026-09-29,current,-2.73694,inert-band,gateio,1,,4.0,NEUTRAL,351948.94
2026-09-29,币安人生,103,90,27,0.500852,500821287,1.01,3.9,-1.63,-6.31,699.31,139.05,4,13.5,20.0,12.0,1.0,1.0,500821287,10.95,59.44,-0.8391,91bbc2a7e466,live,5052857,0.674921,0.999987,0.4,26.9965,,LIQUIDITY,0.6997,0.9163,0.674921,curve,0.355754,floor,inert,-0.9163,False,1.0,2026-09-29,current,2.00471,inert-band,gateio,1,,8.0,NEUTRAL,191810.15
2026-09-29,AKE,85,91,26,0.03099728,706624882,1.78,-40.51,32.35,281.37,15617.01,3189.68,4,14.2,20.0,12.0,0.9128,0.995,3099741766,15.549,51.16,-1.87,91bbc2a7e466,live,12608812,0.712297,1.0,0.4,25.8644,,LIQUIDITY,0.6776,0.9163,0.712297,curve,0.372986,floor,applied,-0.9163,False,0.995,2026-09-29,current,0.53387,hot-confirmed,gateio,1,,4.0,ELEVATED,1865421.87
2026-09-29,BP,130,92,26,1.31,327956194,5.02,63.16,167.44,217.91,-16.41,112.0,3,12.6,20.0,13.3,0.9151,1.0,1311824774,10.95,,,91bbc2a7e466,live,16468268,0.628954,0.999884,0.444922,25.6048,,LIQUIDITY,0.5944,0.8099,0.628954,curve,0.444922,curve,applied,-0.8099,False,1.0,2026-09-29,current,-2.33904,inert-band,gateio,1,,4.0,NEUTRAL,493698.14
2026-09-29,KAS,61,93,26,0.04564465,1265586351,1.88,12.62,27.38,58.71,-33.6,18.59,4,15.5,16.7,12.0,1.0,1.0,1265594138,10.95,,,91bbc2a7e466,live,23778100,0.775573,0.834075,0.4,25.8755,,LIQUIDITY,0.6778,0.9163,0.775573,curve,0.375085,floor,inert,-0.9163,False,1.0,2026-09-29,current,-4.909,inert-band,gateio,3,37.6996,8.0,NEUTRAL,1043098.13
2026-09-29,GT,64,94,25,10.9,1162048193,0.25,1.08,9.01,26.52,36.66,16.54,4,15.3,16.2,12.0,0.9987,1.0,1295542680,10.95,,,91bbc2a7e466,live,2852816,0.766306,0.810723,0.4,24.8182,,LIQUIDITY,0.6575,0.9163,0.766306,curve,0.338789,floor,applied,-0.9163,False,1.0,2026-09-29,current,0.13823,inert-band,gateio,1,,8.0,NEUTRAL,786446.54
2026-09-29,SKY,44,95,25,0.084081,1969742886,1.86,25.93,23.89,11.19,-15.75,13.4,4,16.5,15.4,12.0,1.0,1.0,1972538338,10.95,,,91bbc2a7e466,live,36662117,0.823602,0.770475,0.4,25.3826,,LIQUIDITY,0.6683,0.9163,0.823602,curve,0.374695,floor,inert,-0.9163,False,1.0,2026-09-29,current,4.80505,inert-band,gateio,3,0.0,4.0,NEUTRAL,421182.6
2026-09-29,TIBBIR,125,96,25,0.337896,338007080,1.26,32.05,42.2,16.72,88.1,41.97,4,12.6,19.4,12.0,1.0,1.0,338007080,,84.52,0.8474,91bbc2a7e466,live,4271285,0.632231,0.969711,0.4,24.5233,,LIQUIDITY,0.6519,0.9163,0.632231,curve,0.361415,floor,inert,-0.9163,False,1.0,2026-09-29,absent,15.25471,no-feed,,,,,,
2026-09-29,UB,119,97,25,0.153287,383232356,3.87,8.26,8.61,10.78,367.05,80.74,4,12.9,20.0,12.6,0.9151,0.994,1532929425,14.892,67.26,0.512,91bbc2a7e466,live,14847583,0.645866,0.998592,0.419429,24.5987,,LIQUIDITY,0.6195,0.8689,0.645866,curve,0.419429,curve,applied,-0.8689,False,0.994,2026-09-29,current,4.85282,hot-confirmed,gateio,1,,4.0,ELEVATED,844296.16
2026-09-29,JASMY,150,98,24,0.00539133,266343725,9.44,26.31,32.18,10.83,-40.66,10.52,4,12.1,14.6,16.3,1.0,1.0,269333327,10.95,,,91bbc2a7e466,live,25134103,0.606361,0.72886,0.543038,23.9997,,LIQUIDITY,0.4278,0.6106,0.606361,curve,0.543038,curve,inert,-0.6106,False,1.0,2026-09-29,current,6.33059,inert-band,gateio,2,90.666,8.0,NEUTRAL,317602.65
2026-09-29,PRL,111,99,24,1.27,418929676,0.69,33.84,118.1,387.94,-16.41,133.38,3,13.1,20.0,12.0,0.9064,1.0,2672246525,10.95,,,91bbc2a7e466,live,2879690,0.655535,0.999979,0.4,23.7666,,LIQUIDITY,0.6377,0.9163,0.655535,curve,0.348609,floor,applied,-0.9163,False,1.0,2026-09-29,current,-8.80363,inert-band,gateio,2,138.846,4.0,NEUTRAL,49546.84
2026-09-29,ZEN,231,100,24,7.0,128931222,17.49,-4.73,2.76,31.25,6.85,8.45,4,10.6,13.9,21.7,0.9965,0.925,147098154,176.6744,51.54,-0.4807,91bbc2a7e466,live,22546219,0.52759,0.696592,0.721934,24.4616,,DEPTH,0.4541,0.6394,0.52759,curve,0.721934,curve,applied,-0.6394,False,0.925,2026-09-29,current,-3.06856,hot-confirmed,kraken,3,176.6744,1.0,OVERHEATED_LONG,185703.92
2026-09-29,IMX,207,101,23,0.175544,154274323,9.61,20.05,35.06,30.3,-32.53,15.85,4,10.9,16.0,16.4,0.9393,1.0,350833941,10.95,,,91bbc2a7e466,live,14831542,0.547073,0.802335,0.546972,22.5513,,LIQUIDITY,0.4051,0.6034,0.547073,curve,0.546972,curve,applied,-0.6034,False,1.0,2026-09-29,current,-3.45379,inert-band,gateio,4,99.0138,4.0,NEUTRAL,383414.5
2026-09-29,PIEVERSE,115,102,23,1.44,396103719,1.29,-18.14,14.59,36.97,164.52,40.35,4,13.0,19.3,12.0,0.9179,1.0,1441687785,10.95,97.45,,91bbc2a7e466,live,5114642,0.649452,0.965691,0.4,23.0272,,LIQUIDITY,0.624,0.9163,0.649452,curve,0.362028,floor,applied,-0.9163,False,1.0,2026-09-29,current,-7.28642,inert-band,gateio,1,,8.0,NEUTRAL,3168932.98
2026-09-29,RUNE,153,103,23,0.781802,256877800,171.76,25.31,46.59,61.26,9.76,36.51,4,12.0,19.1,12.0,1.0,1.0,276667055,10.95,90.0,-1.9349,91bbc2a7e466,live,441219753,0.602432,0.953971,0.4,22.9881,,LIQUIDITY,0.6232,0.9163,0.602432,curve,0.19765,floor,inert,-0.9163,False,1.0,2026-09-29,current,5.31287,inert-band,gateio,5,118.056,8.0,NEUTRAL,429406.42
2026-09-29,SHFL,151,104,23,0.531647,257829199,0.47,64.69,59.96,69.34,104.6,72.65,4,12.1,19.9,12.0,0.9516,1.0,489142399,,,,91bbc2a7e466,live,1199621,0.602833,0.997316,0.4,22.8847,,LIQUIDITY,0.6213,0.9163,0.602833,curve,0.343673,floor,applied,-0.9163,False,1.0,2026-09-29,absent,-20.13943,no-feed,,,,,,
2026-09-29,XDC,84,105,23,0.0358455,714953485,4.42,22.92,20.17,26.31,-18.21,14.85,4,14.3,15.8,12.9,0.9511,1.0,1364396663,10.95,,,91bbc2a7e466,live,31578422,0.713569,0.789782,0.431486,23.1279,,LIQUIDITY,0.5741,0.8405,0.713569,curve,0.431486,curve,applied,-0.8405,False,1.0,2026-09-29,current,4.35117,inert-band,gateio,1,,4.0,NEUTRAL,207407.93
2026-09-29,AIOZ,208,106,22,0.119721,153362842,3.39,-8.35,58.15,96.13,62.24,48.51,4,10.9,19.6,12.3,1.0,1.0,153365191,,,,91bbc2a7e466,live,5205240,0.54643,0.981808,0.408757,21.9294,,LIQUIDITY,0.5896,0.8946,0.54643,curve,0.408757,curve,inert,-0.8946,False,1.0,2026-09-29,absent,-1.04807,no-feed,,,,,,
2026-09-29,BR,154,107,22,0.852431,252886266,1.92,-24.86,183.08,273.64,1365.93,379.91,4,12.0,20.0,12.0,0.9205,1.0,852425616,10.95,,,91bbc2a7e466,live,4862194,0.600731,1.0,0.4,22.1189,,LIQUIDITY,0.6073,0.9163,0.600731,curve,0.37606,floor,applied,-0.9163,False,1.0,2026-09-29,current,-7.69542,inert-band,gateio,1,,4.0,NEUTRAL,925537.17
2026-09-29,EIGEN,159,108,22,0.265217,245986675,11.62,15.73,24.86,29.43,-59.17,6.46,4,12.0,13.3,17.7,0.9481,1.0,489829647,10.95,,,91bbc2a7e466,live,28581828,0.597728,0.663736,0.591539,22.2503,,LIQUIDITY,0.3494,0.525,0.597728,curve,0.591539,curve,applied,-0.525,False,1.0,2026-09-29,current,1.42347,inert-band,gateio,5,71.394,4.0,NEUTRAL,427218.27
2026-09-29,RLUSD,37,109,22,1.0,2517446362,12.05,1.79,-9.53,-8.0,-16.39,-7.13,4,17.0,8.5,18.0,1.0,1.0,2517446362,,47.02,-0.0028,91bbc2a7e466,live,303279449,0.85024,0.425093,0.601047,21.7237,,CONFIRM,0.5603,0.8554,0.85024,curve,0.601047,curve,inert,-0.8554,False,1.0,2026-09-29,absent,0.00383,no-feed,,,,,,
2026-09-29,2Z,163,110,21,0.068526,237759472,5.58,34.74,35.45,16.53,-32.53,16.91,4,11.9,16.3,13.7,0.9268,1.0,685154758,10.95,,,91bbc2a7e466,live,13275181,0.594034,0.815126,0.45741,20.5271,,LIQUIDITY,0.494,0.7822,0.594034,curve,0.45741,curve,applied,-0.7822,False,1.0,2026-09-29,current,6.39647,inert-band,gateio,3,99.1926,4.0,NEUTRAL,310737.22
2026-09-29,AXS,177,111,21,1.15,200897993,9.88,11.89,15.73,19.17,-19.19,8.45,4,11.5,13.9,16.6,0.9682,1.0,310442295,10.95,,,91bbc2a7e466,live,19854658,0.575744,0.696639,0.552955,21.473,,LIQUIDITY,0.3851,0.5925,0.575744,curve,0.552955,curve,applied,-0.5925,False,1.0,2026-09-29,current,2.98446,inert-band,gateio,3,13.7198,8.0,NEUTRAL,518090.51
2026-09-29,CRO,30,112,21,0.07065,3514163073,0.82,11.81,15.4,17.6,-34.75,4.84,4,17.7,12.7,12.0,0.9481,1.0,6989405381,10.95,,,91bbc2a7e466,live,28871269,0.886455,0.636079,0.4,21.3837,,LIQUIDITY,0.594,0.9163,0.886455,curve,0.35159,floor,applied,-0.9163,False,1.0,2026-09-29,current,2.16364,inert-band,gateio,2,442.3271,8.0,NEUTRAL,474561.35
2026-09-29,FARTCOIN,187,113,21,0.181679,181791524,23.7,-8.02,17.03,-13.23,-28.49,-7.15,4,11.3,8.5,25.8,1.0,1.0,181791524,10.95,50.08,-0.1419,91bbc2a7e466,live,43079471,0.564893,0.42462,0.859937,20.6269,,CONFIRM,0.5426,0.8566,0.564893,curve,0.859937,curve,inert,-0.8566,False,1.0,2026-09-29,current,3.84363,inert-band,gateio,4,105.558,4.0,NEUTRAL,4929426.57
2026-09-29,MORPHO,50,114,21,2.57,1800436990,2.06,2.54,10.56,-2.33,17.01,6.22,4,16.3,13.2,12.0,0.9751,1.0,2573327335,10.95,65.47,-0.1288,91bbc2a7e466,live,37138964,0.813844,0.659684,0.4,20.9405,,LIQUIDITY,0.5861,0.9163,0.813844,curve,0.379173,floor,applied,-0.9163,False,1.0,2026-09-29,current,-1.29538,inert-band,gateio,4,57.8721,4.0,NEUTRAL,526446.34
2026-09-29,NPC,185,115,21,0.02319606,186727145,2.59,0.98,4.13,32.42,91.47,27.72,4,11.4,18.2,12.0,1.0,1.0,186727145,,,,91bbc2a7e466,live,4834876,0.567802,0.911665,0.4,20.7058,,LIQUIDITY,0.5819,0.9163,0.567802,curve,0.390873,floor,inert,-0.9163,False,1.0,2026-09-29,absent,8.6128,no-feed,,,,,,
2026-09-29,PONS,122,116,21,0.530969,362332066,10.39,-13.48,-25.05,61.66,-16.41,1.83,3,12.8,11.7,16.9,1.0,1.0,362292422,-81.249,42.96,0.9779,91bbc2a7e466,live,37656042,0.639777,0.582857,0.564282,21.042,,LIQUIDITY,0.3671,0.5722,0.639777,curve,0.564282,curve,inert,-0.5722,False,1.0,2026-09-29,current,-1.71077,cold-downtrend,gateio,3,234.0152,4.0,SHORT_SQUEEZE_RISK,2835226.75
2026-09-29,SN51,220,117,21,29.76,142370608,2.64,16.5,34.58,43.12,189.63,62.3,4,10.8,19.9,12.0,1.0,1.0,142370608,,,,91bbc2a7e466,live,3761346,0.538355,0.993881,0.4,21.4024,,LIQUIDITY,0.5944,0.9163,0.538355,curve,0.392043,floor,inert,-0.9163,False,1.0,2026-09-29,absent,5.76826,no-feed,,,,,,
2026-09-29,ZBCN,155,118,21,0.00253259,252864418,5.12,23.11,22.61,17.83,-13.3,14.38,4,12.0,15.7,13.4,1.0,1.0,252864418,10.95,,,91bbc2a7e466,live,12948220,0.600722,0.783667,0.447125,21.0491,,LIQUIDITY,0.5165,0.8049,0.600722,curve,0.447125,curve,inert,-0.8049,False,1.0,2026-09-29,current,24.93288,inert-band,gateio,1,,4.0,NEUTRAL,44110.87
2026-09-29,ATOM,72,119,20,1.76,940410149,8.8,4.09,2.72,12.57,-35.81,-2.11,4,14.9,10.2,15.9,1.0,1.0,940429497,10.95,,,91bbc2a7e466,live,82773938,0.743329,0.512042,0.528931,20.132,,CONFIRM,0.4176,0.6693,0.743329,curve,0.528931,curve,inert,-0.6693,False,1.0,2026-09-29,current,-0.42602,inert-band,gateio,6,2573.252,8.0,NEUTRAL,1210599.68
2026-09-29,BSV,113,120,20,20.67,415255318,2.16,8.78,14.2,15.77,17.6,13.65,4,13.1,15.5,12.0,1.0,1.0,415255964,10.95,,,91bbc2a7e466,live,8956683,0.654579,0.773864,0.4,20.2622,,LIQUIDITY,0.574,0.9163,0.654579,curve,0.381265,floor,inert,-0.9163,False,1.0,2026-09-29,current,1.56589,inert-band,gateio,2,64.3411,4.0,NEUTRAL,892384.29
2026-09-29,CASHCAT,191,121,20,0.17951,177323320,18.57,10.2,7.22,-23.17,-16.41,-4.21,3,11.2,9.5,22.4,1.0,1.0,177323320,10.95,37.37,0.2419,91bbc2a7e466,live,32928316,0.562191,0.474909,0.745992,19.9172,,CONFIRM,0.4615,0.7446,0.562191,curve,0.745992,curve,inert,-0.7446,False,1.0,2026-09-29,current,-4.89842,inert-band,gateio,2,0.0,4.0,NEUTRAL,734799.58
2026-09-29,CVX,171,122,20,2.36,219935491,8.69,17.55,9.85,-2.12,-8.63,5.47,4,11.7,12.9,15.8,1.0,1.0,235978679,10.95,,,91bbc2a7e466,live,19111779,0.585574,0.64695,0.526438,19.9434,,LIQUIDITY,0.398,0.6416,0.585574,curve,0.526438,curve,inert,-0.6416,False,1.0,2026-09-29,current,15.49914,inert-band,gateio,2,72.7486,8.0,NEUTRAL,68169.92
2026-09-29,MNT,42,123,20,0.67169,2219880869,1.52,5.66,10.29,18.93,-24.42,4.12,4,16.7,12.5,12.0,0.9521,1.0,4180772751,10.95,,,91bbc2a7e466,live,33758790,0.836582,0.623506,0.4,19.8652,,LIQUIDITY,0.5669,0.9163,0.836582,curve,0.367128,floor,applied,-0.9163,False,1.0,2026-09-29,current,-0.27158,inert-band,gateio,3,29.3088,4.0,NEUTRAL,233954.14
2026-09-29,OKB,35,124,20,121.4,2549031101,1.07,1.07,-2.2,-1.8,11.22,1.57,4,17.0,11.6,12.0,1.0,1.0,2549031101,10.95,84.65,-0.619,91bbc2a7e466,live,27396117,0.851594,0.578138,0.4,19.6936,,LIQUIDITY,0.5639,0.9163,0.851594,curve,0.357217,floor,inert,-0.9163,False,1.0,2026-09-29,current,2.61689,inert-band,gateio,1,,8.0,NEUTRAL,660647.06
2026-09-29,STX,93,125,20,0.318552,595805371,4.17,-4.83,13.97,23.66,-9.97,5.96,4,13.9,13.1,12.8,1.0,1.028,595809098,-18.834,87.53,-0.2406,91bbc2a7e466,live,24860092,0.693776,0.655351,0.426056,19.9234,,LIQUIDITY,0.511,0.8532,0.693776,curve,0.426056,curve,inert,-0.8532,False,1.028,2026-09-29,current,-0.53303,cold-squeeze,gateio,3,94.6457,8.0,SHORT_SQUEEZE_RISK,277464.59
2026-09-29,A,202,126,19,0.09761,162953859,5.91,7.26,12.28,19.61,4.04,10.96,4,11.1,14.7,13.9,0.9871,1.0,204904812,10.95,,,91bbc2a7e466,live,9636246,0.553016,0.735559,0.464744,18.6608,,LIQUIDITY,0.4565,0.7663,0.553016,curve,0.464744,curve,applied,-0.7663,False,1.0,2026-09-29,current,-1.04256,inert-band,gateio,1,,4.0,NEUTRAL,76888.54
2026-09-29,AI,174,127,19,0.20705,205262725,6.91,-11.53,-39.36,97.07,-16.41,7.69,3,11.6,13.7,14.6,1.0,1.0,205262725,0.0,40.1,-3.7424,91bbc2a7e466,live,14190539,0.578078,0.684206,0.486963,19.2606,,LIQUIDITY,0.4369,0.7196,0.578078,curve,0.486963,curve,inert,-0.7196,False,1.0,2026-09-29,current,-12.25913,inert-band,hyperliquid,1,,1.0,NEUTRAL,
2026-09-29,AKT,179,128,19,0.669571,199717293,2.77,1.38,17.98,19.62,36.02,17.02,4,11.5,16.3,12.0,1.0,1.0,199719433,10.95,,,91bbc2a7e466,live,5536653,0.575104,0.816391,0.4,18.7804,,LIQUIDITY,0.5479,0.9163,0.575104,curve,0.394939,floor,inert,-0.9163,False,1.0,2026-09-29,current,0.96222,inert-band,gateio,2,5.6941,4.0,NEUTRAL,260878.96
2026-09-29,APE,211,129,19,0.151415,151333398,15.48,6.4,10.29,1.91,-37.48,-2.53,4,10.9,10.1,20.3,1.0,1.0,151333398,10.95,,,91bbc2a7e466,live,23429491,0.544984,0.504639,0.677379,18.6293,,CONFIRM,0.407,0.6839,0.544984,curve,0.677379,curve,inert,-0.6839,False,1.0,2026-09-29,current,-1.93733,inert-band,gateio,5,399.894,8.0,NEUTRAL,334039.03
2026-09-29,CHZ,193,130,19,0.0164552,173633825,21.18,7.58,7.29,11.74,-72.84,-7.54,4,11.2,8.4,24.1,1.0,1.0,173633825,10.95,,,91bbc2a7e466,live,36782196,0.559909,0.41833,0.804084,18.8338,,CONFIRM,0.522,0.8715,0.559909,curve,0.804084,curve,inert,-0.8715,False,1.0,2026-09-29,current,3.48656,inert-band,gateio,3,106.1087,8.0,NEUTRAL,139042.94
2026-09-29,MANA,190,131,19,0.091455,179091216,9.11,9.47,15.47,13.13,-26.78,4.64,4,11.3,12.7,16.1,0.9983,1.0,200568180,10.95,,,91bbc2a7e466,live,16315533,0.563269,0.63251,0.535782,19.056,,LIQUIDITY,0.3764,0.624,0.563269,curve,0.535782,curve,applied,-0.624,False,1.0,2026-09-29,current,1.93419,inert-band,gateio,2,43.9086,8.0,NEUTRAL,124594.76
2026-09-29,RAIL,205,132,19,2.65,158892682,0.17,-18.26,22.38,22.39,91.97,24.11,4,11.0,17.7,12.0,1.0,1.0,158892682,,,,91bbc2a7e466,live,263703,0.550276,0.885776,0.4,19.4969,,LIQUIDITY,0.5605,0.9163,0.550276,curve,0.337021,floor,inert,-0.9163,False,1.0,2026-09-29,absent,-1.72808,no-feed,,,,,,
2026-09-29,SENT,209,133,19,0.02104428,152243584,4.17,15.2,33.88,58.26,-18.12,23.97,4,10.9,17.7,12.8,0.9111,1.0,722732103,10.95,,,91bbc2a7e466,live,6348094,0.545635,0.884713,0.425993,18.7358,,LIQUIDITY,0.5095,0.8533,0.545635,curve,0.425993,curve,applied,-0.8533,False,1.0,2026-09-29,current,0.81434,inert-band,gateio,1,,4.0,NEUTRAL,150295.03
2026-09-29,THETA,165,134,19,0.2299,229910266,2.37,7.08,15.9,26.59,10.36,14.82,4,11.8,15.8,12.0,1.0,1.0,229910266,10.95,,,91bbc2a7e466,live,5459691,0.59039,0.789315,0.4,18.6401,,LIQUIDITY,0.5455,0.9163,0.59039,curve,0.386105,floor,inert,-0.9163,False,1.0,2026-09-29,current,1.20817,inert-band,gateio,2,92.2143,8.0,NEUTRAL,254092.69
2026-09-29,VET,80,135,19,0.00906266,779657676,1.59,3.16,14.23,21.1,-23.03,5.17,4,14.5,12.8,12.0,1.0,1.0,779657676,10.95,,,91bbc2a7e466,live,12386457,0.722976,0.641809,0.4,18.5605,,LIQUIDITY,0.5441,0.9163,0.722976,curve,0.368638,floor,inert,-0.9163,False,1.0,2026-09-29,current,0.65449,inert-band,gateio,2,,8.0,NEUTRAL,268952.12
2026-09-29,APEPE,148,136,18,1.33e-06,279612973,5.45,9.95,0.56,10.3,-1.99,5.3,4,12.2,12.9,13.6,1.0,1.0,279612973,,,,91bbc2a7e466,live,15252347,0.611639,0.643993,0.454551,17.9044,,LIQUIDITY,0.4584,0.7884,0.611639,curve,0.454551,curve,inert,-0.7884,False,1.0,2026-09-29,absent,0.42197,no-feed,,,,,,
2026-09-29,ENS,141,137,18,7.06,298308867,7.84,8.9,15.25,19.27,-36.83,3.93,4,12.4,12.4,15.2,0.9369,1.0,705772273,10.95,,,91bbc2a7e466,live,23374794,0.618667,0.620227,0.507462,18.2433,,LIQUIDITY,0.3987,0.6783,0.618667,curve,0.507462,curve,applied,-0.6783,False,1.0,2026-09-29,current,4.21425,inert-band,gateio,3,29.5482,8.0,NEUTRAL,179518.72
2026-09-29,GOMINING,214,138,18,0.37062,149299623,12.96,-3.07,-7.0,2.18,9.76,-0.17,4,10.9,10.9,18.6,1.0,1.0,149333172,,,,91bbc2a7e466,live,19347439,0.543515,0.546911,0.621307,18.4686,,DEPTH,0.361,0.6097,0.543515,curve,0.621307,curve,inert,-0.6097,False,1.0,2026-09-29,absent,-0.99173,no-feed,,,,,,
2026-09-29,META,223,139,18,6.07,137774458,1.74,12.48,18.57,-5.88,60.15,18.95,4,10.7,16.8,12.0,1.0,1.0,137774458,0.0,,,91bbc2a7e466,live,2396022,0.534792,0.837937,0.4,17.9249,,LIQUIDITY,0.533,0.9163,0.534792,curve,0.37198,floor,inert,-0.9163,False,1.0,2026-09-29,current,1.32105,inert-band,gateio,2,14.016,8.0,NEUTRAL,874806.7
2026-09-29,S,210,140,18,0.03908744,151884627,17.89,-11.48,41.08,25.56,-94.87,-5.76,4,10.9,9.0,21.9,1.0,1.0,151884627,10.95,,,91bbc2a7e466,live,27168996,0.545378,0.448103,0.730843,17.8608,,CONFIRM,0.466,0.8027,0.545378,curve,0.730843,curve,inert,-0.8027,False,1.0,2026-09-29,current,-0.23326,inert-band,gateio,5,825.63,4.0,NEUTRAL,161632.22
2026-09-29,SHIB,31,141,18,5.87e-06,3455414533,3.25,-0.62,3.48,6.06,-24.14,-2.63,4,17.7,10.1,12.2,1.0,1.0,3456922423,10.95,,,91bbc2a7e466,live,112294780,0.884625,0.502879,0.405552,18.0414,,LIQUIDITY,0.527,0.9025,0.884625,curve,0.405552,curve,inert,-0.9025,False,1.0,2026-09-29,current,2.03969,inert-band,gateio,2,53.6781,8.0,NEUTRAL,3459559.96
2026-09-29,U,52,142,18,0.99957,1526129840,9.27,1.77,-9.58,-7.98,-16.44,-7.15,4,15.9,8.5,16.2,1.0,1.0,1526129840,,55.05,0.0082,91bbc2a7e466,live,141546959,0.795898,0.424774,0.539442,18.2373,,CONFIRM,0.5031,0.8562,0.795898,curve,0.539442,curve,inert,-0.8562,False,1.0,2026-09-29,absent,-0.00848,no-feed,,,,,,
2026-09-29,ASTER,45,143,17,0.725417,1966216901,6.49,2.67,-3.9,-3.65,-14.45,-3.97,4,16.5,9.6,14.3,0.9268,1.0,5655115257,10.95,,,91bbc2a7e466,live,127610689,0.823408,0.479051,0.477559,17.4586,,LIQUIDITY,0.4235,0.7391,0.823408,curve,0.477559,curve,applied,-0.7391,False,1.0,2026-09-29,current,2.11065,inert-band,gateio,5,60.5981,4.0,NEUTRAL,2934670.99
2026-09-29,BAT,222,144,17,0.093073,139133835,6.13,11.45,14.02,24.33,-26.45,7.73,4,10.7,13.7,14.1,1.0,1.0,139531532,10.95,,,91bbc2a7e466,live,8527010,0.535858,0.684884,0.469525,17.2316,,LIQUIDITY,0.4299,0.756,0.535858,curve,0.469525,curve,inert,-0.756,False,1.0,2026-09-29,current,1.80878,inert-band,gateio,2,128.8966,8.0,NEUTRAL,54968.24
2026-09-29,BTT,121,145,17,3.77615e-07,372698485,3.52,-1.59,5.47,21.2,-4.66,5.26,4,12.9,12.9,12.3,1.0,1.0,373816958,,,,91bbc2a7e466,live,13137317,0.642839,0.643273,0.411665,17.0232,,LIQUIDITY,0.5013,0.8875,0.642839,curve,0.411665,curve,inert,-0.8875,False,1.0,2026-09-29,absent,-1.13639,no-feed,,,,,,
2026-09-29,SN64,225,146,17,22.49,135979422,3.83,6.0,33.28,16.99,-15.27,11.31,4,10.7,14.8,12.6,1.0,1.0,135979422,,,,91bbc2a7e466,live,5210767,0.533368,0.740788,0.418489,16.5351,,LIQUIDITY,0.484,0.8711,0.533368,curve,0.418489,curve,inert,-0.8711,False,1.0,2026-09-29,absent,5.68649,no-feed,,,,,,
2026-09-29,TWT,158,147,17,0.592374,246819869,6.18,4.68,2.62,15.54,0.08,5.96,4,12.0,13.1,14.1,0.9361,1.0,592391524,10.95,,,91bbc2a7e466,live,15259012,0.598095,0.655288,0.470717,17.2697,,LIQUIDITY,0.429,0.7535,0.598095,curve,0.470717,curve,applied,-0.7535,False,1.0,2026-09-29,current,2.21753,inert-band,gateio,1,,8.0,NEUTRAL,133785.0
2026-09-29,XTZ,123,148,17,0.322409,353659385,1.89,-1.43,14.77,41.02,-36.64,6.19,4,12.7,13.2,12.0,1.0,1.0,360097591,10.95,,,91bbc2a7e466,live,6692770,0.637146,0.659198,0.4,16.8002,,LIQUIDITY,0.5137,0.9163,0.637146,curve,0.375387,floor,inert,-0.9163,False,1.0,2026-09-29,current,2.63693,inert-band,gateio,2,79.6658,8.0,NEUTRAL,329079.01
2026-09-29,EURCV,184,149,16,1.13,190401989,16.61,0.76,-11.18,-9.93,-17.38,-8.53,4,11.4,8.0,21.1,1.0,1.0,190401989,,,,91bbc2a7e466,live,31629066,0.569918,0.402225,0.702483,16.1034,,CONFIRM,0.4987,0.9107,0.569918,curve,0.702483,curve,inert,-0.9107,False,1.0,2026-09-29,absent,-0.15365,no-feed,,,,,,
2026-09-29,FF,120,150,16,0.119071,373871021,2.38,-3.45,-27.09,23.57,45.57,7.2,4,12.9,13.5,12.0,0.9226,1.0,1190672042,10.95,57.97,-1.0655,91bbc2a7e466,live,8893226,0.64318,0.676139,0.4,16.0488,,LIQUIDITY,0.5008,0.9163,0.64318,curve,0.386193,floor,applied,-0.9163,False,1.0,2026-09-29,current,-7.55755,inert-band,gateio,1,,4.0,NEUTRAL,12569880.57
2026-09-29,SNX,213,151,16,0.257677,149667727,6.53,13.76,15.81,14.79,-41.2,3.54,4,10.9,12.3,14.4,1.0,1.0,149776860,10.95,,,91bbc2a7e466,live,9767823,0.543782,0.613251,0.478363,15.9522,,LIQUIDITY,0.4017,0.7374,0.543782,curve,0.478363,curve,inert,-0.7374,False,1.0,2026-09-29,current,3.51629,inert-band,gateio,3,5.1403,8.0,NEUTRAL,184265.09
2026-09-29,STABLE,79,152,16,0.02926761,782134682,1.42,21.29,-4.14,0.93,-18.03,1.98,4,14.5,11.7,12.0,0.9171,1.0,2923167672,10.95,29.36,-0.2255,91bbc2a7e466,live,11105797,0.72332,0.585553,0.4,15.5372,,LIQUIDITY,0.4921,0.9163,0.72332,curve,0.364887,floor,applied,-0.9163,False,1.0,2026-09-29,current,8.09179,inert-band,gateio,2,0.0,4.0,NEUTRAL,167090.89
2026-09-29,XCN,182,153,16,0.004857,191041665,3.7,13.51,0.04,34.67,-24.99,7.74,4,11.4,13.7,12.5,0.9799,1.0,259389713,-73.803,,,91bbc2a7e466,live,7065659,0.570282,0.684957,0.415522,15.9048,,LIQUIDITY,0.4777,0.8782,0.570282,curve,0.415522,curve,applied,-0.8782,False,1.0,2026-09-29,current,-1.92934,cold-no-rsi,gateio,1,,4.0,SHORT_SQUEEZE_RISK,255559.87
2026-09-29,1INCH,215,154,15,0.104538,146895075,9.0,5.24,5.92,10.78,-41.3,-2.51,4,10.8,10.1,16.0,1.0,1.0,156763442,10.95,,,91bbc2a7e466,live,13217485,0.541752,0.504917,0.533287,14.5875,,CONFIRM,0.355,0.6834,0.541752,curve,0.533287,curve,inert,-0.6834,False,1.0,2026-09-29,current,4.29172,inert-band,gateio,3,40.9795,8.0,NEUTRAL,148117.21
2026-09-29,AWE,224,155,15,0.070291,136536847,1.93,13.07,0.69,4.63,18.94,9.04,4,10.7,14.1,12.0,1.0,1.0,136536847,10.95,,,91bbc2a7e466,live,2637690,0.533812,0.705976,0.4,15.0743,,LIQUIDITY,0.4843,0.9163,0.533812,curve,0.376263,floor,inert,-0.9163,False,1.0,2026-09-29,current,6.09942,inert-band,gateio,1,,8.0,NEUTRAL,23514.31
2026-09-29,USDY,40,156,15,1.15,2286286437,0.14,2.28,-9.34,-7.62,-15.01,-6.56,4,16.8,8.7,12.0,1.0,1.0,2286286437,,100.0,0.0,91bbc2a7e466,live,3278781,0.839783,0.434551,0.4,14.5971,,LIQUIDITY,0.4762,0.9163,0.839783,curve,0.33652,floor,inert,-0.9163,False,1.0,2026-09-29,absent,0.17769,no-feed,,,,,,
2026-09-29,USYC,39,157,15,1.14,2405472293,0.0,1.84,-9.41,-7.73,-14.68,-6.67,4,16.9,8.7,12.0,1.0,1.0,2405472293,,100.0,0.0,91bbc2a7e466,live,0.0,0.8453,0.432715,0.4,14.631,,LIQUIDITY,0.4767,0.9163,0.8453,curve,0.0,zero-volume,inert,-0.9163,False,1.0,2026-09-29,absent,0.0093,no-feed,,,,,,
2026-09-29,BUIDL,41,158,14,1.0,2262528018,0.0,1.77,-9.54,-7.99,-16.41,-7.13,4,16.8,8.5,12.0,1.0,1.0,2262528018,,50.0,0.0,91bbc2a7e466,live,0.0,0.838648,0.424996,0.4,14.2569,,LIQUIDITY,0.4704,0.9163,0.838648,curve,0.0,zero-volume,inert,-0.9163,False,1.0,2026-09-29,absent,0.0,no-feed,,,,,,
2026-09-29,CASH,229,159,14,0.99955,131356198,13.98,1.77,-9.53,-8.0,-16.44,-7.14,4,10.6,8.5,19.3,1.0,1.0,131356198,,,,91bbc2a7e466,live,18358311,0.529613,0.424875,0.643911,14.4892,,CONFIRM,0.4431,0.856,0.529613,curve,0.643911,curve,inert,-0.856,False,1.0,2026-09-29,absent,0.00765,no-feed,,,,,,
2026-09-29,EURC,108,160,14,1.13,461665701,8.74,0.76,-11.15,-9.96,-17.38,-8.53,4,13.3,8.0,15.8,1.0,1.0,468778928,3.504,,,91bbc2a7e466,live,40340058,0.666082,0.402233,0.52751,14.133,,CONFIRM,0.4654,0.9107,0.666082,curve,0.52751,curve,inert,-0.9107,False,1.0,2026-09-29,current,-0.18652,inert-band,coinbase,1,,1.0,NEUTRAL,1205809.1
2026-09-29,FLOKI,149,161,14,2.77e-05,267013356,8.94,-3.28,4.9,2.05,-36.75,-6.59,4,12.1,8.7,16.0,1.0,1.0,153437455,-7.227,,,91bbc2a7e466,live,23872228,0.606633,0.433981,0.53201,14.0061,,CONFIRM,0.4247,0.8348,0.606633,curve,0.53201,curve,inert,-0.8348,False,1.0,2026-09-29,current,-0.30585,inert-band,gateio,1,,8.0,MILD_INVERSION,228306.95
2026-09-29,HTX,51,162,14,1.72e-06,1543529831,1.95,0.35,-8.02,-6.1,-9.83,-5.39,4,15.9,9.1,12.0,1.0,1.0,1543529831,,25.6,0.0884,91bbc2a7e466,live,30030943,0.797129,0.454449,0.4,14.4902,,LIQUIDITY,0.4743,0.9163,0.797129,curve,0.376569,floor,inert,-0.9163,False,1.0,2026-09-29,absent,0.29631,no-feed,,,,,,
2026-09-29,LUNC,143,163,14,5.382e-05,296591283,3.73,1.33,-1.03,-4.95,6.58,0.22,4,12.4,11.1,12.5,0.994,1.0,347084731,10.95,,,91bbc2a7e466,live,11068793,0.61804,0.553951,0.416267,14.166,,LIQUIDITY,0.4485,0.8764,0.61804,curve,0.416267,curve,applied,-0.8764,False,1.0,2026-09-29,current,0.09173,inert-band,gateio,1,,8.0,NEUTRAL,256094.16
2026-09-29,TRAC,199,164,14,0.377984,169038091,2.87,7.41,9.59,3.72,-8.25,3.9,4,11.1,12.4,12.0,0.9984,1.0,188964758,,,,91bbc2a7e466,live,4854704,0.556996,0.619648,0.4,13.7836,,LIQUIDITY,0.4624,0.9163,0.556996,curve,0.397155,floor,applied,-0.9163,False,1.0,2026-09-29,absent,6.62232,no-feed,,,,,,
2026-09-29,XEC,194,165,14,8.6e-06,172866401,2.34,0.2,8.16,16.04,-9.63,4.18,4,11.2,12.5,12.0,1.0,1.0,172866885,,,,91bbc2a7e466,live,4050314,0.559428,0.624604,0.4,13.9768,,LIQUIDITY,0.4656,0.9163,0.559428,curve,0.385401,floor,inert,-0.9163,False,1.0,2026-09-29,absent,1.72154,no-feed,,,,,,
2026-09-29,ZK,227,166,14,0.01242074,134295641,7.16,8.22,27.17,24.18,-72.57,0.79,4,10.6,11.3,14.8,0.9499,1.0,260731128,10.95,,,91bbc2a7e466,live,9612652,0.532015,0.564227,0.492396,14.0401,,LIQUIDITY,0.3609,0.7085,0.532015,curve,0.492396,curve,applied,-0.7085,False,1.0,2026-09-29,current,-1.58007,inert-band,gateio,3,20.7281,8.0,NEUTRAL,120241.21
2026-09-29,BFUSD,59,167,13,0.999619,1319459331,0.11,1.78,-9.53,-7.98,-16.37,-7.12,4,15.6,8.5,12.0,1.0,1.0,1319459331,,,,91bbc2a7e466,live,1412283,0.780099,0.425275,0.4,13.2703,,LIQUIDITY,0.4537,0.9163,0.780099,curve,0.335712,floor,inert,-0.9163,False,1.0,2026-09-29,absent,0.06001,no-feed,,,,,,
2026-09-29,EURSAFO,53,168,13,1.15,1484534722,0.0,0.83,-11.04,-9.77,-16.41,-8.24,3,15.9,8.1,12.0,1.0,1.0,1484534722,,,,91bbc2a7e466,live,0.0,0.792898,0.406897,0.4,12.9051,,LIQUIDITY,0.4475,0.9163,0.792898,curve,0.0,zero-volume,inert,-0.9163,False,1.0,2026-09-29,absent,-0.18453,no-feed,,,,,,
2026-09-29,KCS,68,169,13,7.49,1028212230,0.34,2.48,-0.91,-0.16,-34.77,-6.48,4,15.1,8.7,12.0,1.0,1.0,1065695805,,,,91bbc2a7e466,live,3504964,0.753021,0.435969,0.4,13.1317,,LIQUIDITY,0.4513,0.9163,0.753021,curve,0.340908,floor,inert,-0.9163,False,1.0,2026-09-29,absent,1.67998,no-feed,,,,,,
2026-09-29,KOGE,166,170,13,67.45,227972774,0.03,-0.71,-12.06,-4.53,24.07,0.46,4,11.8,11.2,12.0,1.0,1.0,227972774,,,,91bbc2a7e466,live,68671,0.589471,0.558191,0.4,13.1615,,LIQUIDITY,0.4518,0.9163,0.589471,curve,0.334003,floor,inert,-0.9163,False,1.0,2026-09-29,absent,-0.19053,no-feed,,,,,,
2026-09-29,SUN,128,171,13,0.01717362,330059291,4.86,0.45,-7.86,-5.72,-9.69,-5.2,4,12.6,9.2,13.2,1.0,1.0,341710470,10.95,,,91bbc2a7e466,live,16043036,0.629648,0.457775,0.441348,12.7213,,LIQUIDITY,0.3967,0.8179,0.629648,curve,0.441348,curve,inert,-0.8179,False,1.0,2026-09-29,current,0.00187,inert-band,gateio,1,,8.0,NEUTRAL,50776.24
2026-09-29,TRUMP,95,172,13,2.06,579212639,40.08,-3.38,-6.58,-27.47,-67.22,-22.97,4,13.8,4.5,28.0,0.9187,1.0,2054907863,10.95,57.2,0.4021,91bbc2a7e466,live,232170651,0.69071,0.223606,0.934451,13.259,,CONFIRM,0.7413,1.4979,0.69071,curve,0.934451,curve,applied,-1.4979,True,1.0,2026-09-29,current,1.30501,inert-band,gateio,5,51.8453,4.0,NEUTRAL,3688982.9
2026-09-29,USDF,57,173,13,0.996717,1372882838,0.03,1.72,-9.59,-8.03,-16.53,-7.19,4,15.7,8.5,12.0,1.0,1.0,1372882838,,,,91bbc2a7e466,live,350360,0.784408,0.423956,0.4,13.3022,,LIQUIDITY,0.4542,0.9163,0.784408,curve,0.3339,floor,inert,-0.9163,False,1.0,2026-09-29,absent,0.08036,no-feed,,,,,,
2026-09-29,USDGO,63,174,13,1.0,1194688739,2.97,1.78,-9.56,-8.0,-16.39,-7.13,4,15.4,8.5,12.0,1.0,1.0,1186688368,,,,91bbc2a7e466,live,35537269,0.769314,0.424959,0.4,13.0771,,LIQUIDITY,0.4504,0.9163,0.769314,curve,0.399436,floor,inert,-0.9163,False,1.0,2026-09-29,absent,0.0166,no-feed,,,,,,
2026-09-29,USTB,78,175,13,11.22,792319074,0.0,1.84,-9.41,-7.71,-14.53,-6.63,4,14.5,8.7,12.0,1.0,1.0,792319074,,,,91bbc2a7e466,live,0.0,0.724725,0.433369,0.4,12.5629,,LIQUIDITY,0.4417,0.9163,0.724725,curve,0.0,zero-volume,inert,-0.9163,False,1.0,2026-09-29,absent,0.00973,no-feed,,,,,,
2026-09-29,BGB,56,176,12,1.99,1392816832,1.07,-3.32,-6.19,-4.5,-26.27,-8.92,4,15.7,7.9,12.0,0.9838,1.0,1812514819,,,,91bbc2a7e466,live,14970163,0.785974,0.395909,0.4,12.2453,,CONFIRM,0.4412,0.9266,0.785974,curve,0.357218,floor,applied,-0.9266,False,1.0,2026-09-29,absent,-0.34511,no-feed,,,,,,
2026-09-29,CFX,146,177,12,0.055085,288784363,2.17,6.89,9.34,12.91,-56.43,-3.66,4,12.3,9.7,12.0,1.0,1.0,288786077,10.95,,,91bbc2a7e466,live,6260715,0.615143,0.484652,0.4,11.9252,,LIQUIDITY,0.4309,0.9163,0.615143,curve,0.38151,floor,inert,-0.9163,False,1.0,2026-09-29,current,1.63514,inert-band,gateio,4,122.202,8.0,NEUTRAL,589176.52
2026-09-29,CRVUSD,169,178,12,0.999875,222983039,6.84,1.84,-9.59,-7.99,-16.34,-7.11,4,11.7,8.5,14.6,1.0,1.0,222989269,,,,91bbc2a7e466,live,15244968,0.587068,0.42538,0.485263,12.1183,,CONFIRM,0.405,0.8548,0.587068,curve,0.485263,curve,inert,-0.8548,False,1.0,2026-09-29,absent,0.01896,no-feed,,,,,,
2026-09-29,DCR,136,179,12,18.01,317539986,0.66,2.58,-0.82,20.89,-47.38,-3.68,4,12.5,9.7,12.0,1.0,1.0,317542375,,,,91bbc2a7e466,live,2085288,0.62545,0.484152,0.4,12.1125,,LIQUIDITY,0.4341,0.9163,0.62545,curve,0.347927,floor,inert,-0.9163,False,1.0,2026-09-29,absent,-0.71526,no-feed,,,,,,
2026-09-29,EUTBL,86,180,12,1.2,705629762,0.0,0.82,-11.05,-9.81,-16.24,-8.22,4,14.2,8.1,12.0,1.0,1.0,705629762,,,,91bbc2a7e466,live,0.0,0.712144,0.407188,0.4,11.5991,,LIQUIDITY,0.4253,0.9163,0.712144,curve,0.0,zero-volume,inert,-0.9163,False,1.0,2026-09-29,absent,-0.19486,no-feed,,,,,,
2026-09-29,FLR,88,181,12,0.00746422,649135379,0.83,9.24,2.51,8.37,-66.33,-7.77,4,14.1,8.3,12.0,0.9895,1.0,796072339,-46.0995,,,91bbc2a7e466,live,5403163,0.703084,0.414429,0.4,11.5327,,LIQUIDITY,0.4242,0.9163,0.703084,curve,0.35183,floor,applied,-0.9163,False,1.0,2026-09-29,current,4.64143,cold-no-rsi,gateio,1,,8.0,SHORT_SQUEEZE_RISK,39536.8
2026-09-29,GHO,87,182,12,0.999377,698545998,1.73,1.8,-9.49,-7.98,-16.35,-7.1,4,14.2,8.5,12.0,1.0,1.0,698545998,,,,91bbc2a7e466,live,12116988,0.711049,0.425571,0.4,12.1041,,LIQUIDITY,0.4339,0.9163,0.711049,curve,0.37188,floor,inert,-0.9163,False,1.0,2026-09-29,absent,0.01347,no-feed,,,,,,
2026-09-29,GLM,233,183,12,0.127833,127825722,1.71,6.31,1.41,5.98,-16.13,0.51,4,10.5,11.2,12.0,1.0,1.0,127825722,-2.409,,,91bbc2a7e466,live,2186494,0.526655,0.559238,0.4,11.781,,LIQUIDITY,0.4284,0.9163,0.526655,curve,0.371345,floor,inert,-0.9163,False,1.0,2026-09-29,current,0.28884,inert-band,gateio,1,,4.0,MILD_INVERSION,28664.82
2026-09-29,JAAA,94,184,12,1.051,582002198,0.0,1.82,-9.41,-7.61,-13.96,-6.5,4,13.8,8.7,12.0,1.0,1.0,582002198,,,,91bbc2a7e466,live,0.0,0.691231,0.435581,0.4,12.0435,,LIQUIDITY,0.4329,0.9163,0.691231,curve,0.0,zero-volume,inert,-0.9163,False,1.0,2026-09-29,absent,-0.01484,no-feed,,,,,,
2026-09-29,KITE,126,185,12,0.140391,335634572,4.97,7.24,22.32,2.4,-61.06,-3.86,4,12.6,9.6,13.3,0.914,1.0,1403626346,10.95,,,91bbc2a7e466,live,16678937,0.631467,0.481074,0.443764,12.3214,,LIQUIDITY,0.388,0.8125,0.631467,curve,0.443764,curve,applied,-0.8125,False,1.0,2026-09-29,current,0.24951,inert-band,gateio,1,,4.0,NEUTRAL,233955.59
2026-09-29,NEO,188,186,12,2.57,181387616,2.51,5.78,9.71,15.76,-41.99,-0.3,4,11.3,10.9,12.0,0.9759,1.0,257177962,10.95,,,91bbc2a7e466,live,4547406,0.564652,0.544686,0.4,12.0058,,LIQUIDITY,0.4323,0.9163,0.564652,curve,0.389045,floor,applied,-0.9163,False,1.0,2026-09-29,current,0.78205,inert-band,gateio,3,329.4481,8.0,NEUTRAL,140571.29
2026-09-29,OHM,140,187,12,20.27,302371686,0.05,2.62,-9.52,-4.45,2.33,-2.24,4,12.4,10.2,12.0,0.9819,1.0,401757452,,,,91bbc2a7e466,live,137512,0.620135,0.509756,0.4,12.4158,,LIQUIDITY,0.4392,0.9163,0.620135,curve,0.334344,floor,applied,-0.9163,False,1.0,2026-09-29,absent,-0.06627,no-feed,,,,,,
2026-09-29,REUSD,144,188,12,1.1,294555711,0.22,1.95,-9.25,-7.33,-3.08,-4.18,4,12.3,9.5,12.0,1.0,1.0,294555711,,,,91bbc2a7e466,live,644445,0.617292,0.475517,0.4,11.7413,,LIQUIDITY,0.4278,0.9163,0.617292,curve,0.338195,floor,inert,-0.9163,False,1.0,2026-09-29,absent,0.06617,no-feed,,,,,,
2026-09-29,SFP,212,189,12,0.30085,150406667,0.73,2.64,0.12,7.65,-10.55,0.63,4,10.9,11.2,12.0,1.0,1.0,150406667,10.95,,,91bbc2a7e466,live,1101192,0.544317,0.561298,0.4,12.221,,LIQUIDITY,0.4359,0.9163,0.544317,curve,0.349603,floor,inert,-0.9163,False,1.0,2026-09-29,current,0.06011,inert-band,gateio,1,,8.0,NEUTRAL,13288.38
2026-09-29,USD0,97,190,12,0.998811,546075479,0.05,1.75,-9.56,-8.09,-16.38,-7.16,4,13.7,8.5,12.0,1.0,1.0,546075479,,,,91bbc2a7e466,live,294039,0.684313,0.424451,0.4,11.6183,,LIQUIDITY,0.4257,0.9163,0.684313,curve,0.33453,floor,inert,-0.9163,False,1.0,2026-09-29,absent,0.00363,no-feed,,,,,,
2026-09-29,A7A5,107,191,11,0.0117995,462963079,0.0,0.91,-9.62,-5.77,-21.43,-7.86,4,13.3,8.3,12.0,1.0,1.0,462963079,,,,91bbc2a7e466,live,3562.17,0.666387,0.412976,0.4,11.0081,,LIQUIDITY,0.4153,0.9163,0.666387,curve,0.33335,floor,inert,-0.9163,False,1.0,2026-09-29,absent,0.98698,no-feed,,,,,,
2026-09-29,APXUSD,133,192,11,0.986654,318996173,2.34,2.0,-8.81,-6.19,-17.76,-6.7,4,12.5,8.6,12.0,1.0,1.0,318999637,,,,91bbc2a7e466,live,7469462,0.625946,0.432171,0.4,10.8206,,LIQUIDITY,0.4121,0.9163,0.625946,curve,0.385368,floor,inert,-0.9163,False,1.0,2026-09-29,absent,0.41037,no-feed,,,,,,
2026-09-29,EDGE,183,193,11,0.544796,190726958,1.95,-7.63,-19.98,39.16,-16.41,-0.77,3,11.4,10.7,12.0,0.9271,1.0,544934167,10.95,,,91bbc2a7e466,live,3721007,0.570103,0.536055,0.4,11.3331,,LIQUIDITY,0.4208,0.9163,0.570103,curve,0.376688,floor,applied,-0.9163,False,1.0,2026-09-29,current,-4.15531,inert-band,gateio,1,,4.0,NEUTRAL,31979.23
2026-09-29,EGLD,219,194,11,4.65,143305459,2.28,7.32,4.42,8.98,-41.32,-2.72,4,10.8,10.0,12.0,1.0,1.0,143305459,-4.7085,,,91bbc2a7e466,live,3271662,0.539066,0.501264,0.4,10.8086,,LIQUIDITY,0.4118,0.9163,0.539066,curve,0.384067,floor,inert,-0.9163,False,1.0,2026-09-29,current,1.998,inert-band,gateio,2,25.4835,8.0,MILD_INVERSION,213937.37
2026-09-29,FLUID,235,195,11,1.52,127494665,1.56,10.17,21.66,5.73,-51.9,-0.48,4,10.5,10.8,12.0,0.992,1.0,152328841,10.95,,,91bbc2a7e466,live,1985719,0.526373,0.541336,0.4,11.3066,,LIQUIDITY,0.4204,0.9163,0.526373,curve,0.367944,floor,applied,-0.9163,False,1.0,2026-09-29,current,7.27299,inert-band,gateio,1,,4.0,NEUTRAL,63842.45
2026-09-29,GNO,135,196,11,120.31,317564650,0.63,5.22,-3.85,-6.45,-24.21,-5.85,4,12.5,8.9,12.0,0.9968,1.0,360925110,,,,91bbc2a7e466,live,2002851,0.625458,0.446559,0.4,11.1364,,LIQUIDITY,0.4175,0.9163,0.625458,curve,0.347349,floor,applied,-0.9163,False,1.0,2026-09-29,absent,0.68258,no-feed,,,,,,
2026-09-29,JTRSY,132,197,11,1.12,326061760,0.0,1.84,-9.41,-7.72,-14.55,-6.64,4,12.6,8.7,12.0,1.0,1.0,326061760,,,,91bbc2a7e466,live,0.0,0.628325,0.433214,0.4,10.888,,LIQUIDITY,0.4132,0.9163,0.628325,curve,0.0,zero-volume,inert,-0.9163,False,1.0,2026-09-29,absent,0.01011,no-feed,,,,,,
2026-09-29,KAIA,170,198,11,0.03452147,221934659,2.23,11.03,11.82,8.74,-63.85,-4.32,4,11.7,9.5,12.0,1.0,1.0,221943251,10.95,,,91bbc2a7e466,live,4944566,0.586556,0.472952,0.4,11.0965,,LIQUIDITY,0.4168,0.9163,0.586556,curve,0.382843,floor,inert,-0.9163,False,1.0,2026-09-29,current,1.06157,inert-band,gateio,2,5.6936,4.0,NEUTRAL,49681.33
2026-09-29,MX,195,199,11,1.87,171991384,4.78,-0.41,-2.19,-0.63,-11.72,-3.17,4,11.2,9.9,13.2,0.9125,1.0,766014695,,,,91bbc2a7e466,live,8226508,0.558877,0.493211,0.439624,11.0577,,LIQUIDITY,0.3732,0.8218,0.558877,curve,0.439624,curve,applied,-0.8218,False,1.0,2026-09-29,absent,0.38857,no-feed,,,,,,
2026-09-29,NEXO,74,200,11,0.840676,840978800,0.86,-0.31,-5.07,-9.78,-27.67,-9.34,4,14.6,7.8,12.0,1.0,1.0,840978800,,,,91bbc2a7e466,live,7201429,0.731196,0.389326,0.4,11.387,,CONFIRM,0.4342,0.9433,0.731196,curve,0.352363,floor,inert,-0.9433,False,1.0,2026-09-29,absent,-3.43781,no-feed,,,,,,
2026-09-29,OUSG,138,201,11,116.72,312910811,0.0,1.84,-9.41,-7.69,-14.53,-6.63,4,12.5,8.7,12.0,1.0,1.0,312910811,,,,91bbc2a7e466,live,0.0,0.623855,0.43341,0.4,10.8154,,LIQUIDITY,0.412,0.9163,0.623855,curve,0.0,zero-volume,inert,-0.9163,False,1.0,2026-09-29,absent,0.02991,no-feed,,,,,,
2026-09-29,SOFID,129,202,11,0.999655,328842904,4.13,1.8,-9.52,-7.98,-16.41,-7.12,3,12.6,8.5,12.8,1.0,1.0,328842904,,,,91bbc2a7e466,live,13577902,0.629247,0.42524,0.425089,11.3746,,LIQUIDITY,0.3935,0.8555,0.629247,curve,0.425089,curve,inert,-0.8555,False,1.0,2026-09-29,absent,0.00216,no-feed,,,,,,
2026-09-29,USDTB,106,203,11,0.999992,492472205,0.05,1.8,-9.5,-8.0,-16.39,-7.11,4,13.5,8.5,12.0,1.0,1.0,492472205,,,,91bbc2a7e466,live,244889,0.673095,0.425326,0.4,11.4514,,LIQUIDITY,0.4228,0.9163,0.673095,curve,0.334438,floor,inert,-0.9163,False,1.0,2026-09-29,absent,0.03833,no-feed,,,,,,
2026-09-29,YLDS,104,204,11,0.999828,500299045,2.72,1.74,-9.54,-8.0,-16.44,-7.15,4,13.5,8.5,12.0,1.0,1.0,500299045,,,,91bbc2a7e466,live,13631812,0.674807,0.424736,0.4,11.4646,,LIQUIDITY,0.4231,0.9163,0.674807,curve,0.393883,floor,inert,-0.9163,False,1.0,2026-09-29,absent,0.00915,no-feed,,,,,,
2026-09-29,APYUSD,197,205,10,1.4,170806994,2.45,3.68,-7.04,-5.28,-16.41,-5.26,3,11.2,9.1,12.0,1.0,1.0,170806994,,,,91bbc2a7e466,live,4186187,0.558126,0.456748,0.4,10.1969,,LIQUIDITY,0.4013,0.9163,0.558126,curve,0.387796,floor,inert,-0.9163,False,1.0,2026-09-29,absent,1.47324,no-feed,,,,,,
2026-09-29,AUSD,168,206,10,0.999697,223808752,3.48,1.76,-9.55,-8.03,-16.45,-7.15,4,11.7,8.5,12.3,1.0,1.0,223808752,,,,91bbc2a7e466,live,7795289,0.587469,0.424626,0.410734,10.2459,,LIQUIDITY,0.3906,0.8898,0.587469,curve,0.410734,curve,inert,-0.8898,False,1.0,2026-09-29,absent,0.00985,no-feed,,,,,,
2026-09-29,BDX,92,207,10,0.075715,596010755,0.53,-0.04,-10.77,-14.47,-23.53,-11.03,4,13.9,7.3,12.0,0.9867,1.0,752664497,,,,91bbc2a7e466,live,3167741,0.693814,0.363448,0.4,9.9525,,CONFIRM,0.4386,1.0121,0.693814,curve,0.345144,floor,applied,-1.0121,False,1.0,2026-09-29,absent,0.18064,no-feed,,,,,,
2026-09-29,BTSE,201,208,10,1.017,164782155,0.15,-0.86,-15.09,40.71,-55.53,-4.96,4,11.1,9.2,12.0,0.9889,1.0,203357557,,,,91bbc2a7e466,live,249535,0.554228,0.461914,0.4,10.1266,,LIQUIDITY,0.4001,0.9163,0.554228,curve,0.336699,floor,applied,-0.9163,False,1.0,2026-09-29,absent,-0.81937,no-feed,,,,,,
2026-09-29,PC0000031,175,209,10,1.0,202500000,0.0,1.77,-9.54,-7.99,-16.41,-7.13,4,11.5,8.5,12.0,1.0,1.0,202500000,,,,91bbc2a7e466,live,0.0,0.576606,0.424996,0.4,9.8022,,LIQUIDITY,0.3945,0.9163,0.576606,curve,0.0,zero-volume,inert,-0.9163,False,1.0,2026-09-29,absent,0.0,no-feed,,,,,,
2026-09-29,SAFO,173,210,10,1.022,206901421,0.0,1.86,-9.38,-7.66,-16.41,-6.99,3,11.6,8.5,12.0,1.0,1.0,206901421,,,,91bbc2a7e466,live,0.0,0.578941,0.427425,0.4,9.8981,,LIQUIDITY,0.3962,0.9163,0.578941,curve,0.0,zero-volume,inert,-0.9163,False,1.0,2026-09-29,absent,0.01164,no-feed,,,,,,
2026-09-29,STRCX,206,211,10,106.85,155857723,0.47,3.0,-8.4,-4.99,-9.2,-4.29,4,11.0,9.5,12.0,0.9499,1.0,302522702,,,,91bbc2a7e466,live,732377,0.548182,0.473593,0.4,9.8643,,LIQUIDITY,0.3956,0.9163,0.548182,curve,0.343776,floor,applied,-0.9163,False,1.0,2026-09-29,absent,7.89866,no-feed,,,,,,
2026-09-29,USAT,186,212,10,0.999287,183190328,0.1,1.8,-9.53,-7.96,-16.51,-7.14,4,11.3,8.5,12.0,1.0,1.0,183190328,,,,91bbc2a7e466,live,183115,0.565726,0.424942,0.4,9.616,,LIQUIDITY,0.3913,0.9163,0.565726,curve,0.335555,floor,inert,-0.9163,False,1.0,2026-09-29,absent,0.00501,no-feed,,,,,,
2026-09-29,USDAI,164,213,10,1.0,237680703,0.89,1.83,-9.47,-7.95,-16.35,-7.08,4,11.9,8.5,12.0,1.0,1.0,237680703,,,,91bbc2a7e466,live,2125765,0.593998,0.425917,0.4,10.1198,,LIQUIDITY,0.4,0.9163,0.593998,curve,0.353208,floor,inert,-0.9163,False,1.0,2026-09-29,absent,0.02078,no-feed,,,,,,
2026-09-29,USTBL,198,214,10,1.097,169496202,0.0,1.83,-9.41,-7.71,-14.52,-6.63,4,11.1,8.7,12.0,1.0,1.0,169496202,,,,91bbc2a7e466,live,0.0,0.55729,0.433298,0.4,9.6589,,LIQUIDITY,0.392,0.9163,0.55729,curve,0.0,zero-volume,inert,-0.9163,False,1.0,2026-09-29,absent,0.03774,no-feed,,,,,,
2026-09-29,USX,172,215,10,0.999357,214967680,0.2,1.76,-9.55,-8.0,-16.47,-7.15,4,11.7,8.5,12.0,1.0,1.0,214967680,,,,91bbc2a7e466,live,428639,0.583093,0.424677,0.4,9.9051,,LIQUIDITY,0.3963,0.9163,0.583093,curve,0.337764,floor,inert,-0.9163,False,1.0,2026-09-29,absent,0.00967,no-feed,,,,,,
2026-09-29,BORG,192,216,9,0.180264,176898300,0.17,3.04,-4.31,-9.84,-30.21,-8.67,4,11.2,8.0,12.0,1.0,1.0,176898300,,,,91bbc2a7e466,live,294033,0.561931,0.399918,0.4,8.989,,CONFIRM,0.3804,0.9165,0.561931,curve,0.337027,floor,inert,-0.9165,False,1.0,2026-09-29,absent,2.74335,no-feed,,,,,,
2026-09-29,JPYC,226,217,9,0.00633148,134770754,0.72,1.99,-11.33,-6.91,-15.39,-7.04,4,10.6,8.5,12.0,1.0,1.0,134770754,,,,91bbc2a7e466,live,976269,0.532399,0.426517,0.4,9.0831,,LIQUIDITY,0.382,0.9163,0.532399,curve,0.349431,floor,inert,-0.9163,False,1.0,2026-09-29,absent,0.32075,no-feed,,,,,,
2026-09-29,JPYSC,234,218,9,0.0063592,127572003,0.0,1.7,-11.03,-6.11,-16.41,-7.06,3,10.5,8.5,12.0,1.0,1.0,127572003,,,,91bbc2a7e466,live,0.0,0.526439,0.426243,0.4,8.9756,,LIQUIDITY,0.3801,0.9163,0.526439,curve,0.0,zero-volume,inert,-0.9163,False,1.0,2026-09-29,absent,-0.02359,no-feed,,,,,,
2026-09-29,PC0000033,203,219,9,1.0,162500000,0.0,1.77,-9.54,-7.99,-16.41,-7.13,4,11.1,8.5,12.0,1.0,1.0,162500000,,,,91bbc2a7e466,live,0.0,0.552713,0.424996,0.4,9.396,,LIQUIDITY,0.3875,0.9163,0.552713,curve,0.0,zero-volume,inert,-0.9163,False,1.0,2026-09-29,absent,0.0,no-feed,,,,,,
2026-09-29,PC0000097,228,220,9,1.0,134000000,0.0,1.77,-9.54,-7.99,-16.41,-7.13,4,10.6,8.5,12.0,1.0,1.0,0.0,,,,91bbc2a7e466,live,0.0,0.531776,0.424996,0.4,9.0401,,LIQUIDITY,0.3812,0.9163,0.531776,curve,0.0,zero-volume,unpublished,-0.9163,False,1.0,2026-09-29,absent,0.0,no-feed,,,,,,
2026-09-29,SAND,232,221,9,0.04365212,128201222,18449.71,7.33,16.24,4.37,-75.3,-7.71,4,10.5,8.3,12.0,1.0,1.0,130922682,10.95,,,91bbc2a7e466,live,23652755562,0.526973,0.415492,0.4,8.7581,,LIQUIDITY,0.3763,0.9163,0.526973,curve,0.066667,floor,inert,-0.9163,False,1.0,2026-09-29,current,-0.78421,inert-band,gateio,3,44.5175,8.0,NEUTRAL,259406.54
2026-09-29,SKR,230,222,9,0.01837827,130873343,2.7,-8.85,-4.21,13.75,-36.29,-7.53,4,10.6,8.4,12.0,0.9713,1.0,195186521,10.95,12.03,,91bbc2a7e466,live,3528343,0.529213,0.418417,0.4,8.6031,,LIQUIDITY,0.3735,0.9163,0.529213,curve,0.393244,floor,applied,-0.9163,False,1.0,2026-09-29,current,-0.00662,inert-band,gateio,2,0.0,4.0,NEUTRAL,339252.11
2026-09-29,VSN,200,223,9,0.04375322,165966928,1.15,1.3,-4.52,0.68,-40.08,-8.58,4,11.1,8.0,12.0,0.9994,1.0,183770186,,,,91bbc2a7e466,live,1905722,0.555005,0.401273,0.4,8.903,,LIQUIDITY,0.3788,0.9163,0.555005,curve,0.35885,floor,applied,-0.9163,False,1.0,2026-09-29,absent,-0.28929,no-feed,,,,,,
2026-09-29,WLFI,48,224,9,0.057447,1825505003,1.85,1.0,-9.29,-7.62,-62.48,-16.43,4,16.3,5.8,12.0,0.923,1.0,5744494896,10.95,,,91bbc2a7e466,live,33702436,0.815346,0.29062,0.4,8.7484,,CONFIRM,0.5072,1.2357,0.815346,curve,0.37436,floor,applied,-1.2357,False,1.0,2026-09-29,current,1.5033,inert-band,gateio,5,123.078,4.0,NEUTRAL,1758784.63
2026-09-29,KAU,137,225,8,132.89,317107181,0.04,-2.28,-13.13,-13.43,-35.22,-14.37,4,12.5,6.3,12.0,0.9616,1.0,529725933,,,,91bbc2a7e466,live,128756,0.625302,0.31654,0.4,7.6133,,CONFIRM,0.4467,1.1503,0.625302,curve,0.334236,floor,applied,-1.1503,False,1.0,2026-09-29,absent,-0.63349,no-feed,,,,,,
2026-09-29,M,38,226,8,1.06,2406906753,0.07,-18.47,-13.14,-9.93,-38.28,-18.97,4,16.9,5.2,12.0,0.9367,1.0,5719644557,10.95,,,91bbc2a7e466,live,1623254,0.845365,0.261884,0.4,8.295,,CONFIRM,0.5382,1.3399,0.845365,curve,0.334832,floor,applied,-1.3399,False,1.0,2026-09-29,current,-9.30327,inert-band,gateio,1,,8.0,NEUTRAL,918019.94
2026-09-29,NFT,162,227,8,2.40781e-07,238393317,2.26,2.75,-6.81,-8.0,-44.54,-11.78,4,11.9,7.0,12.0,1.0,1.0,238393317,,,,91bbc2a7e466,live,5378309,0.594324,0.352322,0.4,8.3757,,CONFIRM,0.4207,1.0432,0.594324,curve,0.383468,floor,inert,-1.0432,False,1.0,2026-09-29,absent,-0.53996,no-feed,,,,,,
2026-09-29,B,196,228,7,0.17192,171898461,2.29,-17.87,-25.59,12.7,-31.79,-14.94,4,11.2,6.2,12.0,1.0,1.0,171898461,10.95,,,91bbc2a7e466,live,3940301,0.558818,0.309112,0.4,6.9095,,CONFIRM,0.4393,1.1741,0.558818,curve,0.384272,floor,inert,-1.1741,False,1.0,2026-09-29,current,-3.19629,inert-band,gateio,1,,4.0,NEUTRAL,1377460.48
2026-09-29,COCO,204,229,7,0.161578,161572518,0.03,0.6,-12.94,-10.58,-37.27,-13.15,4,11.0,6.7,12.0,1.0,1.0,161572518,,,,91bbc2a7e466,live,44556,0.552092,0.332913,0.4,7.3519,,CONFIRM,0.4214,1.0999,0.552092,curve,0.333946,floor,inert,-1.0999,False,1.0,2026-09-29,absent,0.14573,no-feed,,,,,,
2026-09-29,KAG,167,230,7,60.82,226381662,0.21,-5.07,-13.28,-16.13,-43.19,-17.51,4,11.8,5.6,12.0,1.0,1.0,222870541,,,,91bbc2a7e466,live,477216,0.58871,0.277914,0.4,6.5444,,CONFIRM,0.4696,1.2804,0.58871,curve,0.338018,floor,inert,-1.2804,False,1.0,2026-09-29,absent,-1.09403,no-feed,,,,,,
2026-09-29,PI,69,231,7,0.091046,1023572953,0.59,3.07,-14.5,-7.79,-83.27,-21.31,4,15.1,4.8,12.0,0.9686,1.0,1574727620,10.95,,,91bbc2a7e466,live,6006450,0.75253,0.238488,0.4,6.9534,,CONFIRM,0.5377,1.4334,0.75253,curve,0.346374,floor,applied,-1.4334,False,1.0,2026-09-29,current,1.67915,inert-band,gateio,1,,4.0,NEUTRAL,1371721.31
2026-09-29,HASH,114,232,6,0.00697528,407730145,0.01,-4.92,-15.12,-18.34,-64.71,-22.78,4,13.1,4.5,12.0,0.9639,1.0,662519030,,,,91bbc2a7e466,live,47661,0.652593,0.225203,0.4,5.6664,,CONFIRM,0.5193,1.4908,0.652593,curve,0.333593,floor,applied,-1.4908,False,1.0,2026-09-29,absent,10.8583,no-feed,,,,,,
2026-09-29,SPX,118,233,6,0.417955,389039675,2.25,-15.86,-24.2,-32.39,-25.1,-23.92,4,12.9,4.3,12.0,1.0,1.0,389039675,-32.193,37.84,-0.3691,91bbc2a7e466,live,8749351,0.647498,0.215684,0.4,5.5862,,CONFIRM,0.5317,1.5339,0.647498,curve,0.38331,floor,inert,-1.5339,False,1.0,2026-09-29,current,-2.63894,cold-downtrend,gateio,3,128.1578,4.0,SHORT_SQUEEZE_RISK,446029.47
2026-09-29,H,221,234,5,0.069016,141470476,1.73,5.02,-23.59,-15.96,-63.27,-21.04,4,10.8,4.8,12.0,0.9105,1.0,689942979,10.95,,,91bbc2a7e466,live,2445619,0.537666,0.241046,0.4,4.7201,,CONFIRM,0.466,1.4228,0.537666,curve,0.371749,floor,applied,-1.4228,False,1.0,2026-09-29,current,-1.61688,inert-band,gateio,1,,4.0,NEUTRAL,1371086.33
2026-09-29,ULTIMA,218,235,4,1710.94,144969970,4.31,-7.38,-21.03,-31.78,-76.7,-30.76,4,10.8,3.4,12.9,0.9932,1.0,171140825,,,,91bbc2a7e466,live,6255126,0.54032,0.170807,0.429217,3.9343,,CONFIRM,0.5462,1.7672,0.54032,curve,0.429217,curve,applied,-1.7672,False,1.0,2026-09-29,absent,-5.41633,no-feed,,,,,,
