date,symbol,rank_mcap,rank_conv,conviction,price,market_cap,turnover_pct,rs7,rs14,rs30,rs200,rs_blend,rs_windows_n,c_depth,c_momentum,c_liquidity,emission_mult,perp_mult,fdv_usd,funding_apr,rsi7,beta_btc,spec_hash,src,total_volume,depth,confirm,liquidity,conviction_raw,clamped,dom_factor,dom_share,dom_logabs,depth_raw,depth_state,liq_raw,liq_state,supply_state,dom_signed,dom_warn,perp_mult_board,perp_mult_board_date,perp_board_state,price_chg_24h,perp_path,funding_venue,funding_venues_n,funding_apr_spread,funding_interval_h,funding_regime,oi_usd
2026-10-01,ZEC,8,1,100,1389.67,23562823391,4.07,-6.44,-7.48,55.28,500.81,110.18,4,20.0,20.0,30.0,1.0,1.0,23565962365,10.6215,44.56,2.6198,91bbc2a7e466,live,958151061,1.0,0.999866,1.0,99.9866,,CONFIRM,1.0,0.0001,1.093057,cap,0.423697,bypass,inert,-0.0001,False,1.0,2026-10-01,current,-5.75122,inert-band,gateio,5,133.0774,8.0,NEUTRAL,153241573.29
2026-10-01,NEAR,18,2,95,4.93,6436998635,19.47,17.57,67.84,150.08,260.16,111.78,4,19.0,20.0,30.0,1.0,1.0,6436999693,10.95,61.48,2.4645,91bbc2a7e466,live,1253593863,0.952171,0.999882,1.0,95.2059,,DEPTH,0.9976,0.049,0.952171,curve,0.766107,bypass,inert,-0.049,False,1.0,2026-10-01,current,-8.33645,inert-band,gateio,6,55.4179,8.0,NEUTRAL,124176454.63
2026-10-01,UNI,20,3,87,8.94,5541566608,12.18,-0.87,21.13,44.98,108.22,37.91,4,18.7,19.2,30.0,0.975,1.0,7929152156,10.95,54.34,2.0446,91bbc2a7e466,live,674735143,0.935908,0.958631,1.0,87.4761,,DEPTH,0.495,0.0662,0.935908,curve,0.603909,bypass,applied,-0.0662,False,1.0,2026-10-01,current,-1.84934,inert-band,gateio,6,265.428,8.0,NEUTRAL,84542786.09
2026-10-01,LINK,11,4,82,14.29,10684776971,4.57,17.27,18.91,17.93,22.1,18.81,4,20.0,16.7,30.0,0.9813,1.0,14282552324,3.723,60.81,1.4686,91bbc2a7e466,live,487776736,1.0,0.83645,1.0,82.0808,,CONFIRM,0.9044,0.1786,1.007191,cap,0.434781,bypass,applied,-0.1786,False,1.0,2026-10-01,current,-2.73162,inert-band,gateio,6,74.7781,8.0,NEUTRAL,70418014.89
2026-10-01,HYPE,9,5,81,88.94,19778647789,6.12,-2.21,2.4,-0.85,120.62,23.85,4,20.0,17.7,30.0,0.9133,1.0,84940644205,10.95,50.97,1.4765,91bbc2a7e466,live,1210067352,1.0,0.883711,1.0,80.7093,,CONFIRM,0.5768,0.1236,1.074049,cap,0.46929,bypass,applied,-0.1236,False,1.0,2026-10-01,current,1.5398,inert-band,gateio,5,109.9628,4.0,NEUTRAL,120578159.17
2026-10-01,SUI,24,6,80,1.15,4713614836,19.38,21.28,51.08,51.22,-5.72,30.81,4,18.4,18.6,30.0,0.9351,1.0,11506339786,2.0805,68.91,1.9753,91bbc2a7e466,live,913486632,0.918339,0.929479,1.0,79.8179,,DEPTH,0.3779,0.0852,0.918339,curve,0.763994,bypass,applied,-0.0852,False,1.0,2026-10-01,current,-3.79072,inert-band,gateio,6,1017.036,8.0,NEUTRAL,81958228.75
2026-10-01,AVAX,22,7,79,10.92,4838776137,11.46,8.1,35.67,43.49,-5.67,21.08,4,18.4,17.2,30.0,1.0,1.0,5129946481,-4.7085,62.85,2.5403,91bbc2a7e466,live,554534291,0.921184,0.859416,1.0,79.168,,CONFIRM,0.6486,0.1515,0.921184,curve,0.588005,bypass,inert,-0.1515,False,1.0,2026-10-01,current,-3.19207,inert-band,gateio,6,57.2685,8.0,MILD_INVERSION,38262524.74
2026-10-01,HBAR,25,8,77,0.104803,4594466683,5.11,16.8,31.58,32.36,-7.71,19.48,4,18.3,16.9,30.0,0.9965,1.0,5239112915,0.3285,69.81,-2.8611,91bbc2a7e466,live,234615636,0.915559,0.84353,1.0,76.9598,,CONFIRM,0.6497,0.1702,0.915559,curve,0.446811,bypass,applied,-0.1702,False,1.0,2026-10-01,current,-3.4334,inert-band,gateio,5,400.3854,8.0,NEUTRAL,7237345.12
2026-10-01,ENA,32,9,74,0.261691,2640777048,25.3,27.82,64.33,51.28,124.42,62.13,4,17.1,19.9,26.9,0.9716,1.0,3923767166,10.95,71.22,1.7855,91bbc2a7e466,live,668135873,0.855433,0.993797,0.895572,73.9727,,DEPTH,0.5179,0.1561,0.855433,curve,0.895572,curve,applied,-0.1561,False,1.0,2026-10-01,current,-2.79497,inert-band,gateio,5,848.1974,4.0,NEUTRAL,49040834.01
2026-10-01,XLM,17,10,74,0.219494,7689325846,3.81,10.88,12.41,16.86,16.16,13.81,4,19.4,15.5,30.0,0.9752,1.0,10978228128,-10.731,56.62,1.7477,91bbc2a7e466,live,292611135,0.971472,0.776095,1.0,73.5257,,CONFIRM,0.8242,0.2535,0.971472,curve,0.417898,bypass,applied,-0.2535,True,1.0,2026-10-01,current,-4.22451,inert-band,gateio,5,217.0156,8.0,MILD_INVERSION,9546841.87
2026-10-01,LTC,21,11,71,66.7,5179824794,6.52,0.7,17.37,29.47,4.5,12.82,4,18.6,15.2,30.0,1.0,1.0,5179844385,10.95,58.4,0.6823,91bbc2a7e466,live,337658521,0.928579,0.762455,1.0,70.7999,,CONFIRM,0.7854,0.2712,0.928579,curve,0.478194,bypass,inert,-0.2712,True,1.0,2026-10-01,current,-1.94619,inert-band,gateio,6,91.7917,8.0,NEUTRAL,49090913.16
2026-10-01,SOL,5,12,69,116.97,68777401299,5.33,3.27,7.75,7.54,15.61,7.92,4,20.0,13.8,30.0,1.0,1.0,74273749792,-3.942,53.67,1.4733,91bbc2a7e466,live,3667252303,1.0,0.688017,1.0,68.8017,,CONFIRM,1.0,0.3739,1.209361,cap,0.451824,bypass,inert,-0.3739,True,1.0,2026-10-01,current,-4.31884,inert-band,gateio,6,110.6338,8.0,MILD_INVERSION,460777375.5
2026-10-01,WBT,13,13,64,83.45,9918064839,1.14,-0.16,-3.17,8.88,33.14,8.01,4,20.0,13.8,30.0,0.9345,1.0,24485670928,,53.52,0.8042,91bbc2a7e466,live,112587722,0.999107,0.689429,1.0,64.3696,,CONFIRM,0.8442,0.3719,0.999107,curve,0.35856,bypass,applied,-0.3719,True,1.0,2026-10-01,absent,-1.92383,no-feed,,,,,,
2026-10-01,WLD,45,14,64,0.51531,1952586846,25.62,27.41,29.41,32.13,30.94,29.8,4,16.5,18.5,27.1,0.931,1.0,5148774791,10.95,59.4,0.8202,91bbc2a7e466,live,500307497,0.822653,0.924024,0.902729,63.8861,,DEPTH,0.4357,0.1952,0.822653,curve,0.902729,curve,applied,-0.1952,False,1.0,2026-10-01,current,-8.40811,inert-band,gateio,5,519.03,8.0,NEUTRAL,15589351.18
2026-10-01,XMR,12,15,64,538.11,10127590943,1.05,-1.25,-2.15,-4.76,36.89,5.27,4,20.0,12.9,30.0,1.0,1.0,10127590943,10.95,48.86,1.5004,91bbc2a7e466,live,106491038,1.0,0.643552,1.0,64.3552,,CONFIRM,1.0,0.4408,1.001377,cap,0.3567,bypass,inert,-0.4408,True,1.0,2026-10-01,current,-1.48928,inert-band,gateio,4,68.1611,8.0,NEUTRAL,2332503.58
2026-10-01,ETH,2,16,61,2686.31,328001635122,4.24,1.41,0.77,2.27,10.42,3.27,4,20.0,12.2,30.0,1.0,1.0,328001635122,5.5845,56.1,1.1373,91bbc2a7e466,live,13903471321,1.0,0.608474,1.0,60.8474,,CONFIRM,1.0,0.4968,1.378969,cap,0.42753,bypass,inert,-0.4968,True,1.0,2026-10-01,current,-1.50996,inert-band,gateio,6,28.5795,8.0,NEUTRAL,1023035499.74
2026-10-01,ADA,14,17,59,0.245355,9206930469,5.62,4.67,15.26,16.8,-31.61,3.09,4,19.8,12.1,30.0,0.9917,1.0,11037957387,1.095,55.67,2.0608,91bbc2a7e466,live,517706370,0.991029,0.605372,1.0,59.4962,,CONFIRM,0.9666,0.5019,0.991029,curve,0.458289,bypass,applied,-0.5019,True,1.0,2026-10-01,current,-3.57371,inert-band,gateio,6,32.3594,8.0,NEUTRAL,47087355.46
2026-10-01,QNT,27,18,59,272.01,3953093325,14.7,284.5,344.23,342.59,279.11,312.88,4,18.0,20.0,19.8,1.0,1.0,3971661777,-57.159,,,91bbc2a7e466,live,581254873,0.899234,1.0,0.660084,59.3571,,LIQUIDITY,0.7964,0.4154,0.899234,curve,0.660084,curve,inert,-0.4154,True,1.0,2026-10-01,current,-9.47395,cold-no-rsi,gateio,2,112.4844,8.0,SHORT_SQUEEZE_RISK,2358701.31
2026-10-01,MON,118,19,58,0.03253666,384563071,42.57,37.2,35.74,15.31,27.47,29.42,4,12.9,18.4,29.0,0.9037,1.117,3274282842,-35.916,74.15,-1.0263,91bbc2a7e466,live,163690242,0.646242,0.921874,0.967537,58.2007,,DEPTH,0.5721,0.4366,0.646242,curve,0.967537,curve,applied,-0.4366,False,1.117,2026-10-01,current,14.7842,cold-squeeze,gateio,5,233.0233,4.0,SHORT_SQUEEZE_RISK,570497.34
2026-10-01,BNB,3,20,55,767.29,102160808739,0.65,-0.52,-3.44,4.55,-0.34,0.05,4,20.0,11.0,30.0,1.0,1.0,102160808739,10.95,54.39,0.6837,91bbc2a7e466,live,665312477,1.0,0.550952,1.0,55.0952,,CONFIRM,1.0,0.5961,1.252321,cap,0.347805,bypass,inert,-0.5961,True,1.0,2026-10-01,current,-1.06585,inert-band,gateio,6,308.3005,8.0,NEUTRAL,99809939.67
2026-10-01,BTC,1,21,55,83530,1678131461802,1.94,0.0,0.0,0.0,0.0,0.0,4,20.0,11.0,30.0,1.0,1.0,1678131461802,5.037,55.77,1.0,91bbc2a7e466,live,32616649390,1.0,0.55,1.0,55.0,,CONFIRM,1.0,0.5978,1.556206,cap,0.376525,bypass,inert,-0.5978,True,1.0,2026-10-01,current,-2.08434,inert-band,gateio,6,51.684,8.0,NEUTRAL,2171781456.68
2026-10-01,DOGE,10,22,55,0.093984,14672431855,5.34,1.69,7.22,6.39,-19.31,0.05,4,20.0,11.0,30.0,1.0,1.0,14672549316,1.095,52.27,1.9454,91bbc2a7e466,live,783914703,1.0,0.550886,1.0,55.0886,,CONFIRM,1.0,0.5962,1.041626,cap,0.452062,bypass,inert,-0.5962,True,1.0,2026-10-01,current,-3.60608,inert-band,gateio,6,21.0694,8.0,NEUTRAL,111604363.43
2026-10-01,GRAM,26,23,52,1.5,4218740497,1.1,7.12,2.9,3.78,-4.53,2.9,4,18.1,12.0,30.0,0.9528,1.0,7875800958,10.95,53.09,0.0388,91bbc2a7e466,live,46311804,0.906296,0.601959,1.0,51.9803,,CONFIRM,0.7757,0.5076,0.906296,curve,0.357728,bypass,applied,-0.5076,True,1.0,2026-10-01,current,-2.41129,inert-band,gateio,2,0.0,4.0,NEUTRAL,8359624.61
2026-10-01,STX,86,24,52,0.373943,699528182,20.24,23.57,46.73,41.2,7.26,30.51,4,14.2,18.6,23.5,1.0,1.0,699528182,10.95,92.31,-0.7956,91bbc2a7e466,live,141581919,0.711201,0.927879,0.783103,51.6777,,DEPTH,0.5163,0.3408,0.711201,curve,0.783103,curve,inert,-0.3408,False,1.0,2026-10-01,current,12.26708,inert-band,gateio,3,30.8164,8.0,NEUTRAL,441253.7
2026-10-01,XRP,4,25,51,1.48,93387786619,2.74,0.94,5.03,0.4,-12.99,-0.96,4,20.0,10.7,30.0,0.966,1.0,147994842715,5.694,48.82,2.0446,91bbc2a7e466,live,2554338688,1.0,0.532782,1.0,51.4667,,CONFIRM,0.9479,0.6296,1.242573,cap,0.394115,bypass,applied,-0.6296,True,1.0,2026-10-01,current,-3.64089,inert-band,gateio,6,1287.9034,8.0,NEUTRAL,169745642.2
2026-10-01,ARB,57,26,50,0.19909,1349903829,16.49,-6.85,10.98,69.41,80.16,34.07,4,15.7,18.9,21.0,0.9724,1.0,1989372908,10.95,47.37,1.9682,91bbc2a7e466,live,222596056,0.782576,0.944688,0.699773,50.3056,,LIQUIDITY,0.5196,0.357,0.782576,curve,0.699773,curve,applied,-0.357,False,1.0,2026-10-01,current,-4.76459,inert-band,gateio,6,317.55,8.0,NEUTRAL,10656978.04
2026-10-01,BCH,19,27,50,306.64,6160297394,2.93,-8.05,28.42,16.65,-51.0,-1.35,4,18.9,10.5,30.0,1.0,1.0,6160301226,-6.57,52.16,2.5086,91bbc2a7e466,live,180382657,0.9474,0.525763,1.0,49.8108,,CONFIRM,0.9225,0.6429,0.9474,curve,0.398403,bypass,inert,-0.6429,True,1.0,2026-10-01,current,-2.72557,inert-band,gateio,5,621.522,8.0,MILD_INVERSION,16978910.07
2026-10-01,PUMP,33,28,50,0.00565109,2627903887,12.69,49.58,35.92,20.82,165.6,62.18,4,17.1,19.9,18.5,0.9562,1.0,4692992509,-6.57,78.64,-0.6567,91bbc2a7e466,live,333436047,0.854902,0.99382,0.615295,49.9869,,LIQUIDITY,0.7004,0.4857,0.854902,curve,0.615295,curve,applied,-0.4857,True,1.0,2026-10-01,current,-1.22938,inert-band,gateio,4,589.986,4.0,MILD_INVERSION,3382275.04
2026-10-01,ZRO,94,29,50,1.68,592404035,24.0,13.35,55.64,57.38,-33.88,25.48,4,13.9,17.9,26.0,0.9276,1.0,1676710136,9.417,77.04,-1.209,91bbc2a7e466,live,142182035,0.693155,0.896319,0.866686,49.9477,,DEPTH,0.528,0.3665,0.693155,curve,0.866686,curve,applied,-0.3665,False,1.0,2026-10-01,current,-7.23506,inert-band,gateio,4,87.0152,4.0,NEUTRAL,2681402.6
2026-10-01,CC,23,30,49,0.121138,4811452387,0.46,12.28,12.1,-4.93,-36.85,-1.89,4,18.4,10.3,30.0,1.0,1.029,4811452387,-47.742,48.15,0.0778,91bbc2a7e466,live,22355834,0.920569,0.515982,1.0,48.8867,,CONFIRM,0.8557,0.6617,0.920569,curve,0.343659,bypass,inert,-0.6617,True,1.029,2026-10-01,current,-6.34979,cold-squeeze,gateio,2,58.692,4.0,SHORT_SQUEEZE_RISK,183685.24
2026-10-01,ONDO,36,31,49,0.495093,2409154726,14.15,9.9,33.02,35.59,69.06,33.93,4,16.9,18.9,19.4,0.9459,1.0,4947609642,10.95,56.63,0.354,91bbc2a7e466,live,340927127,0.845466,0.944092,0.647807,48.9104,,LIQUIDITY,0.6071,0.4342,0.845466,curve,0.647807,curve,applied,-0.4342,False,1.0,2026-10-01,current,-5.32973,inert-band,gateio,5,665.1325,4.0,NEUTRAL,41555433.17
2026-10-01,RUNE,152,32,49,0.788947,259184617,24.04,26.54,47.95,56.7,0.23,34.17,4,12.1,18.9,26.0,1.0,1.0,279153433,10.95,90.22,0.3915,91bbc2a7e466,live,62306210,0.603402,0.945084,0.86754,49.4729,,DEPTH,0.7178,0.5052,0.603402,curve,0.86754,curve,inert,-0.5052,True,1.0,2026-10-01,current,-1.96788,inert-band,gateio,5,1137.7725,8.0,NEUTRAL,406886.13
2026-10-01,AAVE,35,33,48,162.93,2513836052,14.9,18.69,22.97,19.86,20.78,20.47,4,17.0,17.1,19.9,1.0,1.0,2605937221,-5.8035,67.14,-0.158,91bbc2a7e466,live,374681353,0.850084,0.853522,0.66455,48.2175,,LIQUIDITY,0.5602,0.4086,0.850084,curve,0.66455,curve,inert,-0.4086,False,1.0,2026-10-01,current,-0.95661,inert-band,gateio,6,645.5335,8.0,MILD_INVERSION,16598229.12
2026-10-01,FET,100,34,48,0.226145,522232122,31.4,15.96,35.6,40.99,-13.63,21.21,4,13.6,17.2,24.6,0.9937,1.0,613252720,10.95,70.38,1.1708,91bbc2a7e466,live,163959642,0.679466,0.860586,0.818612,47.5659,,DEPTH,0.5201,0.3864,0.679466,curve,0.818612,curve,applied,-0.3864,False,1.0,2026-10-01,current,-1.59005,inert-band,gateio,4,1020.978,8.0,NEUTRAL,1667709.33
2026-10-01,INJ,80,35,48,7.51,750427610,15.82,-4.94,25.43,47.7,128.52,42.5,4,14.4,19.4,20.5,1.0,1.0,750427610,10.95,54.57,0.8424,91bbc2a7e466,live,118726727,0.718827,0.970942,0.684916,47.803,,LIQUIDITY,0.5128,0.3785,0.718827,curve,0.684916,curve,inert,-0.3785,False,1.0,2026-10-01,current,-2.61557,inert-band,gateio,6,1114.272,8.0,NEUTRAL,5265006.16
2026-10-01,NIGHT,83,36,48,0.04328226,719117326,16.31,88.35,103.65,129.27,-30.12,78.71,4,14.3,20.0,20.9,0.9741,1.0,1039224468,-9.3075,,,91bbc2a7e466,live,117314931,0.7142,0.998345,0.695861,48.3311,,LIQUIDITY,0.4987,0.3626,0.7142,curve,0.695861,curve,applied,-0.3626,False,1.0,2026-10-01,current,14.90211,inert-band,gateio,3,493.3166,8.0,MILD_INVERSION,554217.52
2026-10-01,PEPE,47,37,46,4.35e-06,1829563789,18.66,2.38,17.03,17.91,11.5,11.75,4,16.3,14.9,22.4,1.0,1.0,1829563789,-3.8325,59.72,-0.0672,91bbc2a7e466,live,341341446,0.815587,0.747155,0.747933,45.5768,,CONFIRM,0.371,0.2915,0.815587,curve,0.747933,curve,inert,-0.2915,False,1.0,2026-10-01,current,-2.44232,inert-band,gateio,3,3.8325,8.0,MILD_INVERSION,53403242.34
2026-10-01,TRX,6,38,45,0.332707,31597226978,1.39,-2.31,-10.05,-6.0,-4.62,-5.63,4,20.0,9.0,30.0,1.0,1.0,31597241744,-93.294,38.37,0.1,91bbc2a7e466,live,440500181,1.0,0.450331,1.0,45.0331,,CONFIRM,1.0,0.7978,1.124912,cap,0.364314,bypass,inert,-0.7978,True,1.0,2026-10-01,current,-2.27912,cold-downtrend,gateio,5,144.9129,8.0,SHORT_SQUEEZE_RISK,17082736.52
2026-10-01,FIGR_HELOC,7,39,43,1.027,23966483645,1.14,-1.08,-9.82,-4.69,-14.11,-6.77,4,20.0,8.6,30.0,1.0,1.0,23966483645,,48.9,0.122,91bbc2a7e466,live,274322216,1.0,0.430996,1.0,43.0996,,CONFIRM,1.0,0.8417,1.094901,cap,0.358769,bypass,inert,-0.8417,True,1.0,2026-10-01,absent,-0.27157,no-feed,,,,,,
2026-10-01,SEI,106,40,43,0.07247,487545923,16.2,25.1,58.34,53.35,-7.78,33.89,4,13.4,18.9,20.8,0.9717,1.0,724078103,10.95,,,91bbc2a7e466,live,78966888,0.672004,0.943926,0.693262,42.7307,,DEPTH,0.4675,0.3975,0.672004,curve,0.693262,curve,applied,-0.3975,False,1.0,2026-10-01,current,-3.12419,inert-band,gateio,6,1119.8398,8.0,NEUTRAL,2687106.52
2026-10-01,TRAC,173,41,43,0.44337,198299412,23.47,23.48,25.88,31.59,7.82,22.98,4,11.5,17.5,25.6,0.9984,1.0,221675483,,,,91bbc2a7e466,live,46536829,0.57433,0.876441,0.854844,42.9611,,DEPTH,0.6564,0.5546,0.57433,curve,0.854844,curve,applied,-0.5546,False,1.0,2026-10-01,absent,6.92632,no-feed,,,,,,
2026-10-01,PENGU,93,42,42,0.00946476,594930516,36.47,-2.14,23.27,1.22,12.89,8.06,4,13.9,13.8,26.6,0.99,1.0,726128658,10.95,48.07,0.3654,91bbc2a7e466,live,216950491,0.693617,0.690252,0.88622,42.0053,,CONFIRM,0.4274,0.3707,0.693617,curve,0.88622,curve,applied,-0.3707,False,1.0,2026-10-01,current,-9.21275,inert-band,gateio,4,1107.264,4.0,NEUTRAL,5676146.73
2026-10-01,LIT,71,43,41,3.92,978503929,13.54,-21.06,-29.16,-3.85,241.77,33.78,4,15.0,18.9,19.0,0.9151,1.0,3914015716,10.95,34.6,-0.0149,91bbc2a7e466,live,132464086,0.747641,0.943469,0.634165,40.9346,,LIQUIDITY,0.5099,0.4554,0.747641,curve,0.634165,curve,applied,-0.4554,False,1.0,2026-10-01,current,-1.96699,inert-band,gateio,4,859.356,4.0,NEUTRAL,4718050.87
2026-10-01,LDO,123,44,40,0.440452,365152185,19.83,12.82,15.41,12.3,29.29,16.63,4,12.8,16.2,23.2,0.9911,1.0,440171617,7.9935,,,91bbc2a7e466,live,72425110,0.640618,0.811866,0.774094,39.902,,DEPTH,0.4847,0.4453,0.640618,curve,0.774094,curve,applied,-0.4453,False,1.0,2026-10-01,current,-8.40354,inert-band,gateio,5,1132.23,8.0,NEUTRAL,4174554.98
2026-10-01,WIF,155,45,40,0.248824,248393889,32.53,6.5,25.61,16.72,17.75,16.08,4,12.0,16.1,25.0,1.0,1.0,248393889,8.541,65.26,-0.6414,91bbc2a7e466,live,80806647,0.598785,0.805224,0.833755,40.2001,,DEPTH,0.5628,0.5129,0.598785,curve,0.833755,curve,inert,-0.5129,False,1.0,2026-10-01,current,-3.10769,inert-band,gateio,6,1130.8424,4.0,NEUTRAL,586562.22
2026-10-01,JASMY,143,46,39,0.00583463,288445781,20.8,33.16,44.76,10.99,-41.67,15.56,4,12.3,16.0,23.9,1.0,1.0,291683470,3.504,,,91bbc2a7e466,live,60001865,0.615016,0.798703,0.795595,39.0809,,DEPTH,0.5174,0.4861,0.615016,curve,0.795595,curve,inert,-0.4861,False,1.0,2026-10-01,current,11.81472,inert-band,gateio,2,1128.288,8.0,NEUTRAL,319813.07
2026-10-01,S,206,47,39,0.03978024,154546509,27.34,-0.08,41.96,33.54,-31.97,12.46,4,10.9,15.1,28.2,1.0,1.0,154546509,10.95,,,91bbc2a7e466,live,42249571,0.547265,0.757337,0.940839,38.9944,,DEPTH,0.6401,0.6028,0.547265,curve,0.940839,curve,inert,-0.6028,False,1.0,2026-10-01,current,-0.7,inert-band,gateio,4,1086.678,4.0,NEUTRAL,154679.78
2026-10-01,AR,145,48,38,4.39,287942785,13.55,-0.02,61.05,94.3,34.22,45.68,4,12.3,19.5,19.0,1.0,1.0,287942785,10.95,87.4,,91bbc2a7e466,live,39008979,0.614827,0.97729,0.634388,38.1181,,DEPTH,0.5043,0.4864,0.614827,curve,0.634388,curve,inert,-0.4864,False,1.0,2026-10-01,current,-0.46801,inert-band,gateio,2,0.0,8.0,NEUTRAL,1398446.57
2026-10-01,STONK,179,49,38,0.231511,186986674,15.4,-34.19,-1.62,679.16,-16.56,155.82,3,11.4,20.0,20.3,1.0,1.0,186986674,10.95,45.66,-1.9808,91bbc2a7e466,live,28804631,0.567953,0.999997,0.675659,38.3741,,DEPTH,0.5906,0.5657,0.567953,curve,0.675659,curve,inert,-0.5657,False,1.0,2026-10-01,current,-21.74831,inert-band,gateio,1,,4.0,NEUTRAL,507842.84
2026-10-01,DASH,78,50,37,58.62,753438679,13.98,-1.12,-7.75,20.97,60.55,15.08,4,14.4,15.9,19.3,1.0,1.0,753441158,10.95,42.65,1.9728,91bbc2a7e466,live,105332583,0.719262,0.792695,0.644005,36.7183,,LIQUIDITY,0.4392,0.44,0.719262,curve,0.644005,curve,inert,-0.44,False,1.0,2026-10-01,current,-6.73418,inert-band,gateio,4,944.3025,8.0,NEUTRAL,2550455.75
2026-10-01,FIL,74,51,37,1.007,838113524,17.84,5.38,17.11,36.91,-17.14,11.69,4,14.6,14.9,21.9,0.9373,1.0,1969770629,10.95,56.37,1.6008,91bbc2a7e466,live,149539596,0.730826,0.746314,0.729831,37.3109,,LIQUIDITY,0.3195,0.3149,0.730826,curve,0.729831,curve,applied,-0.3149,False,1.0,2026-10-01,current,-7.20057,inert-band,gateio,6,697.1263,8.0,NEUTRAL,11219814.62
2026-10-01,LEO,16,52,37,8.86,8147700955,0.01,-0.97,-10.37,-13.48,-18.71,-10.0,4,19.6,7.6,30.0,1.0,1.0,8726823205,,30.71,0.2576,91bbc2a7e466,live,556657,0.977759,0.379076,1.0,37.0645,,CONFIRM,0.9773,0.97,0.977759,curve,0.333485,bypass,inert,-0.97,True,1.0,2026-10-01,absent,-1.72417,no-feed,,,,,,
2026-10-01,MARSCOIN,222,53,37,0.134803,134789402,21.07,20.76,15.07,59.0,-16.56,21.43,3,10.6,17.3,24.0,1.0,1.0,134789402,10.95,53.88,-0.5369,91bbc2a7e466,live,28404893,0.532414,0.862693,0.801634,36.8199,,DEPTH,0.6309,0.6303,0.532414,curve,0.801634,curve,inert,-0.6303,False,1.0,2026-10-01,current,-2.26118,inert-band,gateio,1,,4.0,NEUTRAL,1088660.28
2026-10-01,RAIN,15,54,37,0.01211038,8587889990,0.13,0.94,-17.41,-34.41,16.79,-9.31,4,19.7,7.8,30.0,0.9646,1.0,13832796162,,27.53,0.1861,91bbc2a7e466,live,10836744,0.983472,0.389684,1.0,36.9677,,CONFIRM,0.947,0.9424,0.983472,curve,0.336137,bypass,applied,-0.9424,True,1.0,2026-10-01,absent,-3.7091,no-feed,,,,,,
2026-10-01,OP,141,55,36,0.128001,294321779,33.87,4.44,22.83,23.68,-14.92,9.98,4,12.3,14.4,25.5,0.9527,1.0,549699376,10.1835,64.51,3.4348,91bbc2a7e466,live,99699370,0.617206,0.720606,0.851657,36.0868,,DEPTH,0.4734,0.4826,0.617206,curve,0.851657,curve,applied,-0.4826,False,1.0,2026-10-01,current,-5.05999,inert-band,gateio,6,787.1571,8.0,NEUTRAL,2669754.62
2026-10-01,RAY,102,56,36,1.88,508342581,10.82,-4.13,22.68,127.73,31.74,42.71,4,13.5,19.4,17.2,0.9458,1.0,1045454556,10.95,54.24,0.9045,91bbc2a7e466,live,54989352,0.676539,0.97141,0.57372,35.6611,,LIQUIDITY,0.5389,0.5556,0.676539,curve,0.57372,curve,applied,-0.5556,False,1.0,2026-10-01,current,-8.96434,inert-band,gateio,2,108.9554,4.0,NEUTRAL,463719.85
2026-10-01,ALGO,64,57,35,0.127043,1150826459,7.79,19.58,31.73,33.48,20.09,26.19,4,15.3,18.0,15.2,1.0,1.0,1151049155,4.4895,,,91bbc2a7e466,live,89591842,0.765252,0.901421,0.506333,34.9276,,LIQUIDITY,0.647,0.6806,0.765252,curve,0.506333,curve,inert,-0.6806,False,1.0,2026-10-01,current,0.16536,inert-band,gateio,5,927.684,8.0,NEUTRAL,580267.52
2026-10-01,PENDLE,113,58,34,2.34,406190934,14.9,-2.56,-8.08,23.08,70.4,17.06,4,13.0,16.3,19.9,0.9641,1.0,658596341,-37.887,44.78,0.6115,91bbc2a7e466,live,60541506,0.652183,0.816928,0.664549,34.1351,,DEPTH,0.3977,0.4274,0.652183,curve,0.664549,curve,applied,-0.4274,False,1.0,2026-10-01,current,-2.63664,cold-downtrend,gateio,5,1184.3358,8.0,SHORT_SQUEEZE_RISK,757823.66
2026-10-01,AERO,76,59,33,0.800933,800779813,7.29,18.98,35.85,57.62,73.31,43.72,4,14.5,19.5,14.9,0.948,1.0,1595561267,10.95,70.24,1.4965,91bbc2a7e466,live,58410158,0.725878,0.973566,0.495426,33.1907,,LIQUIDITY,0.6368,0.7023,0.725878,curve,0.495426,curve,applied,-0.7023,False,1.0,2026-10-01,current,-4.25191,inert-band,gateio,3,669.702,4.0,NEUTRAL,6198212.44
2026-10-01,BTW,28,60,33,1.46,3940129429,1.15,39.39,93.41,254.37,5184.63,1135.69,4,18.0,20.0,12.0,0.9174,1.0,14549196542,10.95,91.28,0.6829,91bbc2a7e466,live,45482506,0.898878,1.0,0.4,32.9852,,LIQUIDITY,0.8261,0.9163,0.898878,curve,0.358985,floor,applied,-0.9163,True,1.0,2026-10-01,current,21.78295,inert-band,gateio,1,,4.0,NEUTRAL,9726023.26
2026-10-01,CRV,92,61,33,0.378832,595010417,12.9,15.12,11.46,-3.67,44.11,15.3,4,13.9,15.9,18.6,0.9683,1.0,917763035,10.95,57.46,-0.1954,91bbc2a7e466,live,76733579,0.693631,0.795547,0.619915,33.1235,,LIQUIDITY,0.4328,0.4782,0.693631,curve,0.619915,curve,applied,-0.4782,False,1.0,2026-10-01,current,-4.37208,inert-band,gateio,5,978.5111,8.0,NEUTRAL,3651279.97
2026-10-01,GRASS,107,62,33,0.670158,468801188,8.08,57.43,94.24,87.74,34.99,69.72,4,13.4,19.9,15.4,0.9751,1.0,670202047,10.95,,,91bbc2a7e466,live,37858711,0.667747,0.996609,0.512792,33.2757,,LIQUIDITY,0.607,0.6679,0.667747,curve,0.512792,curve,applied,-0.6679,False,1.0,2026-10-01,current,-8.82779,inert-band,gateio,3,57.2469,4.0,NEUTRAL,1063208.9
2026-10-01,JUP,66,63,33,0.318621,1057563822,7.17,10.14,33.13,39.65,51.84,31.61,4,15.1,18.7,14.8,0.9455,1.0,2186096049,10.95,57.67,-0.646,91bbc2a7e466,live,75839665,0.756077,0.933499,0.492693,32.8789,,LIQUIDITY,0.6364,0.7079,0.756077,curve,0.492693,curve,applied,-0.7079,False,1.0,2026-10-01,current,-6.11043,inert-band,gateio,5,1035.432,4.0,NEUTRAL,454231.71
2026-10-01,USELESS,164,64,33,0.225012,224714179,11.49,-17.65,-23.18,113.44,116.7,40.61,4,11.8,19.3,17.7,1.0,1.0,224714179,-19.491,41.94,-0.9768,91bbc2a7e466,live,25830623,0.587908,0.966361,0.588775,33.4501,,DEPTH,0.4851,0.5312,0.587908,curve,0.588775,curve,inert,-0.5312,False,1.0,2026-10-01,current,-11.66675,cold-downtrend,gateio,2,30.441,4.0,SHORT_SQUEEZE_RISK,8949402.85
2026-10-01,DRV,116,65,32,0.399814,399682793,8.12,-6.14,66.95,173.29,352.93,128.8,4,13.0,20.0,15.4,0.9708,1.0,599730928,,71.59,2.6782,91bbc2a7e466,live,32437251,0.650429,0.99997,0.513683,32.4349,,LIQUIDITY,0.5916,0.6661,0.650429,curve,0.513683,curve,applied,-0.6661,False,1.0,2026-10-01,absent,4.93954,no-feed,,,,,,
2026-10-01,VIRTUAL,101,66,32,0.785444,516976328,16.31,13.3,20.34,5.28,-8.92,8.61,4,13.6,14.0,20.9,0.9697,1.0,785217869,-5.037,73.75,-0.7896,91bbc2a7e466,live,84331471,0.678368,0.699127,0.695832,32.001,,DEPTH,0.3406,0.3881,0.678368,curve,0.695832,curve,applied,-0.3881,False,1.0,2026-10-01,current,-4.07767,inert-band,gateio,4,121.7476,4.0,MILD_INVERSION,3811885.37
2026-10-01,BP,120,67,31,1.47,368768591,9.1,70.45,216.43,254.38,-16.56,135.53,3,12.8,20.0,16.1,0.9151,1.0,1475074364,10.95,,,91bbc2a7e466,live,33573620,0.641688,0.999982,0.53565,31.4533,,LIQUIDITY,0.5397,0.6243,0.641688,curve,0.53565,curve,applied,-0.6243,False,1.0,2026-10-01,current,21.42624,inert-band,gateio,1,,4.0,NEUTRAL,515802.76
2026-10-01,TAO,29,68,31,301.04,3412284374,5.9,7.09,24.06,26.29,-2.13,14.29,4,17.7,15.6,13.9,0.9534,1.0,6319242446,-1.752,57.12,-0.574,91bbc2a7e466,live,201447142,0.883261,0.782427,0.464524,30.6067,,LIQUIDITY,0.6476,0.7667,0.883261,curve,0.464524,curve,applied,-0.7667,False,1.0,2026-10-01,current,-3.84593,inert-band,gateio,5,789.276,4.0,MILD_INVERSION,41620358.16
2026-10-01,BCAP,70,69,30,107.53,979825296,0.0,-0.34,-8.66,-6.01,353.62,66.95,4,15.0,19.9,12.0,1.0,1.0,979825296,,99.45,-0.0011,91bbc2a7e466,live,0.0,0.747787,0.995773,0.4,29.7851,,LIQUIDITY,0.7565,0.9163,0.747787,curve,0.0,zero-volume,inert,-0.9163,True,1.0,2026-10-01,absent,0.0,no-feed,,,,,,
2026-10-01,JST,65,70,30,0.133316,1091761302,3.69,18.45,4.64,24.52,136.88,40.2,4,15.2,19.3,12.5,1.0,1.0,1091761302,1.314,89.51,-0.0978,91bbc2a7e466,live,40298978,0.759532,0.965294,0.41536,30.453,,LIQUIDITY,0.739,0.8786,0.759532,curve,0.41536,curve,inert,-0.8786,True,1.0,2026-10-01,current,3.68274,inert-band,gateio,1,,4.0,NEUTRAL,87891.7
2026-10-01,JTO,146,71,30,0.532293,280595937,12.06,17.04,14.18,15.4,39.24,20.35,4,12.2,17.0,18.0,0.9516,1.0,532023524,10.95,42.87,-1.0377,91bbc2a7e466,live,33832862,0.61202,0.852353,0.601278,29.848,,LIQUIDITY,0.4207,0.5087,0.61202,curve,0.601278,curve,applied,-0.5087,False,1.0,2026-10-01,current,-6.31549,inert-band,gateio,5,923.6821,8.0,NEUTRAL,1637690.28
2026-10-01,MINA,177,72,30,0.149096,192932411,5.61,-1.31,49.23,111.77,70.15,53.88,4,11.4,19.8,13.7,1.0,1.141,192932411,-50.151,80.05,,91bbc2a7e466,live,10831596,0.571351,0.988079,0.458093,29.5206,,LIQUIDITY,0.5258,0.7807,0.571351,curve,0.458093,curve,inert,-0.7807,False,1.141,2026-10-01,current,0.55491,cold-squeeze,gateio,2,39.819,8.0,SHORT_SQUEEZE_RISK,170739.48
2026-10-01,TIA,112,73,30,0.429081,418093954,15.79,-6.19,14.87,16.67,5.0,7.03,4,13.1,13.5,20.5,0.9909,1.0,505067838,-11.169,,,91bbc2a7e466,live,66005383,0.655318,0.673256,0.68416,29.9103,,DEPTH,0.3502,0.4226,0.655318,curve,0.68416,curve,applied,-0.4226,False,1.0,2026-10-01,current,-6.102,inert-band,gateio,5,1118.1614,4.0,MILD_INVERSION,1182556.91
2026-10-01,VVV,58,74,30,27.35,1319901096,2.17,-4.95,-0.24,55.31,331.74,78.63,4,15.6,20.0,12.0,0.9611,1.0,2216866057,10.95,67.62,-0.0122,91bbc2a7e466,live,28694179,0.780135,0.998334,0.4,29.9416,,LIQUIDITY,0.7598,0.9163,0.780135,curve,0.381644,floor,applied,-0.9163,True,1.0,2026-10-01,current,-2.99686,inert-band,gateio,3,311.418,4.0,NEUTRAL,26192608.32
2026-10-01,APT,89,75,29,0.76511,666299651,12.47,0.28,24.46,32.58,-34.12,7.52,4,14.1,13.6,18.3,0.9778,1.0,925177209,-2.19,,,91bbc2a7e466,live,83093997,0.705917,0.681435,0.610466,28.7138,,LIQUIDITY,0.3955,0.4935,0.705917,curve,0.610466,curve,applied,-0.4935,False,1.0,2026-10-01,current,-6.64013,inert-band,gateio,6,223.818,8.0,MILD_INVERSION,3365469.52
2026-10-01,CAKE,73,76,29,2.58,854425375,7.31,-3.91,-0.82,33.14,48.55,16.62,4,14.7,16.2,14.9,1.0,1.0,884422182,6.132,56.25,0.2454,91bbc2a7e466,live,62466801,0.732919,0.811646,0.495799,29.4936,,LIQUIDITY,0.5746,0.7016,0.732919,curve,0.495799,curve,inert,-0.7016,False,1.0,2026-10-01,current,-2.76411,inert-band,gateio,3,49.4406,4.0,NEUTRAL,512723.16
2026-10-01,STRK,136,77,29,0.04237574,314432891,12.16,10.5,43.8,52.7,-68.15,13.65,4,12.5,15.5,18.1,0.9806,1.0,423652695,-12.702,,,91bbc2a7e466,live,38241383,0.624382,0.773838,0.6036,28.5984,,LIQUIDITY,0.4033,0.5048,0.624382,curve,0.6036,curve,applied,-0.5048,False,1.0,2026-10-01,current,-1.40473,inert-band,gateio,5,675.9023,4.0,MILD_INVERSION,284714.27
2026-10-01,DOT,43,78,28,1.19,2020838873,9.11,6.65,6.94,29.99,-33.43,4.54,4,16.5,12.6,16.1,1.0,1.0,2020838873,10.95,79.87,-1.3619,91bbc2a7e466,live,184093172,0.826383,0.63083,0.535772,27.9302,,LIQUIDITY,0.4893,0.624,0.826383,curve,0.535772,curve,inert,-0.624,False,1.0,2026-10-01,current,-5.31113,inert-band,gateio,6,471.5836,8.0,NEUTRAL,8696096.13
2026-10-01,ETHFI,85,79,28,0.73171,705974975,7.48,12.83,12.09,19.83,18.6,15.55,4,14.2,16.0,15.0,1.0,1.0,705974975,10.95,67.61,-0.7306,91bbc2a7e466,live,52812485,0.712197,0.798616,0.499573,28.4143,,LIQUIDITY,0.5515,0.694,0.712197,curve,0.499573,curve,inert,-0.694,False,1.0,2026-10-01,current,-7.0875,inert-band,gateio,4,918.5835,4.0,NEUTRAL,3328471.14
2026-10-01,ICP,48,80,28,3.28,1824815936,4.4,12.13,19.61,28.87,1.27,16.01,4,16.3,16.1,12.9,1.0,1.0,1824816096,10.95,,,91bbc2a7e466,live,80315995,0.815305,0.804353,0.43114,28.2739,,LIQUIDITY,0.666,0.8413,0.815305,curve,0.43114,curve,inert,-0.8413,False,1.0,2026-10-01,current,-6.00976,inert-band,gateio,5,1015.722,8.0,NEUTRAL,3573555.95
2026-10-01,POL,63,81,27,0.109956,1168008023,9.04,8.46,5.02,11.28,-2.32,6.15,4,15.3,13.2,16.0,1.0,1.0,1168008023,6.132,49.53,-0.8557,91bbc2a7e466,live,105566889,0.766861,0.658519,0.534182,26.9758,,LIQUIDITY,0.4786,0.627,0.766861,curve,0.534182,curve,inert,-0.627,False,1.0,2026-10-01,current,-8.13635,inert-band,gateio,6,458.4348,4.0,NEUTRAL,3517582.18
2026-10-01,ZAMA,174,82,27,0.077385,196966608,8.18,-15.6,46.2,46.95,235.72,65.75,4,11.5,19.9,15.5,0.9125,1.0,874992790,-9.855,56.59,1.2055,91bbc2a7e466,live,16116853,0.573598,0.995349,0.515167,26.8389,,LIQUIDITY,0.5043,0.6633,0.573598,curve,0.515167,curve,applied,-0.6633,False,1.0,2026-10-01,current,-1.84583,inert-band,gateio,1,,4.0,MILD_INVERSION,722298.7
2026-10-01,币安人生,104,83,27,0.498561,498549084,0.43,-0.56,-3.78,-0.01,692.45,137.37,4,13.5,20.0,12.0,1.0,1.0,498549084,10.95,58.59,-0.4962,91bbc2a7e466,live,2125392,0.674427,0.999985,0.4,26.9767,,LIQUIDITY,0.6994,0.9163,0.674427,curve,0.342807,floor,inert,-0.9163,False,1.0,2026-10-01,current,-2.36643,inert-band,gateio,1,,8.0,NEUTRAL,189080.25
2026-10-01,AKE,82,84,26,0.03180498,725461570,1.65,-21.93,40.86,261.8,14680.81,3005.25,4,14.3,20.0,12.0,0.9128,1.0,3182372406,10.95,51.72,0.4553,91bbc2a7e466,live,11936199,0.715154,1.0,0.4,26.1117,,LIQUIDITY,0.6824,0.9163,0.715154,curve,0.369896,floor,applied,-0.9163,False,1.0,2026-10-01,current,-1.42545,inert-band,gateio,1,,4.0,NEUTRAL,6316551.01
2026-10-01,BONK,130,85,26,3.72e-06,327312407,17.57,5.57,29.43,11.15,-54.51,0.91,4,12.6,11.3,21.7,1.0,1.0,327312407,-7.665,,,91bbc2a7e466,live,57501010,0.628741,0.56641,0.723725,25.7736,,CONFIRM,0.4193,0.5684,0.628741,curve,0.723725,curve,inert,-0.5684,False,1.0,2026-10-01,current,-6.12078,inert-band,gateio,2,7.665,4.0,MILD_INVERSION,535723.53
2026-10-01,GRT,135,86,26,0.02877325,314895715,5.53,17.16,52.54,71.88,-35.41,29.17,4,12.5,18.4,13.7,1.0,1.0,334226798,10.95,,,91bbc2a7e466,live,17427119,0.624542,0.920471,0.456317,26.2324,,LIQUIDITY,0.5863,0.7846,0.624542,curve,0.456317,curve,inert,-0.7846,False,1.0,2026-10-01,current,-3.62895,inert-band,gateio,2,3.0139,8.0,NEUTRAL,376680.38
2026-10-01,GT,62,87,26,11.05,1178701784,0.12,6.27,10.39,30.68,39.71,20.09,4,15.4,17.0,12.0,0.9987,1.0,1314106721,10.95,,,91bbc2a7e466,live,1437570,0.767851,0.8497,0.4,26.0638,,LIQUIDITY,0.6814,0.9163,0.767851,curve,0.336044,floor,applied,-0.9163,False,1.0,2026-10-01,current,0.19017,inert-band,gateio,1,,8.0,NEUTRAL,775876.25
2026-10-01,PYTH,91,88,26,0.075588,595079854,3.84,19.52,31.48,43.2,14.7,27.47,4,13.9,18.2,12.6,0.9862,1.0,755660865,10.95,,,91bbc2a7e466,live,22862154,0.693644,0.910024,0.418708,26.0655,,LIQUIDITY,0.6475,0.8706,0.693644,curve,0.418708,curve,applied,-0.8706,False,1.0,2026-10-01,current,-4.91987,inert-band,gateio,5,1114.272,4.0,NEUTRAL,1852610.51
2026-10-01,RENDER,69,89,26,1.9,983162382,5.8,7.05,28.57,24.28,-15.81,12.16,4,15.0,15.1,13.9,1.0,1.0,1011135227,10.95,,,91bbc2a7e466,live,57043552,0.748156,0.753176,0.462268,26.0485,,LIQUIDITY,0.5736,0.7716,0.748156,curve,0.462268,curve,inert,-0.7716,False,1.0,2026-10-01,current,-4.66066,inert-band,gateio,5,261.048,4.0,NEUTRAL,353789.12
2026-10-01,MET,196,90,25,0.295665,164793870,7.99,-11.95,31.45,45.82,67.25,29.18,4,11.1,18.4,15.3,0.956,1.0,295048009,0.219,62.52,,91bbc2a7e466,live,13161859,0.554235,0.92053,0.510819,24.9148,,LIQUIDITY,0.4834,0.6717,0.554235,curve,0.510819,curve,applied,-0.6717,False,1.0,2026-10-01,current,-10.66919,inert-band,gateio,2,10.731,4.0,NEUTRAL,104473.56
2026-10-01,XPL,110,91,25,0.095551,433006884,18.78,8.21,1.69,8.07,-28.78,-0.85,4,13.2,10.7,22.5,0.9412,1.0,955162245,10.95,51.56,-0.4939,91bbc2a7e466,live,81322890,0.659124,0.534644,0.750688,24.8985,,CONFIRM,0.4504,0.6262,0.659124,curve,0.750688,curve,applied,-0.6262,False,1.0,2026-10-01,current,-3.92377,inert-band,gateio,5,615.6384,4.0,NEUTRAL,5606016.13
2026-10-01,AIOZ,214,92,24,0.110843,142374522,5.73,-5.64,51.49,91.68,51.89,44.48,4,10.8,19.5,13.8,1.0,1.0,142384292,,,,91bbc2a7e466,live,8159520,0.538358,0.975075,0.460689,24.1834,,LIQUIDITY,0.546,0.775,0.538358,curve,0.460689,curve,inert,-0.775,False,1.0,2026-10-01,absent,-5.43371,no-feed,,,,,,
2026-10-01,KMNO,162,93,24,0.04054141,229474222,4.85,16.64,45.45,71.32,28.89,39.96,4,11.8,19.3,13.2,0.957,1.0,405410086,10.95,,,91bbc2a7e466,live,11133934,0.590183,0.964653,0.441154,24.0359,,LIQUIDITY,0.574,0.8184,0.590183,curve,0.441154,curve,applied,-0.8184,False,1.0,2026-10-01,current,-9.39304,inert-band,gateio,1,,4.0,NEUTRAL,72327.77
2026-10-01,PRL,114,94,24,1.22,404923038,0.9,2.18,74.59,290.43,-16.56,88.6,3,13.0,20.0,12.0,0.9065,1.0,2566859957,10.95,,,91bbc2a7e466,live,3657071,0.651843,0.999249,0.4,23.6181,,LIQUIDITY,0.6349,0.9163,0.651843,curve,0.353403,floor,applied,-0.9163,False,1.0,2026-10-01,current,-2.91632,inert-band,gateio,2,293.022,4.0,NEUTRAL,59773.51
2026-10-01,SKY,46,95,24,0.078508,1838278530,1.02,13.12,26.52,6.45,-9.02,10.37,4,16.3,14.5,12.0,1.0,1.0,1841102006,10.95,,,91bbc2a7e466,live,18788920,0.816103,0.726704,0.4,23.7226,,LIQUIDITY,0.6369,0.9163,0.816103,curve,0.356047,floor,inert,-0.9163,False,1.0,2026-10-01,current,-4.47877,inert-band,gateio,3,0.0,4.0,NEUTRAL,398588.46
2026-10-01,SUPER,235,96,24,0.196078,125518648,6.43,16.01,61.26,76.62,49.97,49.27,4,10.5,19.7,14.3,0.9672,1.0,196072476,10.95,,,91bbc2a7e466,live,8076907,0.524677,0.982852,0.476329,23.7577,,LIQUIDITY,0.516,0.7416,0.524677,curve,0.476329,curve,applied,-0.7416,False,1.0,2026-10-01,current,-1.72668,inert-band,gateio,3,306.3708,8.0,NEUTRAL,90203.68
2026-10-01,UB,124,97,24,0.146008,364609566,3.13,3.15,-1.75,15.52,337.08,71.8,4,12.8,19.9,12.1,0.9151,1.0,1458438264,10.95,63.29,0.0362,91bbc2a7e466,live,11397057,0.640457,0.997128,0.402796,23.5394,,LIQUIDITY,0.6286,0.9093,0.640457,curve,0.402796,curve,applied,-0.9093,False,1.0,2026-10-01,current,-1.94825,inert-band,gateio,1,,4.0,NEUTRAL,787510.08
2026-10-01,ZBCN,149,98,24,0.00267311,267399901,4.39,31.78,48.18,38.21,-6.24,29.88,4,12.1,18.5,12.9,1.0,1.0,267399901,-2.847,,,91bbc2a7e466,live,11743887,0.60679,0.924498,0.430931,24.1742,,LIQUIDITY,0.5929,0.8418,0.60679,curve,0.430931,curve,inert,-0.8418,False,1.0,2026-10-01,current,2.19589,inert-band,gateio,1,,4.0,MILD_INVERSION,60021.52
2026-10-01,CARDS,182,99,23,0.202974,182482683,4.29,30.09,46.29,-10.07,443.6,106.8,4,11.3,20.0,12.9,0.9414,1.0,401238555,10.95,62.51,-0.4429,91bbc2a7e466,live,7821460,0.565305,0.999825,0.428581,22.8042,,LIQUIDITY,0.5732,0.8473,0.565305,curve,0.428581,curve,applied,-0.8473,False,1.0,2026-10-01,current,6.34996,inert-band,gateio,1,,4.0,NEUTRAL,13542.04
2026-10-01,PIEVERSE,119,100,23,1.4,384289227,1.01,-14.12,12.26,25.71,159.69,37.19,4,12.9,19.1,12.0,0.9179,1.0,1398686906,10.95,97.29,,91bbc2a7e466,live,3866602,0.646165,0.956307,0.4,22.688,,LIQUIDITY,0.6177,0.9163,0.646165,curve,0.355693,floor,applied,-0.9163,False,1.0,2026-10-01,current,-3.68509,inert-band,gateio,1,,8.0,NEUTRAL,3050950.06
2026-10-01,SHFL,151,101,23,0.536106,260337087,0.33,54.29,57.9,70.08,87.35,65.75,4,12.1,19.9,12.0,0.9517,1.0,493116062,,,,91bbc2a7e466,live,858298,0.603884,0.995349,0.4,22.8817,,LIQUIDITY,0.6213,0.9163,0.603884,curve,0.34066,floor,applied,-0.9163,False,1.0,2026-10-01,absent,-7.58126,no-feed,,,,,,
2026-10-01,BR,165,102,22,0.757146,224476279,3.03,-31.44,4.43,252.62,1188.82,292.6,4,11.8,20.0,12.0,0.9205,1.0,756661617,10.95,,,91bbc2a7e466,live,6809026,0.587793,1.0,0.40074,21.6826,,LIQUIDITY,0.5982,0.9144,0.587793,curve,0.40074,curve,applied,-0.9144,False,1.0,2026-10-01,current,-0.04242,inert-band,gateio,1,,4.0,NEUTRAL,593360.22
2026-10-01,COMP,156,103,22,24.0,240042081,8.36,3.7,16.94,16.91,-2.69,9.03,4,11.9,14.1,15.6,1.0,1.0,240042081,10.95,,,91bbc2a7e466,live,20063541,0.595072,0.705869,0.519074,21.8033,,LIQUIDITY,0.4305,0.6557,0.595072,curve,0.519074,curve,inert,-0.6557,False,1.0,2026-10-01,current,-5.63481,inert-band,gateio,5,517.716,8.0,NEUTRAL,124195.89
2026-10-01,GOMINING,204,104,22,0.388267,156461462,12.52,4.24,2.5,6.52,14.08,6.34,4,11.0,13.2,18.3,1.0,1.0,156461462,,,,91bbc2a7e466,live,19582732,0.548602,0.661752,0.611467,22.1986,,DEPTH,0.3989,0.6004,0.548602,curve,0.611467,curve,inert,-0.6004,False,1.0,2026-10-01,absent,5.21375,no-feed,,,,,,
2026-10-01,KAS,61,105,22,0.04252778,1179298022,1.28,10.84,16.11,47.57,-45.61,10.05,4,15.4,14.4,12.0,1.0,1.0,1179302320,10.95,,,91bbc2a7e466,live,15037727,0.767906,0.721746,0.4,22.1693,,LIQUIDITY,0.6082,0.9163,0.767906,curve,0.36167,floor,inert,-0.9163,False,1.0,2026-10-01,current,-3.37986,inert-band,gateio,3,39.6208,8.0,NEUTRAL,3070692.15
2026-10-01,ETC,54,106,21,8.81,1395791757,5.57,-7.38,11.14,13.91,-10.93,1.86,4,15.7,11.7,13.7,1.0,1.0,1395791757,10.95,,,91bbc2a7e466,live,77760518,0.786205,0.583494,0.457135,20.9709,,LIQUIDITY,0.5011,0.7828,0.786205,curve,0.457135,curve,inert,-0.7828,False,1.0,2026-10-01,current,-4.87695,inert-band,gateio,6,209.3763,8.0,NEUTRAL,4866741.28
2026-10-01,SN51,218,107,21,28.82,138351645,1.19,14.58,32.33,46.57,153.99,54.9,4,10.7,19.8,12.0,1.0,1.0,138351645,,,,91bbc2a7e466,live,1651871,0.535246,0.988996,0.4,21.1743,,LIQUIDITY,0.5902,0.9163,0.535246,curve,0.359866,floor,inert,-0.9163,False,1.0,2026-10-01,absent,-2.81772,no-feed,,,,,,
2026-10-01,XDC,84,108,21,0.03553788,709057989,2.24,21.27,21.57,21.39,-23.47,12.43,4,14.3,15.1,12.0,0.9511,1.0,1353145869,10.95,,,91bbc2a7e466,live,15849678,0.71267,0.756901,0.4,20.5217,,LIQUIDITY,0.5786,0.9163,0.71267,curve,0.383007,floor,applied,-0.9163,False,1.0,2026-10-01,current,3.27335,inert-band,gateio,1,,4.0,NEUTRAL,204933.98
2026-10-01,AKT,176,109,20,0.653798,194997526,3.68,-3.82,22.48,23.24,40.35,18.35,4,11.5,16.6,12.5,1.0,1.0,195024967,10.95,,,91bbc2a7e466,live,7167835,0.572507,0.831505,0.415019,19.7567,,LIQUIDITY,0.5423,0.8794,0.572507,curve,0.415019,curve,inert,-0.8794,False,1.0,2026-10-01,current,-1.02894,inert-band,gateio,1,,4.0,NEUTRAL,230273.14
2026-10-01,EIGEN,160,110,20,0.240442,232795214,16.91,2.74,11.58,11.47,-47.96,-3.01,4,11.8,9.9,21.3,0.9511,1.0,444331654,9.198,,,91bbc2a7e466,live,39375505,0.591744,0.496132,0.709205,19.8029,,CONFIRM,0.4328,0.7009,0.591744,curve,0.709205,curve,applied,-0.7009,False,1.0,2026-10-01,current,-5.8524,inert-band,gateio,5,1154.3994,4.0,NEUTRAL,357364.3
2026-10-01,IOTA,153,111,20,0.054272,253479479,5.79,20.34,30.46,30.84,-53.88,10.65,4,12.0,14.6,13.9,1.0,1.0,270927599,10.95,,,91bbc2a7e466,live,14675754,0.600986,0.730928,0.461994,20.2943,,LIQUIDITY,0.4842,0.7722,0.600986,curve,0.461994,curve,inert,-0.7722,False,1.0,2026-10-01,current,1.0802,inert-band,gateio,2,0.0,8.0,NEUTRAL,467330.82
2026-10-01,META,223,112,20,5.93,134607890,5.65,-3.55,18.75,2.96,57.96,15.95,4,10.6,16.1,13.8,1.0,1.0,134607890,0.0,,,91bbc2a7e466,live,7605707,0.532268,0.803636,0.458895,19.6292,,LIQUIDITY,0.4784,0.7789,0.532268,curve,0.458895,curve,inert,-0.7789,False,1.0,2026-10-01,current,-5.26341,inert-band,gateio,2,7.008,8.0,NEUTRAL,814657.05
2026-10-01,MNT,42,113,20,0.683782,2257901480,1.44,2.63,12.75,19.98,-27.35,3.5,4,16.8,12.3,12.0,0.9521,1.0,4252752940,10.95,,,91bbc2a7e466,live,32475368,0.838426,0.612622,0.4,19.5614,,LIQUIDITY,0.5616,0.9163,0.838426,curve,0.365296,floor,applied,-0.9163,False,1.0,2026-10-01,current,-2.3714,inert-band,gateio,3,164.295,4.0,NEUTRAL,220205.35
2026-10-01,OKB,34,114,20,121.05,2542867636,0.83,1.95,-1.51,1.39,6.92,1.94,4,17.0,11.7,12.0,1.0,1.0,2542867636,10.95,84.47,-0.6725,91bbc2a7e466,live,21042696,0.851331,0.584879,0.4,19.917,,LIQUIDITY,0.5679,0.9163,0.851331,curve,0.351723,floor,inert,-0.9163,False,1.0,2026-10-01,current,-0.75728,inert-band,gateio,1,,8.0,NEUTRAL,654797.1
2026-10-01,ASTER,44,115,19,0.742961,2013450155,8.06,5.74,-8.83,-1.91,-13.11,-3.59,4,16.5,9.7,15.4,0.9268,1.0,5790964714,8.322,,,91bbc2a7e466,live,162264422,0.825985,0.4859,0.512423,19.0605,,CONFIRM,0.4354,0.7218,0.825985,curve,0.512423,curve,applied,-0.7218,False,1.0,2026-10-01,current,-4.11091,inert-band,gateio,5,806.5575,4.0,NEUTRAL,8828723.0
2026-10-01,CRO,30,116,19,0.068138,3389733078,0.53,12.32,9.23,13.69,-41.14,1.2,4,17.7,11.4,12.0,0.9481,1.0,6741652203,10.95,,,91bbc2a7e466,live,18127789,0.882541,0.571593,0.4,19.1309,,LIQUIDITY,0.554,0.9163,0.882541,curve,0.345217,floor,applied,-0.9163,False,1.0,2026-10-01,current,-0.90512,inert-band,gateio,2,106.9673,8.0,NEUTRAL,445734.97
2026-10-01,KITE,126,117,19,0.151797,362957680,5.86,15.26,35.68,20.21,-48.7,8.81,4,12.8,14.0,13.9,0.914,0.986,1517891791,18.615,,,91bbc2a7e466,live,21263880,0.639964,0.702361,0.463522,18.7725,,LIQUIDITY,0.4597,0.7689,0.639964,curve,0.463522,curve,applied,-0.7689,False,0.986,2026-10-01,current,4.66666,hot-confirmed,gateio,1,,4.0,ELEVATED,296313.91
2026-10-01,SENT,202,118,19,0.02175595,157482761,5.16,0.82,27.86,62.26,-15.36,19.7,4,11.0,16.9,13.4,0.9111,1.0,747603572,10.95,,,91bbc2a7e466,live,8120266,0.549308,0.845813,0.447918,18.9607,,LIQUIDITY,0.483,0.8031,0.549308,curve,0.447918,curve,applied,-0.8031,False,1.0,2026-10-01,current,-0.44438,inert-band,gateio,1,,4.0,NEUTRAL,147265.54
2026-10-01,SOON,212,119,19,0.429959,145529820,101.82,131.22,138.43,128.29,137.29,133.5,4,10.8,20.0,12.0,0.9003,0.964,4715596632,38.544,,,91bbc2a7e466,live,148171434,0.540738,0.999979,0.4,18.7736,,LIQUIDITY,0.5478,0.9163,0.540738,curve,0.387899,floor,applied,-0.9163,False,0.964,2026-10-01,current,-8.88345,hot-confirmed,gateio,2,159.2836,4.0,ELEVATED,2838239.31
2026-10-01,ZEN,226,120,19,7.12,131018822,11.9,0.3,-5.41,18.83,1.28,3.7,4,10.6,12.3,17.9,0.9965,0.994,149479905,16.203,53.49,1.1315,91bbc2a7e466,live,15595245,0.529333,0.616142,0.597846,19.3097,,DEPTH,0.3868,0.6361,0.529333,curve,0.597846,curve,applied,-0.6361,False,0.994,2026-10-01,current,-5.35363,hot-confirmed,kraken,3,16.203,1.0,ELEVATED,192811.02
2026-10-01,EURCV,178,121,18,1.13,189370052,20.62,-1.06,-11.17,-9.86,-17.67,-9.11,4,11.4,7.9,23.7,1.0,1.0,189370052,,,,91bbc2a7e466,live,39049055,0.569328,0.392906,0.791567,17.7067,,CONFIRM,0.5396,0.9342,0.569328,curve,0.791567,curve,inert,-0.9342,False,1.0,2026-10-01,absent,-0.68309,no-feed,,,,,,
2026-10-01,FF,111,122,18,0.125381,419138207,1.55,-4.28,-20.03,43.21,52.37,14.99,4,13.1,15.8,12.0,0.9251,0.946,1253757827,58.692,61.51,0.0891,91bbc2a7e466,live,6483078,0.655589,0.791485,0.4,18.1584,,LIQUIDITY,0.5371,0.9163,0.655589,curve,0.367706,floor,applied,-0.9163,False,0.946,2026-10-01,current,-2.5913,hot-confirmed,gateio,1,,4.0,OVERHEATED_LONG,13286266.57
2026-10-01,RAIL,211,123,18,2.45,146782733,0.46,-10.6,9.04,15.84,80.0,19.04,4,10.8,16.8,12.0,1.0,1.0,146782733,,,,91bbc2a7e466,live,682487,0.541669,0.838914,0.4,18.1765,,LIQUIDITY,0.5374,0.9163,0.541669,curve,0.343666,floor,inert,-0.9163,False,1.0,2026-10-01,absent,-6.48057,no-feed,,,,,,
2026-10-01,RLUSD,38,124,18,1.0,2396929675,8.23,-0.34,-9.58,-7.25,-16.55,-7.62,4,16.9,8.3,15.5,1.0,1.0,2396929675,,47.02,0.0069,91bbc2a7e466,live,197279931,0.844914,0.416935,0.516234,18.1856,,CONFIRM,0.5132,0.8748,0.844914,curve,0.516234,curve,inert,-0.8748,False,1.0,2026-10-01,absent,0.00928,no-feed,,,,,,
2026-10-01,SHIB,31,125,18,5.72e-06,3372445568,2.47,2.17,4.56,3.43,-26.81,-2.72,4,17.6,10.0,12.0,1.0,1.0,3373917615,1.971,,,91bbc2a7e466,live,83425919,0.881986,0.501313,0.4,17.686,,LIQUIDITY,0.5289,0.9163,0.881986,curve,0.388306,floor,inert,-0.9163,False,1.0,2026-10-01,current,-3.70898,inert-band,gateio,2,1.971,8.0,NEUTRAL,3461955.58
2026-10-01,U,52,126,18,0.999411,1497709547,8.87,-0.32,-9.61,-7.21,-16.6,-7.62,4,15.9,8.3,15.9,1.0,1.0,1497709547,,50.91,0.0173,91bbc2a7e466,live,132774202,0.793857,0.416946,0.530337,17.5539,,CONFIRM,0.5028,0.8748,0.793857,curve,0.530337,curve,inert,-0.8748,False,1.0,2026-10-01,absent,-0.01658,no-feed,,,,,,
2026-10-01,A,201,127,17,0.096215,160695453,4.24,3.61,17.31,19.82,-0.3,10.31,4,11.0,14.5,12.8,0.9871,1.0,202014510,10.95,,,91bbc2a7e466,live,6816005,0.551501,0.725674,0.42759,16.8918,,LIQUIDITY,0.4777,0.8496,0.551501,curve,0.42759,curve,applied,-0.8496,False,1.0,2026-10-01,current,-3.88831,inert-band,gateio,1,,4.0,NEUTRAL,77766.37
2026-10-01,AXS,175,128,17,1.12,196292864,7.53,9.85,11.48,14.82,-25.22,4.49,4,11.5,12.6,15.0,0.9682,1.0,303186335,10.95,,,91bbc2a7e466,live,14771213,0.573226,0.629882,0.500558,17.4986,,LIQUIDITY,0.397,0.692,0.573226,curve,0.500558,curve,applied,-0.692,False,1.0,2026-10-01,current,-4.56979,inert-band,gateio,3,80.4053,8.0,NEUTRAL,538687.68
2026-10-01,BSV,117,129,17,19.51,391925928,2.38,-8.85,12.08,15.82,10.47,6.41,4,13.0,13.3,12.0,1.0,1.0,391931049,10.95,,,91bbc2a7e466,live,9322388,0.648301,0.662997,0.4,17.1929,,LIQUIDITY,0.5204,0.9163,0.648301,curve,0.386191,floor,inert,-0.9163,False,1.0,2026-10-01,current,-3.99843,inert-band,gateio,2,0.0,4.0,NEUTRAL,973980.24
2026-10-01,BTT,122,130,17,3.70682e-07,365769301,3.46,0.49,7.52,19.69,-11.46,4.66,4,12.8,12.7,12.3,1.0,1.0,366866980,,,,91bbc2a7e466,live,12647483,0.640802,0.632875,0.410173,16.6345,,LIQUIDITY,0.4968,0.8912,0.640802,curve,0.410173,curve,inert,-0.8912,False,1.0,2026-10-01,absent,-1.06175,no-feed,,,,,,
2026-10-01,DGAI,219,131,17,0.919579,137988105,15.26,-10.93,-10.26,27.73,-16.56,-2.22,3,10.7,10.2,20.2,0.9059,1.0,919920700,10.95,,,91bbc2a7e466,live,21054130,0.53496,0.510114,0.672398,16.6225,,CONFIRM,0.3751,0.6731,0.53496,curve,0.672398,curve,applied,-0.6731,False,1.0,2026-10-01,current,-3.24076,inert-band,gateio,1,,4.0,NEUTRAL,809900.08
2026-10-01,IMX,207,132,17,0.167672,151616773,4.78,14.65,32.72,29.07,-41.34,11.57,4,10.9,14.9,13.2,0.941,1.0,335260273,10.95,,,91bbc2a7e466,live,7245177,0.545187,0.744598,0.439525,16.7896,,LIQUIDITY,0.4607,0.8221,0.545187,curve,0.439525,curve,applied,-0.8221,False,1.0,2026-10-01,current,-1.39143,inert-band,gateio,4,170.4178,4.0,NEUTRAL,381213.46
2026-10-01,MORPHO,50,133,17,2.47,1725703661,1.47,-8.31,6.01,-11.09,15.7,-0.63,4,16.2,10.8,12.0,0.9752,1.0,2465782483,10.95,54.26,0.4952,91bbc2a7e466,live,25338159,0.809242,0.538745,0.4,17.0065,,LIQUIDITY,0.5172,0.9163,0.809242,curve,0.365962,floor,applied,-0.9163,False,1.0,2026-10-01,current,-6.25887,inert-band,gateio,4,1108.6666,4.0,NEUTRAL,525529.0
2026-10-01,THETA,168,134,17,0.219829,219765144,2.37,4.19,11.95,23.14,7.54,11.54,4,11.7,14.9,12.0,1.0,1.0,219765144,10.95,,,91bbc2a7e466,live,5199867,0.58549,0.744078,0.4,17.426,,LIQUIDITY,0.5244,0.9163,0.58549,curve,0.385913,floor,inert,-0.9163,False,1.0,2026-10-01,current,-6.51062,inert-band,gateio,1,,8.0,NEUTRAL,274399.07
2026-10-01,VET,81,135,17,0.00871771,749577738,1.34,-3.41,12.82,23.95,-29.13,2.35,4,14.4,11.8,12.0,1.0,1.0,749577738,10.95,,,91bbc2a7e466,live,10058855,0.718704,0.592095,0.4,17.0217,,LIQUIDITY,0.5175,0.9163,0.718704,curve,0.363154,floor,inert,-0.9163,False,1.0,2026-10-01,current,-4.94857,inert-band,gateio,2,,8.0,NEUTRAL,255573.14
2026-10-01,ATOM,72,136,16,1.72,916735533,5.25,0.81,3.41,8.34,-39.63,-4.75,4,14.8,9.3,13.5,1.0,1.0,916735533,10.95,,,91bbc2a7e466,live,48142188,0.740561,0.465568,0.450033,15.5163,,LIQUIDITY,0.4285,0.7984,0.740561,curve,0.450033,curve,inert,-0.7984,False,1.0,2026-10-01,current,-2.11603,inert-band,gateio,6,464.28,8.0,NEUTRAL,3559287.48
2026-10-01,AWE,217,137,16,0.071966,139907088,2.67,14.55,4.07,7.59,22.45,11.77,4,10.7,14.9,12.0,1.0,1.0,139907088,10.95,,,91bbc2a7e466,live,3733052,0.53646,0.747461,0.4,16.0393,,LIQUIDITY,0.5007,0.9163,0.53646,curve,0.392627,floor,inert,-0.9163,False,1.0,2026-10-01,current,-0.32379,inert-band,gateio,1,,8.0,NEUTRAL,26658.88
2026-10-01,CRCLB,230,138,16,82.05,129061127,27.04,-10.23,-11.01,-18.42,-16.56,-13.74,3,10.6,6.5,28.0,1.0,1.0,129061127,,,,91bbc2a7e466,live,34898786,0.527699,0.324932,0.934234,16.0189,,CONFIRM,0.6138,1.1241,0.527699,curve,0.934234,curve,inert,-1.1241,False,1.0,2026-10-01,absent,-4.61918,no-feed,,,,,,
2026-10-01,FARTCOIN,186,139,16,0.172733,172685741,19.01,-5.22,10.34,-9.42,-40.07,-9.35,4,11.2,7.8,22.7,1.0,1.0,172685741,10.95,44.91,0.7074,91bbc2a7e466,live,32834121,0.559314,0.389103,0.755862,16.4499,,CONFIRM,0.523,0.9439,0.559314,curve,0.755862,curve,inert,-0.9439,False,1.0,2026-10-01,current,-5.34425,inert-band,gateio,4,1009.59,4.0,NEUTRAL,13380727.95
2026-10-01,HTX,51,140,16,1.7e-06,1527717109,5.16,-0.65,-7.71,-3.31,-13.92,-5.73,4,15.9,9.0,13.4,1.0,1.0,1527717109,,22.47,0.1222,91bbc2a7e466,live,78793049,0.796011,0.44856,0.447946,15.9943,,LIQUIDITY,0.4381,0.8031,0.796011,curve,0.447946,curve,inert,-0.8031,False,1.0,2026-10-01,absent,-1.45257,no-feed,,,,,,
2026-10-01,NPC,193,141,16,0.02071556,166793977,1.5,-7.34,-8.09,20.46,50.31,10.95,4,11.1,14.7,12.0,1.0,1.0,166793977,,,,91bbc2a7e466,live,2499711,0.555545,0.735396,0.4,16.3418,,LIQUIDITY,0.5058,0.9163,0.555545,curve,0.366637,floor,inert,-0.9163,False,1.0,2026-10-01,absent,-8.43616,no-feed,,,,,,
2026-10-01,PONS,125,142,16,0.534843,363603874,10.47,-11.39,-24.01,23.98,-16.56,-6.74,3,12.8,8.6,17.0,1.0,1.0,363603874,-88.476,43.42,-0.6723,91bbc2a7e466,live,38054851,0.640157,0.431567,0.565912,15.6345,,CONFIRM,0.4528,0.8403,0.640157,curve,0.565912,curve,inert,-0.8403,False,1.0,2026-10-01,current,-5.45488,cold-downtrend,gateio,3,269.1823,4.0,SHORT_SQUEEZE_RISK,8219998.62
2026-10-01,SYRUP,150,143,16,0.228124,266092724,5.0,14.25,6.16,15.03,-31.98,3.18,4,12.1,12.1,13.3,1.0,1.0,283738183,8.6505,,,91bbc2a7e466,live,13311213,0.606258,0.606881,0.444499,16.3543,,LIQUIDITY,0.4478,0.8108,0.606258,curve,0.444499,curve,inert,-0.8108,False,1.0,2026-10-01,current,-5.16007,inert-band,gateio,3,104.8792,8.0,NEUTRAL,339075.63
2026-10-01,XTZ,127,144,16,0.315102,345860833,2.0,-2.33,19.07,37.66,-41.59,5.16,4,12.7,12.8,12.0,1.0,1.0,352152616,-5.5845,,,91bbc2a7e466,live,6918141,0.634725,0.641665,0.4,16.2912,,LIQUIDITY,0.505,0.9163,0.634725,curve,0.377784,floor,inert,-0.9163,False,1.0,2026-10-01,current,-1.85241,inert-band,gateio,2,10.8419,8.0,MILD_INVERSION,324229.54
2026-10-01,APEPE,148,145,15,1.28e-06,269380999,3.2,4.61,-2.8,17.9,-14.4,2.28,4,12.2,11.8,12.1,1.0,1.0,269380999,,,,91bbc2a7e466,live,8614354,0.607592,0.59086,0.404396,14.5179,,LIQUIDITY,0.4691,0.9054,0.607592,curve,0.404396,curve,inert,-0.9054,False,1.0,2026-10-01,absent,-2.86762,no-feed,,,,,,
2026-10-01,CHZ,192,146,15,0.01597946,168305406,16.36,2.19,5.03,12.77,-74.33,-9.76,4,11.1,7.7,20.9,1.0,1.0,168305406,10.95,,,91bbc2a7e466,live,27538204,0.556525,0.382727,0.696934,14.8445,,CONFIRM,0.5035,0.9604,0.556525,curve,0.696934,curve,inert,-0.9604,False,1.0,2026-10-01,current,-4.13897,inert-band,gateio,3,28.6073,8.0,NEUTRAL,131904.71
2026-10-01,FLOKI,208,147,15,2.733e-05,151393403,13.44,0.87,5.7,5.56,-44.44,-5.81,4,10.9,8.9,19.0,1.0,1.0,151393403,10.95,,,91bbc2a7e466,live,20340968,0.545027,0.44723,0.631907,15.4029,,CONFIRM,0.4302,0.8047,0.545027,curve,0.631907,curve,inert,-0.8047,False,1.0,2026-10-01,current,-4.54929,inert-band,gateio,1,,8.0,NEUTRAL,257470.35
2026-10-01,KAIA,159,148,15,0.03659246,235400131,5.86,13.82,21.4,15.81,-64.13,0.62,4,11.9,11.2,13.9,1.0,1.0,235401477,10.95,,,91bbc2a7e466,live,13790465,0.592952,0.561242,0.463518,15.4254,,LIQUIDITY,0.4114,0.7689,0.592952,curve,0.463518,curve,inert,-0.7689,False,1.0,2026-10-01,current,5.03472,inert-band,gateio,2,39.8596,4.0,NEUTRAL,58810.67
2026-10-01,MANA,187,149,15,0.087918,172168643,6.38,6.08,11.0,13.46,-31.35,1.67,4,11.2,11.6,14.3,0.9983,1.0,192815617,10.95,,,91bbc2a7e466,live,10977239,0.558989,0.58,0.475019,15.3746,,LIQUIDITY,0.3976,0.7444,0.558989,curve,0.475019,curve,applied,-0.7444,False,1.0,2026-10-01,current,-4.88735,inert-band,gateio,2,56.7695,8.0,NEUTRAL,98384.69
2026-10-01,SN64,228,150,15,21.42,129864742,0.51,12.39,26.15,19.7,-27.86,9.61,4,10.6,14.3,12.0,1.0,1.0,129864742,,,,91bbc2a7e466,live,663538,0.528373,0.714911,0.4,15.1096,,LIQUIDITY,0.4849,0.9163,0.528373,curve,0.344688,floor,inert,-0.9163,False,1.0,2026-10-01,absent,-2.51726,no-feed,,,,,,
2026-10-01,2Z,140,151,14,0.057604,294649815,5.17,11.84,15.27,1.42,-46.25,-1.52,4,12.3,10.5,13.4,0.9494,1.0,575709611,10.95,,,91bbc2a7e466,live,15243530,0.617327,0.522612,0.448299,13.7313,,LIQUIDITY,0.4041,0.8023,0.617327,curve,0.448299,curve,applied,-0.8023,False,1.0,2026-10-01,current,-10.44213,inert-band,gateio,2,0.0,4.0,NEUTRAL,225605.04
2026-10-01,BAT,225,152,14,0.087834,131355350,5.06,0.15,12.1,20.94,-30.72,2.16,4,10.6,11.8,13.4,1.0,1.0,131730813,10.95,,,91bbc2a7e466,live,6642924,0.529612,0.588758,0.445716,13.898,,LIQUIDITY,0.4095,0.8081,0.529612,curve,0.445716,curve,inert,-0.8081,False,1.0,2026-10-01,current,-4.7306,inert-band,gateio,2,29.1763,8.0,NEUTRAL,51069.5
2026-10-01,BUIDL,41,153,14,1.0,2262158182,0.0,-0.34,-9.59,-7.24,-16.56,-7.62,4,16.8,8.3,12.0,1.0,1.0,2262158182,,50.0,0.0,91bbc2a7e466,live,0.0,0.838631,0.416886,0.4,13.9845,,LIQUIDITY,0.4658,0.9163,0.838631,curve,0.0,zero-volume,inert,-0.9163,False,1.0,2026-10-01,absent,0.0,no-feed,,,,,,
2026-10-01,ENS,142,154,14,6.87,290566672,5.9,1.2,15.68,6.91,-41.82,-2.35,4,12.3,10.2,13.9,0.9369,1.0,687454929,10.95,,,91bbc2a7e466,live,17137664,0.615811,0.507749,0.4644,13.6045,,LIQUIDITY,0.3845,0.767,0.615811,curve,0.4644,curve,applied,-0.767,False,1.0,2026-10-01,current,-4.48659,inert-band,gateio,3,11.4569,8.0,NEUTRAL,189549.69
2026-10-01,STABLE,79,155,14,0.02805783,752296893,1.19,4.78,9.72,-8.19,-18.66,-1.91,4,14.4,10.3,12.0,0.9171,1.0,2805469215,10.95,24.73,0.0567,91bbc2a7e466,live,8918730,0.719097,0.515599,0.4,13.6012,,LIQUIDITY,0.4593,0.9163,0.719097,curve,0.359679,floor,applied,-0.9163,False,1.0,2026-10-01,current,-2.56324,inert-band,gateio,2,30.1398,4.0,NEUTRAL,161220.94
2026-10-01,USDY,40,156,14,1.15,2281698393,0.1,-0.23,-9.28,-6.77,-17.66,-7.61,4,16.8,8.3,12.0,1.0,1.0,2281698393,,100.0,0.0,91bbc2a7e466,live,2276922,0.839565,0.417038,0.4,14.0052,,LIQUIDITY,0.4661,0.9163,0.839565,curve,0.335551,floor,inert,-0.9163,False,1.0,2026-10-01,absent,0.05736,no-feed,,,,,,
2026-10-01,USYC,37,157,14,1.14,2406242731,0.0,-0.27,-9.45,-6.96,-14.8,-7.14,4,16.9,8.5,12.0,1.0,1.0,2406242731,,100.0,0.0,91bbc2a7e466,live,0.0,0.845335,0.424791,0.4,14.3636,,LIQUIDITY,0.4722,0.9163,0.845335,curve,0.0,zero-volume,inert,-0.9163,False,1.0,2026-10-01,absent,0.00935,no-feed,,,,,,
2026-10-01,BFUSD,59,158,13,0.999244,1319044206,0.27,-0.38,-9.57,-7.31,-16.57,-7.65,4,15.6,8.3,12.0,1.0,1.0,1319044206,,,,91bbc2a7e466,live,3537472,0.780065,0.416473,0.4,12.995,,LIQUIDITY,0.449,0.9163,0.780065,curve,0.339293,floor,inert,-0.9163,False,1.0,2026-10-01,absent,0.0348,no-feed,,,,,,
2026-10-01,CFX,147,159,13,0.053368,279805471,1.9,3.84,8.2,7.19,-27.24,-0.45,4,12.2,10.8,12.0,1.0,1.0,279822823,6.132,,,91bbc2a7e466,live,5303799,0.611714,0.541897,0.4,13.2594,,LIQUIDITY,0.4535,0.9163,0.611714,curve,0.375456,floor,inert,-0.9163,False,1.0,2026-10-01,current,-4.80838,inert-band,gateio,4,537.864,8.0,NEUTRAL,617955.62
2026-10-01,CRVUSD,161,160,13,0.999663,230697600,7.94,-0.34,-9.56,-7.27,-16.49,-7.61,4,11.8,8.3,15.3,1.0,1.0,230697600,,,,91bbc2a7e466,live,18310569,0.590761,0.417147,0.509712,12.561,,CONFIRM,0.4214,0.8743,0.590761,curve,0.509712,curve,inert,-0.8743,False,1.0,2026-10-01,absent,0.02233,no-feed,,,,,,
2026-10-01,EURC,108,161,13,1.13,466499016,7.78,-1.04,-11.13,-9.87,-17.57,-9.08,4,13.3,7.9,15.2,1.0,1.0,466499016,-19.272,,,91bbc2a7e466,live,36292227,0.667213,0.393419,0.506216,13.2879,,CONFIRM,0.4622,0.9329,0.667213,curve,0.506216,curve,inert,-0.9329,False,1.0,2026-10-01,current,-0.65023,cold-no-rsi,coinbase,1,,1.0,SHORT_SQUEEZE_RISK,930568.3
2026-10-01,EURSAFO,53,162,13,1.14,1492755538,0.0,-1.01,-11.07,-9.67,-16.56,-8.8,3,15.9,8.0,12.0,1.0,1.0,1492755538,,,,91bbc2a7e466,live,0.0,0.793497,0.397854,0.4,12.6278,,CONFIRM,0.4454,0.9217,0.793497,curve,0.0,zero-volume,inert,-0.9217,False,1.0,2026-10-01,absent,-0.68072,no-feed,,,,,,
2026-10-01,SNX,213,163,13,0.248393,144218216,5.77,6.87,11.03,11.09,-44.27,-1.26,4,10.8,10.5,13.8,1.0,1.0,144323375,10.95,,,91bbc2a7e466,live,8320972,0.539755,0.527284,0.461549,13.1359,,LIQUIDITY,0.3809,0.7732,0.539755,curve,0.461549,curve,inert,-0.7732,False,1.0,2026-10-01,current,-4.18012,inert-band,gateio,3,4.5394,8.0,NEUTRAL,189413.27
2026-10-01,TWT,158,164,13,0.569368,237209183,3.62,6.36,1.35,0.48,-7.9,0.79,4,11.9,11.3,12.4,0.9361,1.0,569324949,10.95,,,91bbc2a7e466,live,8595217,0.593783,0.564162,0.413855,12.9778,,LIQUIDITY,0.4321,0.8822,0.593783,curve,0.413855,curve,applied,-0.8822,False,1.0,2026-10-01,current,-5.21317,inert-band,gateio,1,,8.0,NEUTRAL,155845.92
2026-10-01,USDF,56,165,13,0.995841,1372088489,0.02,-0.31,-9.55,-7.31,-16.66,-7.64,4,15.7,8.3,12.0,1.0,1.0,1372088489,,,,91bbc2a7e466,live,309927,0.784346,0.416625,0.4,13.0711,,LIQUIDITY,0.4503,0.9163,0.784346,curve,0.333835,floor,inert,-0.9163,False,1.0,2026-10-01,absent,-0.01111,no-feed,,,,,,
2026-10-01,USDGO,60,166,13,1.0,1186836508,2.22,-0.32,-9.62,-7.23,-16.53,-7.61,4,15.4,8.3,12.0,1.0,1.0,1186836508,,,,91bbc2a7e466,live,26362715,0.768598,0.417018,0.4,12.8208,,LIQUIDITY,0.4461,0.9163,0.768598,curve,0.382695,floor,inert,-0.9163,False,1.0,2026-10-01,absent,0.00803,no-feed,,,,,,
2026-10-01,XCN,181,167,13,0.00461195,182550940,4.39,-4.39,9.1,30.55,-43.37,-0.08,4,11.3,11.0,12.9,0.9803,1.0,246605006,-65.043,,,91bbc2a7e466,live,8016011,0.565346,0.548586,0.430914,13.1011,,LIQUIDITY,0.4142,0.8418,0.565346,curve,0.430914,curve,applied,-0.8418,False,1.0,2026-10-01,current,-4.26593,cold-no-rsi,gateio,1,,4.0,SHORT_SQUEEZE_RISK,184266.75
2026-10-01,ZK,231,168,13,0.01183453,127997532,7.18,5.64,25.2,22.84,-78.32,-1.96,4,10.5,10.3,14.8,0.9499,1.0,248503531,10.95,,,91bbc2a7e466,live,9194451,0.5268,0.514763,0.492962,12.6983,,LIQUIDITY,0.3427,0.7073,0.5268,curve,0.492962,curve,applied,-0.7073,False,1.0,2026-10-01,current,-5.57071,inert-band,gateio,3,187.523,8.0,NEUTRAL,134403.69
2026-10-01,APE,210,169,12,0.147401,147419234,8.56,0.75,5.88,0.64,-46.54,-7.45,4,10.8,8.4,15.7,1.0,1.0,147419234,10.95,,,91bbc2a7e466,live,12621118,0.542139,0.419662,0.523586,11.9124,,CONFIRM,0.4081,0.8683,0.542139,curve,0.523586,curve,inert,-0.8683,False,1.0,2026-10-01,current,-4.28861,inert-band,gateio,5,1103.3208,8.0,NEUTRAL,311091.62
2026-10-01,BGB,55,170,12,1.98,1383156826,0.67,-3.26,-6.09,-5.54,-26.97,-9.28,4,15.7,7.8,12.0,0.9838,1.0,1799943960,,,,91bbc2a7e466,live,9334933,0.785218,0.390237,0.4,12.0583,,CONFIRM,0.4448,0.941,0.785218,curve,0.348331,floor,applied,-0.941,False,1.0,2026-10-01,absent,-1.16322,no-feed,,,,,,
2026-10-01,CASH,227,171,12,0.999494,130480215,9.05,-0.35,-9.55,-7.24,-16.6,-7.62,4,10.6,8.3,16.0,1.0,1.0,130480215,,,,91bbc2a7e466,live,11806317,0.528886,0.416878,0.534408,11.7827,,CONFIRM,0.4091,0.875,0.528886,curve,0.534408,curve,inert,-0.875,False,1.0,2026-10-01,absent,0.00413,no-feed,,,,,,
2026-10-01,DCR,134,172,12,18.1,318948600,0.57,-0.47,1.28,17.12,-47.44,-5.03,4,12.5,9.2,12.0,1.0,1.0,318955060,,,,91bbc2a7e466,live,1816148,0.62593,0.460666,0.4,11.5338,,LIQUIDITY,0.4242,0.9163,0.62593,curve,0.345987,floor,inert,-0.9163,False,1.0,2026-10-01,absent,-3.06956,no-feed,,,,,,
2026-10-01,GHO,87,173,12,0.999324,698549556,1.05,-0.31,-9.51,-7.18,-16.59,-7.58,4,14.2,8.4,12.0,1.0,1.0,698549556,,,,91bbc2a7e466,live,7359616,0.711049,0.417526,0.4,11.8753,,LIQUIDITY,0.43,0.9163,0.711049,curve,0.356746,floor,inert,-0.9163,False,1.0,2026-10-01,absent,0.00947,no-feed,,,,,,
2026-10-01,JAAA,95,174,12,1.05,584849715,0.0,-0.41,-9.55,-6.98,-14.15,-7.08,4,13.8,8.5,12.0,1.0,1.0,584849715,,,,91bbc2a7e466,live,0.0,0.691761,0.425779,0.4,11.7815,,LIQUIDITY,0.4284,0.9163,0.691761,curve,0.0,zero-volume,inert,-0.9163,False,1.0,2026-10-01,absent,-0.00019,no-feed,,,,,,
2026-10-01,KCS,67,175,12,7.36,1026862852,0.29,2.42,-4.2,-3.25,-39.64,-9.06,4,15.1,7.9,12.0,1.0,1.0,1045244984,,,,91bbc2a7e466,live,2950015,0.752878,0.393636,0.4,11.8544,,CONFIRM,0.4372,0.9323,0.752878,curve,0.339717,floor,inert,-0.9323,False,1.0,2026-10-01,absent,-1.62206,no-feed,,,,,,
2026-10-01,KOGE,166,176,12,65.88,222676290,0.02,-5.18,-11.95,-3.39,20.67,-1.26,4,11.7,10.5,12.0,1.0,1.0,222676290,,,,91bbc2a7e466,live,42209,0.586918,0.527417,0.4,12.382,,LIQUIDITY,0.4386,0.9163,0.586918,curve,0.333755,floor,inert,-0.9163,False,1.0,2026-10-01,absent,0.13834,no-feed,,,,,,
2026-10-01,LUNC,144,177,12,5.222e-05,288059757,3.01,-1.52,-4.89,-4.27,-0.08,-2.76,4,12.3,10.0,12.0,0.9941,1.0,336667538,10.95,,,91bbc2a7e466,live,8678253,0.614871,0.500513,0.400281,12.246,,LIQUIDITY,0.436,0.9156,0.614871,curve,0.400281,curve,applied,-0.9156,False,1.0,2026-10-01,current,-3.19464,inert-band,gateio,1,,8.0,NEUTRAL,260676.42
2026-10-01,OHM,138,178,12,20.34,303829276,0.14,0.24,-7.94,-6.28,1.6,-3.16,4,12.4,9.9,12.0,0.982,1.0,403153654,,,,91bbc2a7e466,live,428233,0.620657,0.493408,0.4,12.029,,LIQUIDITY,0.4327,0.9163,0.620657,curve,0.336465,floor,applied,-0.9163,False,1.0,2026-10-01,absent,1.21562,no-feed,,,,,,
2026-10-01,RLB,229,179,12,0.082565,129081002,0.2,-0.43,-5.63,-7.18,22.0,1.07,4,10.6,11.4,12.0,1.0,1.0,129083036,0.0,,,91bbc2a7e466,live,257597,0.527716,0.569219,0.4,12.0154,,LIQUIDITY,0.4324,0.9163,0.527716,curve,0.337768,floor,inert,-0.9163,False,1.0,2026-10-01,current,-2.43516,inert-band,hyperliquid,1,,1.0,NEUTRAL,
2026-10-01,SFP,205,180,12,0.310879,155464744,0.75,4.08,4.44,9.96,-15.28,1.77,4,11.0,11.6,12.0,1.0,0.925,155464744,101.0685,,,91bbc2a7e466,live,1170313,0.547908,0.581806,0.4,11.7947,,LIQUIDITY,0.4287,0.9163,0.547908,curve,0.350062,floor,inert,-0.9163,False,0.925,2026-10-01,current,0.62069,hot-confirmed,gateio,1,,8.0,OVERHEATED_LONG,17100.98
2026-10-01,SUN,129,181,12,0.01702604,327366647,3.61,-0.52,-7.67,-3.2,-13.38,-5.55,4,12.6,9.0,12.4,1.0,1.0,338922775,10.95,,,91bbc2a7e466,live,11812197,0.628759,0.451729,0.413517,11.745,,LIQUIDITY,0.4123,0.8831,0.628759,curve,0.413517,curve,inert,-0.8831,False,1.0,2026-10-01,current,-1.30847,inert-band,gateio,1,,8.0,NEUTRAL,44132.82
2026-10-01,USTB,77,182,12,11.23,755597443,0.0,-0.27,-9.46,-6.93,-14.64,-7.11,4,14.4,8.5,12.0,1.0,1.0,755597443,,,,91bbc2a7e466,live,0.0,0.719573,0.425395,0.4,12.2441,,LIQUIDITY,0.4363,0.9163,0.719573,curve,0.0,zero-volume,inert,-0.9163,False,1.0,2026-10-01,absent,0.0,no-feed,,,,,,
2026-10-01,A7A5,109,183,11,0.01184444,464756702,0.0,-0.11,-9.21,-4.77,-20.9,-7.71,4,13.3,8.3,12.0,1.0,1.0,464756702,,,,91bbc2a7e466,live,2138.64,0.666806,0.415486,0.4,11.0819,,LIQUIDITY,0.4165,0.9163,0.666806,curve,0.333344,floor,inert,-0.9163,False,1.0,2026-10-01,absent,0.97993,no-feed,,,,,,
2026-10-01,APXUSD,132,184,11,0.991573,320586138,0.41,0.46,-7.48,-4.38,-17.42,-6.31,4,12.5,8.8,12.0,1.0,1.0,320586138,,,,91bbc2a7e466,live,1326837,0.626486,0.438761,0.4,10.9951,,LIQUIDITY,0.415,0.9163,0.626486,curve,0.342531,floor,inert,-0.9163,False,1.0,2026-10-01,absent,-0.0781,no-feed,,,,,,
2026-10-01,AUSD,167,185,11,0.999756,219811929,4.78,-0.33,-9.55,-7.25,-16.58,-7.62,4,11.7,8.3,13.2,1.0,1.0,219811929,,,,91bbc2a7e466,live,10507932,0.585513,0.417007,0.439565,10.7326,,CONFIRM,0.3919,0.8747,0.585513,curve,0.439565,curve,inert,-0.8747,False,1.0,2026-10-01,absent,0.03005,no-feed,,,,,,
2026-10-01,CVX,172,186,11,2.14,199734900,3.29,9.91,0.8,-19.11,-18.38,-5.28,4,11.5,9.1,12.2,1.0,1.0,214305265,10.95,,,91bbc2a7e466,live,6567865,0.575113,0.456287,0.406406,10.6648,,LIQUIDITY,0.4023,0.9004,0.575113,curve,0.406406,curve,inert,-0.9004,False,1.0,2026-10-01,current,-3.53463,inert-band,gateio,2,57.8465,8.0,NEUTRAL,54658.28
2026-10-01,EGLD,221,187,11,4.45,137355083,2.57,4.81,3.7,6.8,-32.31,-2.39,4,10.7,10.1,12.0,1.0,1.0,137355083,-55.7355,,,91bbc2a7e466,live,3536571,0.534461,0.50704,0.4,10.8397,,LIQUIDITY,0.4124,0.9163,0.534461,curve,0.39055,floor,inert,-0.9163,False,1.0,2026-10-01,current,-4.35049,cold-no-rsi,gateio,2,46.0957,8.0,SHORT_SQUEEZE_RISK,186143.02
2026-10-01,EUTBL,88,188,11,1.2,689406643,0.0,-1.04,-11.1,-9.7,-17.0,-8.91,4,14.2,7.9,12.0,1.0,1.0,689406643,,,,91bbc2a7e466,live,0.0,0.709619,0.396067,0.4,11.2423,,CONFIRM,0.4238,0.9262,0.709619,curve,0.0,zero-volume,inert,-0.9262,False,1.0,2026-10-01,absent,-0.68209,no-feed,,,,,,
2026-10-01,JTRSY,131,189,11,1.12,326159224,0.0,-0.27,-9.45,-6.96,-14.67,-7.12,4,12.6,8.5,12.0,1.0,1.0,326159224,,,,91bbc2a7e466,live,0.0,0.628357,0.425218,0.4,10.6876,,LIQUIDITY,0.4098,0.9163,0.628357,curve,0.0,zero-volume,inert,-0.9163,False,1.0,2026-10-01,absent,0.02989,no-feed,,,,,,
2026-10-01,NEO,184,190,11,2.49,175498465,2.48,-0.4,9.47,14.89,-37.21,-1.47,4,11.2,10.5,12.0,0.9759,1.0,248828108,10.95,,,91bbc2a7e466,live,4346594,0.561068,0.523573,0.4,11.4672,,LIQUIDITY,0.4231,0.9163,0.561068,curve,0.388371,floor,applied,-0.9163,False,1.0,2026-10-01,current,-5.36086,inert-band,gateio,2,0.0,8.0,NEUTRAL,137763.05
2026-10-01,NEXO,75,191,11,0.83774,837409705,0.6,-2.71,-3.56,-7.52,-28.9,-9.36,4,14.6,7.8,12.0,1.0,1.0,837409705,,,,91bbc2a7e466,live,5056142,0.730734,0.388943,0.4,11.3686,,CONFIRM,0.4343,0.9443,0.730734,curve,0.346751,floor,inert,-0.9443,False,1.0,2026-10-01,absent,-1.58426,no-feed,,,,,,
2026-10-01,OUSG,133,192,11,116.74,319694932,0.0,-0.27,-9.46,-6.96,-14.67,-7.12,4,12.5,8.5,12.0,1.0,1.0,319694932,,,,91bbc2a7e466,live,0.0,0.626184,0.425214,0.4,10.6505,,LIQUIDITY,0.4091,0.9163,0.626184,curve,0.0,zero-volume,inert,-0.9163,False,1.0,2026-10-01,absent,0.01027,no-feed,,,,,,
2026-10-01,REUSD,139,193,11,1.1,296321339,0.4,-0.2,-9.34,-6.6,-9.0,-5.84,4,12.4,8.9,12.0,1.0,1.0,296321339,,,,91bbc2a7e466,live,1185627,0.617941,0.446667,0.4,11.0405,,LIQUIDITY,0.4158,0.9163,0.617941,curve,0.342225,floor,inert,-0.9163,False,1.0,2026-10-01,absent,0.03702,no-feed,,,,,,
2026-10-01,SOFID,128,194,11,0.999608,330697966,3.21,-0.33,-9.59,-7.22,-16.56,-7.61,3,12.6,8.3,12.1,1.0,1.0,330697966,,,,91bbc2a7e466,live,10627576,0.629858,0.417036,0.404748,10.6317,,LIQUIDITY,0.4035,0.9045,0.629858,curve,0.404748,curve,inert,-0.9045,False,1.0,2026-10-01,absent,-0.15893,no-feed,,,,,,
2026-10-01,STRCX,203,195,11,107.03,156581700,0.1,7.81,-0.33,-4.5,-9.71,-0.81,4,11.0,10.7,12.0,0.9497,1.0,304583059,,,,91bbc2a7e466,live,153829,0.548685,0.535471,0.4,11.1611,,LIQUIDITY,0.4179,0.9163,0.548685,curve,0.335516,floor,applied,-0.9163,False,1.0,2026-10-01,absent,0.70883,no-feed,,,,,,
2026-10-01,TRUMP,97,196,11,2.05,576850468,65.76,3.95,-3.47,-21.35,-65.17,-18.05,4,13.8,5.4,18.8,0.9187,1.007,2046527447,-16.206,56.84,-1.1474,91bbc2a7e466,live,379336325,0.690266,0.271798,0.628267,10.9068,,CONFIRM,0.5841,1.3027,0.690266,curve,0.628267,curve,applied,-1.3027,False,1.007,2026-10-01,current,-2.80653,cold-squeeze,gateio,5,1148.5816,4.0,SHORT_SQUEEZE_RISK,14273776.99
2026-10-01,USD0,98,197,11,0.99868,546015537,0.0,-0.39,-9.62,-7.24,-16.52,-7.64,4,13.7,8.3,12.0,1.0,1.0,546015537,,,,91bbc2a7e466,live,5942.38,0.684301,0.416645,0.4,11.4044,,LIQUIDITY,0.422,0.9163,0.684301,curve,0.333358,floor,inert,-0.9163,False,1.0,2026-10-01,absent,-0.01654,no-feed,,,,,,
2026-10-01,USDTB,105,198,11,0.999561,497866548,0.05,-0.36,-9.56,-7.26,-16.59,-7.63,4,13.5,8.3,12.0,1.0,1.0,497866548,,,,91bbc2a7e466,live,237553,0.674278,0.416751,0.4,11.2402,,LIQUIDITY,0.4192,0.9163,0.674278,curve,0.334394,floor,inert,-0.9163,False,1.0,2026-10-01,absent,-0.05736,no-feed,,,,,,
2026-10-01,XEC,198,199,11,8.13e-06,163247039,2.14,-7.28,2.88,10.94,-17.1,-2.15,4,11.1,10.2,12.0,1.0,1.0,163247166,,,,91bbc2a7e466,live,3486855,0.553211,0.511386,0.4,11.3162,,LIQUIDITY,0.4205,0.9163,0.553211,curve,0.380799,floor,inert,-0.9163,False,1.0,2026-10-01,absent,-3.35534,no-feed,,,,,,
2026-10-01,YLDS,103,200,11,1.0,506325081,2.09,-0.3,-9.54,-7.21,-16.55,-7.59,4,13.5,8.3,12.0,1.0,1.0,506325081,,,,91bbc2a7e466,live,10557966,0.676107,0.417456,0.4,11.2898,,LIQUIDITY,0.4201,0.9163,0.676107,curve,0.379671,floor,inert,-0.9163,False,1.0,2026-10-01,absent,0.02082,no-feed,,,,,,
2026-10-01,1INCH,215,201,10,0.100574,141303172,5.16,3.8,2.85,5.11,-52.35,-7.34,4,10.8,8.4,13.4,1.0,1.0,150795876,10.95,,,91bbc2a7e466,live,7288124,0.537538,0.421562,0.447951,10.1508,,CONFIRM,0.3776,0.8638,0.537538,curve,0.447951,curve,inert,-0.8638,False,1.0,2026-10-01,current,-3.22348,inert-band,gateio,3,39.5318,8.0,NEUTRAL,118845.11
2026-10-01,APYUSD,189,202,10,1.4,170275395,0.18,1.31,-5.98,-4.28,-16.56,-5.48,3,11.2,9.1,12.0,1.0,1.0,170275395,,,,91bbc2a7e466,live,300941,0.557788,0.452853,0.4,10.1038,,LIQUIDITY,0.3997,0.9163,0.557788,curve,0.337261,floor,inert,-0.9163,False,1.0,2026-10-01,absent,-0.1125,no-feed,,,,,,
2026-10-01,CASHCAT,191,203,10,0.170684,168582677,8.6,15.22,-24.21,-27.46,-16.56,-11.66,3,11.1,7.1,15.7,1.0,1.0,168582677,10.95,35.28,1.0688,91bbc2a7e466,live,14503365,0.556703,0.354112,0.524514,10.34,,CONFIRM,0.4575,1.0381,0.556703,curve,0.524514,curve,inert,-1.0381,False,1.0,2026-10-01,current,-4.02227,inert-band,gateio,2,0.0,4.0,NEUTRAL,1928103.71
2026-10-01,EDGE,183,204,10,0.510859,178668399,1.52,-6.65,-30.23,31.06,-16.56,-5.1,3,11.3,9.2,12.0,0.9271,1.0,510481141,10.95,,,91bbc2a7e466,live,2713449,0.563012,0.459462,0.4,9.593,,LIQUIDITY,0.3909,0.9163,0.563012,curve,0.367082,floor,applied,-0.9163,False,1.0,2026-10-01,current,-4.3298,inert-band,gateio,1,,4.0,NEUTRAL,36659.07
2026-10-01,FLR,90,205,10,0.00736509,641275978,0.6,5.08,7.72,-0.07,-72.79,-11.12,4,14.0,7.2,12.0,0.9896,1.0,785711241,-113.9895,,,91bbc2a7e466,live,3832920,0.701761,0.362031,0.4,10.0567,,CONFIRM,0.4423,1.016,0.701761,curve,0.346616,floor,applied,-1.016,False,1.0,2026-10-01,current,-2.61472,cold-no-rsi,gateio,1,,8.0,SHORT_SQUEEZE_RISK,44242.87
2026-10-01,GNO,137,206,10,118.09,311706031,0.48,3.19,-5.16,-7.43,-26.18,-7.42,4,12.5,8.4,12.0,0.9968,1.0,354266552,,,,91bbc2a7e466,live,1507107,0.623436,0.420192,0.4,10.445,,LIQUIDITY,0.4056,0.9163,0.623436,curve,0.344078,floor,applied,-0.9163,False,1.0,2026-10-01,absent,-1.53007,no-feed,,,,,,
2026-10-01,MX,188,207,10,1.87,171475321,3.45,-1.33,-6.02,0.44,-12.35,-4.26,4,11.2,9.5,12.3,0.9125,1.0,763716254,,,,91bbc2a7e466,live,5910709,0.55855,0.473972,0.409933,9.9029,,LIQUIDITY,0.3857,0.8918,0.55855,curve,0.409933,curve,applied,-0.8918,False,1.0,2026-10-01,absent,-0.46162,no-feed,,,,,,
2026-10-01,PC0000031,171,208,10,1.0,202500000,0.0,-0.34,-9.59,-7.24,-16.56,-7.62,4,11.5,8.3,12.0,1.0,1.0,202500000,,,,91bbc2a7e466,live,0.0,0.576606,0.416886,0.4,9.6152,,LIQUIDITY,0.3913,0.9163,0.576606,curve,0.0,zero-volume,inert,-0.9163,False,1.0,2026-10-01,absent,0.0,no-feed,,,,,,
2026-10-01,SAFO,170,209,10,1.023,206378952,0.0,-0.26,-9.43,-6.9,-16.56,-7.47,3,11.6,8.4,12.0,1.0,1.0,206378952,,,,91bbc2a7e466,live,0.0,0.578666,0.419347,0.4,9.7065,,LIQUIDITY,0.3929,0.9163,0.578666,curve,0.0,zero-volume,inert,-0.9163,False,1.0,2026-10-01,absent,0.01164,no-feed,,,,,,
2026-10-01,USDAI,154,210,10,1.0,250462505,1.41,-0.27,-9.48,-7.17,-16.53,-7.55,4,12.0,8.4,12.0,1.0,1.0,250462505,,,,91bbc2a7e466,live,3524455,0.599686,0.418072,0.4,10.0285,,LIQUIDITY,0.3984,0.9163,0.599686,curve,0.364604,floor,inert,-0.9163,False,1.0,2026-10-01,absent,-0.01959,no-feed,,,,,,
2026-10-01,USX,169,211,10,0.999515,214414203,0.75,-0.35,-9.55,-7.25,-16.59,-7.62,4,11.7,8.3,12.0,1.0,1.0,214414203,,,,91bbc2a7e466,live,1608972,0.582813,0.416859,0.4,9.718,,LIQUIDITY,0.3931,0.9163,0.582813,curve,0.350009,floor,inert,-0.9163,False,1.0,2026-10-01,absent,0.03554,no-feed,,,,,,
2026-10-01,BDX,96,212,9,0.073853,577743073,0.4,-4.52,-13.61,-14.61,-24.9,-13.39,4,13.8,6.6,12.0,0.9867,1.0,729593080,,,,91bbc2a7e466,live,2335805,0.690434,0.329625,0.4,8.9823,,CONFIRM,0.4605,1.1098,0.690434,curve,0.342318,floor,applied,-1.1098,False,1.0,2026-10-01,absent,-1.99376,no-feed,,,,,,
2026-10-01,BTSE,197,213,9,1.016,164599298,0.12,0.54,-13.86,19.64,-47.18,-7.83,4,11.1,8.3,12.0,0.9889,1.0,203131894,,,,91bbc2a7e466,live,199998,0.554107,0.413519,0.4,9.0636,,LIQUIDITY,0.3816,0.9163,0.554107,curve,0.336033,floor,applied,-0.9163,False,1.0,2026-10-01,absent,1.53242,no-feed,,,,,,
2026-10-01,JPYSC,232,214,9,0.00632752,127137554,0.0,0.2,-10.98,-5.94,-16.56,-7.48,3,10.5,8.4,12.0,1.0,1.0,127137554,,,,91bbc2a7e466,live,0.0,0.526068,0.419241,0.4,8.822,,LIQUIDITY,0.3774,0.9163,0.526068,curve,0.0,zero-volume,inert,-0.9163,False,1.0,2026-10-01,absent,-0.77071,no-feed,,,,,,
2026-10-01,KAU,99,215,9,135.05,538357018,0.04,-1.83,-12.53,-11.11,-31.58,-12.77,4,13.7,6.8,12.0,1.0,1.0,538357018,,,,91bbc2a7e466,live,203896,0.682768,0.338178,0.4,9.2359,,CONFIRM,0.4551,1.0842,0.682768,curve,0.334175,floor,inert,-1.0842,False,1.0,2026-10-01,absent,-0.32122,no-feed,,,,,,
2026-10-01,OZO,234,216,9,0.130895,125659518,0.17,-0.31,-9.5,-7.18,-17.84,-7.83,4,10.5,8.3,12.0,1.0,1.0,130768198,,,,91bbc2a7e466,live,209729,0.524799,0.413473,0.4,8.6796,,LIQUIDITY,0.3749,0.9163,0.524799,curve,0.337042,floor,inert,-0.9163,False,1.0,2026-10-01,absent,-0.23151,no-feed,,,,,,
2026-10-01,PC0000033,199,217,9,1.0,162500000,0.0,-0.34,-9.59,-7.24,-16.56,-7.62,4,11.1,8.3,12.0,1.0,1.0,162500000,,,,91bbc2a7e466,live,0.0,0.552713,0.416886,0.4,9.2167,,LIQUIDITY,0.3843,0.9163,0.552713,curve,0.0,zero-volume,inert,-0.9163,False,1.0,2026-10-01,absent,0.0,no-feed,,,,,,
2026-10-01,PI,68,218,9,0.089984,1011725839,0.82,3.44,0.08,-8.98,-71.78,-15.55,4,15.0,6.0,12.0,0.9686,1.0,1556501290,10.95,,,91bbc2a7e466,live,8286820,0.751266,0.301367,0.4,8.7719,,CONFIRM,0.4929,1.1994,0.751266,curve,0.351535,floor,applied,-1.1994,False,1.0,2026-10-01,current,-2.41255,inert-band,gateio,1,,4.0,NEUTRAL,1260058.5
2026-10-01,USAT,180,219,9,0.999308,183190227,0.09,-0.35,-9.54,-7.23,-16.66,-7.63,4,11.3,8.3,12.0,1.0,1.0,183190227,,,,91bbc2a7e466,live,164926,0.565726,0.41682,0.4,9.4322,,LIQUIDITY,0.3881,0.9163,0.565726,curve,0.335334,floor,inert,-0.9163,False,1.0,2026-10-01,absent,0.00563,no-feed,,,,,,
2026-10-01,USTBL,194,220,9,1.098,166068361,0.0,-0.28,-9.45,-6.97,-14.65,-7.12,4,11.1,8.5,12.0,1.0,1.0,166068361,,,,91bbc2a7e466,live,0.0,0.555072,0.425238,0.4,9.4415,,LIQUIDITY,0.3882,0.9163,0.555072,curve,0.0,zero-volume,inert,-0.9163,False,1.0,2026-10-01,absent,0.01531,no-feed,,,,,,
2026-10-01,B,185,221,8,0.173457,173279739,2.12,-16.77,-16.59,20.22,-30.01,-10.13,4,11.2,7.5,12.0,1.0,1.0,173279739,10.95,,,91bbc2a7e466,live,3674395,0.559687,0.377074,0.4,8.4417,,CONFIRM,0.3945,0.9753,0.559687,curve,0.380456,floor,inert,-0.9753,False,1.0,2026-10-01,current,-1.6346,inert-band,gateio,1,,4.0,NEUTRAL,1382791.53
2026-10-01,BORG,190,222,8,0.173257,170061975,0.16,-1.92,-5.86,-6.61,-31.89,-10.07,4,11.2,7.6,12.0,1.0,1.0,170061975,,,,91bbc2a7e466,live,273814,0.557652,0.377915,0.4,8.4298,,CONFIRM,0.3934,0.9731,0.557652,curve,0.336911,floor,inert,-0.9731,False,1.0,2026-10-01,absent,-3.11099,no-feed,,,,,,
2026-10-01,M,39,223,8,1.015,2312301104,0.09,-16.78,-19.2,-11.95,-40.9,-21.0,4,16.8,4.8,12.0,0.9367,1.0,5493795632,10.95,,,91bbc2a7e466,live,2040255,0.841011,0.241373,0.4,7.6059,,CONFIRM,0.5517,1.4214,0.841011,curve,0.335294,floor,applied,-1.4214,False,1.0,2026-10-01,current,-4.8165,inert-band,gateio,1,,8.0,NEUTRAL,862607.53
2026-10-01,NFT,157,224,8,2.40538e-07,238031145,2.34,-0.62,-10.78,-7.66,-44.88,-13.77,4,11.9,6.5,12.0,1.0,1.0,238031145,,,,91bbc2a7e466,live,5569106,0.594158,0.324523,0.4,7.7127,,CONFIRM,0.4392,1.1254,0.594158,curve,0.385326,floor,inert,-1.1254,False,1.0,2026-10-01,absent,-0.72553,no-feed,,,,,,
2026-10-01,VSN,195,225,8,0.04366468,165723366,1.12,-1.03,-3.93,-0.62,-55.54,-12.55,4,11.1,6.8,12.0,0.9994,1.0,183393326,,,,91bbc2a7e466,live,1857721,0.554846,0.341276,0.4,7.5697,,CONFIRM,0.4165,1.0751,0.554846,curve,0.358244,floor,applied,-1.0751,False,1.0,2026-10-01,absent,1.03109,no-feed,,,,,,
2026-10-01,WLFI,49,226,8,0.055138,1751883517,2.31,0.6,-15.8,-10.43,-63.37,-19.05,4,16.2,5.2,12.0,0.923,1.0,5512822974,-6.351,,,91bbc2a7e466,live,40521965,0.810876,0.260962,0.4,7.8126,,CONFIRM,0.5269,1.3434,0.810876,curve,0.384734,floor,applied,-1.3434,False,1.0,2026-10-01,current,-3.07071,inert-band,gateio,5,444.1896,4.0,MILD_INVERSION,4948709.13
2026-10-01,COCO,200,227,7,0.161086,161091091,0.02,-1.01,-13.32,-9.62,-37.59,-13.55,4,11.0,6.5,12.0,1.0,1.0,161091091,,,,91bbc2a7e466,live,32057,0.551768,0.327421,0.4,7.2264,,CONFIRM,0.4249,1.1165,0.551768,curve,0.333776,floor,inert,-1.1165,False,1.0,2026-10-01,absent,-0.47735,no-feed,,,,,,
2026-10-01,KAG,163,228,7,61.53,225473033,0.08,-3.75,-13.96,-12.44,-44.97,-16.72,4,11.8,5.7,12.0,1.0,1.0,225473033,,,,91bbc2a7e466,live,169943,0.588274,0.287139,0.4,6.7566,,CONFIRM,0.4631,1.2478,0.588274,curve,0.335008,floor,inert,-1.2478,False,1.0,2026-10-01,absent,0.07212,no-feed,,,,,,
2026-10-01,SPX,115,229,7,0.433731,403641049,2.61,0.39,-15.17,-34.12,-35.12,-19.23,4,13.0,5.2,12.0,1.0,1.0,403641049,-2.409,38.97,1.489,91bbc2a7e466,live,10543957,0.651499,0.259109,0.4,6.7524,,CONFIRM,0.5011,1.3505,0.651499,curve,0.391382,floor,inert,-1.3505,False,1.0,2026-10-01,current,-3.01962,inert-band,gateio,3,95.8564,4.0,MILD_INVERSION,438599.57
2026-10-01,AI,209,230,6,0.149762,148210470,16.21,-33.83,-56.01,-35.64,-16.56,-36.37,3,10.9,2.9,20.8,1.0,1.0,148210470,0.0,35.24,0.4604,91bbc2a7e466,live,24020901,0.54272,0.146505,0.693495,5.5141,,CONFIRM,0.6628,1.9207,0.54272,curve,0.693495,curve,inert,-1.9207,False,1.0,2026-10-01,current,-17.49959,inert-band,hyperliquid,1,,1.0,NEUTRAL,
2026-10-01,H,216,231,5,0.068708,140890363,1.56,11.06,-32.03,-11.32,-60.97,-19.71,4,10.7,5.1,12.0,0.9105,1.0,687113770,10.95,,,91bbc2a7e466,live,2198627,0.53722,0.254084,0.4,4.9713,,CONFIRM,0.4565,1.3701,0.53722,curve,0.368012,floor,applied,-1.3701,False,1.0,2026-10-01,current,-0.7729,inert-band,gateio,1,,4.0,NEUTRAL,1337427.96
2026-10-01,HASH,121,232,5,0.00625557,366111654,0.0,-3.77,-22.64,-33.49,-66.46,-28.46,4,12.8,3.7,12.0,0.964,1.0,594131681,,,,91bbc2a7e466,live,15890.57,0.640903,0.183775,0.4,4.5417,,CONFIRM,0.5479,1.694,0.640903,curve,0.33343,floor,applied,-1.694,False,1.0,2026-10-01,absent,-12.62124,no-feed,,,,,,
2026-10-01,JPYC,224,233,5,0.00627844,133637325,0.77,-0.52,-66.33,-6.45,-15.89,-21.53,4,10.6,4.7,12.0,1.0,1.0,133637325,,,,91bbc2a7e466,live,1028457,0.531482,0.236414,0.4,5.026,,CONFIRM,0.4822,1.4422,0.531482,curve,0.350435,floor,inert,-1.4422,False,1.0,2026-10-01,absent,-0.83156,no-feed,,,,,,
2026-10-01,SKR,233,234,4,0.01773618,126292804,2.36,-13.87,-17.74,-40.88,-38.29,-26.47,4,10.5,3.9,12.0,0.9713,1.0,188315845,10.95,11.62,,91bbc2a7e466,live,2980724,0.525345,0.19664,0.4,4.0136,,CONFIRM,0.5058,1.6264,0.525345,curve,0.385782,floor,applied,-1.6264,False,1.0,2026-10-01,current,-4.01951,inert-band,gateio,2,0.0,4.0,NEUTRAL,286372.71
2026-10-01,ULTIMA,220,235,3,1606.85,137673612,4.88,-15.41,-26.23,-35.99,-78.18,-35.81,4,10.7,3.0,13.3,0.9932,1.0,162527284,,,,91bbc2a7e466,live,6714066,0.534713,0.148513,0.441707,3.4838,,CONFIRM,0.5681,1.9071,0.534713,curve,0.441707,curve,applied,-1.9071,False,1.0,2026-10-01,absent,-1.64497,no-feed,,,,,,
2026-10-02,ZEC,8,1,100,1391.18,23589008719,4.95,-15.89,-17.07,59.32,472.16,100.23,4,20.0,20.0,30.0,1.0,1.0,23594680798,10.95,44.72,2.6453,91bbc2a7e466,live,1168802203,1.0,0.999704,1.0,99.9704,,CONFIRM,1.0,0.0003,1.093177,cap,0.443441,bypass,inert,-0.0003,False,1.0,2026-10-02,current,-1.31433,inert-band,gateio,5,165.5938,8.0,NEUTRAL,163356441.39
2026-10-02,NEAR,18,2,95,4.9,6402110145,19.5,-4.32,27.14,149.86,232.59,89.47,4,19.0,20.0,30.0,1.0,1.0,6402110174,10.95,60.59,2.5903,91bbc2a7e466,live,1248566077,0.951581,0.9993,1.0,95.0914,,DEPTH,0.9861,0.0496,0.951581,curve,0.76672,bypass,inert,-0.0496,False,1.0,2026-10-02,current,-4.1415,inert-band,gateio,6,51.684,8.0,NEUTRAL,117478194.71
2026-10-02,UNI,20,3,81,9.06,5660222324,11.23,-5.48,-10.49,36.25,95.73,23.94,4,18.8,17.7,30.0,0.9758,1.0,8034305018,10.95,56.68,1.9931,91bbc2a7e466,live,635804778,0.938208,0.884447,1.0,80.9714,,CONFIRM,0.5818,0.1228,0.938208,curve,0.582952,bypass,applied,-0.1228,False,1.0,2026-10-02,current,0.16529,inert-band,gateio,6,265.428,8.0,NEUTRAL,82832350.06
2026-10-02,AVAX,22,4,76,11.21,4966281006,9.31,5.05,28.65,44.63,-9.14,18.01,4,18.5,16.6,30.0,1.0,1.0,5265133829,10.95,65.86,2.5827,91bbc2a7e466,live,462173601,0.924008,0.827686,1.0,76.4789,,CONFIRM,0.7053,0.1891,0.924008,curve,0.540138,bypass,inert,-0.1891,False,1.0,2026-10-02,current,1.99424,inert-band,gateio,6,57.1919,8.0,NEUTRAL,42905408.1
2026-10-02,HYPE,9,5,76,91.13,20275668935,4.56,-5.29,-10.06,-0.96,114.39,18.53,4,20.0,16.7,30.0,0.9133,1.0,87075132711,9.855,57.89,1.4126,91bbc2a7e466,live,924780776,1.0,0.833493,1.0,76.123,,CONFIRM,0.6676,0.1821,1.076744,cap,0.43469,bypass,applied,-0.1821,False,1.0,2026-10-02,current,1.01971,inert-band,gateio,5,84.7557,4.0,NEUTRAL,143011574.93
2026-10-02,SUI,24,6,76,1.19,4889563970,17.23,7.65,37.75,52.73,-8.23,23.27,4,18.4,17.6,30.0,0.9354,1.0,11872857871,7.9935,72.26,2.021,91bbc2a7e466,live,842497795,0.922318,0.878917,1.0,75.8273,,CONFIRM,0.4664,0.1291,0.922318,curve,0.716234,bypass,applied,-0.1291,False,1.0,2026-10-02,current,1.94719,inert-band,gateio,6,1038.5926,8.0,NEUTRAL,83887343.15
2026-10-02,LINK,11,7,75,14.43,10792142229,4.68,1.8,10.8,18.6,24.79,12.85,4,20.0,15.3,30.0,0.9813,1.0,14426069584,1.2045,62.57,1.4845,91bbc2a7e466,live,505591122,1.0,0.762826,1.0,74.8562,,CONFIRM,0.9348,0.2707,1.008277,cap,0.43744,bypass,applied,-0.2707,True,1.0,2026-10-02,current,0.09288,inert-band,gateio,6,95.7572,8.0,NEUTRAL,70057435.61
2026-10-02,HBAR,25,8,74,0.106754,4696047358,3.73,11.2,26.25,32.12,-9.29,16.1,4,18.4,16.1,30.0,0.9968,1.0,5336689868,1.314,71.17,-2.432,91bbc2a7e466,live,175195512,0.917933,0.805367,1.0,73.6908,,CONFIRM,0.709,0.2165,0.917933,curve,0.416238,bypass,applied,-0.2165,False,1.0,2026-10-02,current,1.87623,inert-band,gateio,5,402.5039,8.0,NEUTRAL,12073765.47
2026-10-02,AAVE,32,9,70,183.08,2826297821,24.84,24.08,25.63,32.07,34.32,28.51,4,17.3,18.3,26.6,1.0,1.0,2929752538,8.76,77.38,-0.1218,91bbc2a7e466,live,701958871,0.862804,0.916554,0.88526,70.007,,DEPTH,0.4138,0.1476,0.862804,curve,0.88526,curve,inert,-0.1476,False,1.0,2026-10-02,current,11.39513,inert-band,gateio,6,586.92,8.0,NEUTRAL,31616000.26
2026-10-02,LTC,21,10,69,69.83,5423960560,7.17,-3.47,15.34,30.5,4.24,11.27,4,18.7,14.8,30.0,1.0,1.0,5424175297,10.95,67.7,0.7075,91bbc2a7e466,live,389081865,0.933579,0.740091,1.0,69.0933,,CONFIRM,0.8141,0.301,0.933579,curve,0.492742,bypass,inert,-0.301,True,1.0,2026-10-02,current,4.11084,inert-band,gateio,6,78.1282,8.0,NEUTRAL,57829487.85
2026-10-02,PUMP,33,11,68,0.00588686,2737000448,22.4,36.76,25.35,25.07,158.2,55.27,4,17.2,19.8,24.9,0.9562,1.0,4888620772,10.95,81.5,-0.6028,91bbc2a7e466,live,613024866,0.859319,0.989318,0.83106,67.5571,,LIQUIDITY,0.4718,0.1851,0.859319,curve,0.83106,curve,applied,-0.1851,False,1.0,2026-10-02,current,3.58029,inert-band,gateio,4,612.9203,4.0,NEUTRAL,3604069.34
2026-10-02,ENA,35,12,67,0.248799,2511892009,22.54,5.97,39.12,49.74,95.66,43.14,4,17.0,19.4,25.0,0.9716,1.0,3732264864,10.95,59.8,1.7741,91bbc2a7e466,live,566061898,0.85,0.972337,0.834117,66.9808,,LIQUIDITY,0.4526,0.1814,0.85,curve,0.834117,curve,applied,-0.1814,False,1.0,2026-10-02,current,-5.21351,inert-band,gateio,5,878.4911,4.0,NEUTRAL,51891793.55
2026-10-02,XLM,17,13,67,0.225766,7910543437,3.11,-0.67,9.24,17.14,12.87,8.97,4,19.5,14.1,30.0,0.9753,1.0,11288266353,10.95,61.43,1.7857,91bbc2a7e466,live,246029264,0.974552,0.704812,1.0,66.991,,CONFIRM,0.8732,0.3498,0.974552,curve,0.402448,bypass,applied,-0.3498,True,1.0,2026-10-02,current,1.60592,inert-band,gateio,5,174.5676,8.0,NEUTRAL,15698810.29
2026-10-02,SOL,5,14,66,122.41,71976202426,6.24,0.25,4.28,11.38,12.53,6.49,4,20.0,13.3,30.0,1.0,1.0,77728380649,10.95,63.9,1.4942,91bbc2a7e466,live,4491104127,1.0,0.664342,1.0,66.4342,,CONFIRM,1.0,0.409,1.214297,cap,0.471993,bypass,inert,-0.409,True,1.0,2026-10-02,current,4.01276,inert-band,gateio,6,84.9337,8.0,NEUTRAL,482746792.77
2026-10-02,WBT,13,15,66,86.4,10263921995,1.25,-0.05,-3.59,9.83,36.33,8.81,4,20.0,14.0,30.0,0.9345,1.0,25343635560,,67.2,0.8137,91bbc2a7e466,live,128046246,1.0,0.702314,1.0,65.6313,,CONFIRM,0.8391,0.3534,1.002828,cap,0.361056,bypass,applied,-0.3534,True,1.0,2026-10-02,absent,3.04473,no-feed,,,,,,
2026-10-02,WLD,44,16,61,0.557626,2112627188,25.08,18.53,14.69,38.07,27.61,24.27,4,16.6,17.7,26.7,0.931,1.0,5568695986,10.95,65.73,0.9461,91bbc2a7e466,live,529862735,0.831206,0.887079,0.890683,61.1426,,DEPTH,0.3758,0.1849,0.831206,curve,0.890683,curve,applied,-0.1849,False,1.0,2026-10-02,current,7.03206,inert-band,gateio,5,538.9439,8.0,NEUTRAL,25121597.75
2026-10-02,ETH,2,17,57,2757.81,336704706199,4.84,-0.81,-1.14,3.05,3.38,0.91,4,20.0,11.3,30.0,1.0,1.0,336704706199,10.95,65.23,1.1352,91bbc2a7e466,live,16312939519,1.0,0.566384,1.0,56.6384,,CONFIRM,1.0,0.5685,1.381812,cap,0.440997,bypass,inert,-0.5685,True,1.0,2026-10-02,current,1.95283,inert-band,gateio,6,36.5867,8.0,NEUTRAL,1130454229.66
2026-10-02,ADA,14,18,55,0.257572,9670043189,5.95,-0.97,8.34,19.11,-31.43,0.29,4,19.9,11.1,30.0,0.9917,1.0,11591286549,10.95,65.61,2.0657,91bbc2a7e466,live,575038224,0.996357,0.555149,1.0,54.8536,,CONFIRM,0.98,0.5885,0.996357,curve,0.46548,bypass,applied,-0.5885,True,1.0,2026-10-02,current,3.56284,inert-band,gateio,6,28.032,8.0,NEUTRAL,48848341.82
2026-10-02,BTC,1,19,55,86839,1744604511379,2.35,0.0,0.0,0.0,0.0,0.0,4,20.0,11.0,30.0,1.0,1.0,1744604511379,-0.657,69.95,1.0,91bbc2a7e466,live,41009184291,1.0,0.55,1.0,55.0,,CONFIRM,1.0,0.5978,1.560424,cap,0.38557,bypass,inert,-0.5978,True,1.0,2026-10-02,current,3.51432,inert-band,gateio,6,52.341,8.0,MILD_INVERSION,2332513024.7
2026-10-02,QNT,28,20,55,248.94,3617753779,12.97,149.48,278.37,274.79,229.59,229.05,4,17.8,20.0,18.6,1.0,1.0,3634747075,-83.22,,,91bbc2a7e466,live,469283150,0.88961,1.0,0.621593,55.2975,,LIQUIDITY,0.8026,0.4755,0.88961,curve,0.621593,curve,inert,-0.4755,True,1.0,2026-10-02,current,-10.0114,cold-no-rsi,gateio,2,14.9231,8.0,SHORT_SQUEEZE_RISK,2240088.33
2026-10-02,XMR,12,21,55,546.32,10276773911,1.2,-6.04,-8.77,-7.69,33.33,0.74,4,20.0,11.3,30.0,1.0,0.971,10276801115,30.879,53.03,1.4804,91bbc2a7e466,live,123297758,1.0,0.563273,1.0,54.6995,,CONFIRM,0.9514,0.574,1.002964,cap,0.359995,bypass,inert,-0.574,True,0.971,2026-10-02,current,0.88854,hot-confirmed,gateio,4,87.6045,8.0,ELEVATED,3829563.41
2026-10-02,ZRO,91,22,55,1.85,655098521,26.53,18.96,50.09,67.26,-32.05,28.62,4,14.1,18.3,27.7,0.9276,1.0,1854157408,10.95,82.16,-0.7427,91bbc2a7e466,live,173819335,0.704077,0.917195,0.922962,55.2875,,DEPTH,0.5921,0.3509,0.704077,curve,0.922962,curve,applied,-0.3509,False,1.0,2026-10-02,current,10.391,inert-band,gateio,3,21.8991,4.0,NEUTRAL,5070927.15
2026-10-02,GRAM,26,23,51,1.55,4359246103,1.28,6.35,2.13,4.1,-5.28,2.41,4,18.2,11.9,30.0,0.9528,1.0,8135379562,10.95,59.9,0.1003,91bbc2a7e466,live,55903180,0.909853,0.593177,1.0,51.423,,CONFIRM,0.7853,0.5223,0.909853,curve,0.361831,bypass,applied,-0.5223,True,1.0,2026-10-02,current,2.64364,inert-band,gateio,2,9.4258,4.0,NEUTRAL,14337272.22
2026-10-02,BNB,3,24,50,780.2,103884743214,0.82,-1.87,-7.05,1.2,-2.64,-2.55,4,20.0,10.1,30.0,1.0,1.0,103884734952,9.855,62.45,0.6854,91bbc2a7e466,live,853874607,1.0,0.504231,1.0,50.4231,,CONFIRM,1.0,0.6847,1.254138,cap,0.351599,bypass,inert,-0.6847,True,1.0,2026-10-02,current,1.34974,inert-band,gateio,6,297.8223,8.0,NEUTRAL,105064628.72
2026-10-02,DOGE,10,25,50,0.097284,15189239068,6.15,-2.38,2.13,6.74,-21.47,-2.79,4,20.0,10.0,30.0,1.0,1.0,15189487108,6.789,59.68,1.959,91bbc2a7e466,live,934782895,1.0,0.500016,1.0,50.0016,,CONFIRM,1.0,0.6931,1.045384,cap,0.470094,bypass,inert,-0.6931,True,1.0,2026-10-02,current,2.58467,inert-band,gateio,6,25.6667,8.0,NEUTRAL,115875075.71
2026-10-02,XRP,4,26,50,1.55,97615410597,3.01,-3.59,4.71,3.41,-13.47,-1.74,4,20.0,10.4,30.0,0.966,1.0,154694504078,10.95,58.44,2.052,91bbc2a7e466,live,2937538662,1.0,0.518732,1.0,50.1095,,CONFIRM,0.9499,0.6564,1.24738,cap,0.400207,bypass,applied,-0.6564,True,1.0,2026-10-02,current,3.79413,inert-band,gateio,6,873.3319,8.0,NEUTRAL,184376027.49
2026-10-02,FET,100,27,46,0.232453,537330307,28.76,-4.95,13.29,39.31,-15.65,8.53,4,13.7,14.0,29.2,0.9937,1.0,630982389,10.95,73.61,1.221,91bbc2a7e466,live,154549246,0.68256,0.697914,0.972498,46.0349,,DEPTH,0.4923,0.3819,0.68256,curve,0.972498,curve,applied,-0.3819,False,1.0,2026-10-02,current,-0.01081,inert-band,gateio,4,1020.978,8.0,NEUTRAL,1684459.69
2026-10-02,ARB,58,28,45,0.205861,1396854364,14.19,-10.1,-12.36,71.13,73.48,26.36,4,15.7,18.1,19.5,0.9724,1.0,2058564596,7.008,52.77,2.0475,91bbc2a7e466,live,198257500,0.786288,0.902581,0.648736,44.7694,,LIQUIDITY,0.5385,0.4327,0.786288,curve,0.648736,curve,applied,-0.4327,False,1.0,2026-10-02,current,2.66496,inert-band,gateio,6,317.55,8.0,NEUTRAL,16263061.64
2026-10-02,BCH,19,29,45,315.89,6347799746,3.78,-8.43,16.37,16.67,-50.97,-4.46,4,19.0,9.4,30.0,1.0,1.0,6347811590,1.8615,58.3,2.5153,91bbc2a7e466,live,240054786,0.950656,0.470491,1.0,44.7275,,CONFIRM,0.9371,0.754,0.950656,curve,0.417371,bypass,inert,-0.754,True,1.0,2026-10-02,current,2.02716,inert-band,gateio,5,613.0905,8.0,NEUTRAL,26799962.75
2026-10-02,INJ,82,30,45,7.5,749595732,14.9,-8.87,-1.93,44.13,118.6,31.61,4,14.4,18.7,19.9,1.0,1.0,749595732,4.599,54.2,0.8496,91bbc2a7e466,live,111719332,0.718707,0.933525,0.664532,44.5855,,LIQUIDITY,0.5059,0.4087,0.718707,curve,0.664532,curve,inert,-0.4087,False,1.0,2026-10-02,current,-0.98302,inert-band,gateio,6,1114.272,8.0,NEUTRAL,8393056.14
2026-10-02,MON,116,31,44,0.03436225,406162383,22.92,27.43,30.58,19.79,22.65,25.35,4,13.0,17.9,25.3,0.9037,1.0,3458185717,10.95,77.78,-1.1868,91bbc2a7e466,live,93111046,0.652175,0.895355,0.842769,44.4725,,DEPTH,0.5275,0.4274,0.652175,curve,0.842769,curve,applied,-0.4274,False,1.0,2026-10-02,current,2.63687,inert-band,gateio,5,164.25,4.0,NEUTRAL,626589.31
2026-10-02,NIGHT,77,32,44,0.04775391,791930162,13.27,86.56,87.81,134.94,-27.73,76.11,4,14.5,20.0,18.8,0.9741,1.0,1144449136,10.95,,,91bbc2a7e466,live,105121854,0.724672,0.997963,0.628314,44.2625,,LIQUIDITY,0.5702,0.4647,0.724672,curve,0.628314,curve,applied,-0.4647,False,1.0,2026-10-02,current,7.57215,inert-band,gateio,3,590.3125,8.0,NEUTRAL,527054.05
2026-10-02,SUPER,220,33,44,0.227193,147716686,33.68,28.0,67.53,97.85,66.62,63.07,4,10.8,19.9,25.5,0.9686,1.0,227198925,-12.8115,,,91bbc2a7e466,live,49744276,0.542357,0.994242,0.849006,44.3438,,DEPTH,0.7524,0.6118,0.542357,curve,0.849006,curve,applied,-0.6118,True,1.0,2026-10-02,current,14.9133,inert-band,gateio,3,206.8674,8.0,MILD_INVERSION,154860.0
2026-10-02,TRX,6,34,43,0.33507,31823600864,1.04,-2.61,-11.16,-9.05,-4.87,-6.81,4,20.0,8.6,30.0,1.0,1.009,31823602430,-62.415,45.88,0.1251,91bbc2a7e466,live,329615135,1.0,0.43038,1.0,43.4125,,CONFIRM,0.9898,0.8431,1.125687,cap,0.35635,bypass,inert,-0.8431,True,1.009,2026-10-02,current,0.72983,cold-squeeze,gateio,5,120.3316,8.0,SHORT_SQUEEZE_RISK,28076734.37
2026-10-02,MANA,176,35,42,0.105384,206327682,55.07,17.6,29.92,36.38,-10.48,19.76,4,11.6,16.9,26.0,0.9983,1.0,231071227,-732.774,,,91bbc2a7e466,live,113634532,0.578639,0.846401,0.86567,42.325,,DEPTH,0.6363,0.5471,0.578639,curve,0.86567,curve,applied,-0.5471,False,1.0,2026-10-02,current,19.20922,cold-no-rsi,gateio,2,80.57,8.0,SHORT_SQUEEZE_RISK,199521.98
2026-10-02,PENGU,93,36,42,0.00991088,622930886,37.1,-2.51,17.97,7.74,7.46,7.16,4,14.0,13.5,26.8,0.99,1.0,760303855,10.95,56.65,0.4876,91bbc2a7e466,live,231101379,0.69861,0.675551,0.894654,41.8007,,CONFIRM,0.4497,0.3922,0.69861,curve,0.894654,curve,applied,-0.3922,False,1.0,2026-10-02,current,3.43758,inert-band,gateio,4,1107.264,4.0,NEUTRAL,9682675.94
2026-10-02,PEPE,47,37,42,4.47e-06,1881339195,21.87,-4.16,8.51,17.26,-5.46,4.1,4,16.4,12.5,24.6,1.0,1.0,1881339195,2.628,63.2,-0.0725,91bbc2a7e466,live,411421677,0.818617,0.623153,0.819301,41.7945,,CONFIRM,0.5421,0.473,0.818617,curve,0.819301,curve,inert,-0.473,False,1.0,2026-10-02,current,1.65727,inert-band,gateio,3,2.628,8.0,NEUTRAL,55876959.36
2026-10-02,WIF,156,38,42,0.255225,254932364,38.03,3.43,20.43,18.35,15.2,13.76,4,12.0,15.5,27.2,1.0,1.0,254932364,10.95,68.3,-0.5333,91bbc2a7e466,live,96962548,0.601606,0.77541,0.907128,42.3167,,DEPTH,0.5909,0.5082,0.601606,curve,0.907128,curve,inert,-0.5082,False,1.0,2026-10-02,current,2.4626,inert-band,gateio,6,1101.132,4.0,NEUTRAL,616520.45
2026-10-02,ALGO,63,39,40,0.130741,1183981630,14.76,8.56,26.49,34.27,-13.99,14.96,4,15.4,15.8,19.8,1.0,1.0,1184524612,10.95,,,91bbc2a7e466,live,174768925,0.768336,0.791173,0.661358,40.2031,,LIQUIDITY,0.4537,0.4135,0.768336,curve,0.661358,curve,inert,-0.4135,False,1.0,2026-10-02,current,2.26942,inert-band,gateio,5,916.734,8.0,NEUTRAL,634128.4
2026-10-02,CC,23,40,40,0.124693,4954301891,0.4,1.17,3.07,-2.53,-35.83,-6.68,4,18.5,8.7,30.0,1.0,1.0,4954415282,10.95,53.23,0.1709,91bbc2a7e466,live,20063198,0.923746,0.43251,1.0,39.9529,,CONFIRM,0.9135,0.8382,0.923746,curve,0.342333,bypass,inert,-0.8382,True,1.0,2026-10-02,current,1.98248,inert-band,gateio,2,0.0,4.0,NEUTRAL,185753.87
2026-10-02,FIGR_HELOC,7,41,38,1.023,23929661097,0.06,-2.51,-11.08,-13.89,-15.27,-10.05,4,20.0,7.6,30.0,1.0,1.0,23929661097,,47.27,0.1092,91bbc2a7e466,live,15016947,1.0,0.378242,1.0,37.8242,,CONFIRM,1.0,0.9722,1.094734,cap,0.334728,bypass,inert,-0.9722,True,1.0,2026-10-02,absent,-0.41465,no-feed,,,,,,
2026-10-02,MINA,174,42,38,0.160666,207757934,13.47,10.56,56.53,116.62,57.03,57.86,4,11.6,19.8,19.0,1.0,1.04,207757934,-20.4765,82.45,,91bbc2a7e466,live,27975456,0.579389,0.991297,0.632565,37.7953,,DEPTH,0.5188,0.5458,0.579389,curve,0.632565,curve,inert,-0.5458,False,1.04,2026-10-02,current,8.55965,cold-squeeze,gateio,2,37.7172,8.0,SHORT_SQUEEZE_RISK,174334.0
2026-10-02,RUNE,155,43,38,0.794845,261140627,14.9,21.93,42.95,57.32,16.24,34.9,4,12.1,19.0,19.9,1.0,1.0,281260852,10.95,90.44,0.5514,91bbc2a7e466,live,38906792,0.604219,0.948001,0.664418,38.0578,,DEPTH,0.5215,0.5038,0.604219,curve,0.664418,curve,inert,-0.5038,False,1.0,2026-10-02,current,0.36973,inert-band,gateio,5,1176.3997,8.0,NEUTRAL,412094.86
2026-10-02,AXS,169,44,37,1.26,220867450,36.34,7.48,18.02,27.39,-15.5,10.5,4,11.7,14.6,26.5,0.9682,1.0,341143285,10.95,,,91bbc2a7e466,live,80257617,0.586033,0.728571,0.884499,36.5642,,DEPTH,0.5311,0.5344,0.586033,curve,0.884499,curve,applied,-0.5344,False,1.0,2026-10-02,current,11.69172,inert-band,gateio,3,143.3495,8.0,NEUTRAL,586721.74
2026-10-02,GALA,230,45,37,0.0026625,134153930,41.87,24.52,32.75,39.11,-75.31,10.26,4,10.6,14.5,28.7,1.0,1.0,134153930,10.95,,,91bbc2a7e466,live,56174132,0.531901,0.724951,0.958305,36.9524,,DEPTH,0.6341,0.6313,0.531901,curve,0.958305,curve,inert,-0.6313,False,1.0,2026-10-02,current,17.98399,inert-band,gateio,2,0.0,8.0,NEUTRAL,730490.11
2026-10-02,LEO,16,46,37,8.95,8231029338,0.0,-0.47,-9.88,-16.04,-17.32,-10.08,4,19.6,7.6,30.0,1.0,1.0,8816074403,,38.62,-0.1006,91bbc2a7e466,live,301158,0.978864,0.377747,1.0,36.9762,,CONFIRM,0.9785,0.9735,0.978864,curve,0.333415,bypass,inert,-0.9735,True,1.0,2026-10-02,absent,1.02268,no-feed,,,,,,
2026-10-02,ONDO,37,47,37,0.509153,2479309002,8.74,-9.88,19.7,36.26,63.24,23.68,4,17.0,17.6,15.8,0.9459,1.0,5091683398,4.38,61.45,0.4805,91bbc2a7e466,live,216693916,0.848583,0.882292,0.527558,37.3613,,LIQUIDITY,0.6495,0.6395,0.848583,curve,0.527558,curve,applied,-0.6395,False,1.0,2026-10-02,current,1.9235,inert-band,gateio,5,680.5941,4.0,NEUTRAL,43634047.36
2026-10-02,DASH,78,48,35,60.2,773536608,12.78,-7.92,-8.5,30.79,56.37,14.47,4,14.4,15.7,18.5,1.0,1.0,773556103,10.95,46.13,-1.1464,91bbc2a7e466,live,98881097,0.72212,0.784814,0.6174,34.9899,,LIQUIDITY,0.4592,0.4822,0.72212,curve,0.6174,curve,inert,-0.4822,False,1.0,2026-10-02,current,1.60554,inert-band,gateio,4,942.138,8.0,NEUTRAL,4551062.49
2026-10-02,GRASS,108,49,35,0.694309,485577120,9.38,37.23,93.27,92.97,41.57,66.04,4,13.4,19.9,16.3,0.9751,1.0,694185058,10.95,,,91bbc2a7e466,live,45556097,0.671565,0.995456,0.541819,35.3194,,LIQUIDITY,0.5888,0.6128,0.671565,curve,0.541819,curve,applied,-0.6128,False,1.0,2026-10-02,current,2.37571,inert-band,gateio,3,129.4508,4.0,NEUTRAL,1116145.85
2026-10-02,LIT,71,50,34,3.82,954531375,10.09,-25.62,-36.08,-7.55,227.3,26.87,4,14.9,18.1,16.7,0.9151,1.0,3818125501,10.95,32.86,0.026,91bbc2a7e466,live,96321288,0.744948,0.906043,0.557577,34.4388,,LIQUIDITY,0.548,0.5842,0.744948,curve,0.557577,curve,applied,-0.5842,False,1.0,2026-10-02,current,-3.37953,inert-band,gateio,4,848.406,4.0,NEUTRAL,7513358.79
2026-10-02,USELESS,158,51,34,0.251826,251872171,12.65,-15.07,-10.19,136.54,222.69,71.6,4,12.0,19.9,18.4,1.0,0.923,251872171,40.953,50.01,1.43,91bbc2a7e466,live,31855823,0.600295,0.997082,0.614391,33.9387,,DEPTH,0.4723,0.5103,0.600295,curve,0.614391,curve,inert,-0.5103,False,0.923,2026-10-02,current,10.19133,hot-confirmed,gateio,2,30.003,4.0,OVERHEATED_LONG,15502154.22
2026-10-02,JUP,65,52,33,0.331954,1101718208,7.46,0.74,17.89,42.37,60.14,27.32,4,15.2,18.2,15.0,0.9455,1.0,2277367817,-3.285,65.06,-0.0443,91bbc2a7e466,live,82135927,0.760518,0.909028,0.499006,32.6177,,LIQUIDITY,0.6205,0.6951,0.760518,curve,0.499006,curve,applied,-0.6951,False,1.0,2026-10-02,current,2.55429,inert-band,gateio,5,1038.717,4.0,MILD_INVERSION,437281.04
2026-10-02,PENDLE,113,53,33,2.47,429435166,14.85,-7.44,-12.66,24.76,67.52,14.3,4,13.2,15.7,19.9,0.9641,1.0,696285358,10.95,52.33,-0.3869,91bbc2a7e466,live,63766225,0.658224,0.782537,0.663308,32.9395,,DEPTH,0.3766,0.4182,0.658224,curve,0.663308,curve,applied,-0.4182,False,1.0,2026-10-02,current,3.98387,inert-band,gateio,5,1075.728,8.0,NEUTRAL,785304.39
2026-10-02,RAY,103,54,33,1.96,529726548,8.49,-9.75,5.05,135.54,60.36,44.29,4,13.6,19.5,15.7,0.9458,1.0,1089432705,10.95,58.63,0.6287,91bbc2a7e466,live,44998609,0.681013,0.974711,0.522104,32.7784,,LIQUIDITY,0.5827,0.6499,0.681013,curve,0.522104,curve,applied,-0.6499,False,1.0,2026-10-02,current,2.73557,inert-band,gateio,2,71.7596,4.0,NEUTRAL,487552.51
2026-10-02,STONK,175,55,33,0.256478,206860639,10.8,-24.25,-14.83,1361.37,-17.21,325.92,3,11.6,20.0,17.2,1.0,1.0,206849760,10.95,51.0,-1.3351,91bbc2a7e466,live,22335770,0.578919,1.0,0.573278,33.1882,,LIQUIDITY,0.5044,0.5564,0.578919,curve,0.573278,curve,inert,-0.5564,False,1.0,2026-10-02,current,9.61528,inert-band,gateio,1,,4.0,NEUTRAL,491388.4
2026-10-02,AERO,76,56,32,0.798457,798293816,7.02,-0.6,17.29,61.13,71.48,33.72,4,14.5,18.9,14.7,0.948,1.0,1590894377,10.95,69.91,1.1374,91bbc2a7e466,live,56045223,0.725541,0.943201,0.489347,31.7462,,LIQUIDITY,0.6229,0.7147,0.725541,curve,0.489347,curve,applied,-0.7147,False,1.0,2026-10-02,current,-1.67897,inert-band,gateio,3,669.702,4.0,NEUTRAL,9990711.08
2026-10-02,SEI,107,57,32,0.072185,485886385,14.35,6.64,41.9,42.82,-54.02,12.37,4,13.4,15.1,19.6,0.9717,1.0,721613444,7.227,62.36,,91bbc2a7e466,live,69723307,0.671634,0.756104,0.652216,32.1838,,LIQUIDITY,0.377,0.4274,0.671634,curve,0.652216,curve,applied,-0.4274,False,1.0,2026-10-02,current,-1.44472,inert-band,gateio,6,1108.797,8.0,NEUTRAL,4296987.17
2026-10-02,VVV,56,58,32,29.83,1440460072,4.0,-7.94,1.42,75.69,363.83,89.66,4,15.8,20.0,12.7,0.9611,1.0,2418812358,10.95,82.28,0.1533,91bbc2a7e466,live,57640788,0.789625,0.99931,0.422257,32.0233,,LIQUIDITY,0.7571,0.8621,0.789625,curve,0.422257,curve,applied,-0.8621,True,1.0,2026-10-02,current,7.95606,inert-band,gateio,3,311.418,4.0,NEUTRAL,29862788.4
2026-10-02,OP,140,59,31,0.133504,306943836,31.71,-4.27,10.36,27.48,-16.01,4.98,4,12.4,12.8,24.7,0.9527,1.0,573273360,10.95,70.55,-1.9338,91bbc2a7e466,live,97324013,0.621765,0.638418,0.822766,31.1146,,DEPTH,0.407,0.4752,0.621765,curve,0.822766,curve,applied,-0.4752,False,1.0,2026-10-02,current,3.12907,inert-band,gateio,6,794.8099,8.0,NEUTRAL,3964181.63
2026-10-02,TRAC,182,60,31,0.445174,199019242,14.96,13.22,23.14,23.58,5.02,16.65,4,11.5,16.2,20.0,0.9984,1.0,222480168,,,,91bbc2a7e466,live,29763838,0.574724,0.812067,0.665672,31.0182,,DEPTH,0.4731,0.5539,0.574724,curve,0.665672,curve,applied,-0.5539,False,1.0,2026-10-02,absent,-3.71391,no-feed,,,,,,
2026-10-02,BCAP,70,61,30,107.53,979825296,0.0,-2.04,-9.57,-11.55,352.97,64.7,4,15.0,19.9,12.0,1.0,1.0,979825296,,99.45,0.01,91bbc2a7e466,live,0.0,0.747787,0.994944,0.4,29.7602,,LIQUIDITY,0.756,0.9163,0.747787,curve,0.0,zero-volume,inert,-0.9163,True,1.0,2026-10-02,absent,0.0,no-feed,,,,,,
2026-10-02,BTW,27,62,30,1.45,3925480137,0.48,32.72,107.35,220.74,5155.9,1123.02,4,18.0,20.0,12.0,0.9174,0.896,14495103030,106.872,91.2,-0.7174,91bbc2a7e466,live,18968205,0.898473,1.0,0.4,29.5546,,LIQUIDITY,0.7517,0.9163,0.898473,curve,0.344071,floor,applied,-0.9163,True,0.896,2026-10-02,current,4.50282,hot-confirmed,gateio,1,,4.0,OVERHEATED_LONG,14114112.99
2026-10-02,CARDS,166,63,30,0.254238,228108299,9.68,43.12,49.92,30.51,580.22,149.09,4,11.8,20.0,16.5,0.9413,1.0,501960662,10.95,81.14,-4.1563,91bbc2a7e466,live,22082905,0.589535,0.999994,0.548464,30.4357,,LIQUIDITY,0.5049,0.6006,0.589535,curve,0.548464,curve,applied,-0.6006,False,1.0,2026-10-02,current,25.44009,inert-band,gateio,1,,4.0,NEUTRAL,20057.17
2026-10-02,STX,87,64,30,0.369523,691878029,8.0,13.24,21.29,31.04,8.09,18.67,4,14.2,16.7,15.3,1.0,1.0,691893648,10.95,89.13,-1.1037,91bbc2a7e466,live,55331319,0.710007,0.835005,0.51105,30.2981,,LIQUIDITY,0.5622,0.6713,0.710007,curve,0.51105,curve,inert,-0.6713,False,1.0,2026-10-02,current,-1.80047,inert-band,gateio,3,53.5245,8.0,NEUTRAL,433107.63
2026-10-02,CAKE,74,65,29,2.6,859597901,7.6,-6.39,-7.29,31.99,49.75,14.21,4,14.7,15.6,15.1,1.0,1.0,889768362,10.95,58.11,-0.1551,91bbc2a7e466,live,65329505,0.733574,0.781358,0.502222,28.7866,,LIQUIDITY,0.5531,0.6887,0.733574,curve,0.502222,curve,inert,-0.6887,False,1.0,2026-10-02,current,0.13332,inert-band,gateio,3,9.4898,4.0,NEUTRAL,507434.06
2026-10-02,RAIN,15,66,29,0.01163462,8251464761,0.29,-4.26,-20.22,-43.87,11.42,-15.02,4,19.6,6.2,30.0,0.9646,1.0,13290857027,,24.75,0.2802,91bbc2a7e466,live,23948657,0.979133,0.308113,1.0,29.1004,,CONFIRM,0.9537,1.1773,0.979133,curve,0.339783,bypass,applied,-1.1773,True,1.0,2026-10-02,absent,-4.46449,no-feed,,,,,,
2026-10-02,SKY,43,67,29,0.093852,2197428358,2.15,22.69,32.13,19.55,10.95,21.92,4,16.7,17.3,12.0,1.0,1.0,2200914595,10.95,,,91bbc2a7e466,live,47294539,0.835479,0.86714,0.4,28.9791,,LIQUIDITY,0.7398,0.9163,0.835479,curve,0.381162,floor,inert,-0.9163,True,1.0,2026-10-02,current,18.73209,inert-band,gateio,3,0.0,4.0,NEUTRAL,480049.9
2026-10-02,TAO,29,68,29,311.59,3533078396,6.91,-0.36,14.13,30.35,-9.28,9.16,4,17.7,14.2,14.6,0.9534,1.0,6542942064,10.95,62.73,-0.4334,91bbc2a7e466,live,243975893,0.887038,0.707842,0.486788,29.1403,,LIQUIDITY,0.5839,0.7199,0.887038,curve,0.486788,curve,applied,-0.7199,False,1.0,2026-10-02,current,2.27031,inert-band,gateio,5,812.1494,4.0,NEUTRAL,43386939.42
2026-10-02,AR,148,69,28,4.4,288971925,6.25,-11.63,29.86,84.57,47.18,34.55,4,12.3,18.9,14.2,1.0,1.0,288971925,10.95,87.46,,91bbc2a7e466,live,18057175,0.615214,0.946648,0.472195,27.5002,,LIQUIDITY,0.5812,0.7504,0.615214,curve,0.472195,curve,inert,-0.7504,False,1.0,2026-10-02,current,-0.67165,inert-band,gateio,2,0.0,8.0,NEUTRAL,1380442.1
2026-10-02,CRV,96,70,28,0.38131,598865638,12.03,8.2,2.17,-8.69,36.82,8.19,4,13.9,13.8,18.0,0.9683,1.0,923689175,10.95,58.63,-0.1723,91bbc2a7e466,live,72042751,0.694332,0.692411,0.600664,27.9623,,LIQUIDITY,0.4,0.5097,0.694332,curve,0.600664,curve,applied,-0.5097,False,1.0,2026-10-02,current,-0.47565,inert-band,gateio,5,973.236,8.0,NEUTRAL,6269599.88
2026-10-02,DRV,118,71,28,0.403497,403366492,4.95,-10.02,59.19,171.9,266.23,108.01,4,13.0,20.0,13.3,0.9708,1.0,605260593,,72.53,-1.9562,91bbc2a7e466,live,19986809,0.651425,0.999841,0.443444,28.0391,,LIQUIDITY,0.6395,0.8132,0.651425,curve,0.443444,curve,applied,-0.8132,False,1.0,2026-10-02,absent,-0.98975,no-feed,,,,,,
2026-10-02,JST,66,72,28,0.128381,1051321172,2.64,8.07,-0.81,10.37,119.59,28.73,4,15.1,18.4,12.0,1.0,1.0,1051321172,10.95,87.32,0.2164,91bbc2a7e466,live,27765916,0.755434,0.917868,0.4,27.7355,,LIQUIDITY,0.7145,0.9163,0.755434,curve,0.392023,floor,inert,-0.9163,True,1.0,2026-10-02,current,-3.96604,inert-band,gateio,1,,4.0,NEUTRAL,84024.96
2026-10-02,VIRTUAL,101,73,28,0.815949,536997991,16.26,1.37,15.53,6.95,-11.38,3.75,4,13.6,12.3,20.8,0.9697,1.0,815628097,10.95,81.37,3.5408,91bbc2a7e466,live,87326679,0.682493,0.617076,0.694711,28.3713,,CONFIRM,0.3832,0.4828,0.682493,curve,0.694711,curve,applied,-0.4828,False,1.0,2026-10-02,current,2.18635,inert-band,gateio,4,70.518,4.0,NEUTRAL,6943285.91
2026-10-02,BP,128,74,27,1.38,343925586,6.15,3.56,131.51,243.27,-17.21,91.32,3,12.7,20.0,14.1,0.9151,1.0,1375702344,10.95,,,91bbc2a7e466,live,21153083,0.634116,0.999396,0.470011,27.2573,,LIQUIDITY,0.5808,0.755,0.634116,curve,0.470011,curve,applied,-0.755,False,1.0,2026-10-02,current,-8.47098,inert-band,gateio,1,,4.0,NEUTRAL,492446.45
2026-10-02,FIL,73,75,27,1.038,864665565,13.62,-0.91,7.93,19.7,-16.58,3.32,4,14.7,12.2,19.1,0.9374,1.0,2030670702,10.95,59.96,-0.7196,91bbc2a7e466,live,117776441,0.734212,0.609413,0.636023,26.6766,,CONFIRM,0.3748,0.4953,0.734212,curve,0.636023,curve,applied,-0.4953,False,1.0,2026-10-02,current,1.92098,inert-band,gateio,6,652.62,8.0,NEUTRAL,18639037.66
2026-10-02,MET,193,76,27,0.318341,177420791,9.69,-9.95,15.97,53.01,70.45,28.35,4,11.2,18.3,16.5,0.956,1.0,317608490,10.95,66.43,,91bbc2a7e466,live,17188264,0.562251,0.915571,0.548619,26.9992,,LIQUIDITY,0.4585,0.6004,0.562251,curve,0.548619,curve,applied,-0.6004,False,1.0,2026-10-02,current,6.49324,inert-band,gateio,2,0.0,4.0,NEUTRAL,113040.42
2026-10-02,币安人生,105,77,27,0.504324,504583377,0.97,0.79,-9.46,-2.53,703.9,138.02,4,13.5,20.0,12.0,1.0,0.992,504583377,16.7535,60.67,0.0153,91bbc2a7e466,live,4906680,0.675733,0.999986,0.4,26.8208,,LIQUIDITY,0.6963,0.9163,0.675733,curve,0.354943,floor,inert,-0.9163,False,0.992,2026-10-02,current,1.07388,hot-confirmed,gateio,1,,8.0,ELEVATED,200910.51
2026-10-02,AKE,83,78,26,0.03196031,727790981,1.07,-11.49,16.97,268.17,15039.32,3075.7,4,14.3,20.0,12.0,0.9128,1.0,3192590801,10.95,51.83,-0.3421,91bbc2a7e466,live,7821626,0.715502,1.0,0.4,26.1244,,LIQUIDITY,0.6826,0.9163,0.715502,curve,0.357216,floor,applied,-0.9163,False,1.0,2026-10-02,current,0.24498,inert-band,gateio,1,,4.0,NEUTRAL,9476550.14
2026-10-02,JTO,146,79,26,0.555912,293391125,9.52,-1.21,11.28,18.67,44.06,15.94,4,12.3,16.1,16.3,0.9517,1.0,555897187,10.95,46.3,1.2531,91bbc2a7e466,live,27941401,0.616862,0.803445,0.544969,25.7049,,LIQUIDITY,0.4468,0.607,0.616862,curve,0.544969,curve,applied,-0.607,False,1.0,2026-10-02,current,3.83737,inert-band,gateio,5,916.2834,8.0,NEUTRAL,2470491.81
2026-10-02,ZK,222,80,26,0.01342254,145199540,22.04,7.74,22.72,40.82,-69.88,4.23,4,10.8,12.5,24.7,0.9499,1.0,281900736,10.95,,,91bbc2a7e466,live,32003246,0.540491,0.625424,0.823131,26.4308,,DEPTH,0.4624,0.6153,0.540491,curve,0.823131,curve,applied,-0.6153,False,1.0,2026-10-02,current,11.82653,inert-band,gateio,3,347.805,8.0,NEUTRAL,129186.32
2026-10-02,APT,84,81,25,0.828401,721467195,10.0,-2.59,11.09,37.11,-33.52,4.57,4,14.3,12.6,16.7,0.9778,1.0,1001768352,10.95,,,91bbc2a7e466,live,72175772,0.714554,0.631287,0.555645,24.5081,,LIQUIDITY,0.4179,0.5876,0.714554,curve,0.555645,curve,applied,-0.5876,False,1.0,2026-10-02,current,7.53071,inert-band,gateio,6,406.5899,8.0,NEUTRAL,5925271.0
2026-10-02,GRT,136,82,25,0.02940206,321705672,5.13,8.02,37.29,69.24,-30.76,22.89,4,12.5,17.5,13.4,1.0,1.0,341454811,10.95,,,91bbc2a7e466,live,16507087,0.626865,0.875689,0.447358,24.5572,,LIQUIDITY,0.5729,0.8044,0.626865,curve,0.447358,curve,inert,-0.8044,False,1.0,2026-10-02,current,0.96015,inert-band,gateio,2,201.1114,8.0,NEUTRAL,409061.56
2026-10-02,S,211,83,25,0.03988564,154960842,19.07,-6.34,19.6,33.09,-40.7,3.13,4,11.0,12.1,22.7,1.0,1.0,154960842,10.95,,,91bbc2a7e466,live,29549764,0.547555,0.606063,0.757093,25.1244,,DEPTH,0.436,0.6023,0.547555,curve,0.757093,curve,inert,-0.6023,False,1.0,2026-10-02,current,-0.41672,inert-band,gateio,4,1086.678,4.0,NEUTRAL,157874.7
2026-10-02,TIA,110,84,25,0.483886,472031397,18.82,-6.62,8.36,21.09,-37.71,-2.17,4,13.4,10.2,22.5,0.991,1.0,570016989,10.95,,,91bbc2a7e466,live,88817475,0.668493,0.511101,0.751467,25.4441,,CONFIRM,0.4904,0.6712,0.668493,curve,0.751467,curve,applied,-0.6712,False,1.0,2026-10-02,current,11.05348,inert-band,gateio,5,1079.67,4.0,NEUTRAL,4079504.43
2026-10-02,ZAMA,181,85,25,0.078546,199951506,6.24,-16.01,30.82,46.79,242.1,63.02,4,11.5,19.9,14.2,0.9125,1.0,888146714,10.95,57.7,-3.5807,91bbc2a7e466,live,12470761,0.575231,0.99422,0.471931,24.6284,,LIQUIDITY,0.5359,0.7509,0.575231,curve,0.471931,curve,applied,-0.7509,False,1.0,2026-10-02,current,1.21275,inert-band,gateio,1,,4.0,NEUTRAL,1156929.58
2026-10-02,BONK,129,86,24,3.9e-06,343200896,15.07,1.97,27.08,19.24,-57.8,0.61,4,12.7,11.2,20.0,1.0,1.0,343200896,10.95,,,91bbc2a7e466,live,51735650,0.633887,0.560999,0.668321,23.7662,,CONFIRM,0.4023,0.578,0.633887,curve,0.668321,curve,inert,-0.578,False,1.0,2026-10-02,current,4.3315,inert-band,gateio,2,10.95,4.0,NEUTRAL,543600.77
2026-10-02,ETHFI,85,87,24,0.744609,718790267,7.08,3.96,-3.68,20.02,11.33,7.54,4,14.3,13.6,14.7,1.0,1.0,718790267,-1.752,69.81,-0.3243,91bbc2a7e466,live,50892156,0.714151,0.681743,0.490672,23.8892,,LIQUIDITY,0.4973,0.712,0.714151,curve,0.490672,curve,inert,-0.712,False,1.0,2026-10-02,current,0.74779,inert-band,gateio,4,890.016,4.0,MILD_INVERSION,5138361.46
2026-10-02,GT,62,88,24,11.16,1189755109,0.28,1.53,2.39,28.35,34.09,14.96,4,15.4,15.8,12.0,0.9987,1.0,1326429962,10.95,,,91bbc2a7e466,live,3314796,0.768864,0.791192,0.4,24.3011,,LIQUIDITY,0.6477,0.9163,0.768864,curve,0.339525,floor,applied,-0.9163,False,1.0,2026-10-02,current,-0.08585,inert-band,gateio,1,,8.0,NEUTRAL,807012.68
2026-10-02,JASMY,151,89,24,0.00548319,270996011,14.11,14.91,26.65,-0.15,-40.84,2.93,4,12.2,12.1,19.4,1.0,1.0,274037833,10.95,,,91bbc2a7e466,live,38239284,0.608241,0.602533,0.646903,23.7081,,CONFIRM,0.352,0.5066,0.608241,curve,0.646903,curve,inert,-0.5066,False,1.0,2026-10-02,current,-7.07594,inert-band,gateio,2,1135.734,8.0,NEUTRAL,332160.17
2026-10-02,PYTH,94,90,24,0.078948,621323390,3.74,8.11,21.32,32.07,14.18,18.62,4,14.0,16.7,12.5,0.9862,1.0,788986163,10.95,,,91bbc2a7e466,live,23244810,0.698329,0.834373,0.416471,23.9315,,LIQUIDITY,0.6126,0.8759,0.698329,curve,0.416471,curve,applied,-0.8759,False,1.0,2026-10-02,current,3.60781,inert-band,gateio,5,1147.6776,4.0,NEUTRAL,3089222.93
2026-10-02,RENDER,68,91,24,1.98,1027299707,5.41,-0.33,19.21,28.12,-14.31,8.87,4,15.1,14.1,13.6,1.0,1.0,1056528343,10.95,,,91bbc2a7e466,live,55606135,0.752924,0.703336,0.453619,24.0218,,LIQUIDITY,0.5543,0.7905,0.752924,curve,0.453619,curve,inert,-0.7905,False,1.0,2026-10-02,current,3.13137,inert-band,gateio,5,250.098,4.0,NEUTRAL,345542.05
2026-10-02,DOT,45,92,23,1.22,2085131326,8.25,2.67,-3.48,31.99,-40.88,-0.25,4,16.6,10.9,15.5,1.0,1.0,2085153013,10.95,80.9,1.9844,91bbc2a7e466,live,171980776,0.829783,0.545545,0.516621,23.3866,,LIQUIDITY,0.4545,0.6604,0.829783,curve,0.516621,curve,inert,-0.6604,False,1.0,2026-10-02,current,2.00551,inert-band,gateio,6,451.14,8.0,NEUTRAL,14487057.14
2026-10-02,GRX,180,93,23,21.17,201325621,1.77,60.09,-10.44,49.38,416.0,110.96,4,11.5,20.0,12.0,1.0,1.0,211604061,,,,91bbc2a7e466,live,3571459,0.575975,0.999874,0.4,23.0361,,LIQUIDITY,0.6241,0.9163,0.575975,curve,0.372755,floor,inert,-0.9163,False,1.0,2026-10-02,absent,62.133,no-feed,,,,,,
2026-10-02,KMNO,163,94,23,0.04135597,234445263,4.36,3.53,37.85,62.21,27.73,31.62,4,11.9,18.7,12.9,0.9571,1.0,413641793,10.95,,,91bbc2a7e466,live,10210862,0.59251,0.933574,0.430118,22.7714,,LIQUIDITY,0.5702,0.8437,0.59251,curve,0.430118,curve,applied,-0.8437,False,1.0,2026-10-02,current,-3.34948,inert-band,gateio,1,,4.0,NEUTRAL,76949.85
2026-10-02,LDO,119,95,23,0.463791,384629146,15.02,0.08,7.59,14.69,-33.38,-1.08,4,12.9,10.6,20.0,0.9911,1.0,463650063,10.95,,,91bbc2a7e466,live,57789213,0.646261,0.530493,0.667215,22.671,,CONFIRM,0.4272,0.6339,0.646261,curve,0.667215,curve,applied,-0.6339,False,1.0,2026-10-02,current,4.66791,inert-band,gateio,5,1150.1282,8.0,NEUTRAL,6909517.23
2026-10-02,PRL,121,96,23,1.12,371010337,1.09,-5.88,21.2,252.22,-17.21,63.15,3,12.8,19.9,12.0,0.9065,1.0,2345010347,10.95,,,91bbc2a7e466,live,4058461,0.642347,0.994279,0.4,23.1582,,LIQUIDITY,0.6264,0.9163,0.642347,curve,0.357642,floor,applied,-0.9163,False,1.0,2026-10-02,current,-8.61321,inert-band,gateio,2,293.022,4.0,NEUTRAL,60119.12
2026-10-02,SAND,177,97,23,0.070211,206253606,179.33,60.42,78.41,83.23,-49.64,48.61,4,11.6,19.6,12.0,1.0,1.0,210631963,-2190.0,,,91bbc2a7e466,live,369882131,0.5786,0.981945,0.4,22.7262,,LIQUIDITY,0.6184,0.9163,0.5786,curve,0.187555,floor,inert,-0.9163,False,1.0,2026-10-02,current,62.49879,cold-no-rsi,gateio,3,541.5706,8.0,SHORT_SQUEEZE_RISK,1091876.13
2026-10-02,UB,127,98,23,0.138012,344906764,3.07,-7.67,-4.66,7.09,315.05,61.32,4,12.7,19.9,12.0,0.9151,1.0,1379627055,0.219,57.64,-0.8387,91bbc2a7e466,live,10582350,0.634425,0.993383,0.401515,23.1562,,LIQUIDITY,0.6238,0.9125,0.634425,curve,0.401515,curve,applied,-0.9125,False,1.0,2026-10-02,current,-5.84006,inert-band,gateio,1,,4.0,NEUTRAL,740735.52
2026-10-02,AIOZ,216,99,22,0.118405,151726009,3.84,-5.9,48.25,107.3,56.17,48.35,4,10.9,19.6,12.6,1.0,1.0,151761190,,,,91bbc2a7e466,live,5833072,0.545265,0.981578,0.418766,22.4132,,LIQUIDITY,0.582,0.8704,0.545265,curve,0.418766,curve,inert,-0.8704,False,1.0,2026-10-02,absent,5.81664,no-feed,,,,,,
2026-10-02,GOMINING,205,100,22,0.40916,164862050,10.21,6.86,6.82,5.14,17.51,8.55,4,11.1,14.0,16.8,1.0,1.0,164862050,,,,91bbc2a7e466,live,16830889,0.55428,0.698116,0.560202,21.6771,,DEPTH,0.386,0.5901,0.55428,curve,0.560202,curve,inert,-0.5901,False,1.0,2026-10-02,absent,5.134,no-feed,,,,,,
2026-10-02,ICP,49,101,22,3.3,1836793393,3.2,-1.24,7.54,18.72,-2.11,5.77,4,16.3,13.0,12.1,1.0,1.0,1836794482,9.417,,,91bbc2a7e466,live,58715947,0.816015,0.652097,0.40437,21.5174,,LIQUIDITY,0.5894,0.9054,0.816015,curve,0.40437,curve,inert,-0.9054,False,1.0,2026-10-02,current,-0.05935,inert-band,gateio,5,1015.722,8.0,NEUTRAL,5713776.23
2026-10-02,PIEVERSE,120,102,22,1.37,377436437,0.84,-17.04,2.65,11.29,146.63,27.7,4,12.9,18.2,12.0,0.9179,1.0,1373744994,10.95,97.16,,91bbc2a7e466,live,3177821,0.644211,0.911494,0.4,21.5594,,LIQUIDITY,0.5972,0.9163,0.644211,curve,0.352043,floor,applied,-0.9163,False,1.0,2026-10-02,current,-2.33391,inert-band,gateio,1,,8.0,NEUTRAL,2994049.58
2026-10-02,STRK,134,103,22,0.04371014,324340313,10.28,2.15,14.88,51.65,-61.52,4.97,4,12.6,12.8,16.9,0.9806,1.0,437001509,10.95,,,91bbc2a7e466,live,33330812,0.62775,0.638342,0.5617,22.0717,,LIQUIDITY,0.3818,0.5768,0.62775,curve,0.5617,curve,applied,-0.5768,False,1.0,2026-10-02,current,2.08234,inert-band,gateio,5,605.754,4.0,NEUTRAL,278877.67
2026-10-02,ZBCN,153,104,22,0.00262894,262890321,3.54,19.75,35.98,31.91,-3.54,22.19,4,12.1,17.4,12.4,1.0,1.0,262890321,10.95,,,91bbc2a7e466,live,9301392,0.604944,0.869573,0.411958,21.6708,,LIQUIDITY,0.5799,0.8868,0.604944,curve,0.411958,curve,inert,-0.8868,False,1.0,2026-10-02,current,-4.40797,inert-band,gateio,1,,4.0,NEUTRAL,47123.11
2026-10-02,BR,184,105,21,0.661799,196153771,2.18,-35.86,-11.14,203.07,1031.49,243.52,4,11.5,20.0,12.0,0.9205,1.0,661192490,10.95,,,91bbc2a7e466,live,4275260,0.573149,1.0,0.4,21.1034,,LIQUIDITY,0.589,0.9163,0.573149,curve,0.381768,floor,applied,-0.9163,False,1.0,2026-10-02,current,-10.82248,inert-band,gateio,1,,4.0,NEUTRAL,489733.09
2026-10-02,EIGEN,157,106,21,0.261911,253632704,12.42,4.64,4.03,20.3,-24.98,2.48,4,12.0,11.9,18.3,0.9511,1.0,484103761,10.95,,,91bbc2a7e466,live,31509260,0.601051,0.59448,0.609404,20.71,,CONFIRM,0.3303,0.5201,0.601051,curve,0.609404,curve,applied,-0.5201,False,1.0,2026-10-02,current,7.92276,inert-band,gateio,5,1102.008,4.0,NEUTRAL,384106.94
2026-10-02,FARTCOIN,186,107,21,0.189904,189793636,19.79,-4.44,10.88,1.43,-32.39,-4.73,4,11.4,9.3,23.2,1.0,1.0,189793635,10.95,56.02,-1.0395,91bbc2a7e466,live,37552762,0.56957,0.46582,0.773024,20.5097,,CONFIRM,0.4822,0.764,0.56957,curve,0.773024,curve,inert,-0.764,False,1.0,2026-10-02,current,8.45311,inert-band,gateio,4,1009.59,4.0,NEUTRAL,22629154.02
2026-10-02,IMX,202,108,21,0.184477,166830481,8.31,12.01,30.65,36.58,-26.64,15.09,4,11.1,15.9,15.5,0.941,1.0,368901353,10.95,,,91bbc2a7e466,live,13860998,0.555569,0.792768,0.517965,21.4672,,LIQUIDITY,0.4275,0.6578,0.555569,curve,0.517965,curve,applied,-0.6578,False,1.0,2026-10-02,current,9.07392,inert-band,gateio,4,62.266,4.0,NEUTRAL,421642.25
2026-10-02,KAS,61,109,21,0.04297946,1191569626,2.02,0.71,7.05,43.39,-28.4,7.14,4,15.4,13.5,12.0,1.0,1.0,1191633452,10.95,,,91bbc2a7e466,live,24088559,0.76903,0.675129,0.4,20.7678,,LIQUIDITY,0.583,0.9163,0.76903,curve,0.378257,floor,inert,-0.9163,False,1.0,2026-10-02,current,0.00369,inert-band,gateio,3,2.7278,8.0,NEUTRAL,5105777.04
2026-10-02,POL,64,110,21,0.111455,1183949035,7.24,-1.93,-0.05,8.15,-7.71,-0.1,4,15.4,11.0,14.8,1.0,1.0,1183949035,10.95,51.55,2.1539,91bbc2a7e466,live,85681490,0.768333,0.548254,0.494154,20.8158,,LIQUIDITY,0.4491,0.7049,0.768333,curve,0.494154,curve,inert,-0.7049,False,1.0,2026-10-02,current,0.67442,inert-band,gateio,6,527.4752,4.0,NEUTRAL,5273110.51
2026-10-02,RAIL,194,111,21,2.94,176509919,0.93,2.42,0.61,55.01,111.01,36.83,4,11.2,19.1,12.0,1.0,1.0,176509919,,,,91bbc2a7e466,live,1633541,0.561692,0.955091,0.4,21.4587,,LIQUIDITY,0.5954,0.9163,0.561692,curve,0.353899,floor,inert,-0.9163,False,1.0,2026-10-02,absent,17.23096,no-feed,,,,,,
2026-10-02,SN51,225,112,21,29.13,140064676,1.11,4.86,21.6,45.85,135.12,45.34,4,10.7,19.5,12.0,1.0,1.0,140064676,,,,91bbc2a7e466,live,1552623,0.536582,0.976693,0.4,20.963,,LIQUIDITY,0.5865,0.9163,0.536582,curve,0.357967,floor,inert,-0.9163,False,1.0,2026-10-02,absent,0.02474,no-feed,,,,,,
2026-10-02,APE,199,113,20,0.170722,170803591,15.65,2.27,10.96,6.54,-32.15,-1.37,4,11.2,10.5,20.4,1.0,1.0,170803591,10.95,,,91bbc2a7e466,live,26722761,0.558124,0.525312,0.681007,19.9664,,CONFIRM,0.3996,0.6438,0.558124,curve,0.681007,curve,inert,-0.6438,False,1.0,2026-10-02,current,14.3241,inert-band,gateio,5,1088.43,8.0,NEUTRAL,390754.02
2026-10-02,BAT,221,114,20,0.097398,145632562,8.67,4.45,17.63,29.84,-24.74,8.25,4,10.8,13.9,15.8,1.0,1.0,146048834,10.95,,,91bbc2a7e466,live,12626266,0.540815,0.693398,0.525999,19.7249,,LIQUIDITY,0.3958,0.6425,0.540815,curve,0.525999,curve,inert,-0.6425,False,1.0,2026-10-02,current,9.65142,inert-band,gateio,2,44.1549,8.0,NEUTRAL,54718.81
2026-10-02,COMP,159,115,20,24.63,246261240,7.27,1.37,10.36,18.03,0.03,7.51,4,12.0,13.6,14.8,1.0,1.0,246261240,10.95,,,91bbc2a7e466,live,17912681,0.597849,0.681286,0.494975,20.1606,,LIQUIDITY,0.4391,0.7032,0.597849,curve,0.494975,curve,inert,-0.7032,False,1.0,2026-10-02,current,1.54035,inert-band,gateio,5,546.1204,8.0,NEUTRAL,117640.72
2026-10-02,NPC,189,116,20,0.02284137,183872384,1.6,-0.87,-8.49,27.34,87.58,21.97,4,11.3,17.4,12.0,1.0,1.0,183872384,,,,91bbc2a7e466,live,2946776,0.566129,0.867599,0.4,19.6469,,LIQUIDITY,0.5631,0.9163,0.566129,curve,0.368947,floor,inert,-0.9163,False,1.0,2026-10-02,absent,8.96937,no-feed,,,,,,
2026-10-02,AKT,179,117,19,0.675606,201563456,3.4,-3.51,12.67,22.52,38.02,15.35,4,11.5,15.9,12.3,1.0,1.0,201614798,10.95,,,91bbc2a7e466,live,6843837,0.576103,0.796103,0.408786,18.7484,,LIQUIDITY,0.5344,0.8946,0.576103,curve,0.408786,curve,inert,-0.8946,False,1.0,2026-10-02,current,1.13073,inert-band,gateio,1,,4.0,NEUTRAL,231055.22
2026-10-02,ETC,55,118,19,9.14,1447439305,4.93,-6.55,4.92,13.97,-14.59,-0.16,4,15.8,10.9,13.3,1.0,1.0,1447450143,1.4235,,,91bbc2a7e466,live,71313407,0.79015,0.547077,0.442819,19.1419,,LIQUIDITY,0.4927,0.8146,0.79015,curve,0.442819,curve,inert,-0.8146,False,1.0,2026-10-02,current,2.85721,inert-band,gateio,6,179.58,8.0,NEUTRAL,7579212.56
2026-10-02,OKB,34,119,19,122.66,2575571917,0.81,-0.62,-4.1,1.87,7.47,0.75,4,17.1,11.3,12.0,1.0,1.0,2575571917,10.95,85.26,0.4018,91bbc2a7e466,live,20736187,0.852718,0.563556,0.4,19.2222,,LIQUIDITY,0.5556,0.9163,0.852718,curve,0.351225,floor,inert,-0.9163,False,1.0,2026-10-02,current,1.31206,inert-band,gateio,1,,8.0,NEUTRAL,625521.75
2026-10-02,RLUSD,36,120,19,1.0,2508837480,11.01,-2.04,-10.5,-12.79,-17.2,-9.87,4,17.0,7.6,17.3,1.0,1.0,2508837480,,47.02,-0.0094,91bbc2a7e466,live,276195480,0.849868,0.38097,0.577976,18.7134,,CONFIRM,0.5758,0.965,0.849868,curve,0.577976,curve,inert,-0.965,False,1.0,2026-10-02,absent,0.002,no-feed,,,,,,
2026-10-02,MORPHO,48,121,18,2.67,1868503637,2.1,-9.19,2.08,-6.75,23.09,0.69,4,16.4,11.2,12.0,0.9752,1.0,2669645937,-4.599,71.71,-0.252,91bbc2a7e466,live,39155257,0.817873,0.562472,0.4,17.9449,,LIQUIDITY,0.5334,0.9163,0.817873,curve,0.379901,floor,applied,-0.9163,False,1.0,2026-10-02,current,7.79471,inert-band,gateio,4,1039.2313,4.0,MILD_INVERSION,533817.03
2026-10-02,SHFL,183,122,18,0.404232,196328463,1.72,6.54,19.29,18.03,35.15,18.32,4,11.5,16.6,12.0,0.9517,1.0,371700167,,,,91bbc2a7e466,live,3378293,0.573246,0.831169,0.4,18.138,,LIQUIDITY,0.5367,0.9163,0.573246,curve,0.371572,floor,applied,-0.9163,False,1.0,2026-10-02,absent,-24.67007,no-feed,,,,,,
2026-10-02,BSV,117,123,17,20.23,406055973,2.5,-8.7,8.28,15.36,11.44,5.59,4,13.0,13.0,12.0,1.0,1.0,406060583,10.95,,,91bbc2a7e466,live,10168356,0.652146,0.648984,0.4,16.9293,,LIQUIDITY,0.5159,0.9163,0.652146,curve,0.388982,floor,inert,-0.9163,False,1.0,2026-10-02,current,2.56376,inert-band,gateio,2,0.0,4.0,NEUTRAL,1028390.51
2026-10-02,CRO,31,124,17,0.06963,3464367306,0.37,3.8,5.58,15.36,-40.27,-1.68,4,17.7,10.4,12.0,0.9481,1.0,6889969214,10.95,,,91bbc2a7e466,live,12939071,0.884906,0.519803,0.4,17.4442,,LIQUIDITY,0.5247,0.9163,0.884906,curve,0.341633,floor,applied,-0.9163,False,1.0,2026-10-02,current,0.93929,inert-band,gateio,2,45.055,8.0,NEUTRAL,454485.77
2026-10-02,IOTA,154,125,17,0.056226,262751880,4.55,11.29,18.45,29.89,-46.69,6.13,4,12.1,13.2,13.0,1.0,1.0,280835293,10.95,,,91bbc2a7e466,live,11957991,0.604886,0.658262,0.434468,17.2994,,LIQUIDITY,0.4751,0.8336,0.604886,curve,0.434468,curve,inert,-0.8336,False,1.0,2026-10-02,current,1.61009,inert-band,gateio,2,0.0,8.0,NEUTRAL,486476.84
2026-10-02,TRUMP,95,126,17,2.19,616747711,41.27,0.85,-5.51,-15.66,-62.33,-17.5,4,14.0,5.6,28.5,0.9187,1.0,2188073321,10.95,62.38,3.8337,91bbc2a7e466,live,254524000,0.697527,0.277984,0.95025,16.9275,,CONFIRM,0.7207,1.2802,0.697527,curve,0.95025,curve,applied,-1.2802,True,1.0,2026-10-02,current,5.85628,inert-band,gateio,5,1098.504,4.0,NEUTRAL,24543716.75
2026-10-02,U,53,127,17,0.999059,1524173174,10.09,-2.05,-10.53,-12.76,-17.25,-9.89,4,15.9,7.6,16.7,1.0,1.0,1524173174,,43.65,-0.0183,91bbc2a7e466,live,153860264,0.795759,0.380755,0.557659,16.8965,,CONFIRM,0.5431,0.9656,0.795759,curve,0.557659,curve,inert,-0.9656,False,1.0,2026-10-02,absent,-0.03074,no-feed,,,,,,
2026-10-02,ZEN,233,128,17,7.2,132453936,9.67,-8.19,-9.33,21.04,-4.52,-0.43,4,10.6,10.8,16.4,0.9965,1.099,151117232,-125.8923,54.87,-0.0623,91bbc2a7e466,live,12803888,0.530516,0.542178,0.548148,17.2622,,DEPTH,0.3259,0.6339,0.530516,curve,0.548148,curve,applied,-0.6339,False,1.099,2026-10-02,current,-0.47663,cold-squeeze,kraken,3,136.8423,1.0,SHORT_SQUEEZE_RISK,181935.17
2026-10-02,AWE,224,129,16,0.073275,142185415,1.29,10.9,1.95,7.34,22.87,10.17,4,10.8,14.5,12.0,1.0,1.0,142185415,10.95,,,91bbc2a7e466,live,1838754,0.538214,0.723531,0.4,15.5766,,LIQUIDITY,0.4928,0.9163,0.538214,curve,0.362071,floor,inert,-0.9163,False,1.0,2026-10-02,current,0.37494,inert-band,gateio,1,,8.0,NEUTRAL,27535.05
2026-10-02,BTT,122,130,16,3.74817e-07,369984876,3.13,-1.85,4.56,16.07,-9.19,2.76,4,12.8,12.0,12.1,1.0,1.0,371095206,,,,91bbc2a7e466,live,11563693,0.642046,0.599558,0.402788,15.5051,,LIQUIDITY,0.4878,0.9093,0.642046,curve,0.402788,curve,inert,-0.9093,False,1.0,2026-10-02,absent,1.39918,no-feed,,,,,,
2026-10-02,CVX,170,131,16,2.36,220262618,8.39,8.74,8.09,-12.99,-11.39,-0.88,4,11.7,10.7,15.6,1.0,1.0,236330681,10.95,,,91bbc2a7e466,live,18478127,0.585735,0.534192,0.519759,16.263,,LIQUIDITY,0.3603,0.6544,0.585735,curve,0.519759,curve,inert,-0.6544,False,1.0,2026-10-02,current,9.8518,inert-band,gateio,2,24.0914,8.0,NEUTRAL,57112.76
2026-10-02,META,229,132,16,5.99,135822681,1.31,-1.11,9.25,-0.75,55.48,12.89,4,10.7,15.3,12.0,1.0,1.0,135822681,0.0,,,91bbc2a7e466,live,1777510,0.533243,0.763406,0.4,16.2832,,LIQUIDITY,0.5048,0.9163,0.533243,curve,0.362416,floor,inert,-0.9163,False,1.0,2026-10-02,current,0.41186,inert-band,gateio,2,7.008,8.0,NEUTRAL,862473.84
2026-10-02,SHIB,30,133,16,5.93e-06,3492096551,2.96,-1.39,-1.13,2.78,-25.77,-5.16,4,17.7,9.2,12.0,1.0,1.0,3493620825,10.95,,,91bbc2a7e466,live,103326665,0.885772,0.458435,0.4,16.2427,,LIQUIDITY,0.5041,0.9163,0.885772,curve,0.399086,floor,inert,-0.9163,False,1.0,2026-10-02,current,2.81188,inert-band,gateio,1,,8.0,NEUTRAL,3654466.63
2026-10-02,THETA,165,134,16,0.231169,230961852,2.55,0.81,0.17,24.01,8.57,8.0,4,11.8,13.8,12.0,1.0,1.0,230961852,10.95,,,91bbc2a7e466,live,5899558,0.590885,0.689284,0.4,16.2915,,LIQUIDITY,0.505,0.9163,0.590885,curve,0.390097,floor,inert,-0.9163,False,1.0,2026-10-02,current,4.01783,inert-band,gateio,1,,8.0,NEUTRAL,256644.23
2026-10-02,VET,79,135,16,0.00895387,770029075,1.52,-7.78,7.95,23.12,-23.8,0.67,4,14.4,11.2,12.0,1.0,1.0,770029075,10.95,,,91bbc2a7e466,live,11671064,0.721627,0.562124,0.4,16.2258,,LIQUIDITY,0.5039,0.9163,0.721627,curve,0.367015,floor,inert,-0.9163,False,1.0,2026-10-02,current,1.74163,inert-band,gateio,2,,8.0,NEUTRAL,262414.89
2026-10-02,XDC,89,136,16,0.03402781,677973525,2.45,9.89,12.22,9.88,-29.84,2.52,4,14.2,11.9,12.0,0.9511,1.0,1293825171,10.95,,,91bbc2a7e466,live,16611460,0.707803,0.595289,0.4,16.0297,,LIQUIDITY,0.5005,0.9163,0.707803,curve,0.387781,floor,applied,-0.9163,False,1.0,2026-10-02,current,-4.55578,inert-band,gateio,1,,4.0,NEUTRAL,192437.74
2026-10-02,XPL,112,137,16,0.099341,450167360,13.53,-16.25,0.63,6.04,-29.92,-9.19,4,13.3,7.8,19.0,0.9412,1.0,993016236,10.95,55.25,0.6132,91bbc2a7e466,live,60923426,0.663344,0.391604,0.634078,15.5028,,CONFIRM,0.5029,0.9375,0.663344,curve,0.634078,curve,applied,-0.9375,False,1.0,2026-10-02,current,3.74819,inert-band,gateio,4,548.9377,4.0,NEUTRAL,9249539.94
2026-10-02,ASTER,46,138,15,0.747217,2025032718,5.67,-0.44,-12.53,-6.64,-14.53,-7.83,4,16.5,8.3,13.8,0.9268,1.0,5824277786,10.95,,,91bbc2a7e466,live,114747142,0.826608,0.413463,0.459254,14.5471,,CONFIRM,0.4581,0.8832,0.826608,curve,0.459254,curve,applied,-0.8832,False,1.0,2026-10-02,current,0.29667,inert-band,gateio,5,792.342,4.0,NEUTRAL,14474075.13
2026-10-02,CHZ,191,139,15,0.01699053,179131758,15.94,1.82,5.92,16.38,-74.12,-8.7,4,11.3,8.0,20.6,1.0,1.0,179131758,10.95,,,91bbc2a7e466,live,28560517,0.563293,0.399389,0.687641,15.4701,,CONFIRM,0.4918,0.9178,0.563293,curve,0.687641,curve,inert,-0.9178,False,1.0,2026-10-02,current,5.3949,inert-band,gateio,3,32.474,8.0,NEUTRAL,144633.94
2026-10-02,DGAI,227,140,15,0.909563,136419500,14.58,-14.06,-14.29,30.31,-17.21,-3.65,3,10.7,9.7,19.7,0.9059,1.0,909463332,10.95,,,91bbc2a7e466,live,19896397,0.533719,0.484689,0.657438,15.4068,,CONFIRM,0.3872,0.7242,0.533719,curve,0.657438,curve,applied,-0.7242,False,1.0,2026-10-02,current,-1.2731,inert-band,gateio,1,,4.0,NEUTRAL,802326.1
2026-10-02,EURCV,187,141,15,1.12,188667326,18.43,-3.46,-12.59,-15.68,-19.38,-11.98,4,11.4,7.0,22.3,1.0,1.0,188667326,,,,91bbc2a7e466,live,34772890,0.568924,0.349459,0.742907,14.7701,,CONFIRM,0.5497,1.0514,0.568924,curve,0.742907,curve,inert,-1.0514,False,1.0,2026-10-02,absent,-0.436,no-feed,,,,,,
2026-10-02,HTX,52,142,15,1.71e-06,1533579988,5.56,-2.51,-9.0,-6.4,-13.16,-7.24,4,15.9,8.5,13.7,1.0,1.0,1533579988,,23.94,-0.3593,91bbc2a7e466,live,85328870,0.796427,0.423268,0.456978,15.4048,,CONFIRM,0.4596,0.8597,0.796427,curve,0.456978,curve,inert,-0.8597,False,1.0,2026-10-02,absent,0.16811,no-feed,,,,,,
2026-10-02,KITE,124,143,15,0.15006,358992475,5.5,12.6,25.31,-0.79,-45.39,0.83,4,12.8,11.3,13.7,0.914,0.983,1501309274,24.09,,,91bbc2a7e466,live,19739290,0.638771,0.564989,0.455523,14.763,,LIQUIDITY,0.411,0.7863,0.638771,curve,0.455523,curve,applied,-0.7863,False,0.983,2026-10-02,current,-0.86541,hot-confirmed,gateio,1,,4.0,ELEVATED,294344.49
2026-10-02,MNT,42,144,15,0.681674,2250708224,1.17,-1.9,3.39,10.12,-32.91,-3.77,4,16.8,9.7,12.0,0.9521,1.0,4239204457,10.95,,,91bbc2a7e466,live,26377891,0.83808,0.4826,0.4,15.4033,,LIQUIDITY,0.4898,0.9163,0.83808,curve,0.359377,floor,applied,-0.9163,False,1.0,2026-10-02,current,-1.32702,inert-band,gateio,3,56.6493,4.0,NEUTRAL,221088.41
2026-10-02,XTZ,125,145,15,0.325741,357680036,2.49,-4.63,10.02,39.24,-40.41,2.84,4,12.8,12.0,12.0,1.0,1.0,364187202,10.95,,,91bbc2a7e466,live,8912285,0.638374,0.600988,0.4,15.3462,,LIQUIDITY,0.4889,0.9163,0.638374,curve,0.388704,floor,inert,-0.9163,False,1.0,2026-10-02,current,2.29423,inert-band,gateio,2,42.4924,8.0,NEUTRAL,348345.87
2026-10-02,YLDS,104,146,15,0.999824,518767117,11.2,-2.04,-10.48,-12.8,-17.23,-9.88,4,13.6,7.6,17.5,1.0,1.0,518767117,,,,91bbc2a7e466,live,58078370,0.678743,0.380941,0.582121,15.0514,,CONFIRM,0.5096,0.9651,0.678743,curve,0.582121,curve,inert,-0.9651,False,1.0,2026-10-02,absent,-0.02642,no-feed,,,,,,
2026-10-02,A,206,147,14,0.097811,163411414,4.1,-2.98,4.42,15.14,0.02,4.0,4,11.1,12.4,12.7,0.9871,1.0,205404883,10.95,,,91bbc2a7e466,live,6700816,0.553321,0.6214,0.424457,14.406,,LIQUIDITY,0.4423,0.8569,0.553321,curve,0.424457,curve,applied,-0.8569,False,1.0,2026-10-02,current,0.76973,inert-band,gateio,1,,4.0,NEUTRAL,80556.8
2026-10-02,FLOKI,150,148,14,2.847e-05,274479736,8.15,-2.85,2.27,7.27,-36.43,-5.76,4,12.2,9.0,15.4,1.0,1.0,274479700,10.95,,,91bbc2a7e466,live,22376663,0.609628,0.448152,0.514498,14.0564,,CONFIRM,0.4091,0.8026,0.609628,curve,0.514498,curve,inert,-0.8026,False,1.0,2026-10-02,current,3.34503,inert-band,gateio,1,,8.0,NEUTRAL,378560.02
2026-10-02,SENT,212,149,14,0.02132496,154341413,3.17,-6.74,12.48,49.6,-20.03,9.49,4,10.9,14.3,12.1,0.9111,1.0,732690934,10.95,,,91bbc2a7e466,live,4895711,0.547121,0.713047,0.403822,14.3535,,LIQUIDITY,0.4671,0.9068,0.547121,curve,0.403822,curve,applied,-0.9068,False,1.0,2026-10-02,current,-2.59756,inert-band,gateio,1,,4.0,NEUTRAL,147571.6
2026-10-02,SN64,232,150,14,21.97,133381925,0.4,4.97,16.16,24.01,-32.51,5.03,4,10.6,12.8,12.0,1.0,1.0,133381925,,,,91bbc2a7e466,live,527340,0.531274,0.639336,0.4,13.5865,,LIQUIDITY,0.459,0.9163,0.531274,curve,0.342119,floor,inert,-0.9163,False,1.0,2026-10-02,absent,2.37053,no-feed,,,,,,
2026-10-02,SYRUP,149,151,14,0.244279,285057727,5.3,9.2,-1.12,6.04,-28.34,-1.68,4,12.3,10.4,13.5,1.0,1.0,303960816,-9.855,,,91bbc2a7e466,live,15095872,0.613733,0.51981,0.451016,14.3885,,LIQUIDITY,0.4107,0.7963,0.613733,curve,0.451016,curve,inert,-0.7963,False,1.0,2026-10-02,current,6.63185,inert-band,gateio,3,4187.5092,8.0,MILD_INVERSION,363245.68
2026-10-02,USDGO,60,152,14,1.0,1194646149,6.46,-2.0,-10.53,-12.8,-17.18,-9.87,4,15.4,7.6,14.3,1.0,1.0,1198646192,,,,91bbc2a7e466,live,77220293,0.76931,0.381056,0.476975,13.9825,,CONFIRM,0.4904,0.9648,0.76931,curve,0.476975,curve,inert,-0.9648,False,1.0,2026-10-02,absent,-0.02075,no-feed,,,,,,
2026-10-02,APEPE,152,153,13,1.29e-06,270213157,5.33,0.86,-4.92,-0.32,-15.46,-4.14,4,12.2,9.5,13.6,1.0,1.0,270213157,,,,91bbc2a7e466,live,14403216,0.607927,0.476075,0.451785,13.0755,,LIQUIDITY,0.3906,0.7945,0.607927,curve,0.451785,curve,inert,-0.7945,False,1.0,2026-10-02,absent,0.31179,no-feed,,,,,,
2026-10-02,ATOM,72,154,13,1.75,934794526,4.59,-4.93,-5.29,6.74,-39.86,-9.09,4,14.9,7.9,13.1,1.0,1.0,934831747,10.95,,,91bbc2a7e466,live,42865356,0.742679,0.393254,0.435234,12.7115,,CONFIRM,0.4525,0.9333,0.742679,curve,0.435234,curve,inert,-0.9333,False,1.0,2026-10-02,current,0.29969,inert-band,gateio,6,464.28,8.0,NEUTRAL,5755943.23
2026-10-02,BUIDL,41,155,13,1.0,2262646716,0.0,-2.04,-10.5,-12.79,-17.21,-9.88,4,16.8,7.6,12.0,1.0,1.0,2262646716,,50.0,0.0,91bbc2a7e466,live,0.0,0.838654,0.380946,0.4,12.7793,,CONFIRM,0.4691,0.9651,0.838654,curve,0.0,zero-volume,inert,-0.9651,False,1.0,2026-10-02,absent,0.0,no-feed,,,,,,
2026-10-02,CRCLB,226,156,13,85.77,137830159,20.26,-11.13,-14.17,-15.69,-17.21,-14.25,3,10.7,6.4,23.5,1.0,1.0,137958185,,,,91bbc2a7e466,live,27917667,0.534836,0.318139,0.783447,13.3305,,CONFIRM,0.5683,1.1453,0.534836,curve,0.783447,curve,inert,-1.1453,False,1.0,2026-10-02,absent,3.73502,no-feed,,,,,,
2026-10-02,ENS,143,157,13,7.08,299129601,5.22,-3.54,5.56,17.7,-35.07,-2.26,4,12.4,10.2,13.5,0.9369,1.0,707714058,10.95,,,91bbc2a7e466,live,15607603,0.618965,0.509411,0.449282,13.2723,,LIQUIDITY,0.3962,0.8001,0.618965,curve,0.449282,curve,applied,-0.8001,False,1.0,2026-10-02,current,1.92168,inert-band,gateio,3,97.9141,8.0,NEUTRAL,180886.07
2026-10-02,EURC,109,158,13,1.12,475968865,9.51,-3.45,-12.53,-15.67,-19.32,-11.95,4,13.4,7.0,16.3,1.0,1.0,476767861,-19.272,,,91bbc2a7e466,live,45258247,0.669395,0.349878,0.544637,12.7558,,CONFIRM,0.51,1.0502,0.669395,curve,0.544637,curve,inert,-1.0502,False,1.0,2026-10-02,current,-0.44505,cold-no-rsi,coinbase,1,,1.0,SHORT_SQUEEZE_RISK,930568.3
2026-10-02,FF,115,159,13,0.121698,406793007,1.49,-12.38,-13.17,-1.89,46.41,1.8,4,13.0,11.6,12.0,0.9251,0.945,1216829934,59.349,59.4,-1.1212,91bbc2a7e466,live,6053673,0.652343,0.582376,0.4,13.2878,,LIQUIDITY,0.454,0.9163,0.652343,curve,0.366403,floor,applied,-0.9163,False,0.945,2026-10-02,current,-2.70618,hot-confirmed,gateio,1,,4.0,OVERHEATED_LONG,12891149.3
2026-10-02,FLUID,228,160,13,1.63,136023684,1.62,11.04,30.71,16.36,-52.84,4.51,4,10.7,12.6,12.0,0.992,1.0,162519193,10.95,,,91bbc2a7e466,live,2204840,0.533404,0.630341,0.4,13.3415,,LIQUIDITY,0.4549,0.9163,0.533404,curve,0.369354,floor,applied,-0.9163,False,1.0,2026-10-02,current,11.54791,inert-band,gateio,1,,4.0,NEUTRAL,86358.52
2026-10-02,NEO,188,161,13,2.63,185282807,4.42,-2.31,6.07,18.42,-24.84,0.46,4,11.3,11.2,12.9,0.9759,1.0,262700704,10.95,,,91bbc2a7e466,live,8180781,0.566959,0.558348,0.431451,13.3289,,LIQUIDITY,0.4171,0.8406,0.566959,curve,0.431451,curve,applied,-0.8406,False,1.0,2026-10-02,current,4.79826,inert-band,gateio,2,0.0,8.0,NEUTRAL,156766.76
2026-10-02,PONS,123,162,13,0.530723,361265389,10.46,-21.3,-35.03,30.21,-17.21,-11.04,3,12.8,7.3,17.0,1.0,1.0,361255855,10.95,42.93,0.4124,91bbc2a7e466,live,37774263,0.639457,0.363306,0.565691,13.142,,CONFIRM,0.4989,1.0125,0.639457,curve,0.565691,curve,inert,-1.0125,False,1.0,2026-10-02,current,-3.34591,inert-band,gateio,3,88.2162,4.0,NEUTRAL,14610152.04
2026-10-02,STABLE,80,163,13,0.02816537,756248880,1.04,4.9,6.58,-13.48,-16.16,-3.49,4,14.4,9.8,12.0,0.9172,1.0,2817133680,10.95,25.08,0.1691,91bbc2a7e466,live,7856043,0.719666,0.487638,0.4,12.8752,,LIQUIDITY,0.447,0.9163,0.719666,curve,0.356418,floor,applied,-0.9163,False,1.0,2026-10-02,current,0.56566,inert-band,gateio,2,0.0,4.0,NEUTRAL,164083.69
2026-10-02,USYC,39,164,13,1.14,2405506125,0.0,-1.97,-10.37,-12.52,-15.48,-9.41,4,16.9,7.8,12.0,1.0,1.0,2405506125,,100.0,0.0,91bbc2a7e466,live,0.0,0.845302,0.388201,0.4,13.1259,,CONFIRM,0.466,0.9462,0.845302,curve,0.0,zero-volume,inert,-0.9462,False,1.0,2026-10-02,absent,0.00935,no-feed,,,,,,
2026-10-02,XCN,185,165,13,0.00482194,190665157,3.36,-5.75,5.78,33.09,-38.26,0.34,4,11.4,11.1,12.2,0.9803,1.0,257565528,-28.47,,,91bbc2a7e466,live,6401226,0.570068,0.55612,0.40794,12.678,,LIQUIDITY,0.4341,0.8966,0.570068,curve,0.40794,curve,applied,-0.8966,False,1.0,2026-10-02,current,3.37241,cold-no-rsi,gateio,1,,4.0,SHORT_SQUEEZE_RISK,185873.15
2026-10-02,1INCH,219,166,12,0.105573,148371673,5.51,0.97,-0.51,7.12,-30.89,-4.24,4,10.9,9.5,13.7,1.0,1.0,158339237,10.95,,,91bbc2a7e466,live,8171988,0.542838,0.474462,0.455728,11.7376,,LIQUIDITY,0.3668,0.7859,0.542838,curve,0.455728,curve,inert,-0.7859,False,1.0,2026-10-02,current,4.22377,inert-band,gateio,3,56.3865,8.0,NEUTRAL,115844.31
2026-10-02,BFUSD,59,167,12,0.999307,1319035721,0.12,-2.07,-10.44,-12.82,-17.21,-9.88,4,15.6,7.6,12.0,1.0,1.0,1319035721,,,,91bbc2a7e466,live,1557037,0.780064,0.380882,0.4,11.8845,,CONFIRM,0.4532,0.9653,0.780064,curve,0.335957,floor,inert,-0.9653,False,1.0,2026-10-02,absent,0.01644,no-feed,,,,,,
2026-10-02,BGB,57,168,12,2.02,1417189623,1.01,-0.36,-7.67,-6.93,-26.54,-9.07,4,15.8,7.9,12.0,0.9838,1.0,1844231872,,,,91bbc2a7e466,live,14322815,0.787857,0.393613,0.4,12.2035,,CONFIRM,0.4433,0.9324,0.787857,curve,0.355792,floor,applied,-0.9324,False,1.0,2026-10-02,absent,2.3628,no-feed,,,,,,
2026-10-02,KAIA,162,169,12,0.03698053,237900204,3.3,3.18,13.74,16.73,-60.36,-3.5,4,11.9,9.7,12.2,1.0,1.0,237907922,10.95,,,91bbc2a7e466,live,7858395,0.594099,0.487388,0.406738,11.7774,,LIQUIDITY,0.4206,0.8996,0.594099,curve,0.406738,curve,inert,-0.8996,False,1.0,2026-10-02,current,0.63867,inert-band,gateio,2,101.8717,4.0,NEUTRAL,58372.48
2026-10-02,LUNC,145,170,12,5.327e-05,293835781,3.19,-5.76,-6.57,-5.48,3.49,-4.04,4,12.3,9.6,12.1,0.9941,1.0,343507162,10.95,,,91bbc2a7e466,live,9376043,0.617026,0.477868,0.404243,11.8491,,LIQUIDITY,0.4246,0.9057,0.617026,curve,0.404243,curve,applied,-0.9057,False,1.0,2026-10-02,current,1.51126,inert-band,gateio,1,,8.0,NEUTRAL,289252.74
2026-10-02,USDF,51,171,12,0.99603,1603542866,0.02,-1.99,-10.46,-12.84,-17.28,-9.88,4,16.0,7.6,12.0,1.0,1.0,1603542866,,,,91bbc2a7e466,live,332624,0.80127,0.380922,0.4,12.2088,,CONFIRM,0.4589,0.9652,0.80127,curve,0.333794,floor,inert,-0.9652,False,1.0,2026-10-02,absent,0.0274,no-feed,,,,,,
2026-10-02,USDY,40,172,12,1.15,2283709653,0.16,-1.72,-10.31,-12.21,-22.17,-10.58,4,16.8,7.4,12.0,1.0,1.0,2283709653,,100.0,0.0,91bbc2a7e466,live,3661989,0.83966,0.370165,0.4,12.4325,,CONFIRM,0.4767,0.9938,0.83966,curve,0.336897,floor,inert,-0.9938,False,1.0,2026-10-02,absent,-0.00198,no-feed,,,,,,
2026-10-02,CFX,147,173,11,0.055313,290001692,2.36,-0.6,5.06,6.16,-43.74,-6.12,4,12.3,8.8,12.0,1.0,1.0,290034527,10.95,,,91bbc2a7e466,live,6842188,0.6156,0.441962,0.4,10.8829,,LIQUIDITY,0.4131,0.9163,0.6156,curve,0.385764,floor,inert,-0.9163,False,1.0,2026-10-02,current,2.70645,inert-band,gateio,4,533.046,8.0,NEUTRAL,648584.39
2026-10-02,CRVUSD,164,174,11,0.999698,231331805,7.16,-2.06,-10.47,-12.8,-16.98,-9.83,4,11.8,7.6,14.8,1.0,1.0,231150190,,,,91bbc2a7e466,live,16560436,0.591059,0.381605,0.492416,11.1065,,CONFIRM,0.4384,0.9634,0.591059,curve,0.492416,curve,inert,-0.9634,False,1.0,2026-10-02,absent,0.00897,no-feed,,,,,,
2026-10-02,DCR,135,175,11,18.39,324241362,0.49,-1.55,-2.28,15.7,-46.94,-6.5,4,12.6,8.7,12.0,1.0,1.0,324246897,,,,91bbc2a7e466,live,1590427,0.627717,0.435633,0.4,10.9382,,LIQUIDITY,0.4141,0.9163,0.627717,curve,0.344233,floor,inert,-0.9163,False,1.0,2026-10-02,absent,1.15648,no-feed,,,,,,
2026-10-02,EURSAFO,54,176,11,1.14,1489610963,0.0,-3.38,-12.47,-15.44,-17.21,-11.43,3,15.9,7.1,12.0,1.0,1.0,1489610963,,,,91bbc2a7e466,live,0.0,0.793268,0.357434,0.4,11.3416,,CONFIRM,0.4726,1.0288,0.793268,curve,0.0,zero-volume,inert,-1.0288,False,1.0,2026-10-02,absent,-0.51914,no-feed,,,,,,
2026-10-02,GHO,86,177,11,0.999367,698531881,0.54,-1.99,-10.41,-12.7,-17.26,-9.83,4,14.2,7.6,12.0,1.0,1.0,698531881,,,,91bbc2a7e466,live,3806335,0.711047,0.381716,0.4,10.8567,,CONFIRM,0.4337,0.9631,0.711047,curve,0.345442,floor,inert,-0.9631,False,1.0,2026-10-02,absent,0.0045,no-feed,,,,,,
2026-10-02,GLM,235,178,11,0.131538,131520534,1.39,0.81,0.13,12.41,-24.72,-1.56,4,10.6,10.4,12.0,1.0,1.0,131520534,10.95,,,91bbc2a7e466,live,1824613,0.529748,0.521869,0.4,11.0584,,LIQUIDITY,0.4161,0.9163,0.529748,curve,0.364163,floor,inert,-0.9163,False,1.0,2026-10-02,current,4.44246,inert-band,gateio,1,,4.0,NEUTRAL,28038.13
2026-10-02,JAAA,97,179,11,1.05,585023377,0.0,-2.09,-10.45,-12.51,-14.79,-9.32,4,13.8,7.8,12.0,1.0,1.0,585023377,,,,91bbc2a7e466,live,0.0,0.691793,0.389549,0.4,10.7795,,CONFIRM,0.4232,0.9428,0.691793,curve,0.0,zero-volume,inert,-0.9428,False,1.0,2026-10-02,absent,0.01676,no-feed,,,,,,
2026-10-02,KCS,67,180,11,7.49,1045454460,1.23,-0.74,-6.22,-4.64,-36.41,-10.22,4,15.1,7.5,12.0,1.0,1.0,1064169406,,,,91bbc2a7e466,live,12849322,0.754826,0.375679,0.4,11.3429,,CONFIRM,0.4498,0.979,0.754826,curve,0.360646,floor,inert,-0.979,False,1.0,2026-10-02,absent,1.45893,no-feed,,,,,,
2026-10-02,KOGE,168,181,11,65.74,222194813,0.01,-7.07,-13.1,-9.11,19.74,-3.73,4,11.7,9.7,12.0,1.0,1.0,222194813,,,,91bbc2a7e466,live,14273.53,0.586683,0.483434,0.4,11.3449,,LIQUIDITY,0.421,0.9163,0.586683,curve,0.333476,floor,inert,-0.9163,False,1.0,2026-10-02,absent,-0.20675,no-feed,,,,,,
2026-10-02,NEXO,75,182,11,0.856327,858169355,0.72,-3.95,-5.84,-9.49,-26.63,-10.34,4,14.7,7.5,12.0,1.0,1.0,858169355,,,,91bbc2a7e466,live,6144388,0.733393,0.373739,0.4,10.9639,,CONFIRM,0.4452,0.9842,0.733393,curve,0.349244,floor,inert,-0.9842,False,1.0,2026-10-02,absent,1.4889,no-feed,,,,,,
2026-10-02,OHM,142,183,11,20.24,302387583,0.03,-2.83,-9.39,-11.17,1.26,-5.74,4,12.4,9.0,12.0,0.982,1.0,401240877,,,,91bbc2a7e466,live,80210,0.620141,0.44849,0.4,10.9248,,LIQUIDITY,0.4138,0.9163,0.620141,curve,0.333923,floor,applied,-0.9163,False,1.0,2026-10-02,absent,-0.25227,no-feed,,,,,,
2026-10-02,OUSD,90,184,11,0.999783,668329596,0.44,-2.04,-10.5,-12.79,-17.21,-9.88,0,14.1,7.6,12.0,1.0,1.0,668329596,,,,91bbc2a7e466,live,2932621,0.706248,0.380946,0.4,10.7617,,CONFIRM,0.4329,0.9651,0.706248,curve,0.343084,floor,inert,-0.9651,False,1.0,2026-10-02,absent,-0.00166,no-feed,,,,,,
2026-10-02,SNX,217,185,11,0.257627,149643443,5.79,-3.95,5.22,9.56,-43.11,-6.11,4,10.9,8.8,13.9,1.0,1.0,149752558,10.95,,,91bbc2a7e466,live,8666736,0.543764,0.44215,0.462035,11.1085,,CONFIRM,0.3714,0.8161,0.543764,curve,0.462035,curve,inert,-0.8161,False,1.0,2026-10-02,current,2.80527,inert-band,gateio,3,44.361,8.0,NEUTRAL,200653.09
2026-10-02,SUN,132,186,11,0.01708875,328415252,4.56,-2.62,-9.03,-6.26,-14.16,-7.44,4,12.6,8.4,13.0,1.0,1.0,340008395,10.95,,,91bbc2a7e466,live,14979835,0.629106,0.419854,0.434694,11.4817,,CONFIRM,0.401,0.8678,0.629106,curve,0.434694,curve,inert,-0.8678,False,1.0,2026-10-02,current,0.14167,inert-band,gateio,1,,8.0,NEUTRAL,44216.96
2026-10-02,TWT,160,187,11,0.590323,245908079,3.7,-0.94,-1.87,-4.31,-7.13,-3.25,4,12.0,9.8,12.5,0.9361,1.0,590203138,10.95,,,91bbc2a7e466,live,9091785,0.597693,0.491775,0.415494,11.4322,,LIQUIDITY,0.405,0.8783,0.597693,curve,0.415494,curve,applied,-0.8783,False,1.0,2026-10-02,current,2.24459,inert-band,gateio,1,,8.0,NEUTRAL,156210.09
2026-10-02,USTB,81,188,11,11.23,750092472,0.0,-1.97,-10.37,-12.49,-15.29,-9.36,4,14.4,7.8,12.0,1.0,1.0,750242089,,,,91bbc2a7e466,live,0.0,0.718779,0.38892,0.4,11.1819,,CONFIRM,0.4311,0.9444,0.718779,curve,0.0,zero-volume,inert,-0.9444,False,1.0,2026-10-02,absent,0.0096,no-feed,,,,,,
2026-10-02,2Z,141,189,10,0.059146,302905466,3.09,2.46,9.66,-3.69,-49.26,-7.62,4,12.4,8.3,12.1,0.9495,1.0,591325026,10.95,,,91bbc2a7e466,live,9347611,0.620327,0.416917,0.401911,9.8695,,LIQUIDITY,0.3936,0.9115,0.620327,curve,0.401911,curve,applied,-0.9115,False,1.0,2026-10-02,current,0.92811,inert-band,gateio,2,0.0,4.0,NEUTRAL,246892.1
2026-10-02,A7A5,111,190,10,0.01173821,460561351,0.0,-2.44,-11.16,-10.26,-22.3,-10.55,4,13.3,7.4,12.0,1.0,1.0,460561351,,,,91bbc2a7e466,live,1073.23,0.665822,0.370657,0.4,9.8717,,CONFIRM,0.4286,0.9925,0.665822,curve,0.333339,floor,inert,-0.9925,False,1.0,2026-10-02,absent,-0.89622,no-feed,,,,,,
2026-10-02,APXUSD,138,191,10,0.991658,318011558,0.31,-0.91,-9.04,-9.9,-17.99,-8.61,4,12.5,8.0,12.0,1.0,1.0,318011558,,,,91bbc2a7e466,live,979935,0.625611,0.400939,0.4,10.0333,,LIQUIDITY,0.3985,0.9163,0.625611,curve,0.340181,floor,inert,-0.9163,False,1.0,2026-10-02,absent,-0.04408,no-feed,,,,,,
2026-10-02,CASH,234,192,10,0.999547,131523928,8.06,-2.04,-10.46,-12.77,-17.25,-9.87,4,10.6,7.6,15.4,1.0,1.0,131523928,,,,91bbc2a7e466,live,10602120,0.529751,0.381043,0.512466,10.3445,,CONFIRM,0.4253,0.9648,0.529751,curve,0.512466,curve,inert,-0.9648,False,1.0,2026-10-02,absent,-0.00045,no-feed,,,,,,
2026-10-02,EGLD,223,193,10,4.66,143999307,2.34,-1.74,3.63,-2.56,-24.95,-5.25,4,10.8,9.1,12.0,1.0,1.0,143999307,-114.8655,,,91bbc2a7e466,live,3375429,0.53959,0.45695,0.4,9.8626,,LIQUIDITY,0.3956,0.9163,0.53959,curve,0.385424,floor,inert,-0.9163,False,1.0,2026-10-02,current,4.0191,cold-no-rsi,gateio,2,374.1794,8.0,SHORT_SQUEEZE_RISK,199980.61
2026-10-02,EUTBL,88,194,10,1.19,686264113,0.0,-3.39,-12.48,-15.48,-18.21,-11.65,4,14.2,7.1,12.0,1.0,1.0,661654855,,,,91bbc2a7e466,live,0.0,0.709123,0.354316,0.4,10.0502,,CONFIRM,0.4516,1.0376,0.709123,curve,0.0,zero-volume,inert,-1.0376,False,1.0,2026-10-02,absent,-0.52031,no-feed,,,,,,
2026-10-02,FLR,92,195,10,0.00745638,649038556,0.56,1.23,5.13,0.82,-70.03,-12.15,4,14.1,6.9,12.0,0.9896,1.0,795216823,-4.4895,,,91bbc2a7e466,live,3630316,0.703068,0.347095,0.4,9.6597,,CONFIRM,0.4527,1.0582,0.703068,curve,0.345763,floor,applied,-1.0582,False,1.0,2026-10-02,current,0.77823,inert-band,gateio,1,,8.0,MILD_INVERSION,48094.85
2026-10-02,JTRSY,133,196,10,1.12,326210290,0.0,-1.95,-10.36,-12.5,-15.31,-9.36,4,12.6,7.8,12.0,1.0,1.0,326210290,,,,91bbc2a7e466,live,0.0,0.628374,0.388936,0.4,9.7759,,CONFIRM,0.4061,0.9443,0.628374,curve,0.0,zero-volume,inert,-0.9443,False,1.0,2026-10-02,absent,0.01566,no-feed,,,,,,
2026-10-02,MX,198,197,10,1.88,172527686,4.82,-2.42,-6.76,-4.7,-12.56,-6.1,4,11.2,8.8,13.2,0.9125,1.0,768403272,,,,91bbc2a7e466,live,8310836,0.559215,0.442269,0.44038,9.9386,,LIQUIDITY,0.3552,0.8201,0.559215,curve,0.44038,curve,applied,-0.8201,False,1.0,2026-10-02,absent,0.61076,no-feed,,,,,,
2026-10-02,OUSG,137,198,10,116.76,319728544,0.0,-1.97,-10.36,-12.5,-15.31,-9.37,4,12.5,7.8,12.0,1.0,1.0,319728544,,,,91bbc2a7e466,live,0.0,0.626195,0.388846,0.4,9.7397,,CONFIRM,0.4056,0.9446,0.626195,curve,0.0,zero-volume,inert,-0.9446,False,1.0,2026-10-02,absent,0.01051,no-feed,,,,,,
2026-10-02,REUSD,144,199,10,1.1,297555595,2.05,-1.89,-10.26,-12.18,-10.79,-8.34,4,12.4,8.1,12.0,1.0,1.0,297354751,,,,91bbc2a7e466,live,6097469,0.618392,0.405277,0.4,10.0248,,LIQUIDITY,0.3984,0.9163,0.618392,curve,0.378871,floor,inert,-0.9163,False,1.0,2026-10-02,absent,0.01096,no-feed,,,,,,
2026-10-02,SFP,214,200,10,0.307221,153625124,1.04,-2.14,-5.22,7.39,-15.06,-3.11,4,10.9,9.9,12.0,1.0,0.946,153625124,51.027,,,91bbc2a7e466,live,1594322,0.546616,0.494302,0.4,10.2273,,LIQUIDITY,0.4019,0.9163,0.546616,curve,0.356396,floor,inert,-0.9163,False,0.946,2026-10-02,current,1.10878,hot-confirmed,gateio,1,,8.0,OVERHEATED_LONG,15926.03
2026-10-02,SOFID,131,201,10,0.998317,330216216,3.8,-2.02,-10.62,-12.83,-17.21,-9.91,3,12.6,7.6,12.5,1.0,1.0,330216216,,,,91bbc2a7e466,live,12556417,0.6297,0.380379,0.417833,10.0081,,CONFIRM,0.4199,0.9666,0.6297,curve,0.417833,curve,inert,-0.9666,False,1.0,2026-10-02,absent,-0.11535,no-feed,,,,,,
2026-10-02,USD0,99,202,10,0.998819,546055359,0.03,-2.07,-10.48,-12.78,-17.17,-9.87,4,13.7,7.6,12.0,1.0,1.0,546055397,,,,91bbc2a7e466,live,143006,0.684309,0.381059,0.4,10.4305,,CONFIRM,0.4268,0.9648,0.684309,curve,0.333915,floor,inert,-0.9648,False,1.0,2026-10-02,absent,0.01393,no-feed,,,,,,
2026-10-02,USDAI,126,203,10,1.001,346571096,0.71,-1.98,-10.39,-12.74,-17.16,-9.81,4,12.7,7.6,12.0,1.0,1.0,346571088,,,,91bbc2a7e466,live,2449795,0.634948,0.382002,0.4,9.702,,CONFIRM,0.4125,0.9623,0.634948,curve,0.349041,floor,inert,-0.9623,False,1.0,2026-10-02,absent,0.01333,no-feed,,,,,,
2026-10-02,USDTB,106,204,10,0.999892,492654476,0.02,-2.0,-10.41,-12.73,-17.21,-9.83,4,13.5,7.6,12.0,1.0,1.0,492654476,,,,91bbc2a7e466,live,97129,0.673136,0.381676,0.4,10.2768,,CONFIRM,0.4233,0.9632,0.673136,curve,0.333771,floor,inert,-0.9632,False,1.0,2026-10-02,absent,0.04216,no-feed,,,,,,
2026-10-02,XEC,204,205,10,8.22e-06,164949217,3.01,-12.09,-4.48,8.57,-16.85,-5.97,4,11.1,8.9,12.0,1.0,1.0,164950038,,,,91bbc2a7e466,live,4970918,0.554338,0.444457,0.400302,9.8626,,LIQUIDITY,0.3952,0.9155,0.554338,curve,0.400302,curve,inert,-0.9155,False,1.0,2026-10-02,absent,0.1426,no-feed,,,,,,
2026-10-02,APYUSD,200,206,9,1.41,170247829,0.22,-0.32,-7.85,-9.52,-17.21,-7.88,3,11.2,8.3,12.0,1.0,1.0,170247829,,,,91bbc2a7e466,live,371249,0.55777,0.412649,0.4,9.2065,,LIQUIDITY,0.3841,0.9163,0.55777,curve,0.338179,floor,inert,-0.9163,False,1.0,2026-10-02,absent,0.12431,no-feed,,,,,,
2026-10-02,AUSD,171,207,9,0.99975,220112869,2.62,-2.03,-10.45,-12.76,-17.22,-9.85,4,11.7,7.6,12.0,1.0,1.0,220112869,,,,91bbc2a7e466,live,5758434,0.585661,0.381279,0.4,8.932,,CONFIRM,0.3992,0.9642,0.585661,curve,0.39147,floor,inert,-0.9642,False,1.0,2026-10-02,absent,-0.00285,no-feed,,,,,,
2026-10-02,GNO,139,208,9,118.02,311513467,0.81,0.31,-9.16,-9.99,-32.91,-11.28,4,12.5,7.2,12.0,0.9968,1.0,354047695,,,,91bbc2a7e466,live,2526124,0.623369,0.359715,0.4,8.9407,,CONFIRM,0.4235,1.0224,0.623369,curve,0.351354,floor,applied,-1.0224,False,1.0,2026-10-02,absent,-0.23747,no-feed,,,,,,
2026-10-02,PC0000031,178,209,9,1.0,202500000,0.0,-2.04,-10.5,-12.79,-17.21,-9.88,4,11.5,7.6,12.0,1.0,1.0,202500000,,,,91bbc2a7e466,live,0.0,0.576606,0.380946,0.4,8.7862,,CONFIRM,0.3968,0.9651,0.576606,curve,0.0,zero-volume,inert,-0.9651,False,1.0,2026-10-02,absent,0.0,no-feed,,,,,,
2026-10-02,SAFO,173,210,9,1.023,210783799,0.0,-1.95,-10.34,-12.45,-17.21,-9.73,3,11.6,7.7,12.0,1.0,1.0,210783799,,,,91bbc2a7e466,live,0.0,0.580959,0.383267,0.4,8.9065,,CONFIRM,0.3966,0.959,0.580959,curve,0.0,zero-volume,inert,-0.959,False,1.0,2026-10-02,absent,0.01164,no-feed,,,,,,
2026-10-02,STRCX,210,211,9,106.94,156426108,0.16,-0.56,-10.4,-8.84,-10.51,-7.08,4,11.0,8.5,12.0,0.9492,1.0,306440424,,,,91bbc2a7e466,live,255813,0.548577,0.42586,0.4,8.87,,LIQUIDITY,0.3782,0.9163,0.548577,curve,0.336967,floor,applied,-0.9163,False,1.0,2026-10-02,absent,0.13405,no-feed,,,,,,
2026-10-02,USAT,190,212,9,0.999103,183152444,0.2,-2.07,-10.48,-12.81,-17.34,-9.91,4,11.3,7.6,12.0,1.0,1.0,183152444,,,,91bbc2a7e466,live,369411,0.565703,0.380401,0.4,8.6078,,CONFIRM,0.3941,0.9665,0.565703,curve,0.337815,floor,inert,-0.9665,False,1.0,2026-10-02,absent,-0.01689,no-feed,,,,,,
2026-10-02,USTBL,203,213,9,1.098,165913728,0.0,-1.96,-10.36,-12.5,-15.28,-9.36,4,11.1,7.8,12.0,1.0,1.0,165913728,,,,91bbc2a7e466,live,0.0,0.554971,0.388956,0.4,8.6344,,CONFIRM,0.3855,0.9443,0.554971,curve,0.0,zero-volume,inert,-0.9443,False,1.0,2026-10-02,absent,0.01649,no-feed,,,,,,
2026-10-02,USX,172,214,9,0.999498,212744103,1.09,-2.02,-10.46,-12.77,-17.24,-9.86,4,11.6,7.6,12.0,1.0,1.0,212644140,,,,91bbc2a7e466,live,2309978,0.581964,0.381132,0.4,8.8722,,CONFIRM,0.3982,0.9646,0.581964,curve,0.357462,floor,inert,-0.9646,False,1.0,2026-10-02,absent,0.01279,no-feed,,,,,,
2026-10-02,B,196,215,8,0.174711,174525379,2.17,-17.01,-13.1,21.82,-39.0,-10.72,4,11.2,7.4,12.0,1.0,1.0,174525379,10.95,,,91bbc2a7e466,live,3787653,0.560465,0.368001,0.4,8.2501,,CONFIRM,0.4007,0.9997,0.560465,curve,0.381561,floor,inert,-0.9997,False,1.0,2026-10-02,current,-0.54229,inert-band,gateio,1,,4.0,NEUTRAL,1385167.04
2026-10-02,BDX,98,216,8,0.073191,578366880,0.51,-7.78,-13.57,-19.44,-25.34,-15.65,4,13.8,6.0,12.0,0.9867,1.0,730378340,,,,91bbc2a7e466,live,2947676,0.690551,0.300075,0.4,8.1784,,CONFIRM,0.4808,1.2037,0.690551,curve,0.344659,floor,applied,-1.2037,False,1.0,2026-10-02,absent,0.89269,no-feed,,,,,,
2026-10-02,BORG,197,217,8,0.177551,172537810,0.23,-4.46,-5.91,-4.74,-35.94,-11.19,4,11.2,7.2,12.0,1.0,1.0,172537810,,,,91bbc2a7e466,live,393916,0.559221,0.361081,0.4,8.077,,CONFIRM,0.4048,1.0187,0.559221,curve,0.338407,floor,inert,-1.0187,False,1.0,2026-10-02,absent,1.49695,no-feed,,,,,,
2026-10-02,EDGE,192,218,8,0.511952,179130911,1.9,-11.74,-25.7,20.31,-17.21,-8.31,3,11.3,8.1,12.0,0.9271,1.0,511802603,10.95,,,91bbc2a7e466,live,3400873,0.563293,0.405659,0.4,8.4739,,LIQUIDITY,0.3712,0.9163,0.563293,curve,0.375523,floor,applied,-0.9163,False,1.0,2026-10-02,current,-1.72532,inert-band,gateio,1,,4.0,NEUTRAL,40036.8
2026-10-02,JPYC,231,219,8,0.00631353,133700129,0.77,-2.35,-14.01,-11.51,-16.18,-10.32,4,10.6,7.5,12.0,1.0,1.0,133700129,,,,91bbc2a7e466,live,1032125,0.531533,0.374115,0.4,7.9542,,CONFIRM,0.3884,0.9832,0.531533,curve,0.350488,floor,inert,-0.9832,False,1.0,2026-10-02,absent,-0.18741,no-feed,,,,,,
2026-10-02,KAU,102,220,8,134.23,535059840,0.02,-4.78,-14.48,-15.83,-34.0,-15.81,4,13.6,6.0,12.0,1.0,1.0,535059840,,,,91bbc2a7e466,live,85792,0.682101,0.298118,0.4,8.1339,,CONFIRM,0.4823,1.2103,0.682101,curve,0.33369,floor,inert,-1.2103,False,1.0,2026-10-02,absent,-0.60491,no-feed,,,,,,
2026-10-02,PC0000033,207,221,8,1.0,162500000,0.0,-2.04,-10.5,-12.79,-17.21,-9.88,4,11.1,7.6,12.0,1.0,1.0,162500000,,,,91bbc2a7e466,live,0.0,0.552713,0.380946,0.4,8.4222,,CONFIRM,0.39,0.9651,0.552713,curve,0.0,zero-volume,inert,-0.9651,False,1.0,2026-10-02,absent,0.0,no-feed,,,,,,
2026-10-02,PI,69,222,8,0.090257,1014770748,0.48,0.72,-2.12,-15.92,-73.77,-19.05,4,15.0,5.2,12.0,0.9686,1.0,1561185766,10.95,,,91bbc2a7e466,live,4842717,0.751592,0.261004,0.4,7.6003,,CONFIRM,0.5212,1.3432,0.751592,curve,0.343938,floor,applied,-1.3432,False,1.0,2026-10-02,current,0.1407,inert-band,gateio,1,,4.0,NEUTRAL,1297594.29
2026-10-02,BTSE,209,223,7,0.994718,161199437,0.12,-4.38,-14.46,7.48,-50.87,-13.23,4,11.0,6.6,12.0,0.9889,1.0,198936127,,,,91bbc2a7e466,live,191905,0.551841,0.331828,0.4,7.2433,,CONFIRM,0.4202,1.1031,0.551841,curve,0.335979,floor,applied,-1.1031,False,1.0,2026-10-02,absent,-1.9733,no-feed,,,,,,
2026-10-02,CASHCAT,195,224,7,0.177957,175956299,7.49,-3.6,-25.3,-42.7,-17.21,-21.52,3,11.2,4.7,15.0,1.0,1.0,175956298,10.95,36.99,-0.7761,91bbc2a7e466,live,13186945,0.561351,0.236477,0.499877,6.6357,,CONFIRM,0.5315,1.4419,0.561351,curve,0.499877,curve,inert,-1.4419,False,1.0,2026-10-02,current,3.33949,inert-band,gateio,2,85.0149,4.0,NEUTRAL,3080001.63
2026-10-02,COCO,208,225,7,0.162164,162161211,0.02,-2.95,-14.95,-13.9,-38.42,-15.78,4,11.0,6.0,12.0,1.0,1.0,162161211,,,,91bbc2a7e466,live,36239,0.552487,0.298504,0.4,6.5968,,CONFIRM,0.4447,1.209,0.552487,curve,0.33383,floor,inert,-1.209,False,1.0,2026-10-02,absent,0.55451,no-feed,,,,,,
2026-10-02,M,38,226,7,1.054,2405745099,0.05,-14.0,-28.55,-12.21,-44.51,-23.29,4,16.9,4.4,12.0,0.9367,1.0,5715326954,10.95,,,91bbc2a7e466,live,1244740,0.845312,0.220884,0.4,6.9959,,CONFIRM,0.5677,1.5101,0.845312,curve,0.334483,floor,applied,-1.5101,False,1.0,2026-10-02,current,3.03553,inert-band,gateio,1,,8.0,NEUTRAL,884268.76
2026-10-02,NFT,161,227,7,2.40729e-07,238286716,2.75,-1.43,-8.82,-13.47,-45.42,-15.09,4,11.9,6.1,12.0,1.0,1.0,238286716,,,,91bbc2a7e466,live,6541687,0.594275,0.307185,0.4,7.3021,,CONFIRM,0.451,1.1803,0.594275,curve,0.39434,floor,inert,-1.1803,False,1.0,2026-10-02,absent,0.13839,no-feed,,,,,,
2026-10-02,SPX,114,228,7,0.452456,420930707,1.62,-3.46,-19.44,-30.47,-21.63,-17.84,4,13.1,5.5,12.0,1.0,1.0,420930707,10.95,40.39,-3.7312,91bbc2a7e466,live,6827107,0.656053,0.274172,0.4,7.1948,,CONFIRM,0.4917,1.294,0.656053,curve,0.369376,floor,inert,-1.294,False,1.0,2026-10-02,current,3.17746,inert-band,gateio,3,63.6233,4.0,NEUTRAL,475388.82
2026-10-02,VSN,201,229,7,0.04461137,169346088,1.28,-3.9,-5.8,-4.62,-51.36,-14.05,4,11.1,6.4,12.0,0.9994,1.0,187402314,,,,91bbc2a7e466,live,2163673,0.557194,0.320793,0.4,7.1455,,CONFIRM,0.4309,1.137,0.557194,curve,0.361726,floor,applied,-1.137,False,1.0,2026-10-02,absent,1.37651,no-feed,,,,,,
2026-10-02,WLFI,50,230,7,0.056451,1793693027,1.99,-2.53,-13.86,-14.3,-63.95,-20.59,4,16.3,4.9,12.0,0.923,1.0,5644389044,10.95,,,91bbc2a7e466,live,35748839,0.813437,0.245356,0.4,7.3685,,CONFIRM,0.5388,1.405,0.813437,curve,0.377623,floor,applied,-1.405,False,1.0,2026-10-02,current,1.82315,inert-band,gateio,5,436.248,4.0,NEUTRAL,7813214.38
2026-10-02,KAG,167,231,6,61.17,224138804,0.1,-7.74,-18.84,-16.45,-39.25,-19.0,4,11.8,5.2,12.0,1.0,1.0,224138804,,,,91bbc2a7e466,live,221532,0.587629,0.261556,0.4,6.1479,,CONFIRM,0.4808,1.3411,0.587629,curve,0.33553,floor,inert,-1.3411,False,1.0,2026-10-02,absent,-0.56402,no-feed,,,,,,
2026-10-02,AI,213,232,5,0.155485,154099258,16.44,-36.96,-67.23,-41.2,-17.21,-41.64,3,10.9,2.6,21.0,1.0,1.0,154099258,0.0,35.67,-0.2296,91bbc2a7e466,live,25341010,0.54695,0.131068,0.698769,5.0093,,CONFIRM,0.6787,2.032,0.54695,curve,0.698769,curve,inert,-2.032,False,1.0,2026-10-02,current,0.30617,inert-band,hyperliquid,1,,1.0,NEUTRAL,
2026-10-02,H,218,233,5,0.070335,149134128,1.42,5.07,-24.85,-17.74,-58.86,-20.9,4,10.9,4.8,12.0,0.9112,1.0,703308208,10.95,,,91bbc2a7e466,live,2116756,0.543394,0.24237,0.4,4.8003,,CONFIRM,0.4668,1.4173,0.543394,curve,0.364875,floor,applied,-1.4173,False,1.0,2026-10-02,current,1.57401,inert-band,gateio,1,,4.0,NEUTRAL,1374710.99
2026-10-02,ULTIMA,215,234,5,1806.37,152984025,5.45,-5.02,-15.19,-28.39,-73.78,-27.16,4,10.9,3.8,13.6,0.9932,1.0,180601626,,,,91bbc2a7e466,live,8340266,0.546162,0.192021,0.454483,4.734,,CONFIRM,0.541,1.6501,0.546162,curve,0.454483,curve,applied,-1.6501,False,1.0,2026-10-02,absent,14.37899,no-feed,,,,,,
2026-10-02,HASH,130,235,3,0.00568896,332669165,0.0,-27.3,-32.39,-45.32,-72.34,-42.09,4,12.6,2.6,12.0,0.964,1.0,539516932,,,,91bbc2a7e466,live,7394.23,0.630503,0.130013,0.4,3.1609,,CONFIRM,0.5906,2.0401,0.630503,curve,0.333383,floor,applied,-2.0401,False,1.0,2026-10-02,absent,-9.17765,no-feed,,,,,,
