date,issuer_id,name,market_cap,market_cap_change_24h,volume_24h,tokens_n,chains_n,underlyings_n,live_tokens_n
2026-09-01,anchored-ecosystem,Anchored Labs,1035434.982091912,-4135.2195119484095,0.0,80,4,80,0
2026-09-01,backpack-securities-ecosystem,Backpack Securities,23169386.163336486,-298998.70792967454,11076701.507400576,14,1,14,14
2026-09-01,bstocks-ecosystem,BTech Holdings Limited,439992924.73842984,-20820002.324991703,191434932.16734752,52,1,52,52
2026-09-01,coinbase-ecosystem,Coinbase,10472241.396617997,939691.8926367033,21576346.927994695,4,1,4,4
2026-09-01,comtech-ecosystem,ComTech,3340510.371548575,-93342.18317281641,881986.6021240413,1,1,1,1
2026-09-01,dinari-ecosystem,Dinari,11384979.622503158,-2925618.409355508,257408.4782254829,133,5,133,2
2026-09-01,dominion-market-ecosystem,Dominion Market,5901865.004149795,-143939.4417783823,80738.7543067084,1,1,1,1
2026-09-01,figure-markets-ecosystem,"Figure Technology Solutions, Inc.",,,,1,1,0,0
2026-09-01,gate-ecosystem,Gate,0.0,0.0,65293.0830415553,1,0,1,1
2026-09-01,goldfish-ecosystem,Goldfish,84147707.76355225,-5306619.205819234,559737.6475469209,1,1,1,1
2026-09-01,japaul-ltd-ecosystem,Japaul,,,,1,1,1,0
2026-09-01,kinesis-ecosystem,Kinesis Money,567770066.9948449,-19563940.479158282,668309.8876777235,2,1,2,2
2026-09-01,kinka-ecosystem,Kinka,,,,1,2,0,0
2026-09-01,matrixdock-ecosystem,Matrixdock,75594945.06677611,-1869981.6424915195,480446.14867328596,2,11,2,2
2026-09-01,midas-labs-ecosystem,Midas Labs,5439324.811317405,-140143.73630673718,422858.09407101397,1,1,1,1
2026-09-01,mks-pamp-ecosystem,MKS PAMP,10690960.883519335,-22181.21776479669,200.0641285942795,1,3,1,0
2026-09-01,ondo-tokenized-assets,Ondo Finance,948469158.1244566,-17511301.7116338,154309624.7245171,438,4,438,237
2026-09-01,paxos-ecosystem,Paxos Global,1872495040.0029962,-45881898.39036393,152270212.7123072,1,1,1,1
2026-09-01,pleasing-ecosystem,Pleasing Market,,,,1,2,1,0
2026-09-01,prestocks-ecosystem,PreStocks,16058811.881439261,-138876.5831002649,1011796.640245007,7,1,7,6
2026-09-01,quorium-ecosystem,Quorium,,,,1,1,0,0
2026-09-01,reality-ecosystem,Reality,10202035.837710766,-80155.33461054228,582044.8460638177,2,1,2,2
2026-09-01,republic-tokenized-pre-ipo-assets,Republic,35691269.53950358,29972.63639780134,134199.75268046005,2,1,1,1
2026-09-01,robinhood-chain-stocks-ecosystem,Robinhood Europe,75029707.30951785,10520559.94909586,362548653.1208436,182,1,182,113
2026-09-01,robinhood-ecosystem,Robinhood Ecosystem,,,,1,1,1,1
2026-09-01,securitize-ecosystem,Securitize,15852432.959999999,377438.8800000008,0.0,1,3,1,0
2026-09-01,st0x-ecosystem,ST0x,526913.0954741879,-21532.689947939245,552022.7565172878,6,1,6,3
2026-09-01,streamex-ecosystem,Streamex,13347766.042490222,-364926.1612948589,0.0,1,1,0,0
2026-09-01,tessera-tokenized-pre-ipo-assets,Tessera Tokenized Pre-IPO Assets,,,,3,1,0,0
2026-09-01,tether-ecosystem,Tether,2774100424.9824367,-67819458.72771025,293186149.4540277,2,15,1,2
2026-09-01,token-teknoloji-a-s-ecosystem,Token Teknoloji,321.66398242620187,-11.494846894415218,20644.460230546058,4,3,2,3
2026-09-01,unitas-ecosystem,Unitas,11463535.657634001,147347.20630840585,8716.336430126872,1,1,1,0
2026-09-01,vnx-commodities-ag-ecosystem,VNX,6208936.82209019,-98218.2809005566,30582.57594041062,1,6,1,1
2026-09-01,xstocks-ecosystem,xStocks,804045813.9275405,-15270862.492223978,132602974.36817066,130,16,114,60
2026-09-02,anchored-ecosystem,Anchored Labs,1034616.1430759245,-659.6196612032363,0.0,80,4,80,0
2026-09-02,backpack-securities-ecosystem,Backpack Securities,22941424.334950343,-241581.64043963328,10388963.692235446,14,1,14,14
2026-09-02,bstocks-ecosystem,BTech Holdings Limited,421117421.1913473,-17527565.080254614,171366933.70607403,52,1,52,52
2026-09-02,coinbase-ecosystem,Coinbase,9419748.794305956,-306471.87715996243,21676866.071765516,4,1,4,4
2026-09-02,comtech-ecosystem,ComTech,3326647.581209337,-47093.20253888378,881026.5732011631,1,1,1,1
2026-09-02,dinari-ecosystem,Dinari,11368795.452261023,-2964141.220568601,223283.01860679436,133,5,133,2
2026-09-02,dominion-market-ecosystem,Dominion Market,5868483.233442829,-94395.4735894315,122407.09489518593,1,1,1,1
2026-09-02,figure-markets-ecosystem,"Figure Technology Solutions, Inc.",,,,1,1,0,0
2026-09-02,gate-ecosystem,Gate,0.0,0.0,132504.2600359206,1,0,1,1
2026-09-02,goldfish-ecosystem,Goldfish,63080466.9465056,-17321742.038422085,105460.63101301024,1,1,1,1
2026-09-02,japaul-ltd-ecosystem,Japaul,,,,1,1,1,0
2026-09-02,kinesis-ecosystem,Kinesis Money,569017093.1242651,-5876937.540369391,836898.8841272206,2,1,2,2
2026-09-02,kinka-ecosystem,Kinka,,,,1,2,0,0
2026-09-02,matrixdock-ecosystem,Matrixdock,75112066.67192177,-1071988.4702526033,571784.823149615,2,11,2,2
2026-09-02,midas-labs-ecosystem,Midas Labs,5411477.625457958,-72716.41206090618,510377.95548510127,1,1,1,1
2026-09-02,mks-pamp-ecosystem,MKS PAMP,10459797.242877034,-249927.43155548908,278.596282700648,1,3,1,0
2026-09-02,ondo-tokenized-assets,Ondo Finance,934377087.0360211,-18216957.840504646,153244933.17576027,438,4,438,237
2026-09-02,paxos-ecosystem,Paxos Global,1862022762.82623,-23406492.409022808,222060192.21657512,1,1,1,1
2026-09-02,pleasing-ecosystem,Pleasing Market,84924220.16585429,,8.308327817371934,1,2,1,0
2026-09-02,prestocks-ecosystem,PreStocks,16449573.009771345,203896.5142432507,871416.9011512552,7,1,7,5
2026-09-02,quorium-ecosystem,Quorium,,,,1,1,0,0
2026-09-02,reality-ecosystem,Reality,10153922.351087784,-18035.692618547007,590852.7867232938,2,1,2,2
2026-09-02,republic-tokenized-pre-ipo-assets,Republic,35763372.08532195,287914.956876643,133965.39830144518,2,1,1,1
2026-09-02,robinhood-chain-stocks-ecosystem,Robinhood Europe,81545053.31863862,13124716.198821455,404418387.3905244,183,1,183,117
2026-09-02,securitize-ecosystem,Securitize,15852432.959999999,377438.8800000008,0.0,1,3,1,0
2026-09-02,st0x-ecosystem,ST0x,525708.7808295271,-13365.117301438819,380075.6945293759,6,1,6,2
2026-09-02,streamex-ecosystem,Streamex,13288916.813088862,-207934.35424847715,0.0,1,1,0,0
2026-09-02,tessera-tokenized-pre-ipo-assets,Tessera Tokenized Pre-IPO Assets,,,,3,1,0,0
2026-09-02,tether-ecosystem,Tether,2758851720.087119,-34080383.23453474,359853579.2741726,2,15,1,2
2026-09-02,token-teknoloji-a-s-ecosystem,Token Teknoloji,319.62120521250716,-3.9850224291292875,34925.183361138115,4,3,2,4
2026-09-02,unitas-ecosystem,Unitas,11474485.411784597,308779.4068364799,22313.087464490043,1,1,1,1
2026-09-02,vnx-commodities-ag-ecosystem,VNX,6120861.808334432,-123772.97632983048,41013.65181587032,1,6,1,1
2026-09-02,xstocks-ecosystem,xStocks,801927265.7528507,74103766.4820081,125021390.6169156,130,16,114,61
2026-09-03,anchored-ecosystem,Anchored Labs,1036539.6904428453,1923.5473669208586,0.0,80,4,80,0
2026-09-03,backpack-securities-ecosystem,Backpack Securities,23314746.243286036,373321.9083356932,11706237.958887216,14,1,14,12
2026-09-03,bstocks-ecosystem,BTech Holdings Limited,429745804.2950918,8628383.103744507,144263543.01251552,52,1,52,52
2026-09-03,coinbase-ecosystem,Coinbase,8649293.701868705,-770455.0924372505,20623966.293123994,4,1,4,4
2026-09-03,comtech-ecosystem,ComTech,3413512.065557474,86864.48434813693,897476.3253862892,1,1,1,1
2026-09-03,dinari-ecosystem,Dinari,8208525.682187848,-3160269.7700731754,145996.14192519226,134,5,134,2
2026-09-03,dominion-market-ecosystem,Dominion Market,6011939.718058145,143456.48461531568,58164.46226162636,1,1,1,1
2026-09-03,figure-markets-ecosystem,"Figure Technology Solutions, Inc.",,,,1,1,0,0
2026-09-03,gate-ecosystem,Gate,0.0,0.0,450857.8423430848,1,0,1,1
2026-09-03,goldfish-ecosystem,Goldfish,83911372.51056086,20830905.564055257,104773.86648084252,1,1,1,1
2026-09-03,japaul-ltd-ecosystem,Japaul,,,,1,1,1,0
2026-09-03,kinesis-ecosystem,Kinesis Money,586076088.8431022,17058995.718837142,780690.6349899106,2,1,2,2
2026-09-03,kinka-ecosystem,Kinka,,,,1,2,0,0
2026-09-03,matrixdock-ecosystem,Matrixdock,76690873.49359097,1578806.8216691911,552609.2682086482,2,11,2,2
2026-09-03,midas-labs-ecosystem,Midas Labs,5558578.975484039,147101.35002608038,597486.4204558817,1,1,1,1
2026-09-03,mks-pamp-ecosystem,MKS PAMP,10685237.799021678,225440.55614464357,1787.1085484952919,1,3,1,0
2026-09-03,ondo-tokenized-assets,Ondo Finance,948651846.4113213,14274759.375300169,176422412.41158137,438,4,438,232
2026-09-03,paxos-ecosystem,Paxos Global,1913161053.099267,51138290.27303696,146376836.35401082,1,1,1,1
2026-09-03,pleasing-ecosystem,Pleasing Market,85177603.34996456,253383.18411026895,2.1038443159422897,1,2,1,0
2026-09-03,prestocks-ecosystem,PreStocks,15990157.77444793,-459415.23532341607,751536.3470710779,7,1,7,4
2026-09-03,quorium-ecosystem,Quorium,,,,1,1,0,0
2026-09-03,reality-ecosystem,Reality,10028632.845964119,-125289.50512366556,216084.62440042113,2,1,2,2
2026-09-03,republic-tokenized-pre-ipo-assets,Republic,36959010.78539212,1195638.7000701725,713935.908486741,2,1,1,1
2026-09-03,robinhood-chain-stocks-ecosystem,Robinhood Europe,94978223.91680123,13433170.598162606,506619550.4991809,184,1,184,141
2026-09-03,securitize-ecosystem,Securitize,18919123.86,3066690.9000000004,0.0,1,3,1,0
2026-09-03,st0x-ecosystem,ST0x,528807.1991147473,3098.4182852202794,1317131.7116473245,6,1,6,2
2026-09-03,streamex-ecosystem,Streamex,13643689.551037919,354772.73794905655,0.0,1,1,0,0
2026-09-03,tessera-tokenized-pre-ipo-assets,Tessera Tokenized Pre-IPO Assets,,,,3,1,0,0
2026-09-03,tether-ecosystem,Tether,2829544514.580455,70692794.49333572,259900614.70566478,2,15,1,2
2026-09-03,token-teknoloji-a-s-ecosystem,Token Teknoloji,328.9743171730492,9.353111960542037,12756.247488039671,4,3,2,1
2026-09-03,unitas-ecosystem,Unitas,11903988.04322787,429502.6314432733,15477.286118432703,1,1,1,1
2026-09-03,vnx-commodities-ag-ecosystem,VNX,6249069.619488076,128207.8111536447,20487.781547737784,1,6,1,1
2026-09-03,xstocks-ecosystem,xStocks,724958823.5545479,-77074237.85518777,70888368.03328367,130,16,114,61
2026-09-04,anchored-ecosystem,Anchored Labs,1041124.7348847842,4585.044441938866,0.0,80,4,80,0
2026-09-04,backpack-securities-ecosystem,Backpack Securities,24374003.632423107,1059257.3891370706,15380950.55777944,14,1,14,11
2026-09-04,bstocks-ecosystem,BTech Holdings Limited,457387018.3995537,27641214.10446191,215009581.45062622,52,1,52,52
2026-09-04,coinbase-ecosystem,Coinbase,8627659.043863708,-21634.658004997298,21034344.724996984,4,1,4,4
2026-09-04,comtech-ecosystem,ComTech,3441395.6128053237,27883.54724784987,916381.9933519949,1,1,1,1
2026-09-04,dinari-ecosystem,Dinari,8203152.474416176,-5373.207771671936,73340.55511476117,135,5,135,3
2026-09-04,dominion-market-ecosystem,Dominion Market,6051997.954566151,40058.23650800623,93863.02910325785,1,1,1,1
2026-09-04,figure-markets-ecosystem,"Figure Technology Solutions, Inc.",,,,1,1,0,0
2026-09-04,gate-ecosystem,Gate,0.0,0.0,271109.88317575323,1,0,1,1
2026-09-04,goldfish-ecosystem,Goldfish,82697239.84736267,-1214132.663198188,66275.82053909602,1,1,1,1
2026-09-04,japaul-ltd-ecosystem,Japaul,,,,1,1,1,0
2026-09-04,kinesis-ecosystem,Kinesis Money,592630223.4352251,6554134.592122912,503636.4964406827,2,1,2,2
2026-09-04,kinka-ecosystem,Kinka,,,,1,2,0,0
2026-09-04,matrixdock-ecosystem,Matrixdock,77810160.70832813,1119287.214737162,550326.9983664665,2,11,2,2
2026-09-04,midas-labs-ecosystem,Midas Labs,5607833.445118146,49254.469634107314,492355.8463023765,1,1,1,1
2026-09-04,mks-pamp-ecosystem,MKS PAMP,10798340.271548422,113102.47252674401,14081.422680919866,1,3,1,1
2026-09-04,ondo-tokenized-assets,Ondo Finance,977240301.1891776,28586804.476029158,196969392.76092145,438,4,438,236
2026-09-04,paxos-ecosystem,Paxos Global,1931204207.9623852,18043154.86311817,158490793.403796,1,1,1,1
2026-09-04,pleasing-ecosystem,Pleasing Market,86592918.70857425,1415315.3586096913,22.938157774905005,1,2,1,0
2026-09-04,prestocks-ecosystem,PreStocks,16303158.484763095,313000.71031516604,2156012.715508225,7,1,7,5
2026-09-04,quorium-ecosystem,Quorium,,,,1,1,0,0
2026-09-04,reality-ecosystem,Reality,10631268.698680859,602635.8527167402,453501.8752972729,2,1,2,2
2026-09-04,republic-tokenized-pre-ipo-assets,Republic,38668907.63974182,1709896.8543497026,2266355.913852422,2,1,1,1
2026-09-04,robinhood-chain-stocks-ecosystem,Robinhood Europe,108224669.11409912,13231720.230591461,634111411.7458435,186,1,186,140
2026-09-04,securitize-ecosystem,Securitize,14153958.0,-4765165.859999999,0.0,1,3,1,0
2026-09-04,st0x-ecosystem,ST0x,472673.68029356934,-56133.518821178004,1751157.984605935,6,1,6,3
2026-09-04,streamex-ecosystem,Streamex,13785566.637850523,141877.08681260422,0.0,1,1,0,0
2026-09-04,tessera-tokenized-pre-ipo-assets,Tessera Tokenized Pre-IPO Assets,,,,3,1,0,0
2026-09-04,tether-ecosystem,Tether,2855635055.6538534,26090541.07339859,269083993.02068174,2,15,1,2
2026-09-04,token-teknoloji-a-s-ecosystem,Token Teknoloji,334.1071475858704,5.132830412821193,20487.925505328792,4,3,2,3
2026-09-04,unitas-ecosystem,Unitas,12276925.31369938,372937.27047150955,569.9706619943603,1,1,1,0
2026-09-04,vnx-commodities-ag-ecosystem,VNX,6308018.7588243075,58949.139336231165,24477.909269661825,1,6,1,1
2026-09-04,xstocks-ecosystem,xStocks,839155936.568199,113443407.26539731,95931719.63211383,130,16,114,61
2026-09-05,anchored-ecosystem,Anchored Labs,1039862.3204737223,-1401.3348853482166,0.0,80,4,80,0
2026-09-05,backpack-securities-ecosystem,Backpack Securities,22966710.53668069,-1396375.2806389593,12795187.288610095,14,1,14,11
2026-09-05,bstocks-ecosystem,BTech Holdings Limited,442049703.743521,-14163743.569794059,245298206.15478116,52,1,52,52
2026-09-05,coinbase-ecosystem,Coinbase,8593598.994949672,5826.701672179624,20347609.77699189,4,1,4,4
2026-09-05,comtech-ecosystem,ComTech,3386311.712698813,-70382.01585712656,867608.3282812489,1,1,1,1
2026-09-05,dinari-ecosystem,Dinari,414469.4149047403,-7783015.376365943,5323.592673185976,135,5,135,1
2026-09-05,dominion-market-ecosystem,Dominion Market,6059236.355271005,8613.729690992273,68347.70148056465,1,1,1,1
2026-09-05,figure-markets-ecosystem,"Figure Technology Solutions, Inc.",,,,1,1,0,0
2026-09-05,gate-ecosystem,Gate,0.0,0.0,99608.34402626788,1,0,1,1
2026-09-05,goldfish-ecosystem,Goldfish,88286091.22845186,4891015.028605908,93950.27491894408,1,1,1,1
2026-09-05,japaul-ltd-ecosystem,Japaul,,,,1,1,1,0
2026-09-05,kinesis-ecosystem,Kinesis Money,579502888.1358593,-15367274.373271465,393714.05528595566,2,1,2,2
2026-09-05,kinka-ecosystem,Kinka,,,,1,2,0,0
2026-09-05,matrixdock-ecosystem,Matrixdock,77248362.30659091,-680501.7940498292,522248.6907372987,2,11,2,2
2026-09-05,midas-labs-ecosystem,Midas Labs,5553961.751411839,-34569.7732099602,965600.1229385829,1,1,1,1
2026-09-05,mks-pamp-ecosystem,MKS PAMP,10600774.61964711,-20204.988506294787,3863.6445499133633,1,3,1,0
2026-09-05,ondo-tokenized-assets,Ondo Finance,969635625.7400498,-8137355.738273621,181636022.7086225,438,4,438,232
2026-09-05,paxos-ecosystem,Paxos Global,1916960896.9405,-18306430.34379959,161851030.8682857,1,1,1,1
2026-09-05,pleasing-ecosystem,Pleasing Market,86598423.28959787,,7.8705521758955275,1,2,1,0
2026-09-05,prestocks-ecosystem,PreStocks,17518986.10769056,1114238.1004437339,3518321.926567277,7,1,7,5
2026-09-05,quorium-ecosystem,Quorium,,,,1,1,0,0
2026-09-05,reality-ecosystem,Reality,10659657.0598039,30704.489932194352,640967.3835036254,2,1,2,2
2026-09-05,republic-tokenized-pre-ipo-assets,Republic,39065336.29306212,534979.7045725882,513571.39460238186,2,1,1,1
2026-09-05,robinhood-chain-stocks-ecosystem,Robinhood Europe,138920069.34640047,30758105.497198313,631575464.3218036,186,1,186,113
2026-09-05,securitize-ecosystem,Securitize,15522173.94,1368215.9399999995,0.0,1,3,1,0
2026-09-05,st0x-ecosystem,ST0x,592963.1608852587,119608.07583935,1143180.168296568,6,1,6,3
2026-09-05,streamex-ecosystem,Streamex,13739060.634980945,-46506.00286957808,0.0,1,1,0,0
2026-09-05,tessera-tokenized-pre-ipo-assets,Tessera Tokenized Pre-IPO Assets,,,,3,1,0,0
2026-09-05,tether-ecosystem,Tether,2834518373.0531383,-27031153.90462303,248678706.33308533,2,15,1,2
2026-09-05,token-teknoloji-a-s-ecosystem,Token Teknoloji,330.79208876751727,-4.61594703752553,19774.421839524584,4,3,2,3
2026-09-05,unitas-ecosystem,Unitas,12368024.565191511,148819.12566790543,23756.033328792444,1,1,1,1
2026-09-05,vnx-commodities-ag-ecosystem,VNX,6211123.749482169,-100468.68215687852,36332.68433219445,1,6,1,1
2026-09-05,xstocks-ecosystem,xStocks,739477654.1234217,-100488946.63303518,73576549.56686147,130,16,114,60
2026-09-06,anchored-ecosystem,Anchored Labs,1039862.3204737224,0.0,0.0,80,4,80,0
2026-09-06,backpack-securities-ecosystem,Backpack Securities,23595154.05913191,622163.5351266041,2861776.219038758,15,1,15,11
2026-09-06,bstocks-ecosystem,BTech Holdings Limited,450390914.0503752,7974773.576437056,92072423.29434833,52,1,52,52
2026-09-06,coinbase-ecosystem,Coinbase,8623218.338157237,33047.94026119448,7490419.3201388605,4,1,4,4
2026-09-06,comtech-ecosystem,ComTech,3381619.2540926994,-6522.952796763275,898710.4050318561,1,1,1,1
2026-09-06,dinari-ecosystem,Dinari,271827.47000661475,-7932937.4079145985,5.785548567686259,135,5,135,0
2026-09-06,dominion-market-ecosystem,Dominion Market,6109745.456450598,45250.82319057081,580092.9711968433,1,1,1,1
2026-09-06,figure-markets-ecosystem,"Figure Technology Solutions, Inc.",,,,1,1,0,0
2026-09-06,gate-ecosystem,Gate,0.0,0.0,60376.597529217746,1,0,1,1
2026-09-06,goldfish-ecosystem,Goldfish,88135821.26338053,-236940.57032702863,83381.25437256884,1,1,1,1
2026-09-06,japaul-ltd-ecosystem,Japaul,,,,1,1,1,0
2026-09-06,kinesis-ecosystem,Kinesis Money,588548657.0867634,9029372.445542812,38351.51270757437,2,1,2,1
2026-09-06,kinka-ecosystem,Kinka,,,,1,2,0,0
2026-09-06,matrixdock-ecosystem,Matrixdock,77169475.22817029,13239.994927495718,522484.0353530047,2,11,2,2
2026-09-06,midas-labs-ecosystem,Midas Labs,5539690.090718673,-16136.79674579762,17930.121389618438,1,1,1,1
2026-09-06,mks-pamp-ecosystem,MKS PAMP,10655137.163418496,49232.73181120306,39.7721709025139,1,3,1,0
2026-09-06,ondo-tokenized-assets,Ondo Finance,942665247.3646374,520947.7937297821,138076428.79612672,438,4,438,227
2026-09-06,paxos-ecosystem,Paxos Global,1915788191.9507887,-1417886.371622324,50639323.88572621,1,1,1,1
2026-09-06,pleasing-ecosystem,Pleasing Market,86228373.65453504,,1.984677904845906,1,2,1,0
2026-09-06,prestocks-ecosystem,PreStocks,18493852.709842194,844757.2875778265,26696078.312332626,7,1,7,6
2026-09-06,quorium-ecosystem,Quorium,,,,1,1,0,0
2026-09-06,reality-ecosystem,Reality,10793441.33660278,122442.04534390569,49286.23652348109,2,1,2,1
2026-09-06,republic-tokenized-pre-ipo-assets,Republic,39083936.69414227,57173.370240323246,956009.943225069,2,1,1,1
2026-09-06,robinhood-chain-stocks-ecosystem,Robinhood Europe,138654476.912764,-343210.45465794206,305692295.60533947,186,1,186,83
2026-09-06,securitize-ecosystem,Securitize,15522173.94,0.0,0.0,1,3,1,0
2026-09-06,st0x-ecosystem,ST0x,934487.4541550213,342879.07288522436,2721691.352806116,6,1,6,3
2026-09-06,streamex-ecosystem,Streamex,13739060.634980945,0.0,0.0,1,1,0,0
2026-09-06,tessera-tokenized-pre-ipo-assets,Tessera Tokenized Pre-IPO Assets,,,,3,1,0,0
2026-09-06,tether-ecosystem,Tether,2833476395.873473,-122665.693110466,83122349.9681255,2,15,1,2
2026-09-06,token-teknoloji-a-s-ecosystem,Token Teknoloji,331.86974453506764,1.076315066013649,7822.5125932119745,4,3,2,0
2026-09-06,unitas-ecosystem,Unitas,12414287.459928034,,3712.5906947779913,1,1,1,0
2026-09-06,vnx-commodities-ag-ecosystem,VNX,6239062.3445364,19918.676312209107,17656.18498962973,1,6,1,1
2026-09-06,xstocks-ecosystem,xStocks,724362087.4793837,-14762568.901046753,72553537.84571002,130,16,114,42
2026-09-07,anchored-ecosystem,Anchored Labs,1039862.3204737223,-1.1641532182693481e-10,0.0,80,4,80,0
2026-09-07,backpack-securities-ecosystem,Backpack Securities,23476838.733309053,-149975.0941925533,11351783.125494426,15,1,15,15
2026-09-07,bstocks-ecosystem,BTech Holdings Limited,451762550.4462756,-204973.81010079384,89035246.57669288,52,1,52,52
2026-09-07,coinbase-ecosystem,Coinbase,8622801.889233503,-2401.1660954672843,13512914.73396264,4,1,4,4
2026-09-07,comtech-ecosystem,ComTech,3385557.063196803,-4389.5340569848195,888903.3986202946,1,1,1,1
2026-09-07,dinari-ecosystem,Dinari,,,,135,5,135,0
2026-09-07,dominion-market-ecosystem,Dominion Market,6137148.878654419,48772.1482411176,2564775.6542634373,1,1,1,1
2026-09-07,figure-markets-ecosystem,"Figure Technology Solutions, Inc.",,,,1,1,0,0
2026-09-07,gate-ecosystem,Gate,0.0,0.0,33846.3483006158,1,0,1,1
2026-09-07,goldfish-ecosystem,Goldfish,88407189.45906831,256225.81868366897,97248.06403619068,1,1,1,1
2026-09-07,japaul-ltd-ecosystem,Japaul,,,,1,1,1,0
2026-09-07,kinesis-ecosystem,Kinesis Money,593071633.5284595,4534226.98526895,157909.85339561303,2,1,2,2
2026-09-07,kinka-ecosystem,Kinka,,,,1,2,0,0
2026-09-07,matrixdock-ecosystem,Matrixdock,76497374.59076281,-677729.2526846528,462699.3579673978,2,11,2,2
2026-09-07,midas-labs-ecosystem,Midas Labs,5508856.836829685,-41925.72019041423,350364.5488406356,1,1,1,1
2026-09-07,mks-pamp-ecosystem,MKS PAMP,10613208.20497738,-37116.782293111086,46.249416597293454,1,3,1,0
2026-09-07,ondo-tokenized-assets,Ondo Finance,942246355.7255454,-1935804.7895928621,143765752.52867395,438,4,438,227
2026-09-07,paxos-ecosystem,Paxos Global,1899411479.5271957,-16277433.617370844,83692715.42882477,1,1,1,1
2026-09-07,pleasing-ecosystem,Pleasing Market,86641007.36737958,,1.9941753008649714,1,2,1,0
2026-09-07,prestocks-ecosystem,PreStocks,17588234.1964977,-895357.2275824733,19508597.928154305,7,1,7,6
2026-09-07,quorium-ecosystem,Quorium,,,,1,1,0,0
2026-09-07,reality-ecosystem,Reality,10763393.257474426,-38537.664217105135,45955.018153017125,2,1,2,1
2026-09-07,republic-tokenized-pre-ipo-assets,Republic,39099560.76834752,95775.10553915799,459987.94164362946,2,1,1,1
2026-09-07,robinhood-chain-stocks-ecosystem,Robinhood Europe,138455335.68579495,-208116.60633859038,326538490.5950041,186,1,186,84
2026-09-07,securitize-ecosystem,Securitize,15522173.940000001,1.862645149230957e-09,0.0,1,3,1,0
2026-09-07,st0x-ecosystem,ST0x,818667.6880395518,-132630.88682197314,968674.3872892568,6,1,6,3
2026-09-07,streamex-ecosystem,Streamex,13564222.62445756,-71033.95296183974,0.0,1,1,0,0
2026-09-07,tessera-tokenized-pre-ipo-assets,Tessera Tokenized Pre-IPO Assets,,,,3,1,0,0
2026-09-07,tether-ecosystem,Tether,2810632897.5762877,-22405072.11809349,170401216.93000165,2,15,1,2
2026-09-07,token-teknoloji-a-s-ecosystem,Token Teknoloji,328.52701583433566,-3.3371775245125264,8538.750974025206,4,3,2,1
2026-09-07,unitas-ecosystem,Unitas,12301293.43576224,,22126.652777399428,1,1,1,1
2026-09-07,vnx-commodities-ag-ecosystem,VNX,6244625.438725939,8186.829782053828,16487.725575830686,1,6,1,1
2026-09-07,xstocks-ecosystem,xStocks,720090288.8891591,-12234682.144031644,85595021.81718701,130,16,114,43
2026-09-08,anchored-ecosystem,Anchored Labs,1040573.5692615662,711.2487878437387,0.0,80,5,80,0
2026-09-08,backpack-securities-ecosystem,Backpack Securities,22874270.084424023,-740545.7470578067,10663607.573487937,15,1,15,15
2026-09-08,bstocks-ecosystem,BTech Holdings Limited,450495765.7830198,-606032.8613600731,105385686.03782111,52,1,52,52
2026-09-08,coinbase-ecosystem,Coinbase,8913091.079481201,292997.5938942898,23232939.884934343,4,1,4,4
2026-09-08,comtech-ecosystem,ComTech,3391149.83446851,-14311.868023904972,882353.3544790668,1,1,1,1
2026-09-08,dinari-ecosystem,Dinari,1035928.690829452,,14281.203507673858,136,5,136,0
2026-09-08,dominion-market-ecosystem,Dominion Market,6136287.449846394,-11097.286011738703,1095976.096788223,1,1,1,1
2026-09-08,figure-markets-ecosystem,"Figure Technology Solutions, Inc.",,,,1,1,0,0
2026-09-08,gate-ecosystem,Gate,0.0,0.0,184759.8731940158,1,0,1,1
2026-09-08,goldfish-ecosystem,Goldfish,88568030.16686083,140308.5392422825,94941.30916818684,1,1,1,1
2026-09-08,japaul-ltd-ecosystem,Japaul,,,,1,1,1,0
2026-09-08,kinesis-ecosystem,Kinesis Money,584567338.6179905,-8909194.819846153,504576.9191012393,2,1,2,2
2026-09-08,kinka-ecosystem,Kinka,,,,1,2,0,0
2026-09-08,matrixdock-ecosystem,Matrixdock,76580441.52325766,-160101.59991678596,543500.563467089,2,11,2,2
2026-09-08,midas-labs-ecosystem,Midas Labs,5518575.975111912,-8510.234489819966,264085.2289882023,1,1,1,1
2026-09-08,mks-pamp-ecosystem,MKS PAMP,10634436.380026374,-92952.94920732826,96.98159454329941,1,3,1,0
2026-09-08,ondo-tokenized-assets,Ondo Finance,965804537.4002817,23836038.079957604,160789748.54000098,438,4,438,229
2026-09-08,paxos-ecosystem,Paxos Global,1904242102.3963153,-1177605.211171627,97865026.81434743,1,1,1,1
2026-09-08,pleasing-ecosystem,Pleasing Market,,,,1,2,1,0
2026-09-08,prestocks-ecosystem,PreStocks,18076813.313602738,430290.45329450443,13940956.781701865,7,1,7,6
2026-09-08,quorium-ecosystem,Quorium,,,,1,1,0,0
2026-09-08,reality-ecosystem,Reality,10671484.494350035,-127890.23053159751,152680.586164919,2,1,2,2
2026-09-08,republic-tokenized-pre-ipo-assets,Republic,40390707.24917661,1396798.2281064019,1262964.2686258515,2,1,1,1
2026-09-08,robinhood-chain-stocks-ecosystem,Robinhood Europe,143089745.74590862,4677391.3939732015,268775294.74779195,186,1,186,78
2026-09-08,securitize-ecosystem,Securitize,15522173.94,0.0,0.0,1,3,1,0
2026-09-08,st0x-ecosystem,ST0x,1172256.330309484,314983.278131685,806221.3605062795,6,1,6,4
2026-09-08,streamex-ecosystem,Streamex,13559901.494909966,-4321.129547594115,0.0,1,1,0,0
2026-09-08,tessera-tokenized-pre-ipo-assets,Tessera Tokenized Pre-IPO Assets,,,,3,1,0,0
2026-09-08,tether-ecosystem,Tether,2816489464.268616,-2184490.7160611153,752113906.6623472,2,15,1,2
2026-09-08,token-teknoloji-a-s-ecosystem,Token Teknoloji,330.953003056576,1.4855780101212304,10709.952590650642,4,3,2,0
2026-09-08,unitas-ecosystem,Unitas,12395967.195786957,76197.95264549926,178.25219883992784,1,1,1,0
2026-09-08,vnx-commodities-ag-ecosystem,VNX,6214428.658384276,-29328.635431088507,17057.075373076685,1,6,1,1
2026-09-08,xstocks-ecosystem,xStocks,751083619.856887,27633551.48766005,77326005.81924352,130,16,114,54
2026-09-09,anchored-ecosystem,Anchored Labs,1041996.8258351563,1423.2565735901007,0.0,80,6,80,0
2026-09-09,backpack-securities-ecosystem,Backpack Securities,22623154.485000234,-251115.5994237885,20381923.491901986,15,1,15,15
2026-09-09,bstocks-ecosystem,BTech Holdings Limited,490612329.9417017,40116564.15868193,177265004.0705817,56,1,55,55
2026-09-09,coinbase-ecosystem,Coinbase,9476936.744365452,563845.6648842506,34779641.88583901,4,1,4,4
2026-09-09,comtech-ecosystem,ComTech,3386596.02414564,-4553.810322870035,900126.3409847935,1,1,1,1
2026-09-09,dinari-ecosystem,Dinari,6854136.07077991,5813675.327124489,43116.41377779078,137,5,137,2
2026-09-09,dominion-market-ecosystem,Dominion Market,6181364.057259354,45076.60741295945,359409.62610678666,1,1,1,1
2026-09-09,figure-markets-ecosystem,"Figure Technology Solutions, Inc.",,,,1,1,0,0
2026-09-09,gate-ecosystem,Gate,0.0,0.0,338342.2959151429,1,0,1,1
2026-09-09,goldfish-ecosystem,Goldfish,87697181.39024724,-870848.7766135931,106259.49075414587,1,1,1,1
2026-09-09,japaul-ltd-ecosystem,Japaul,,,,1,1,1,0
2026-09-09,kinesis-ecosystem,Kinesis Money,584915365.8601295,348027.2421389818,498357.96812864835,2,1,2,2
2026-09-09,kinka-ecosystem,Kinka,,,,1,2,0,0
2026-09-09,matrixdock-ecosystem,Matrixdock,76494085.00401586,-86356.51924179494,532375.3695941537,2,11,2,1
2026-09-09,midas-labs-ecosystem,Midas Labs,5504634.527331212,-13941.4477807004,304988.38631654496,1,1,1,1
2026-09-09,mks-pamp-ecosystem,MKS PAMP,10528656.442050852,-105779.93797552213,1408.8327437990527,1,3,1,0
2026-09-09,ondo-tokenized-assets,Ondo Finance,963959060.5860739,-1850393.4968743324,198892275.2519253,438,4,438,243
2026-09-09,paxos-ecosystem,Paxos Global,1899346692.6740098,-4895409.722305536,130073990.90534028,1,1,1,1
2026-09-09,pleasing-ecosystem,Pleasing Market,85841165.03070076,,6.433235799475217,1,2,1,0
2026-09-09,prestocks-ecosystem,PreStocks,18835303.88817899,758490.5745762512,11731319.875089545,7,1,7,6
2026-09-09,quorium-ecosystem,Quorium,,,,1,1,0,0
2026-09-09,reality-ecosystem,Reality,10774172.45238518,102687.95803514495,914132.083555341,2,1,2,2
2026-09-09,republic-tokenized-pre-ipo-assets,Republic,42920198.71275727,2529491.4635806605,1792456.0847849092,2,1,1,1
2026-09-09,robinhood-chain-stocks-ecosystem,Robinhood Europe,145577970.16409233,2298770.484930277,273670046.0643089,186,1,186,106
2026-09-09,securitize-ecosystem,Securitize,17031929.46,1509755.5200000014,0.0,1,3,1,0
2026-09-09,st0x-ecosystem,ST0x,735087.6750405206,-437168.6552689631,731670.035852534,6,1,6,3
2026-09-09,streamex-ecosystem,Streamex,13556297.475892711,-3604.0190172549337,0.0,1,1,0,0
2026-09-09,tessera-tokenized-pre-ipo-assets,Tessera Tokenized Pre-IPO Assets,,,,3,1,0,0
2026-09-09,tether-ecosystem,Tether,2809232010.261441,-7257454.007174969,187224231.1958655,2,15,1,2
2026-09-09,token-teknoloji-a-s-ecosystem,Token Teknoloji,332.04552634731755,1.0925232907415534,31764.539271591966,4,3,2,2
2026-09-09,unitas-ecosystem,Unitas,12388258.85809219,-7708.337694766,1171.2489751074704,1,1,1,0
2026-09-09,vnx-commodities-ag-ecosystem,VNX,6217244.987201074,2816.3288167985156,18071.292253326796,1,6,1,1
2026-09-09,xstocks-ecosystem,xStocks,749567679.248366,-83319919.39404213,133461514.76852906,130,16,114,67
2026-09-10,anchored-ecosystem,Anchored Labs,1020726.9996002736,-21269.826234882697,0.0,80,6,80,0
2026-09-10,backpack-securities-ecosystem,Backpack Securities,21802406.278261885,-820748.2067383416,19800078.587237578,26,1,26,23
2026-09-10,bstocks-ecosystem,BTech Holdings Limited,517594016.18111384,26981686.23941219,209254674.85132432,56,1,55,55
2026-09-10,coinbase-ecosystem,Coinbase,9718257.631535742,241320.88717029057,53188696.78338681,4,1,4,4
2026-09-10,comtech-ecosystem,ComTech,3391138.209011622,4542.184865981806,901670.8233173143,1,1,1,1
2026-09-10,dinari-ecosystem,Dinari,7404743.12613184,550607.0553519297,17819.018727588307,137,5,137,0
2026-09-10,dominion-market-ecosystem,Dominion Market,6209110.311732629,27746.254473275505,640025.9422101802,1,1,1,1
2026-09-10,figure-markets-ecosystem,"Figure Technology Solutions, Inc.",,,,1,1,0,0
2026-09-10,gate-ecosystem,Gate,0.0,0.0,135113.19161487735,1,0,1,1
2026-09-10,goldfish-ecosystem,Goldfish,88669854.69762895,972673.3073817044,84312.03753214715,1,1,1,1
2026-09-10,japaul-ltd-ecosystem,Japaul,,,,1,1,1,0
2026-09-10,kinesis-ecosystem,Kinesis Money,583651366.214837,-1263999.6452925205,582653.5715431711,2,1,2,2
2026-09-10,kinka-ecosystem,Kinka,,,,1,2,0,0
2026-09-10,matrixdock-ecosystem,Matrixdock,76616002.1035748,121917.09955893457,531778.0859558679,2,11,2,2
2026-09-10,midas-labs-ecosystem,Midas Labs,5507106.242282961,2471.7149517489597,311085.91104992526,1,1,1,1
2026-09-10,mks-pamp-ecosystem,MKS PAMP,10562216.586464673,33560.1444138214,599.4720394501159,1,3,1,0
2026-09-10,ondo-tokenized-assets,Ondo Finance,949728923.4560375,-14230487.48274517,179924853.31492114,438,4,438,234
2026-09-10,paxos-ecosystem,Paxos Global,1900406961.9354928,1060269.261482954,111691421.1522157,1,1,1,1
2026-09-10,pleasing-ecosystem,Pleasing Market,85833429.84335898,-7735.18734177947,1.193783552009866,1,2,1,0
2026-09-10,prestocks-ecosystem,PreStocks,18819810.23628185,-15493.651897139847,12874334.000486346,7,1,7,5
2026-09-10,quorium-ecosystem,Quorium,,,,1,1,0,0
2026-09-10,reality-ecosystem,Reality,10889327.043803059,115154.59141787887,896227.4706792043,2,1,2,2
2026-09-10,republic-tokenized-pre-ipo-assets,Republic,41382869.92304675,-1537328.7897105142,2309509.6736768135,2,1,1,1
2026-09-10,robinhood-chain-stocks-ecosystem,Robinhood Europe,151147487.10018042,5569516.936088145,262785019.0049968,186,1,186,96
2026-09-10,securitize-ecosystem,Securitize,17645267.64,613338.1799999997,0.0,1,3,1,0
2026-09-10,st0x-ecosystem,ST0x,729481.285522013,-5606.38951850764,815770.1331817829,6,1,6,4
2026-09-10,streamex-ecosystem,Streamex,13548864.763743538,-7432.712149173021,0.0,1,1,0,0
2026-09-10,tessera-tokenized-pre-ipo-assets,Tessera Tokenized Pre-IPO Assets,,,,3,1,0,0
2026-09-10,tether-ecosystem,Tether,2811517027.6578217,2285017.3963804245,174782178.03514302,2,15,1,2
2026-09-10,token-teknoloji-a-s-ecosystem,Token Teknoloji,333.9963097763232,1.9507834290056394,10844.483510765065,4,3,2,2
2026-09-10,unitas-ecosystem,Unitas,12478430.690248678,90171.83215648681,9.602001042488139,1,1,1,0
2026-09-10,vnx-commodities-ag-ecosystem,VNX,6213398.031987313,-3846.955213760957,15503.987691290957,1,6,1,1
2026-09-10,xstocks-ecosystem,xStocks,746463483.3462815,-3941440.4207338095,207629113.38125175,130,16,114,65
2026-09-11,anchored-ecosystem,Anchored Labs,1020528.6957313406,-198.30386893299874,0.0,80,6,80,0
2026-09-11,backpack-securities-ecosystem,Backpack Securities,23091779.020829707,1289372.7425678223,27094535.593029413,26,1,26,26
2026-09-11,bstocks-ecosystem,BTech Holdings Limited,515737281.2351273,-1856734.9459866881,195544033.11123806,56,1,55,54
2026-09-11,coinbase-ecosystem,Coinbase,9984859.4626583,266601.8311225567,44146484.308727145,4,1,4,4
2026-09-11,comtech-ecosystem,ComTech,3344834.934692145,-46303.274319476914,897212.9481569298,1,1,1,1
2026-09-11,dinari-ecosystem,Dinari,7895867.499332636,491124.3732007956,38353.40403514236,137,5,137,1
2026-09-11,figure-markets-ecosystem,"Figure Technology Solutions, Inc.",,,,1,1,0,0
2026-09-11,gate-ecosystem,Gate,0.0,0.0,494991.6913277485,1,0,1,1
2026-09-11,goldfish-ecosystem,Goldfish,87628847.90605938,-1041006.7915695608,97204.73945256465,1,1,1,1
2026-09-11,japaul-ltd-ecosystem,Japaul,,,,1,1,1,0
2026-09-11,kinesis-ecosystem,Kinesis Money,574174602.6660225,-9476763.548814416,1191871.7871674658,2,1,2,2
2026-09-11,kinka-ecosystem,Kinka,,,,1,2,0,0
2026-09-11,matrixdock-ecosystem,Matrixdock,75542436.2688962,-1073565.8346785903,495639.72605132335,2,11,2,2
2026-09-11,midas-labs-ecosystem,Midas Labs,5453174.515247517,-53931.7270354433,405680.3185887484,1,1,1,1
2026-09-11,mks-pamp-ecosystem,MKS PAMP,10442928.882919705,-119287.70354496874,2569.6849214219064,1,3,1,0
2026-09-11,ondo-tokenized-assets,Ondo Finance,942676533.1950904,-7052566.407455683,184801144.19262657,438,4,438,235
2026-09-11,paxos-ecosystem,Paxos Global,1881728324.649355,-18678637.28613782,182845647.06773704,1,1,1,1
2026-09-11,pleasing-ecosystem,Pleasing Market,85073873.79718427,-759556.046174705,14.5933577167369,1,2,1,0
2026-09-11,prestocks-ecosystem,PreStocks,20346007.852459583,1526197.616177734,14370600.007822271,7,1,7,5
2026-09-11,quorium-ecosystem,Quorium,,,,1,1,0,0
2026-09-11,reality-ecosystem,Reality,10690075.861152612,-199251.1826504469,1529626.7603737386,2,1,2,2
2026-09-11,republic-tokenized-pre-ipo-assets,Republic,40856627.764907435,-526242.1581393182,871453.3375457914,2,1,1,1
2026-09-11,robinhood-chain-stocks-ecosystem,Robinhood Europe,155246543.20100808,4099056.100827664,509847226.6332993,186,1,186,80
2026-09-11,securitize-ecosystem,Securitize,16890389.88,-754877.7600000016,0.0,1,3,1,0
2026-09-11,st0x-ecosystem,ST0x,738688.3709276872,9207.085405674181,612041.0541931543,6,1,6,3
2026-09-11,streamex-ecosystem,Streamex,13404528.572580133,-144336.19116340578,0.0,1,1,0,0
2026-09-11,tessera-tokenized-pre-ipo-assets,Tessera Tokenized Pre-IPO Assets,,,,3,1,0,0
2026-09-11,tether-ecosystem,Tether,2783430522.5865836,-28086505.07123804,328924276.1537675,2,15,1,2
2026-09-11,token-teknoloji-a-s-ecosystem,Token Teknoloji,320.1293849737708,-13.866924802552376,31288.244641421737,4,3,2,3
2026-09-11,unitas-ecosystem,Unitas,12278121.185395526,-200309.50485315174,34.10858940273403,1,1,1,0
2026-09-11,vnx-commodities-ag-ecosystem,VNX,6166580.154985484,-46817.877001829445,36993.829297322,1,6,1,1
2026-09-11,xstocks-ecosystem,xStocks,831520630.42665,5765310.8517507315,123514551.01846142,133,16,117,65
2026-09-12,anchored-ecosystem,Anchored Labs,1021333.2316299622,812.5138216154883,0.0,80,6,80,0
2026-09-12,backpack-securities-ecosystem,Backpack Securities,23112557.901953544,-55600.64543982595,20143358.249409195,26,1,26,26
2026-09-12,bstocks-ecosystem,BTech Holdings Limited,519839329.3487598,3342748.1431079507,175879750.06967503,56,1,55,55
2026-09-12,coinbase-ecosystem,Coinbase,9316613.16872238,-668916.8195209894,29411589.51795484,4,1,4,4
2026-09-12,comtech-ecosystem,ComTech,3324190.4714734354,-29940.00566043798,887542.2349310499,1,1,1,1
2026-09-12,dinari-ecosystem,Dinari,398915.97159900586,-7500314.970858259,62821.32866067494,137,5,137,5
2026-09-12,figure-markets-ecosystem,"Figure Technology Solutions, Inc.",,,,1,1,0,0
2026-09-12,gate-ecosystem,Gate,0.0,0.0,38184.83737789293,1,0,1,1
2026-09-12,goldfish-ecosystem,Goldfish,71454929.02966739,-16230832.512100175,123971.46430477471,1,1,1,1
2026-09-12,japaul-ltd-ecosystem,Japaul,,,,1,1,1,0
2026-09-12,kinesis-ecosystem,Kinesis Money,570118572.5755153,-3884169.368872881,451276.04800976824,2,1,2,2
2026-09-12,kinka-ecosystem,Kinka,,,,1,2,0,0
2026-09-12,matrixdock-ecosystem,Matrixdock,75675218.57958898,95136.64225229621,464401.40572437516,2,11,2,1
2026-09-12,midas-labs-ecosystem,Midas Labs,5461747.44248058,3050.0361554864794,377564.99745275796,1,1,1,1
2026-09-12,mks-pamp-ecosystem,MKS PAMP,10560317.912070895,107460.01131772064,32.394596293185046,1,3,1,0
2026-09-12,ondo-tokenized-assets,Ondo Finance,915458823.8704826,-28159912.09687841,178701940.8222891,438,4,438,233
2026-09-12,paxos-ecosystem,Paxos Global,1885473607.5239596,3694234.0725216866,129343188.99783163,1,1,1,1
2026-09-12,pleasing-ecosystem,Pleasing Market,85076302.24928997,8627.13780978322,4.039333722743692,1,2,1,0
2026-09-12,prestocks-ecosystem,PreStocks,19707882.50431773,-697714.4393658526,11299706.35433941,7,1,7,5
2026-09-12,quorium-ecosystem,Quorium,,,,1,1,0,0
2026-09-12,reality-ecosystem,Reality,10533451.79736527,-252153.36720685475,892655.4977438841,2,1,2,2
2026-09-12,republic-tokenized-pre-ipo-assets,Republic,41129751.04948477,337990.7779974863,482122.3709351723,2,1,1,1
2026-09-12,robinhood-chain-stocks-ecosystem,Robinhood Europe,154385289.14833662,-822520.519072026,307338357.18945295,186,1,186,77
2026-09-12,securitize-ecosystem,Securitize,15946792.68,-943597.1999999993,0.0,1,3,1,0
2026-09-12,st0x-ecosystem,ST0x,808834.13583036,69654.3307903437,35663044.69589465,6,1,6,3
2026-09-12,streamex-ecosystem,Streamex,13398456.216029279,-6072.356550853699,0.0,1,1,0,0
2026-09-12,tessera-tokenized-pre-ipo-assets,Tessera Tokenized Pre-IPO Assets,,,,3,1,0,0
2026-09-12,tether-ecosystem,Tether,2785483671.4963646,1363293.9105043411,176353293.25429705,2,15,1,2
2026-09-12,token-teknoloji-a-s-ecosystem,Token Teknoloji,322.89247339472786,2.123674201167489,38772.664336857655,4,3,2,3
2026-09-12,unitas-ecosystem,Unitas,12275493.856107974,-32658.371449021623,8937.650342070156,1,1,1,0
2026-09-12,vnx-commodities-ag-ecosystem,VNX,6165606.812581525,-20386.469940001145,21302.70682017576,1,6,1,1
2026-09-12,xstocks-ecosystem,xStocks,744677249.0786371,-87618259.4819969,125327854.36265585,133,16,117,66
2026-09-13,anchored-ecosystem,Anchored Labs,1021333.2316299622,1.1641532182693481e-10,0.0,80,6,80,0
2026-09-13,backpack-securities-ecosystem,Backpack Securities,23634352.19119328,536753.9037658423,12134035.128199175,36,1,36,36
2026-09-13,bstocks-ecosystem,BTech Holdings Limited,510260636.09465367,-9834597.790145695,93881136.03229707,56,1,55,54
2026-09-13,coinbase-ecosystem,Coinbase,9205277.539474573,-107084.27613830753,16755754.567786999,10,1,10,10
2026-09-13,comtech-ecosystem,ComTech,3323368.8777606403,2838.037366195116,881897.4738247578,1,1,1,1
2026-09-13,dinari-ecosystem,Dinari,290516.6298247836,-7182302.666775714,271.8426234552229,137,5,137,3
2026-09-13,figure-markets-ecosystem,"Figure Technology Solutions, Inc.",,,,1,1,0,0
2026-09-13,gate-ecosystem,Gate,0.0,0.0,36589.417406333625,1,0,1,1
2026-09-13,goldfish-ecosystem,Goldfish,83750038.24359795,25980399.04075837,260197.7713841473,1,1,1,1
2026-09-13,japaul-ltd-ecosystem,Japaul,,,,1,1,1,0
2026-09-13,kinesis-ecosystem,Kinesis Money,567376936.2493004,-2776037.2380948067,15146.884268480713,2,1,2,1
2026-09-13,kinka-ecosystem,Kinka,,,,1,2,0,0
2026-09-13,matrixdock-ecosystem,Matrixdock,75736194.19748747,79875.77498526871,425474.6454638336,2,11,2,1
2026-09-13,midas-labs-ecosystem,Midas Labs,5459542.711041081,-3094.700282789767,152956.78702206153,1,1,1,1
2026-09-13,mks-pamp-ecosystem,MKS PAMP,10534306.794848494,146494.2676520273,54.748878750296335,1,3,1,0
2026-09-13,ondo-tokenized-assets,Ondo Finance,756079136.7687485,-186146000.176643,125194451.94417286,438,4,438,225
2026-09-13,paxos-ecosystem,Paxos Global,1884096820.8266408,-1328452.890295744,37682163.34250409,1,1,1,1
2026-09-13,pleasing-ecosystem,Pleasing Market,85069188.00758725,,4.038995945999031,1,2,1,0
2026-09-13,prestocks-ecosystem,PreStocks,19373002.47002487,-305342.6195317209,5416377.227249609,7,1,7,4
2026-09-13,quorium-ecosystem,Quorium,,,,1,1,0,0
2026-09-13,reality-ecosystem,Reality,10527469.957361674,-1176.6125672701746,68443.59653383709,2,1,2,2
2026-09-13,republic-tokenized-pre-ipo-assets,Republic,38839791.604966715,-2303961.0743249357,1786691.7727089792,2,1,1,1
2026-09-13,robinhood-chain-stocks-ecosystem,Robinhood Europe,152397448.31342623,-2080330.4049865603,245078221.92230406,186,1,186,69
2026-09-13,securitize-ecosystem,Securitize,15946792.68,0.0,0.0,1,3,1,0
2026-09-13,st0x-ecosystem,ST0x,1012330.2960678529,208630.43524560437,764555.56924444,16,1,16,6
2026-09-13,streamex-ecosystem,Streamex,13387106.836982537,-11349.379046741873,0.0,1,1,0,0
2026-09-13,tessera-tokenized-pre-ipo-assets,Tessera Tokenized Pre-IPO Assets,,,,3,1,0,0
2026-09-13,tether-ecosystem,Tether,2782537103.0269117,-3105038.43655777,73740006.04928328,2,15,1,2
2026-09-13,token-teknoloji-a-s-ecosystem,Token Teknoloji,323.1700432627708,0.28231296070754297,6436.956227912008,4,3,2,0
2026-09-13,unitas-ecosystem,Unitas,12261851.87853775,-4762.522212734446,52339.38264020574,1,1,1,1
2026-09-13,vnx-commodities-ag-ecosystem,VNX,6169702.209783512,1365.4194904835895,13956.158685967053,1,6,1,1
2026-09-13,xstocks-ecosystem,xStocks,715844137.6886375,-32629553.232225657,66718035.22607471,134,16,118,44
2026-09-14,anchored-ecosystem,Anchored Labs,1018695.0098052163,-2638.2218247458804,0.0,80,6,80,0
2026-09-14,backpack-securities-ecosystem,Backpack Securities,24254067.15161595,576019.0192276612,15968825.172359955,36,1,36,34
2026-09-14,bstocks-ecosystem,BTech Holdings Limited,511478507.5056915,2095645.7828851938,109177338.03209831,56,1,55,54
2026-09-14,coinbase-ecosystem,Coinbase,10506995.280768096,1302210.903050417,34788741.29905225,10,1,10,10
2026-09-14,comtech-ecosystem,ComTech,3305066.2153027286,-21323.771139936987,883104.0529524278,1,1,1,1
2026-09-14,dinari-ecosystem,Dinari,947015.8399826387,656464.7589601512,6917.853331909758,137,5,137,1
2026-09-14,figure-markets-ecosystem,"Figure Technology Solutions, Inc.",,,,1,1,0,0
2026-09-14,gate-ecosystem,Gate,0.0,0.0,59315.036636472214,1,0,1,1
2026-09-14,goldfish-ecosystem,Goldfish,81639703.96043584,-1971556.5053848475,38160.1326199588,1,1,1,1
2026-09-14,japaul-ltd-ecosystem,Japaul,,,,1,1,1,0
2026-09-14,kinesis-ecosystem,Kinesis Money,565193566.0823565,-2165669.823002219,620629.4529528444,2,1,2,2
2026-09-14,kinka-ecosystem,Kinka,,,,1,2,0,0
2026-09-14,matrixdock-ecosystem,Matrixdock,74771746.92979163,-978833.0882836282,514687.93954751315,2,11,2,2
2026-09-14,midas-labs-ecosystem,Midas Labs,5394084.992175644,-59023.72050965205,883138.9280032477,1,1,1,1
2026-09-14,mks-pamp-ecosystem,MKS PAMP,10355094.341158137,-177193.00517293252,861.7204869499909,1,3,1,0
2026-09-14,ondo-tokenized-assets,Ondo Finance,910408033.2151203,154624520.97943807,153432978.61543995,438,4,438,181
2026-09-14,paxos-ecosystem,Paxos Global,1862769553.01331,-20271260.70036149,92441554.93091153,1,1,1,1
2026-09-14,pleasing-ecosystem,Pleasing Market,84630903.27877674,,8.594642398495495,1,2,1,0
2026-09-14,prestocks-ecosystem,PreStocks,19239403.826247588,-152875.7576287128,5139429.616812043,7,1,7,5
2026-09-14,quorium-ecosystem,Quorium,,,,1,1,0,0
2026-09-14,reality-ecosystem,Reality,10409891.895213112,-119160.93396485038,191718.88139435268,2,1,2,2
2026-09-14,republic-tokenized-pre-ipo-assets,Republic,39107994.149106555,270952.62063675374,1163531.8076742552,2,1,1,1
2026-09-14,robinhood-chain-stocks-ecosystem,Robinhood Europe,157765956.90584093,3730344.0196863115,208525142.7921303,186,1,186,77
2026-09-14,securitize-ecosystem,Securitize,15946792.68,0.0,0.0,1,3,1,0
2026-09-14,st0x-ecosystem,ST0x,1196479.2434270529,190684.87761844718,1814853.1475116063,16,1,16,8
2026-09-14,streamex-ecosystem,Streamex,13174613.08782674,-212493.74915579706,0.0,1,1,0,0
2026-09-14,tessera-tokenized-pre-ipo-assets,Tessera Tokenized Pre-IPO Assets,,,,3,1,0,0
2026-09-14,tether-ecosystem,Tether,2796789207.82463,13766333.899643898,184324258.27158952,2,15,1,2
2026-09-14,token-teknoloji-a-s-ecosystem,Token Teknoloji,315.3264100069093,-7.734067484111108,15032.006097283389,4,3,2,1
2026-09-14,unitas-ecosystem,Unitas,12207376.289616136,-89301.65758993477,123640.67263670072,1,1,1,1
2026-09-14,vnx-commodities-ag-ecosystem,VNX,6090682.473214564,-80138.30585647933,16013.868298497786,1,6,1,1
2026-09-14,xstocks-ecosystem,xStocks,744928024.1338882,29954434.3559258,95426163.9356046,134,16,118,61
2026-09-15,anchored-ecosystem,Anchored Labs,1020992.8199080552,2845.1042957959,0.0,80,6,80,0
2026-09-15,backpack-securities-ecosystem,Backpack Securities,24845432.798364557,735102.6207224131,32637921.640222833,37,1,37,37
2026-09-15,bstocks-ecosystem,BTech Holdings Limited,521745211.7267509,10714295.42330563,209455186.20291322,56,1,55,55
2026-09-15,coinbase-ecosystem,Coinbase,10356986.907408396,184919.43388590962,36104968.75183068,10,1,10,10
2026-09-15,comtech-ecosystem,ComTech,3297961.787643473,-4747.032759334892,873164.2404442515,1,1,1,1
2026-09-15,dinari-ecosystem,Dinari,8100564.908164659,7156512.982556497,92433.59184120745,140,5,140,5
2026-09-15,figure-markets-ecosystem,"Figure Technology Solutions, Inc.",,,,1,1,0,0
2026-09-15,gate-ecosystem,Gate,0.0,0.0,33112.402294833904,1,0,1,1
2026-09-15,goldfish-ecosystem,Goldfish,81700088.31571083,34628.72540947795,33449.53993088602,1,1,1,1
2026-09-15,japaul-ltd-ecosystem,Japaul,,,,1,1,1,0
2026-09-15,kinesis-ecosystem,Kinesis Money,564526716.1491916,5998889.09207952,180212.39109392604,2,1,2,2
2026-09-15,kinka-ecosystem,Kinka,,,,1,2,0,0
2026-09-15,matrixdock-ecosystem,Matrixdock,74957253.26839708,325671.86977271736,495556.4920119629,2,11,2,2
2026-09-15,midas-labs-ecosystem,Midas Labs,5360911.375572978,-22694.98621585872,554111.495217306,1,1,1,1
2026-09-15,mks-pamp-ecosystem,MKS PAMP,10261465.068368288,-92670.35637170821,219.6629508714821,1,3,1,0
2026-09-15,ondo-tokenized-assets,Ondo Finance,931897312.4871174,21409596.641991973,171587464.969505,438,4,438,190
2026-09-15,paxos-ecosystem,Paxos Global,1849780560.919125,-8939223.381110668,137334288.4567711,1,1,1,1
2026-09-15,pleasing-ecosystem,Pleasing Market,84259897.87076841,-374494.4014838189,7.150608301830792,1,2,1,0
2026-09-15,prestocks-ecosystem,PreStocks,18801722.409856256,-362328.0672647096,3135932.25415416,7,1,7,5
2026-09-15,quorium-ecosystem,Quorium,,,,1,1,0,0
2026-09-15,reality-ecosystem,Reality,149685091.73244095,139320222.71437013,83486056.96091239,377,2,322,78
2026-09-15,republic-tokenized-pre-ipo-assets,Republic,39736323.436793946,688925.1722904593,866706.4567484868,2,1,1,1
2026-09-15,robinhood-chain-stocks-ecosystem,Robinhood Europe,158047685.5596987,898440.3859094083,287862429.23311985,186,1,186,77
2026-09-15,securitize-ecosystem,Securitize,16041152.400000002,94359.72000000253,0.0,1,3,1,0
2026-09-15,st0x-ecosystem,ST0x,1187589.865471121,15052.009882940212,1216594.187753192,16,1,16,7
2026-09-15,streamex-ecosystem,Streamex,13175167.07879438,553.9909676406533,0.0,1,1,0,0
2026-09-15,tessera-tokenized-pre-ipo-assets,Tessera Tokenized Pre-IPO Assets,,,,3,1,0,0
2026-09-15,tether-ecosystem,Tether,2777443864.7926526,-12934708.413164139,234650463.4434454,2,15,1,2
2026-09-15,token-teknoloji-a-s-ecosystem,Token Teknoloji,315.53597128992556,1.5434346850264546,14128.616850013397,4,3,2,1
2026-09-15,unitas-ecosystem,Unitas,12215852.08661379,30189.230104349554,97253.47781908182,1,1,1,1
2026-09-15,vnx-commodities-ag-ecosystem,VNX,6000450.857433443,-87880.17625309434,43822.014026896686,1,6,1,1
2026-09-15,xstocks-ecosystem,xStocks,835864466.6394502,91106254.96955216,116084456.15012656,135,16,119,67
2026-09-16,anchored-ecosystem,Anchored Labs,1055312.4339662732,34319.614058217965,0.0,80,6,80,0
2026-09-16,backpack-securities-ecosystem,Backpack Securities,24523293.583436605,-322139.21492795274,16945391.499543704,37,1,37,36
2026-09-16,bstocks-ecosystem,BTech Holdings Limited,526481243.6722513,4736031.945500374,202396406.33381888,56,1,55,55
2026-09-16,coinbase-ecosystem,Coinbase,9809247.383766765,-547739.523641631,30646676.062022433,10,1,10,10
2026-09-16,comtech-ecosystem,ComTech,3340714.2487937408,42752.46115026763,866069.0332856146,1,1,1,1
2026-09-16,dinari-ecosystem,Dinari,8268859.500977084,168294.59281242546,237024.47942000738,140,5,140,4
2026-09-16,figure-markets-ecosystem,"Figure Technology Solutions, Inc.",,,,1,1,0,0
2026-09-16,gate-ecosystem,Gate,0.0,0.0,26903.301409543557,1,0,1,1
2026-09-16,goldfish-ecosystem,Goldfish,81602102.20292346,-97986.11278736591,35031.946854578906,1,1,1,1
2026-09-16,japaul-ltd-ecosystem,Japaul,,,,1,1,1,0
2026-09-16,kinesis-ecosystem,Kinesis Money,572126986.1200117,7600269.970820069,159875.87381234454,2,1,2,2
2026-09-16,kinka-ecosystem,Kinka,,,,1,2,0,0
2026-09-16,matrixdock-ecosystem,Matrixdock,75872622.62955871,915369.3611616343,490669.92837172846,2,11,2,2
2026-09-16,midas-labs-ecosystem,Midas Labs,5437940.938738009,77029.56316503137,517394.37863999006,1,1,1,1
2026-09-16,mks-pamp-ecosystem,MKS PAMP,10423718.037004845,162252.96863655746,60.232858938878096,1,3,1,0
2026-09-16,ondo-tokenized-assets,Ondo Finance,904899602.0826365,-26997710.404480934,160334666.38843977,438,4,438,184
2026-09-16,paxos-ecosystem,Paxos Global,1885435758.6731105,35655197.753985405,172008955.12137675,1,1,1,1
2026-09-16,pleasing-ecosystem,Pleasing Market,84254643.5458564,,7.150162400277553,1,2,1,0
2026-09-16,prestocks-ecosystem,PreStocks,18124915.551271133,-676806.858585123,785714.578646615,7,1,7,5
2026-09-16,quorium-ecosystem,Quorium,,,,1,1,0,0
2026-09-16,reality-ecosystem,Reality,149300662.85460413,-408723.94689783454,27726616.560329273,424,2,367,75
2026-09-16,republic-tokenized-pre-ipo-assets,Republic,39411557.269089565,-324766.16770438105,244358.31672614353,2,1,1,1
2026-09-16,robinhood-chain-stocks-ecosystem,Robinhood Europe,157825853.99501348,-266629.4103220999,240891308.64822066,186,1,186,84
2026-09-16,securitize-ecosystem,Securitize,15687303.450000001,-353848.9500000011,0.0,1,3,1,0
2026-09-16,st0x-ecosystem,ST0x,1223481.3784162602,35891.512945139315,4861281.823073057,16,1,16,5
2026-09-16,streamex-ecosystem,Streamex,13315665.34364308,140498.2648486998,0.0,1,1,0,0
2026-09-16,tessera-tokenized-pre-ipo-assets,Tessera Tokenized Pre-IPO Assets,,,,3,1,0,0
2026-09-16,tether-ecosystem,Tether,2818939132.6650047,41495267.87235212,193359936.38540807,2,15,1,2
2026-09-16,token-teknoloji-a-s-ecosystem,Token Teknoloji,323.0470871791272,7.511115889201619,21333.61950148502,4,3,2,1
2026-09-16,unitas-ecosystem,Unitas,12431211.440275092,215359.35366130248,86834.96119743823,1,1,1,1
2026-09-16,vnx-commodities-ag-ecosystem,VNX,6103538.296652307,103087.43921886384,23942.659573014444,1,6,1,1
2026-09-16,xstocks-ecosystem,xStocks,827527086.600532,-8337380.038918138,90552469.89779244,135,16,119,61
2026-09-17,anchored-ecosystem,Anchored Labs,1055876.7046282943,564.2706620211247,0.0,80,6,80,0
2026-09-17,backpack-securities-ecosystem,Backpack Securities,25565954.826191947,774317.4807260409,14995567.879051892,39,1,39,31
2026-09-17,bstocks-ecosystem,BTech Holdings Limited,554158179.9998469,27676936.32759559,276256591.91488796,58,1,57,57
2026-09-17,coinbase-ecosystem,Coinbase,9989654.173535317,180406.7897685524,36249881.31031407,10,1,10,10
2026-09-17,comtech-ecosystem,ComTech,3320475.8825333356,-20238.366260405164,870284.2770274278,1,1,1,1
2026-09-17,dinari-ecosystem,Dinari,8247641.496759435,-21236.97943658568,155858.17233711755,140,5,140,3
2026-09-17,figure-markets-ecosystem,"Figure Technology Solutions, Inc.",,,,1,1,0,0
2026-09-17,gate-ecosystem,Gate,0.0,0.0,19437.038014321402,1,0,1,1
2026-09-17,goldfish-ecosystem,Goldfish,81655020.98244922,52918.779525756836,33870.22005865855,1,1,1,1
2026-09-17,japaul-ltd-ecosystem,Japaul,,,,1,1,1,0
2026-09-17,kinesis-ecosystem,Kinesis Money,571397135.4709955,-729850.6490161419,309188.1046284637,2,1,2,2
2026-09-17,kinka-ecosystem,Kinka,,,,1,2,0,0
2026-09-17,matrixdock-ecosystem,Matrixdock,75659952.77775995,-212669.8517987579,663203.2081310739,2,11,2,2
2026-09-17,midas-labs-ecosystem,Midas Labs,5401969.10623568,-35971.83250232879,496714.5739992618,1,1,1,1
2026-09-17,mks-pamp-ecosystem,MKS PAMP,10415848.835801985,-7869.201202860102,78.08668872562576,1,3,1,0
2026-09-17,ondo-tokenized-assets,Ondo Finance,910417811.1118231,5518209.02918613,196139972.93778005,438,4,438,192
2026-09-17,paxos-ecosystem,Paxos Global,1870772767.0078049,-14662991.665305614,246817217.0918558,1,1,1,1
2026-09-17,pleasing-ecosystem,Pleasing Market,83878035.95277166,,6.902154099742994,1,2,1,0
2026-09-17,prestocks-ecosystem,PreStocks,18918027.87787324,793112.326602105,540250.8863828325,7,1,7,3
2026-09-17,quorium-ecosystem,Quorium,,,,1,1,0,0
2026-09-17,reality-ecosystem,Reality,152461940.4850614,3157530.227207601,28130625.436103806,449,2,390,77
2026-09-17,republic-tokenized-pre-ipo-assets,Republic,40805365.59880197,1393808.3297124058,323648.27554315544,2,1,1,1
2026-09-17,robinhood-chain-stocks-ecosystem,Robinhood Europe,153573854.8154491,-4251999.179564387,262731969.32665586,185,1,185,76
2026-09-17,securitize-ecosystem,Securitize,15144735.060000002,-542568.3899999987,0.0,1,3,1,0
2026-09-17,st0x-ecosystem,ST0x,1339331.3688581395,115849.99044187902,1401994.4319115146,16,1,16,5
2026-09-17,streamex-ecosystem,Streamex,13280887.02178568,-34778.32185740024,0.0,1,1,0,0
2026-09-17,tessera-tokenized-pre-ipo-assets,Tessera Tokenized Pre-IPO Assets,,,,3,1,0,0
2026-09-17,tether-ecosystem,Tether,2797592846.74551,-21346285.91949463,362415156.413993,2,15,1,2
2026-09-17,token-teknoloji-a-s-ecosystem,Token Teknoloji,320.57279603192825,-2.474291147198926,30147.7912276333,4,3,2,2
2026-09-17,unitas-ecosystem,Unitas,12362886.61327171,-68324.82700338215,5819.255180030575,1,1,1,0
2026-09-17,vnx-commodities-ag-ecosystem,VNX,6060453.183117735,-43085.1135345716,27339.242633101985,1,6,1,1
2026-09-17,xstocks-ecosystem,xStocks,821907061.1615714,-5620025.438960671,62717749.59663811,135,16,119,63
2026-09-18,anchored-ecosystem,Anchored Labs,1059163.5671954767,3286.8625671823975,0.0,80,6,80,0
2026-09-18,backpack-securities-ecosystem,Backpack Securities,26600191.368190236,1034236.5419982933,23506598.80923921,39,1,39,39
2026-09-18,bstocks-ecosystem,BTech Holdings Limited,581038150.0638545,26879970.064007163,228287787.56918305,58,1,57,57
2026-09-18,coinbase-ecosystem,Coinbase,9863323.009783138,-126331.1637521796,31746904.24777203,10,1,10,10
2026-09-18,comtech-ecosystem,ComTech,3366604.3509845594,46128.4684512238,893099.8153276938,1,1,1,1
2026-09-18,dinari-ecosystem,Dinari,8379523.664452844,131882.16769340914,119813.04673743086,140,5,140,2
2026-09-18,figure-markets-ecosystem,"Figure Technology Solutions, Inc.",,,,1,1,0,0
2026-09-18,gate-ecosystem,Gate,0.0,0.0,3586795.1657451293,1,0,1,1
2026-09-18,goldfish-ecosystem,Goldfish,81706585.7617849,51564.779335677624,34293.311189353386,1,1,1,1
2026-09-18,japaul-ltd-ecosystem,Japaul,,,,1,1,1,0
2026-09-18,kinesis-ecosystem,Kinesis Money,583886071.5059816,12488936.03498602,508882.57232293405,2,1,2,2
2026-09-18,kinka-ecosystem,Kinka,,,,1,2,0,0
2026-09-18,matrixdock-ecosystem,Matrixdock,76871647.50739437,1211694.729634419,513379.33166604437,2,11,2,2
2026-09-18,midas-labs-ecosystem,Midas Labs,5480146.143277135,78177.03704145458,122516.40108991481,1,1,1,1
2026-09-18,mks-pamp-ecosystem,MKS PAMP,10605721.158818245,189872.32301625982,185.17690437326792,1,3,1,0
2026-09-18,ondo-tokenized-assets,Ondo Finance,943670012.075499,33199714.584042788,173657819.39032948,438,4,438,202
2026-09-18,paxos-ecosystem,Paxos Global,1899435666.4455884,28662899.43778348,148877056.19508478,1,1,1,1
2026-09-18,pleasing-ecosystem,Pleasing Market,84648505.50059058,,5.497009077354773,1,2,1,0
2026-09-18,prestocks-ecosystem,PreStocks,19288866.706906788,370838.8290335499,4316361.298363857,7,1,7,6
2026-09-18,quorium-ecosystem,Quorium,,,,1,1,0,0
2026-09-18,reality-ecosystem,Reality,158094426.6330383,5632486.147976905,25706243.97661303,471,2,410,91
2026-09-18,republic-tokenized-pre-ipo-assets,Republic,40683555.696741715,-121809.90206025541,1632148.0323393273,2,1,1,1
2026-09-18,robinhood-chain-stocks-ecosystem,Robinhood Europe,150628128.94922447,-2981032.351348102,258461208.68977165,185,1,185,75
2026-09-18,securitize-ecosystem,Securitize,14625756.6,-518978.46000000276,0.0,1,3,1,0
2026-09-18,st0x-ecosystem,ST0x,1336447.7635376998,-2883.605320439674,1940694.757833573,16,1,16,5
2026-09-18,streamex-ecosystem,Streamex,13489618.507482039,208731.4856963586,0.0,1,1,0,0
2026-09-18,tessera-tokenized-pre-ipo-assets,Tessera Tokenized Pre-IPO Assets,,,,3,1,0,0
2026-09-18,tether-ecosystem,Tether,2842973027.74076,45380180.99524975,244498545.66487488,2,15,1,2
2026-09-18,token-teknoloji-a-s-ecosystem,Token Teknoloji,334.65581923297657,14.08302320104832,13521.038639746184,4,3,2,2
2026-09-18,unitas-ecosystem,Unitas,12422322.128060495,59435.51478878595,457.7309811724479,1,1,1,0
2026-09-18,vnx-commodities-ag-ecosystem,VNX,6174379.555795372,113926.37267763726,26045.95639313821,1,6,1,1
2026-09-18,xstocks-ecosystem,xStocks,774070720.1748533,-48135347.636232376,138730196.99937424,136,16,120,64
2026-09-19,anchored-ecosystem,Anchored Labs,1061844.5179238638,2680.950728387106,0.0,80,6,80,0
2026-09-19,backpack-securities-ecosystem,Backpack Securities,26578450.790243275,-21740.577946960926,28723836.21957954,39,1,39,39
2026-09-19,bstocks-ecosystem,BTech Holdings Limited,583511015.6758671,2472865.612012744,223014644.64962125,58,1,57,57
2026-09-19,coinbase-ecosystem,Coinbase,10151298.05510438,287975.0453212429,28097807.72904785,10,1,10,10
2026-09-19,comtech-ecosystem,ComTech,3345997.645459259,-20606.705525300466,915623.8455334116,1,1,1,1
2026-09-19,dinari-ecosystem,Dinari,913522.8229412261,-7467571.44875966,31346.068959822805,140,5,140,2
2026-09-19,figure-markets-ecosystem,"Figure Technology Solutions, Inc.",,,,1,1,0,0
2026-09-19,gate-ecosystem,Gate,0.0,0.0,588423.8410367339,1,0,1,1
2026-09-19,goldfish-ecosystem,Goldfish,87256256.76536375,5549671.003578857,47602.15613763869,1,1,1,1
2026-09-19,japaul-ltd-ecosystem,Japaul,,,,1,1,1,0
2026-09-19,kinesis-ecosystem,Kinesis Money,585089363.207529,1203291.7015473843,294361.9468791825,2,1,2,2
2026-09-19,kinka-ecosystem,Kinka,,,,1,2,0,0
2026-09-19,matrixdock-ecosystem,Matrixdock,76953740.6148708,82093.10747642815,600723.864787795,2,11,2,2
2026-09-19,midas-labs-ecosystem,Midas Labs,5471426.139396455,-8720.003880679607,95908.4884770368,1,1,1,1
2026-09-19,mks-pamp-ecosystem,MKS PAMP,10462534.523499642,-143186.63531860337,190.62970702900384,1,3,1,0
2026-09-19,ondo-tokenized-assets,Ondo Finance,923030608.8082712,-20640330.34137273,160374358.45342973,438,4,438,204
2026-09-19,paxos-ecosystem,Paxos Global,1895974353.1347234,-3461313.3108649254,144181819.08702335,1,1,1,1
2026-09-19,pleasing-ecosystem,Pleasing Market,84667009.3058649,,5.498210700289012,1,2,1,0
2026-09-19,prestocks-ecosystem,PreStocks,18921896.89247471,-366969.8144320771,2268896.6955132238,7,1,7,6
2026-09-19,quorium-ecosystem,Quorium,,,,1,1,0,0
2026-09-19,reality-ecosystem,Reality,153967230.5444418,-4172897.6932596564,29151734.06935847,489,2,427,77
2026-09-19,republic-tokenized-pre-ipo-assets,Republic,40631884.96707671,-51670.72966500372,660085.2847851407,2,1,1,1
2026-09-19,robinhood-chain-stocks-ecosystem,Robinhood Europe,158567600.10592923,7900054.242771655,208486880.12888306,185,1,185,72
2026-09-19,securitize-ecosystem,Securitize,15050375.34,424618.7400000002,0.0,1,3,1,0
2026-09-19,st0x-ecosystem,ST0x,1486391.9883841246,149944.22484642477,1496566.4218865936,16,1,16,5
2026-09-19,streamex-ecosystem,Streamex,13486423.826235317,-3194.681246722117,0.0,1,1,0,0
2026-09-19,tessera-tokenized-pre-ipo-assets,Tessera Tokenized Pre-IPO Assets,,,,3,1,0,0
2026-09-19,tether-ecosystem,Tether,2841787269.148718,-1185758.5920419693,158316131.59634462,2,15,1,2
2026-09-19,token-teknoloji-a-s-ecosystem,Token Teknoloji,331.6024510195694,-3.0533682134071682,7243.758366930237,4,3,2,1
2026-09-19,unitas-ecosystem,Unitas,12500040.151355848,77718.02329535224,9474.639934524474,1,1,1,0
2026-09-19,vnx-commodities-ag-ecosystem,VNX,6121787.866194911,-52591.68960046116,44195.29333362103,1,6,1,1
2026-09-19,xstocks-ecosystem,xStocks,786850313.4184744,11000756.144189954,122232960.19333489,137,16,121,63
2026-09-20,anchored-ecosystem,Anchored Labs,1061844.5179238638,0.0,0.0,80,6,80,0
2026-09-20,backpack-securities-ecosystem,Backpack Securities,26563789.884226672,-14660.906016599387,13668825.824645836,39,1,39,35
2026-09-20,bstocks-ecosystem,BTech Holdings Limited,577929986.9754165,-5581028.70045042,78783839.89340845,58,1,57,57
2026-09-20,coinbase-ecosystem,Coinbase,10105669.196525171,-45628.858579209074,11842089.006686168,10,1,10,10
2026-09-20,comtech-ecosystem,ComTech,3339283.2290343163,-6714.4164249426685,919599.6403671231,1,1,1,1
2026-09-20,dinari-ecosystem,Dinari,307050.632021797,,5.333985742911887,140,5,140,1
2026-09-20,figure-markets-ecosystem,"Figure Technology Solutions, Inc.",,,,1,1,0,0
2026-09-20,gate-ecosystem,Gate,0.0,0.0,248729.82577770803,1,0,1,1
2026-09-20,goldfish-ecosystem,Goldfish,87858774.60529281,602517.8399290591,44888.50938039221,1,1,1,1
2026-09-20,japaul-ltd-ecosystem,Japaul,,,,1,1,1,0
2026-09-20,kinesis-ecosystem,Kinesis Money,585137035.71677,47672.509241104126,95836.54000894497,2,1,2,1
2026-09-20,kinka-ecosystem,Kinka,,,,1,2,0,0
2026-09-20,matrixdock-ecosystem,Matrixdock,76805008.66847396,-148731.9463968426,478060.3043359346,2,11,2,2
2026-09-20,midas-labs-ecosystem,Midas Labs,5468104.6844292125,-3321.4549672426656,33164.75361693774,1,1,1,1
2026-09-20,mks-pamp-ecosystem,MKS PAMP,10660531.277281921,197996.7537822798,12.823763636610291,1,3,1,0
2026-09-20,ondo-tokenized-assets,Ondo Finance,777299921.3614786,-145904243.96844864,120791740.2795109,438,4,438,180
2026-09-20,paxos-ecosystem,Paxos Global,1895487058.0666764,-487295.06804704666,58475447.94538997,1,1,1,1
2026-09-20,pleasing-ecosystem,Pleasing Market,,,,1,2,1,0
2026-09-20,prestocks-ecosystem,PreStocks,19315919.124891847,394022.23241713643,1454642.8832398418,7,1,7,6
2026-09-20,quorium-ecosystem,Quorium,,,,1,1,0,0
2026-09-20,reality-ecosystem,Reality,128895440.84723061,-25302631.360247284,3971317.4852353777,489,2,427,28
2026-09-20,republic-tokenized-pre-ipo-assets,Republic,40678032.92223713,46147.95516041666,471790.5714526326,2,1,1,1
2026-09-20,robinhood-chain-stocks-ecosystem,Robinhood Europe,157884443.06480983,-739339.0606146157,142573540.97915795,185,1,185,60
2026-09-20,securitize-ecosystem,Securitize,15050375.34,0.0,0.0,1,3,1,0
2026-09-20,st0x-ecosystem,ST0x,1360133.2257760218,-162709.55487964093,820242.2162948598,16,1,16,3
2026-09-20,streamex-ecosystem,Streamex,13456279.023276705,-30144.8029586114,0.0,1,1,0,0
2026-09-20,tessera-tokenized-pre-ipo-assets,Tessera Tokenized Pre-IPO Assets,,,,3,1,0,0
2026-09-20,tether-ecosystem,Tether,2842816818.987284,1029549.8385663033,68079739.24842235,2,15,1,2
2026-09-20,token-teknoloji-a-s-ecosystem,Token Teknoloji,332.15956741488407,0.5571163953146652,6189.008966942913,4,3,2,0
2026-09-20,unitas-ecosystem,Unitas,12509260.813787857,9220.662432009354,27190.278267080655,1,1,1,1
2026-09-20,vnx-commodities-ag-ecosystem,VNX,6187979.899389579,66192.03319466766,21050.228298827853,1,6,1,1
2026-09-20,xstocks-ecosystem,xStocks,751262109.7915268,-35588203.62694752,84867198.2935246,137,16,121,41
2026-09-23,anchored-ecosystem,Anchored Labs,1067038.641194476,200.15939782047644,0.0,111,6,111,0
2026-09-23,backpack-securities-ecosystem,Backpack Securities,27382099.8902939,-389825.08253574,24035960.160552632,45,1,45,45
2026-09-23,bstocks-ecosystem,BTech Holdings Limited,670480125.8060057,-10048645.046240687,371702670.2377106,73,1,72,72
2026-09-23,coinbase-ecosystem,Coinbase,11144622.684947506,966099.4300991707,33380940.295780994,10,1,10,10
2026-09-23,comtech-ecosystem,ComTech,3332033.902634382,-8252.28212789027,915899.6295588618,1,1,1,1
2026-09-23,dinari-ecosystem,Dinari,17776856.09016334,34870.252432171255,906579.3798529994,248,6,248,10
2026-09-23,figure-markets-ecosystem,"Figure Technology Solutions, Inc.",,,,1,1,0,0
2026-09-23,gate-ecosystem,Gate,0.0,0.0,67604.74957288378,1,0,1,1
2026-09-23,goldfish-ecosystem,Goldfish,87751273.1424136,25846.352213338017,99481.70544713727,1,1,1,1
2026-09-23,japaul-ltd-ecosystem,Japaul,,,,1,1,1,0
2026-09-23,kinesis-ecosystem,Kinesis Money,568843751.716979,8022145.297929645,1200691.4242787235,2,1,2,2
2026-09-23,kinka-ecosystem,Kinka,,,,1,2,0,0
2026-09-23,matrixdock-ecosystem,Matrixdock,75987799.16059916,-106735.41263870895,638314.7703123275,2,11,2,1
2026-09-23,midas-labs-ecosystem,Midas Labs,5405306.368706243,-21422.6964983847,215112.614517209,1,1,1,1
2026-09-23,mks-pamp-ecosystem,MKS PAMP,10410356.291169351,-39279.97782274708,99.37727712423646,1,3,1,0
2026-09-23,ondo-tokenized-assets,Ondo Finance,972460371.8816528,-1683038.5015304089,165790096.9695214,447,4,447,182
2026-09-23,paxos-ecosystem,Paxos Global,1875994965.421472,-7481022.266464233,163566891.1860616,1,1,1,1
2026-09-23,pleasing-ecosystem,Pleasing Market,,,,1,2,1,0
2026-09-23,prestocks-ecosystem,PreStocks,19258795.34043748,-136435.0797910057,6236383.7128870245,7,1,7,5
2026-09-23,quorium-ecosystem,Quorium,,,,1,1,0,0
2026-09-23,reality-ecosystem,Reality,163774519.64819595,-1118392.9380459487,45269188.12607208,538,2,475,94
2026-09-23,republic-tokenized-pre-ipo-assets,Republic,41132615.26214828,-184137.46709414572,431158.4215877108,2,1,1,1
2026-09-23,robinhood-chain-stocks-ecosystem,Robinhood Europe,159898785.14487413,2462172.81262511,206572511.99385327,192,1,192,72
2026-09-23,securitize-ecosystem,Securitize,14437037.16,-802057.6199999992,0.0,1,3,1,0
2026-09-23,st0x-ecosystem,ST0x,1680630.5448068513,13778.97991622286,839381.9632488417,21,1,20,7
2026-09-23,streamex-ecosystem,Streamex,13323882.87632974,307.77275980077684,0.0,1,1,0,0
2026-09-23,tessera-tokenized-pre-ipo-assets,Tessera Tokenized Pre-IPO Assets,,,,3,1,0,0
2026-09-23,tether-ecosystem,Tether,2802831322.1418023,-13624322.58409357,200607291.15731677,2,15,1,2
2026-09-23,token-teknoloji-a-s-ecosystem,Token Teknoloji,326.62762043156874,-1.9910260683651586,10705.810238088801,4,3,2,1
2026-09-23,unitas-ecosystem,Unitas,12365671.306877436,-125572.80527107418,9.892157086379486,1,1,1,0
2026-09-23,vnx-commodities-ag-ecosystem,VNX,6117307.641516825,6502.02118463628,16574.032105311177,1,6,1,1
2026-09-23,xstocks-ecosystem,xStocks,901639485.6585366,1874355.5733140707,129178063.92427987,141,16,124,68
2026-09-24,anchored-ecosystem,Anchored Labs,1063566.530450133,-3472.1107443431392,0.0,111,6,111,0
2026-09-24,backpack-securities-ecosystem,Backpack Securities,27194019.84896002,-188080.04133388028,31535362.029904306,46,1,46,44
2026-09-24,bstocks-ecosystem,BTech Holdings Limited,649634661.5531685,-20845464.252837062,346231528.8610902,73,1,72,72
2026-09-24,coinbase-ecosystem,Coinbase,11279854.221022442,135231.5360749364,40917119.02783553,10,1,10,10
2026-09-24,comtech-ecosystem,ComTech,3277698.2194012357,-54335.68323314609,879660.309989071,1,1,1,1
2026-09-24,dinari-ecosystem,Dinari,15919148.217724532,-1871515.5193429887,377888.11087335163,248,6,248,7
2026-09-24,figure-markets-ecosystem,"Figure Technology Solutions, Inc.",,,,1,1,0,0
2026-09-24,gate-ecosystem,Gate,0.0,0.0,46161.35178185427,1,0,1,1
2026-09-24,goldfish-ecosystem,Goldfish,86511756.78192368,-1239516.3604899198,91092.51784838387,1,1,1,1
2026-09-24,japaul-ltd-ecosystem,Japaul,,,,1,1,1,0
2026-09-24,kinesis-ecosystem,Kinesis Money,562973509.1219721,-5870242.595006943,370310.30294426094,2,1,2,2
2026-09-24,kinka-ecosystem,Kinka,,,,1,2,0,0
2026-09-24,matrixdock-ecosystem,Matrixdock,74853833.18355125,-1133965.9770479053,528254.8226391376,2,11,2,2
2026-09-24,midas-labs-ecosystem,Midas Labs,5334252.738693929,-71053.63001231384,172844.0295390935,1,1,1,1
2026-09-24,mks-pamp-ecosystem,MKS PAMP,10295538.145532921,-114818.14563643001,444.22617375963705,1,3,1,0
2026-09-24,ondo-tokenized-assets,Ondo Finance,959182636.8786496,-13277735.003003001,163925159.97656628,447,4,447,185
2026-09-24,paxos-ecosystem,Paxos Global,1848885047.4423509,-27109917.97912121,226845813.75576398,1,1,1,1
2026-09-24,pleasing-ecosystem,Pleasing Market,84154893.79557008,,5.5160907958554,1,2,1,0
2026-09-24,prestocks-ecosystem,PreStocks,19774232.497635923,515437.157198444,3693517.7776574143,7,1,7,6
2026-09-24,quorium-ecosystem,Quorium,,,,1,1,0,0
2026-09-24,reality-ecosystem,Reality,156314348.02907622,-7460955.10524115,23060708.965041038,556,2,491,90
2026-09-24,republic-tokenized-pre-ipo-assets,Republic,39783878.7557448,-1348736.5064034835,328990.2499121725,2,1,1,1
2026-09-24,robinhood-chain-stocks-ecosystem,Robinhood Europe,163022418.9723192,3102651.4612233043,185532078.10180074,192,1,192,75
2026-09-24,securitize-ecosystem,Securitize,14578576.74,141539.58000000007,0.0,1,3,1,0
2026-09-24,st0x-ecosystem,ST0x,1834725.972685352,154095.42787850043,5505422.674957669,21,1,20,4
2026-09-24,streamex-ecosystem,Streamex,13122199.386832802,-201683.48949693888,0.0,1,1,0,0
2026-09-24,tessera-tokenized-pre-ipo-assets,Tessera Tokenized Pre-IPO Assets,,,,3,1,0,0
2026-09-24,tether-ecosystem,Tether,2763990293.7630877,-38841028.37871456,230495756.5511199,2,15,1,2
2026-09-24,token-teknoloji-a-s-ecosystem,Token Teknoloji,319.27741395030847,-7.3502064812602725,24291.21086258086,4,3,2,2
2026-09-24,unitas-ecosystem,Unitas,12251848.534409886,-113822.77246754989,209.91885254501753,1,1,1,0
2026-09-24,vnx-commodities-ag-ecosystem,VNX,6038139.148646219,-79168.49287060648,41649.256880012734,1,6,1,1
2026-09-24,xstocks-ecosystem,xStocks,873732667.8833247,-29473547.73684156,143787305.98762017,143,16,126,62
2026-09-25,anchored-ecosystem,Anchored Labs,1067238.9193221387,3672.388872005511,0.0,111,6,111,0
2026-09-25,backpack-securities-ecosystem,Backpack Securities,27181061.760548286,-12958.088411733508,38743139.34533966,52,1,52,50
2026-09-25,bstocks-ecosystem,BTech Holdings Limited,682076160.1537828,32441498.60061431,308402733.013198,73,1,72,72
2026-09-25,coinbase-ecosystem,Coinbase,11844458.27481787,564604.053795429,34758438.4419028,10,1,10,10
2026-09-25,comtech-ecosystem,ComTech,3309505.6082390086,31807.388837772887,900015.8609987998,1,1,1,1
2026-09-25,dinari-ecosystem,Dinari,16943483.56582535,1024335.3481008187,741373.2215482594,249,6,249,8
2026-09-25,figure-markets-ecosystem,"Figure Technology Solutions, Inc.",,,,1,1,0,0
2026-09-25,gate-ecosystem,Gate,0.0,0.0,185817.35223103207,1,0,1,1
2026-09-25,goldfish-ecosystem,Goldfish,86559516.38635328,47759.60442960262,103237.25239400865,1,1,1,1
2026-09-25,japaul-ltd-ecosystem,Japaul,,,,1,1,1,0
2026-09-25,kinesis-ecosystem,Kinesis Money,570272881.1235088,7299372.001536727,676844.7068036033,2,1,2,2
2026-09-25,kinka-ecosystem,Kinka,,,,1,2,0,0
2026-09-25,matrixdock-ecosystem,Matrixdock,75571787.59861973,717954.4150684774,592466.5589540798,2,12,2,2
2026-09-25,midas-labs-ecosystem,Midas Labs,5372303.382964197,38050.64427026734,405194.6253026667,1,1,1,1
2026-09-25,mks-pamp-ecosystem,MKS PAMP,10326589.85265076,31051.707117838785,106.33330970198689,1,3,1,0
2026-09-25,ondo-tokenized-assets,Ondo Finance,944130794.9134052,-15052318.16051197,191165042.6482528,447,4,447,197
2026-09-25,paxos-ecosystem,Paxos Global,1864896643.3839498,16011595.941598892,157823081.40626726,1,1,1,1
2026-09-25,pleasing-ecosystem,Pleasing Market,83970613.28170739,-184280.51386268437,4.2491833260479455,1,2,1,0
2026-09-25,prestocks-ecosystem,PreStocks,20118470.204458904,344237.7068229802,3935265.660873768,7,1,7,5
2026-09-25,quorium-ecosystem,Quorium,,,,1,1,0,0
2026-09-25,reality-ecosystem,Reality,161372406.09676105,5037228.950654298,22657286.1610317,576,2,510,88
2026-09-25,republic-tokenized-pre-ipo-assets,Republic,39165935.936733864,-617942.8190109357,2544714.3156869602,2,1,1,1
2026-09-25,robinhood-chain-stocks-ecosystem,Robinhood Europe,160281437.17812356,-2753242.0556285977,165040228.22833958,192,1,192,73
2026-09-25,securitize-ecosystem,Securitize,14201137.860000001,-377438.87999999896,0.0,1,3,1,0
2026-09-25,st0x-ecosystem,ST0x,1808902.964628739,-25823.008056612685,1539291.4796700496,21,1,20,4
2026-09-25,streamex-ecosystem,Streamex,13193516.490733655,71317.10390085354,0.0,1,1,0,0
2026-09-25,tessera-tokenized-pre-ipo-assets,Tessera Tokenized Pre-IPO Assets,,,,3,1,0,0
2026-09-25,tether-ecosystem,Tether,2785199938.597047,21209644.833959103,358663182.7441546,2,15,1,2
2026-09-25,token-teknoloji-a-s-ecosystem,Token Teknoloji,323.33535466614853,4.057940715840061,12410.23752395514,4,3,2,0
2026-09-25,unitas-ecosystem,Unitas,12358701.848240549,106853.31383066252,13121.115893634236,1,1,1,1
2026-09-25,vnx-commodities-ag-ecosystem,VNX,6075765.198711552,37626.050065333024,19324.09108923426,1,6,1,1
2026-09-25,xstocks-ecosystem,xStocks,892318437.4219344,16532874.318291903,140888473.7767329,144,16,126,66
2026-09-26,anchored-ecosystem,Anchored Labs,1066300.7533564914,-938.165965646971,0.0,111,6,111,0
2026-09-26,backpack-securities-ecosystem,Backpack Securities,28361499.299116064,1180437.5385677777,29565652.457740538,52,1,52,46
2026-09-26,bstocks-ecosystem,BTech Holdings Limited,669654532.8756894,-12421627.278093457,251111078.88586268,73,1,72,72
2026-09-26,coinbase-ecosystem,Coinbase,12556480.892503154,712022.6176852826,26973337.48468618,10,1,10,10
2026-09-26,comtech-ecosystem,ComTech,3265844.076035638,-43661.532203370705,908620.3138563854,1,1,1,1
2026-09-26,dinari-ecosystem,Dinari,10003561.454352822,-6946498.973105773,681476.507246923,250,6,250,7
2026-09-26,figure-markets-ecosystem,"Figure Technology Solutions, Inc.",,,,1,1,0,0
2026-09-26,gate-ecosystem,Gate,0.0,0.0,38988.36153615077,1,0,1,1
2026-09-26,goldfish-ecosystem,Goldfish,86958066.06504495,398549.6786916703,110478.4922145882,1,1,1,1
2026-09-26,japaul-ltd-ecosystem,Japaul,,,,1,1,1,0
2026-09-26,kinesis-ecosystem,Kinesis Money,569622259.4742813,-650621.6492275,115363.45688352754,2,1,2,2
2026-09-26,kinka-ecosystem,Kinka,,,,1,2,0,0
2026-09-26,matrixdock-ecosystem,Matrixdock,74878626.74298258,-693160.855637148,494401.07568872656,2,12,2,2
2026-09-26,midas-labs-ecosystem,Midas Labs,5365313.014977049,-6990.367987147532,64266.62640790441,1,1,1,1
2026-09-26,mks-pamp-ecosystem,MKS PAMP,10234126.279817058,-92463.57283370197,76.63806082470519,1,3,1,0
2026-09-26,ondo-tokenized-assets,Ondo Finance,899806854.2908938,-44521420.05374193,152945257.90064213,447,4,447,181
2026-09-26,paxos-ecosystem,Paxos Global,1860645625.865208,-4251017.518741846,104555346.12160619,1,1,1,1
2026-09-26,pleasing-ecosystem,Pleasing Market,83945634.66674168,,1.1811956256547709,1,2,1,0
2026-09-26,prestocks-ecosystem,PreStocks,19894809.41735594,-223660.78710296378,1786426.9130938663,7,1,7,5
2026-09-26,quorium-ecosystem,Quorium,,,,1,1,0,0
2026-09-26,reality-ecosystem,Reality,155375309.26714686,-6039841.727017671,21492471.875143446,586,2,520,69
2026-09-26,republic-tokenized-pre-ipo-assets,Republic,38972231.61326116,-193704.323472701,648718.2746803605,2,1,1,1
2026-09-26,robinhood-chain-stocks-ecosystem,Robinhood Europe,162316035.83946985,2006232.0936572552,139235534.9325613,192,1,192,70
2026-09-26,securitize-ecosystem,Securitize,14153958.0,-47179.86000000127,0.0,1,3,1,0
2026-09-26,st0x-ecosystem,ST0x,1774714.7047232261,-34188.25990551291,3495150.590848549,21,1,20,4
2026-09-26,streamex-ecosystem,Streamex,13178614.13370414,-14902.357029514387,0.0,1,1,0,0
2026-09-26,tessera-tokenized-pre-ipo-assets,Tessera Tokenized Pre-IPO Assets,,,,3,1,0,0
2026-09-26,tether-ecosystem,Tether,2778469364.995902,-6730573.601144791,198100266.1108059,2,15,1,2
2026-09-26,token-teknoloji-a-s-ecosystem,Token Teknoloji,321.3327529245873,-2.00260174156125,6947.643691397646,4,3,2,0
2026-09-26,unitas-ecosystem,Unitas,11542933.973989684,-815767.8742508646,110.86346574221979,1,1,1,0
2026-09-26,vnx-commodities-ag-ecosystem,VNX,6070445.042743436,-5320.155968115665,15744.625406858595,1,6,1,1
2026-09-26,xstocks-ecosystem,xStocks,807048635.5510223,-85751368.65128016,101685157.43383677,144,16,126,61
2026-09-27,anchored-ecosystem,Anchored Labs,1066300.753356491,-2.3283064365386963e-10,0.0,111,6,111,0
2026-09-27,backpack-securities-ecosystem,Backpack Securities,27630073.92906016,-748464.7275554389,11759918.574437514,52,1,52,41
2026-09-27,bstocks-ecosystem,BTech Holdings Limited,677671521.6129974,6703084.601917148,86901234.60964158,73,1,72,72
2026-09-27,coinbase-ecosystem,Coinbase,12610410.53818768,45248.318438880146,9285177.566316355,10,1,10,10
2026-09-27,comtech-ecosystem,ComTech,3276945.265989777,-2330.1011076392606,899814.9213924523,1,1,1,1
2026-09-27,dinari-ecosystem,Dinari,1858456.5052567949,-8337527.9376818165,74861.26720764315,250,6,250,1
2026-09-27,figure-markets-ecosystem,"Figure Technology Solutions, Inc.",,,,1,1,0,0
2026-09-27,gate-ecosystem,Gate,0.0,0.0,91570.22560176805,1,0,1,1
2026-09-27,goldfish-ecosystem,Goldfish,86721483.19345321,-308093.37180021405,88672.85630866917,1,1,1,1
2026-09-27,japaul-ltd-ecosystem,Japaul,,,,1,1,1,0
2026-09-27,kinesis-ecosystem,Kinesis Money,544537062.975205,-24191907.901468396,37795.27196301982,2,1,2,1
2026-09-27,kinka-ecosystem,Kinka,,,,1,2,0,0
2026-09-27,matrixdock-ecosystem,Matrixdock,75520835.6327838,135660.11435879767,445100.3346075014,2,12,2,1
2026-09-27,midas-labs-ecosystem,Midas Labs,5364805.715636904,418.71818323247135,24233.786867901552,1,1,1,1
2026-09-27,mks-pamp-ecosystem,MKS PAMP,10365426.35509714,128583.73686099425,170.87018777859842,1,3,1,0
2026-09-27,ondo-tokenized-assets,Ondo Finance,817193710.6167715,-91671339.37005472,114913672.90232658,447,4,447,164
2026-09-27,paxos-ecosystem,Paxos Global,1861059323.8196068,-153455.29032373428,44146806.97867275,1,1,1,1
2026-09-27,pleasing-ecosystem,Pleasing Market,,,,1,2,1,0
2026-09-27,prestocks-ecosystem,PreStocks,20481500.488458674,206252.53570092842,763456.4998797316,7,1,7,3
2026-09-27,quorium-ecosystem,Quorium,,,,1,1,0,0
2026-09-27,reality-ecosystem,Reality,133683617.19680169,-23296145.432473153,4332056.088144674,586,2,520,30
2026-09-27,republic-tokenized-pre-ipo-assets,Republic,38820571.72920703,-146816.91762898117,235454.89881114464,2,1,1,1
2026-09-27,robinhood-chain-stocks-ecosystem,Robinhood Europe,162554010.031006,64632.1460609138,58489930.804797396,192,1,192,50
2026-09-27,securitize-ecosystem,Securitize,14153958.0,0.0,0.0,1,3,1,0
2026-09-27,st0x-ecosystem,ST0x,1720974.1731399186,-63913.532388553955,381858.11166345916,21,1,20,4
2026-09-27,streamex-ecosystem,Streamex,13189986.33717875,11372.203474609181,0.0,1,1,0,0
2026-09-27,tessera-tokenized-pre-ipo-assets,Tessera Tokenized Pre-IPO Assets,,,,3,1,0,0
2026-09-27,tether-ecosystem,Tether,2778874654.2924423,-754565.7912740707,54346470.130789556,2,15,1,2
2026-09-27,token-teknoloji-a-s-ecosystem,Token Teknoloji,321.02207795941587,-0.007631123579869836,9628.467442040394,4,3,2,0
2026-09-27,unitas-ecosystem,Unitas,11563009.173724573,4587.76179097034,194.121693872938,1,1,1,0
2026-09-27,vnx-commodities-ag-ecosystem,VNX,6058233.909699992,-14902.299111394212,19073.759509652275,1,6,1,1
2026-09-27,xstocks-ecosystem,xStocks,803135006.2543404,20872378.413192153,60068880.76031726,144,16,126,35
2026-09-28,anchored-ecosystem,Anchored Labs,1064953.2570193089,-1347.4963371823542,0.0,111,6,111,0
2026-09-28,backpack-securities-ecosystem,Backpack Securities,27886576.62388937,-669539.6796949469,22497115.417496238,52,1,52,43
2026-09-28,bstocks-ecosystem,BTech Holdings Limited,677854632.7420298,-33105.74657058716,203560512.1056428,73,1,72,72
2026-09-28,coinbase-ecosystem,Coinbase,13424042.849514771,827015.5590372887,32017943.176298335,10,1,10,10
2026-09-28,comtech-ecosystem,ComTech,3207389.1425764556,-66125.61371891061,870171.2043019589,1,1,1,1
2026-09-28,dinari-ecosystem,Dinari,3845814.8865338275,2624171.8708726987,310631.7519358154,250,6,250,1
2026-09-28,figure-markets-ecosystem,"Figure Technology Solutions, Inc.",,,,1,1,0,0
2026-09-28,gate-ecosystem,Gate,0.0,0.0,159678.06613340095,1,0,1,1
2026-09-28,goldfish-ecosystem,Goldfish,84154690.93481798,-2752452.1843095273,120338.73934915778,1,1,1,1
2026-09-28,japaul-ltd-ecosystem,Japaul,,,,1,1,1,0
2026-09-28,kinesis-ecosystem,Kinesis Money,548028527.6010065,-3645371.375006914,959437.0224052288,2,1,2,2
2026-09-28,kinka-ecosystem,Kinka,,,,1,2,0,0
2026-09-28,matrixdock-ecosystem,Matrixdock,72953008.93569644,-2590510.703282103,551915.9808851607,2,12,2,2
2026-09-28,midas-labs-ecosystem,Midas Labs,5214669.508623743,-150784.99039324652,40820.205978142556,1,1,1,1
2026-09-28,mks-pamp-ecosystem,MKS PAMP,10082622.746336581,-282756.94762225077,1851.4049995992143,1,3,1,0
2026-09-28,ondo-tokenized-assets,Ondo Finance,943619432.1730142,126572997.7583406,142366929.97505462,447,4,447,170
2026-09-28,paxos-ecosystem,Paxos Global,1810095286.2959578,-50281737.04719901,173889273.66306058,1,1,1,1
2026-09-28,pleasing-ecosystem,Pleasing Market,81954461.41123444,,38.49733063764683,1,2,1,0
2026-09-28,prestocks-ecosystem,PreStocks,20164620.91161033,77044.5879054442,3562906.5416920558,7,1,7,5
2026-09-28,quorium-ecosystem,Quorium,,,,1,1,0,0
2026-09-28,reality-ecosystem,Reality,156315017.81857303,22283918.349615112,26270815.55456033,587,2,521,80
2026-09-28,republic-tokenized-pre-ipo-assets,Republic,38608948.961779535,-228443.84202805907,763219.0814503429,2,1,1,1
2026-09-28,robinhood-chain-stocks-ecosystem,Robinhood Europe,163130349.17223597,646167.226506412,135724368.92192036,192,1,192,71
2026-09-28,securitize-ecosystem,Securitize,14153958.0,0.0,0.0,1,3,1,0
2026-09-28,st0x-ecosystem,ST0x,1685804.588115493,-79973.2701853516,806794.4896120069,21,1,20,6
2026-09-28,streamex-ecosystem,Streamex,12778371.04822223,-411615.2889565192,0.0,1,1,0,0
2026-09-28,tessera-tokenized-pre-ipo-assets,Tessera Tokenized Pre-IPO Assets,,,,3,1,0,0
2026-09-28,tether-ecosystem,Tether,2976566210.2306337,197072466.2720065,286552876.03520894,2,15,1,2
2026-09-28,token-teknoloji-a-s-ecosystem,Token Teknoloji,307.14773265771925,-13.87534301714885,42888.06029888525,4,3,2,4
2026-09-28,unitas-ecosystem,Unitas,11241957.03503572,-322024.65376343764,158.90775965084097,1,1,1,0
2026-09-28,vnx-commodities-ag-ecosystem,VNX,5917418.18964534,-142043.33747358155,37350.371197178385,1,6,1,1
2026-09-28,xstocks-ecosystem,xStocks,872762190.6279247,77023591.98082185,92521984.93938306,146,16,128,49
2026-09-29,anchored-ecosystem,Anchored Labs,1064429.4556834132,582.3604741576128,0.0,111,6,111,0
2026-09-29,backpack-securities-ecosystem,Backpack Securities,27279074.186052587,-415284.41907307133,28347105.37912494,52,1,52,0
2026-09-29,bstocks-ecosystem,BTech Holdings Limited,684851048.1345576,14895336.4208709,300558956.9642045,73,1,72,0
2026-09-29,coinbase-ecosystem,Coinbase,13757025.054539297,677501.9689592794,42219071.61841558,10,1,10,0
2026-09-29,comtech-ecosystem,ComTech,3193444.0278747086,-8339.070277744438,853509.9316508365,1,1,1,0
2026-09-29,dinari-ecosystem,Dinari,17633593.80137458,13758374.824617807,2110187.514566464,250,6,250,0
2026-09-29,figure-markets-ecosystem,"Figure Technology Solutions, Inc.",,,,1,1,0,0
2026-09-29,gate-ecosystem,Gate,0.0,0.0,48108.30963303213,1,0,1,0
2026-09-29,goldfish-ecosystem,Goldfish,83854317.4007298,-406930.1564054936,92762.73204516566,1,1,1,0
2026-09-29,japaul-ltd-ecosystem,Japaul,,,,1,1,1,0
2026-09-29,kinesis-ecosystem,Kinesis Money,543457585.3714027,-14227446.215922236,613691.9900668624,2,1,2,0
2026-09-29,kinka-ecosystem,Kinka,,,,1,2,0,0
2026-09-29,matrixdock-ecosystem,Matrixdock,72986145.29266563,-45909.57322780788,524794.7256982998,2,12,2,0
2026-09-29,midas-labs-ecosystem,Midas Labs,5216909.2994138105,-298.7059880392626,86820.43297895712,1,1,1,0
2026-09-29,mks-pamp-ecosystem,MKS PAMP,10034302.20460642,-55810.2241634056,334.21635376732235,1,3,1,0
2026-09-29,ondo-tokenized-assets,Ondo Finance,939292949.7436316,10357788.160760641,184871512.43382117,448,4,448,0
2026-09-29,paxos-ecosystem,Paxos Global,1810807931.8973944,-983620.9083046913,170914056.86369622,1,1,1,0
2026-09-29,pleasing-ecosystem,Pleasing Market,81357828.48792185,-613077.8072826266,11.624812371984229,1,2,1,0
2026-09-29,prestocks-ecosystem,PreStocks,20732349.766329426,578919.214610111,2637332.0929863504,7,1,7,0
2026-09-29,quorium-ecosystem,Quorium,,,,1,1,0,0
2026-09-29,reality-ecosystem,Reality,157698095.22535965,2759695.1041498184,83234920.32780437,598,2,532,0
2026-09-29,republic-tokenized-pre-ipo-assets,Republic,38500587.56903735,-210769.13435070962,1720520.0668010525,2,1,1,0
2026-09-29,robinhood-chain-stocks-ecosystem,Robinhood Europe,164355957.22000852,2278073.1540843844,192832412.2147471,192,1,192,0
2026-09-29,securitize-ecosystem,Securitize,14672936.459999999,518978.45999999903,0.0,1,3,1,0
2026-09-29,st0x-ecosystem,ST0x,1595311.703835708,-72448.57284053555,1175495.7662973306,21,1,20,0
2026-09-29,streamex-ecosystem,Streamex,12770569.008761302,-7802.039460929111,0.0,1,1,0,0
2026-09-29,tessera-tokenized-pre-ipo-assets,Tessera Tokenized Pre-IPO Assets,,,,3,1,0,0
2026-09-29,tether-ecosystem,Tether,3472648384.429652,493458858.07406616,309128685.5407933,2,15,1,0
2026-09-29,token-teknoloji-a-s-ecosystem,Token Teknoloji,304.9161400115862,-2.5291096739401837,34618.659525533316,4,3,2,0
2026-09-29,unitas-ecosystem,Unitas,11379195.815203045,159089.47657356225,8.551782575132412,1,1,1,0
2026-09-29,vnx-commodities-ag-ecosystem,VNX,5886603.988724235,-31526.57613567263,20161.79989012665,1,6,1,0
2026-09-29,xstocks-ecosystem,xStocks,885798993.1132245,6880412.056864023,110167810.67912482,146,16,128,0
2026-09-30,anchored-ecosystem,Anchored Labs,1064863.521694885,434.0660114719067,0.0,111,6,111,0
2026-09-30,backpack-securities-ecosystem,Backpack Securities,27820472.750601843,541398.5645492524,53636991.32403292,58,1,58,0
2026-09-30,bstocks-ecosystem,BTech Holdings Limited,690984051.0271578,6133002.892600179,283738904.6751044,73,1,72,0
2026-09-30,coinbase-ecosystem,Coinbase,13774428.434368119,17403.379828821868,40928355.93287642,12,1,12,0
2026-09-30,comtech-ecosystem,ComTech,3218529.9447396407,25085.91686493205,892257.6038341429,1,1,1,0
2026-09-30,dinari-ecosystem,Dinari,15975076.751831058,-1661999.9183173254,1232964.197822612,250,6,250,0
2026-09-30,figure-markets-ecosystem,"Figure Technology Solutions, Inc.",,,,1,1,0,0
2026-09-30,gate-ecosystem,Gate,0.0,0.0,97431.80331502091,1,0,1,0
2026-09-30,goldfish-ecosystem,Goldfish,84530581.17528638,676263.7745565772,100216.9104107172,1,1,1,0
2026-09-30,japaul-ltd-ecosystem,Japaul,,,,1,1,1,0
2026-09-30,kinesis-ecosystem,Kinesis Money,759318827.8196061,215861242.44820333,152670.07837628413,2,1,2,0
2026-09-30,kinka-ecosystem,Kinka,,,,1,2,0,0
2026-09-30,matrixdock-ecosystem,Matrixdock,74392029.85304421,1405884.5603785813,514988.2166850954,2,12,2,0
2026-09-30,midas-labs-ecosystem,Midas Labs,5253824.982688252,36915.6832744414,67685.6026012486,1,1,1,0
2026-09-30,mks-pamp-ecosystem,MKS PAMP,10072217.958518717,37915.75391229801,313.62635560993664,1,3,1,0
2026-09-30,ondo-tokenized-assets,Ondo Finance,970325231.3238577,31026567.812976003,172229026.9190353,448,4,448,0
2026-09-30,paxos-ecosystem,Paxos Global,1824200254.0203464,13392322.122951984,147647372.876357,1,1,1,0
2026-09-30,pleasing-ecosystem,Pleasing Market,81360376.0920295,,1.7488688238873231,1,2,1,0
2026-09-30,prestocks-ecosystem,PreStocks,20375350.84805578,-356998.9182736464,3532345.1991731105,7,1,7,0
2026-09-30,quorium-ecosystem,Quorium,,,,1,1,0,0
2026-09-30,reality-ecosystem,Reality,156412058.34972748,-1314587.1050841212,97037228.2026801,601,2,535,0
2026-09-30,republic-tokenized-pre-ipo-assets,Republic,39358535.173318915,857947.604281567,875051.220438672,2,1,1,0
2026-09-30,robinhood-chain-stocks-ecosystem,Robinhood Europe,160661931.7977583,-3702678.079230994,157862546.36928737,192,1,192,0
2026-09-30,securitize-ecosystem,Securitize,14672936.459999999,0.0,0.0,1,3,1,0
2026-09-30,st0x-ecosystem,ST0x,1557139.7793789762,-38171.92445673188,801763.2259005782,21,1,20,0
2026-09-30,streamex-ecosystem,Streamex,12909996.224405896,139427.21564459428,0.0,1,1,0,0
2026-09-30,tessera-tokenized-pre-ipo-assets,Tessera Tokenized Pre-IPO Assets,,,,3,1,0,0
2026-09-30,tether-ecosystem,Tether,3496840138.7699156,24191754.340263367,174027886.45098883,2,15,1,0
2026-09-30,token-teknoloji-a-s-ecosystem,Token Teknoloji,304.88933490151555,-0.026805110070654337,23840.32076347679,4,3,2,0
2026-09-30,unitas-ecosystem,Unitas,11501478.39646881,122282.58126576617,2007.9163156860764,1,1,1,0
2026-09-30,vnx-commodities-ag-ecosystem,VNX,5929759.639702294,43155.65097805858,21695.54764342082,1,6,1,0
2026-09-30,xstocks-ecosystem,xStocks,890233736.9724061,3927059.356557369,155858867.57943422,149,16,128,0
2026-10-01,anchored-ecosystem,Anchored Labs,1062276.8863413325,-2540.215209737653,0.0,111,6,111,0
2026-10-01,backpack-securities-ecosystem,Backpack Securities,28397599.52497331,621057.7113350071,43993449.89887604,58,1,58,0
2026-10-01,bstocks-ecosystem,BTech Holdings Limited,717627572.3022301,27473963.931932688,358046177.4497555,80,1,79,0
2026-10-01,coinbase-ecosystem,Coinbase,15109538.478675067,1347450.0761233643,55649998.91448638,12,1,12,0
2026-10-01,comtech-ecosystem,ComTech,3226350.711796155,-5051.501488110516,884529.4947789842,1,1,1,0
2026-10-01,dinari-ecosystem,Dinari,16912357.46093024,-910406.7264715061,1044856.9790062135,250,6,250,0
2026-10-01,figure-markets-ecosystem,"Figure Technology Solutions, Inc.",,,,1,1,0,0
2026-10-01,gate-ecosystem,Gate,0.0,0.0,30908.536943127405,1,0,1,0
2026-10-01,goldfish-ecosystem,Goldfish,84664535.17739902,197864.112058118,133578.0087168686,1,1,1,0
2026-10-01,japaul-ltd-ecosystem,Japaul,,,,1,1,1,0
2026-10-01,kinesis-ecosystem,Kinesis Money,763840485.6985362,4838024.910356522,374333.361352187,2,1,2,0
2026-10-01,kinka-ecosystem,Kinka,,,,1,2,0,0
2026-10-01,matrixdock-ecosystem,Matrixdock,74031689.67034186,-368024.4753243029,607648.2213347729,2,12,2,0
2026-10-01,midas-labs-ecosystem,Midas Labs,5251198.726999895,-175.95421943068504,70520.89054700335,1,1,1,0
2026-10-01,mks-pamp-ecosystem,MKS PAMP,10044591.065758938,-75864.42403856851,86.39387316859963,1,3,1,0
2026-10-01,ondo-tokenized-assets,Ondo Finance,997364112.564762,24928471.79524958,180140979.34885752,448,4,448,0
2026-10-01,paxos-ecosystem,Paxos Global,1822538634.6091504,-1888498.3271036148,120115061.57085146,1,1,1,0
2026-10-01,pleasing-ecosystem,Pleasing Market,,,,1,2,1,0
2026-10-01,prestocks-ecosystem,PreStocks,20662073.907529052,321838.48783612996,1357151.782356032,7,1,7,0
2026-10-01,quorium-ecosystem,Quorium,,,,1,1,0,0
2026-10-01,reality-ecosystem,Reality,156759047.00165555,466193.63784754276,86559793.8695862,606,2,540,0
2026-10-01,republic-tokenized-pre-ipo-assets,Republic,39550138.149054855,217647.05164716393,443614.95015225926,2,1,1,0
2026-10-01,robinhood-chain-stocks-ecosystem,Robinhood Europe,157367245.34448272,-3058609.8604920506,186328048.93341017,192,1,192,0
2026-10-01,securitize-ecosystem,Securitize,14531396.88,-141539.5799999982,0.0,1,3,1,0
2026-10-01,st0x-ecosystem,ST0x,1537421.4445480076,-16930.604698581155,1509522.7319505818,21,1,20,0
2026-10-01,streamex-ecosystem,Streamex,12847819.9714711,-62176.252934796736,0.0,1,1,0,0
2026-10-01,tessera-tokenized-pre-ipo-assets,Tessera Tokenized Pre-IPO Assets,,,,3,1,0,0
2026-10-01,tether-ecosystem,Tether,3492557309.39608,-3759944.8894438744,212862004.9601611,2,15,1,0
2026-10-01,token-teknoloji-a-s-ecosystem,Token Teknoloji,305.84874876695574,1.2467323153659322,24313.35434999768,4,3,2,0
2026-10-01,unitas-ecosystem,Unitas,11466690.439672641,-19205.415024602786,2524.6414103865545,1,1,1,0
2026-10-01,vnx-commodities-ag-ecosystem,VNX,5919574.530565764,-7397.351619561203,21964.88840246286,1,6,1,0
2026-10-01,xstocks-ecosystem,xStocks,900500331.552968,10771504.780037403,124085319.76186912,151,16,130,14
2026-10-02,anchored-ecosystem,Anchored Labs,1146228.533838096,245.62328641326167,1135.542560531014,112,6,112,0
2026-10-02,backpack-securities-ecosystem,Backpack Securities,29483317.929665178,964419.471520789,48974178.27799087,59,1,59,0
2026-10-02,bstocks-ecosystem,BTech Holdings Limited,740142536.7517273,20591225.778131723,325479839.65209144,80,1,79,0
2026-10-02,coinbase-ecosystem,Coinbase,15859061.57253955,761971.0506288968,43083341.742313035,12,1,12,0
2026-10-02,comtech-ecosystem,ComTech,3222001.255261498,-4140.463799858466,886410.029384822,1,1,1,0
2026-10-02,dinari-ecosystem,Dinari,14998614.826435506,-1917140.782349266,378211.9182750883,250,6,250,0
2026-10-02,figure-markets-ecosystem,"Figure Technology Solutions, Inc.",,,,1,1,0,0
2026-10-02,gate-ecosystem,Gate,0.0,0.0,34782.42838099248,1,0,1,0
2026-10-02,goldfish-ecosystem,Goldfish,84714060.0157521,514610.1918770671,132574.59211423068,1,1,1,0
2026-10-02,japaul-ltd-ecosystem,Japaul,,,,1,1,1,0
2026-10-02,kinesis-ecosystem,Kinesis Money,759533782.8854787,307865.6427654028,284281.0329768033,2,1,2,0
2026-10-02,kinka-ecosystem,Kinka,,,,1,2,0,0
2026-10-02,matrixdock-ecosystem,Matrixdock,74337898.22628425,354410.34138324857,550190.5760230595,2,12,2,0
2026-10-02,midas-labs-ecosystem,Midas Labs,5245702.903219444,2356.322108979337,227903.80400856285,1,1,1,0
2026-10-02,mks-pamp-ecosystem,MKS PAMP,10062457.517125506,18617.941772129387,53.00786911147246,1,3,1,0
2026-10-02,ondo-tokenized-assets,Ondo Finance,992116753.2155366,-8999980.023001194,179415822.18297186,448,4,448,0
2026-10-02,paxos-ecosystem,Paxos Global,1821072343.8106542,1035919.8917255402,140604328.74965498,1,1,1,0
2026-10-02,pleasing-ecosystem,Pleasing Market,,,,1,2,1,0
2026-10-02,prestocks-ecosystem,PreStocks,21429230.78255569,969510.7479972132,2428489.698887406,7,1,7,0
2026-10-02,quorium-ecosystem,Quorium,,,,1,1,0,0
2026-10-02,reality-ecosystem,Reality,158298741.15054455,930505.7455468476,40429213.43304418,612,2,546,0
2026-10-02,republic-tokenized-pre-ipo-assets,Republic,39436856.20135087,-113794.1030413881,248487.99838820138,2,1,1,0
2026-10-02,robinhood-chain-stocks-ecosystem,Robinhood Europe,157933640.14977512,532263.1161282659,160122978.46285337,192,1,192,0
2026-10-02,securitize-ecosystem,Securitize,14861655.9,330259.01999999955,0.0,1,3,1,0
2026-10-02,st0x-ecosystem,ST0x,1340783.8932155436,-196830.41821313393,923037.5921084934,21,1,20,0
2026-10-02,streamex-ecosystem,Streamex,12841310.57760133,-6509.393869768828,0.0,1,1,0,0
2026-10-02,tessera-tokenized-pre-ipo-assets,Tessera Tokenized Pre-IPO Assets,,,,3,1,0,0
2026-10-02,tether-ecosystem,Tether,3493428168.9762115,5242303.740882874,242762368.6410737,2,15,1,0
2026-10-02,token-teknoloji-a-s-ecosystem,Token Teknoloji,305.5874340477267,-0.1311091221621723,14662.004307677575,4,3,2,0
2026-10-02,unitas-ecosystem,Unitas,11430863.94712658,-32834.52118322253,264.2252309443465,1,1,1,0
2026-10-02,vnx-commodities-ag-ecosystem,VNX,5915842.7691258015,6373.961761515588,22383.745491951726,1,6,1,0
2026-10-02,xstocks-ecosystem,xStocks,847718521.6010835,-53239754.16963315,131424810.22966607,152,16,130,20
2026-10-03,anchored-ecosystem,Anchored Labs,1147317.205643208,856.4407268448267,1611.880401834838,112,6,112,0
2026-10-03,backpack-securities-ecosystem,Backpack Securities,29432968.342492826,-208795.23730451986,29523361.575640477,59,1,59,0
2026-10-03,bstocks-ecosystem,BTech Holdings Limited,741403651.4558924,1044728.7093547583,349016808.3613967,80,1,79,0
2026-10-03,coinbase-ecosystem,Coinbase,16097879.855431661,163090.00511137396,31732104.918496646,12,1,12,0
2026-10-03,comtech-ecosystem,ComTech,3173214.9000618835,-54081.787028858904,863979.4064355944,1,1,1,0
2026-10-03,dinari-ecosystem,Dinari,2759255.620166727,-12238808.281625591,1039276.5936944232,250,6,250,0
2026-10-03,figure-markets-ecosystem,"Figure Technology Solutions, Inc.",,,,1,1,0,0
2026-10-03,gate-ecosystem,Gate,0.0,0.0,9596.986849057783,1,0,1,0
2026-10-03,goldfish-ecosystem,Goldfish,84380006.5439251,-674528.1273556352,115449.99889771656,1,1,1,0
2026-10-03,japaul-ltd-ecosystem,Japaul,,,,1,1,1,0
2026-10-03,kinesis-ecosystem,Kinesis Money,749406417.0648141,-11039762.649812102,130722.3930148216,2,1,2,0
2026-10-03,kinka-ecosystem,Kinka,,,,1,2,0,0
2026-10-03,matrixdock-ecosystem,Matrixdock,73756432.7428273,-611125.1417537183,599026.4814986921,2,12,2,0
2026-10-03,midas-labs-ecosystem,Midas Labs,5194767.97598627,-52654.870758369565,16687.967144452403,1,1,1,0
2026-10-03,mks-pamp-ecosystem,MKS PAMP,10078553.115056245,-40965.91043787077,136.16514148047565,1,3,1,0
2026-10-03,ondo-tokenized-assets,Ondo Finance,966427921.6789652,-26415292.451097846,157924842.82726762,448,4,448,0
2026-10-03,paxos-ecosystem,Paxos Global,1803217798.5966825,-18649405.084311962,163481637.35444617,1,1,1,0
2026-10-03,pleasing-ecosystem,Pleasing Market,82126681.50369458,,2.6817524520398646,1,2,1,0
2026-10-03,prestocks-ecosystem,PreStocks,20704362.97288639,-814709.5070883259,1127364.9696532108,7,1,7,0
2026-10-03,quorium-ecosystem,Quorium,,,,1,1,0,0
2026-10-03,reality-ecosystem,Reality,153674161.61809143,-5113333.26222533,23352665.269585174,615,2,549,0
2026-10-03,republic-tokenized-pre-ipo-assets,Republic,40308473.489235535,960581.6974057779,202545.8035694119,2,1,1,0
2026-10-03,robinhood-chain-stocks-ecosystem,Robinhood Europe,157884646.31376234,-222004.70148074627,136749683.52637547,192,1,192,0
2026-10-03,securitize-ecosystem,Securitize,14625756.600000003,-235899.2999999933,0.0,1,3,1,0
2026-10-03,st0x-ecosystem,ST0x,1252606.120760895,-98185.59439566382,595083.8189533516,21,1,20,0
2026-10-03,streamex-ecosystem,Streamex,12582865.618291633,-330848.50105264597,0.0,1,1,0,0
2026-10-03,tessera-tokenized-pre-ipo-assets,Tessera Tokenized Pre-IPO Assets,,,,3,1,0,0
2026-10-03,tether-ecosystem,Tether,3458351691.0989714,-35935744.36859465,261123981.9388064,2,15,1,0
2026-10-03,token-teknoloji-a-s-ecosystem,Token Teknoloji,303.1022686613806,-3.584747340019476,9436.455657787781,4,3,2,0
2026-10-03,unitas-ecosystem,Unitas,11332716.291852178,-110589.03733769245,4163.992585542372,1,1,1,0
2026-10-03,vnx-commodities-ag-ecosystem,VNX,5875611.916870153,-47414.87840984948,20474.613522065203,1,6,1,0
2026-10-03,xstocks-ecosystem,xStocks,809137837.8235161,-39950030.33560777,105047091.67578612,152,16,130,18
2026-10-04,anchored-ecosystem,Anchored Labs,1156799.4150641775,9482.186412574723,17215.14393042056,112,6,112,0
2026-10-04,backpack-securities-ecosystem,Backpack Securities,29461601.54427258,21198.702997993678,7483870.351440692,59,1,59,0
2026-10-04,bstocks-ecosystem,BTech Holdings Limited,744334645.8212855,2647720.624421239,119171456.45616457,80,1,79,0
2026-10-04,coinbase-ecosystem,Coinbase,16117835.678222798,16404.042537501082,8099484.59796032,12,1,12,0
2026-10-04,comtech-ecosystem,ComTech,3175112.9752370915,2107.455241790507,876790.2107069335,1,1,1,0
2026-10-04,dinari-ecosystem,Dinari,3179970.192061208,-342916.7693660031,73075.04973208823,250,6,250,0
2026-10-04,figure-markets-ecosystem,"Figure Technology Solutions, Inc.",,,,1,1,0,0
2026-10-04,gate-ecosystem,Gate,0.0,0.0,75799.55392458504,1,0,1,0
2026-10-04,goldfish-ecosystem,Goldfish,84311620.78801906,-33078.299707859755,105144.92686734528,1,1,1,0
2026-10-04,japaul-ltd-ecosystem,Japaul,,,,1,1,1,0
2026-10-04,kinesis-ecosystem,Kinesis Money,749916923.36619,537612.9835474491,195149.71109849852,2,1,2,0
2026-10-04,kinka-ecosystem,Kinka,,,,1,2,0,0
2026-10-04,matrixdock-ecosystem,Matrixdock,73739001.18228164,-9301.314862012863,439944.7145571274,2,12,2,0
2026-10-04,midas-labs-ecosystem,Midas Labs,5200245.627248019,-1436.0787309389561,11408.538868393347,1,1,1,0
2026-10-04,mks-pamp-ecosystem,MKS PAMP,10084176.00866916,6909.151297045872,9.256624577797428,1,3,1,0
2026-10-04,ondo-tokenized-assets,Ondo Finance,839450045.1815615,-125804057.7219001,124262261.9057485,448,4,448,0
2026-10-04,paxos-ecosystem,Paxos Global,1803478539.8686578,-599791.3372437954,45652329.18695861,1,1,1,0
2026-10-04,pleasing-ecosystem,Pleasing Market,82222383.82141075,,2.6848775012991566,1,2,1,0
2026-10-04,prestocks-ecosystem,PreStocks,20509656.97384592,-253807.66188640147,405456.88199699426,7,1,7,0
2026-10-04,quorium-ecosystem,Quorium,,,,1,1,0,0
2026-10-04,reality-ecosystem,Reality,113169791.0361058,-40757333.856608525,2631300.688008994,615,2,549,0
2026-10-04,republic-tokenized-pre-ipo-assets,Republic,40455865.98237683,125549.29518164694,134882.61300701392,2,1,1,0
2026-10-04,robinhood-chain-stocks-ecosystem,Robinhood Europe,158002939.63593838,59535.51776751876,89432888.88604982,192,1,192,0
2026-10-04,securitize-ecosystem,Securitize,14625756.6,0.0,0.0,1,3,1,0
2026-10-04,st0x-ecosystem,ST0x,1271597.3810616687,-15080.634887915105,824735.0186669928,21,1,20,0
2026-10-04,streamex-ecosystem,Streamex,12582865.618291633,0.0,0.0,1,1,0,0
2026-10-04,tessera-tokenized-pre-ipo-assets,Tessera Tokenized Pre-IPO Assets,,,,3,1,0,0
2026-10-04,tether-ecosystem,Tether,3459238449.852018,1088965.1970129013,59770506.624365,2,15,1,0
2026-10-04,token-teknoloji-a-s-ecosystem,Token Teknoloji,302.86494769667,-0.23789706939572852,5776.837650975716,4,3,2,0
2026-10-04,unitas-ecosystem,Unitas,11245608.042592214,-92210.87140914798,36.23558387919582,1,1,1,0
2026-10-04,vnx-commodities-ag-ecosystem,VNX,5851434.457896124,-26838.256023175083,14311.96340544175,1,6,1,0
2026-10-04,xstocks-ecosystem,xStocks,804066212.6700457,-4411322.313786745,53750230.86697057,152,16,130,6
2026-10-05,anchored-ecosystem,Anchored Labs,1149253.236671336,-3534.6692333219107,2014.0123802811552,112,6,112,0
2026-10-05,backpack-securities-ecosystem,Backpack Securities,29482003.261968825,16943.62778962776,16809244.437512953,59,1,59,0
2026-10-05,bstocks-ecosystem,BTech Holdings Limited,752648775.517619,9127810.043116212,176348862.08348596,80,1,79,0
2026-10-05,coinbase-ecosystem,Coinbase,16647909.078769099,530382.2796130236,17974397.280358702,12,1,12,0
2026-10-05,comtech-ecosystem,ComTech,3204739.8069125954,35397.624807418324,879257.5789017068,1,1,1,0
2026-10-05,dinari-ecosystem,Dinari,5468056.756490088,2190936.970710135,204121.01167611318,250,6,250,0
2026-10-05,figure-markets-ecosystem,"Figure Technology Solutions, Inc.",,,,1,1,0,0
2026-10-05,gate-ecosystem,Gate,0.0,0.0,349546.43402650504,1,0,1,0
2026-10-05,goldfish-ecosystem,Goldfish,84666510.53220342,480157.4552985579,129879.47856881945,1,1,1,0
2026-10-05,japaul-ltd-ecosystem,Japaul,,,,1,1,1,0
2026-10-05,kinesis-ecosystem,Kinesis Money,758586211.026034,8669213.93040955,268972.88384004286,2,1,2,0
2026-10-05,kinka-ecosystem,Kinka,,,,1,2,0,0
2026-10-05,matrixdock-ecosystem,Matrixdock,73993132.49972272,191055.27390028536,536271.021724506,2,12,2,0
2026-10-05,midas-labs-ecosystem,Midas Labs,5215950.774761372,20129.849162180908,96187.45193094663,1,1,1,0
2026-10-05,mks-pamp-ecosystem,MKS PAMP,10065784.015112448,78908.09165405668,68.34016490081565,1,3,1,0
2026-10-05,ondo-tokenized-assets,Ondo Finance,991327421.9412398,152098488.77159405,152382753.89478487,448,4,448,0
2026-10-05,paxos-ecosystem,Paxos Global,1810149647.2244942,6733819.325148582,89026160.51912427,1,1,1,0
2026-10-05,pleasing-ecosystem,Pleasing Market,,,,1,2,1,0
2026-10-05,prestocks-ecosystem,PreStocks,20336119.48899881,-138550.39087064937,239896.3937364341,7,1,7,0
2026-10-05,quorium-ecosystem,Quorium,,,,1,1,0,0
2026-10-05,reality-ecosystem,Reality,138221415.36150718,25903721.414313853,11178271.635412602,620,2,554,0
2026-10-05,republic-tokenized-pre-ipo-assets,Republic,40804030.035612896,288134.96852646023,451603.0410319106,2,1,1,0
2026-10-05,robinhood-chain-stocks-ecosystem,Robinhood Europe,156994514.22708043,-1095678.9849090874,118650213.06464493,192,1,192,0
2026-10-05,securitize-ecosystem,Securitize,14625756.6,1.862645149230957e-09,0.0,1,3,1,0
2026-10-05,st0x-ecosystem,ST0x,1208947.319519279,-14293.835199780064,820061.6131495012,21,1,20,0
2026-10-05,streamex-ecosystem,Streamex,12815088.338466369,232222.7201747354,0.0,1,1,0,0
2026-10-05,tessera-tokenized-pre-ipo-assets,Tessera Tokenized Pre-IPO Assets,,,,3,1,0,0
2026-10-05,tether-ecosystem,Tether,3470554768.5239615,10662683.769384861,152671711.4953029,2,15,1,0
2026-10-05,token-teknoloji-a-s-ecosystem,Token Teknoloji,307.9728258040916,5.107844809408903,7424.250276884984,4,3,2,0
2026-10-05,unitas-ecosystem,Unitas,11274176.829923892,26313.2761376407,2283.813127905053,1,1,1,0
2026-10-05,vnx-commodities-ag-ecosystem,VNX,5890216.272365568,45510.84963721596,16773.809765138954,1,6,1,0
2026-10-05,xstocks-ecosystem,xStocks,911044899.1412072,107888720.4581176,84308769.60743928,152,16,130,18
2026-10-06,anchored-ecosystem,Anchored Labs,1150715.325258774,1169.5793799234089,115.54400835849293,112,6,112,0
2026-10-06,backpack-securities-ecosystem,Backpack Securities,30226603.608440995,694752.3518062457,26796778.209184084,59,1,59,50
2026-10-06,bstocks-ecosystem,BTech Holdings Limited,765094657.4161018,10961112.814766645,262421980.83029824,80,1,79,79
2026-10-06,coinbase-ecosystem,Coinbase,16634822.969084993,45690.47994657792,29966669.97307198,12,1,12,12
2026-10-06,comtech-ecosystem,ComTech,3212414.4502165313,7829.327374049462,883443.6104320168,1,1,1,1
2026-10-06,dinari-ecosystem,Dinari,9688369.982306696,4126810.8179316213,2099764.632325797,250,6,250,6
2026-10-06,figure-markets-ecosystem,"Figure Technology Solutions, Inc.",,,,1,1,0,0
2026-10-06,gate-ecosystem,Gate,0.0,0.0,70034.37864265242,1,0,1,1
2026-10-06,goldfish-ecosystem,Goldfish,84459126.59599727,-159150.58925269544,123378.26765510374,1,1,1,1
2026-10-06,japaul-ltd-ecosystem,Japaul,,,,1,1,1,0
2026-10-06,kinesis-ecosystem,Kinesis Money,755910246.165813,-1039136.9313348532,173917.7297168894,2,1,2,2
2026-10-06,kinka-ecosystem,Kinka,,,,1,2,0,0
2026-10-06,matrixdock-ecosystem,Matrixdock,74041299.48788284,54126.419941201806,586866.8405280754,2,12,2,1
2026-10-06,midas-labs-ecosystem,Midas Labs,5239746.179712042,21529.85802702885,16595.216574113518,1,1,1,1
2026-10-06,mks-pamp-ecosystem,MKS PAMP,10029033.051069925,-38532.74166837521,327.86080658630783,1,3,1,0
2026-10-06,ondo-tokenized-assets,Ondo Finance,1040858948.9745243,47477709.15773964,153727018.74226928,448,4,448,172
2026-10-06,paxos-ecosystem,Paxos Global,1819475477.1714227,9486830.611990213,114762104.89889474,1,1,1,1
2026-10-06,pleasing-ecosystem,Pleasing Market,81364546.93312201,,2.55789208995111,1,2,1,0
2026-10-06,prestocks-ecosystem,PreStocks,21244493.585076973,655737.859348543,1632608.96850247,7,1,7,5
2026-10-06,quorium-ecosystem,Quorium,,,,1,1,0,0
2026-10-06,reality-ecosystem,Reality,143969428.32373425,5607723.957314521,15584255.555760544,624,2,558,71
2026-10-06,republic-tokenized-pre-ipo-assets,Republic,42134700.199179456,1302209.736720875,308156.2419117164,2,1,1,1
2026-10-06,robinhood-chain-stocks-ecosystem,Robinhood Europe,154565874.49018568,-2450561.679243624,120452033.67593184,192,1,192,69
2026-10-06,securitize-ecosystem,Securitize,13918058.700000001,-707697.9000000022,0.0,1,3,1,0
2026-10-06,st0x-ecosystem,ST0x,1205259.0154518278,-4791.656071070116,360423.5472973743,21,1,20,3
2026-10-06,streamex-ecosystem,Streamex,12816781.088645268,1692.750178899616,0.0,1,1,0,0
2026-10-06,tessera-tokenized-pre-ipo-assets,Tessera Tokenized Pre-IPO Assets,,,,3,1,0,0
2026-10-06,tether-ecosystem,Tether,3481526665.7344837,11523828.643212318,237255177.24139822,2,15,1,2
2026-10-06,token-teknoloji-a-s-ecosystem,Token Teknoloji,307.90993570000677,-0.7263033127832728,10343.603581939664,4,3,2,0
2026-10-06,unitas-ecosystem,Unitas,11369390.9534913,94771.12744448893,334.4798193040995,1,1,1,0
2026-10-06,vnx-commodities-ag-ecosystem,VNX,5885240.603284004,-3303.0394093990326,23132.28510013372,1,6,1,1
2026-10-06,xstocks-ecosystem,xStocks,921146641.8295096,8813152.14897585,104254617.21682566,152,16,130,67
2026-10-07,anchored-ecosystem,Anchored Labs,1148220.928136931,-2494.3971218429506,4.416977203245589,112,6,112,0
2026-10-07,backpack-securities-ecosystem,Backpack Securities,29300169.498434316,-926434.1100066788,32056428.44224968,59,1,59,48
2026-10-07,bstocks-ecosystem,BTech Holdings Limited,758085150.8293294,-7009506.586772442,332216181.1246516,87,1,86,86
2026-10-07,coinbase-ecosystem,Coinbase,17016011.129475936,381188.1603909433,30159524.08700833,80,1,80,13
2026-10-07,comtech-ecosystem,ComTech,3170114.3415249623,-42300.10869156895,871543.3860451635,1,1,1,1
2026-10-07,dinari-ecosystem,Dinari,15048475.145953596,5360105.163646899,1689611.7486775452,250,6,250,8
2026-10-07,figure-markets-ecosystem,"Figure Technology Solutions, Inc.",,,,1,1,0,0
2026-10-07,gate-ecosystem,Gate,0.0,0.0,964699.4072094345,1,0,1,1
2026-10-07,goldfish-ecosystem,Goldfish,83451211.8098303,-1007914.7861669809,113174.9545481539,1,1,1,1
2026-10-07,japaul-ltd-ecosystem,Japaul,,,,1,1,1,0
2026-10-07,kinesis-ecosystem,Kinesis Money,751184634.7736521,-4725611.3921608925,261731.01193663577,2,1,2,2
2026-10-07,kinka-ecosystem,Kinka,,,,1,2,0,0
2026-10-07,matrixdock-ecosystem,Matrixdock,73358035.45766404,-683264.030218795,595349.5898300437,2,12,2,1
2026-10-07,midas-labs-ecosystem,Midas Labs,5181130.136328411,-58616.043383630924,54087.19502303692,1,1,1,1
2026-10-07,mks-pamp-ecosystem,MKS PAMP,9944194.088852208,-84838.9622177165,5922.764755848533,1,3,1,0
2026-10-07,ondo-tokenized-assets,Ondo Finance,1010103843.1286986,-31269686.142134905,151930806.86514983,448,4,448,190
2026-10-07,paxos-ecosystem,Paxos Global,1799424564.2153265,-20050912.956096172,134303126.89314342,1,1,1,1
2026-10-07,pleasing-ecosystem,Pleasing Market,81113834.99801368,-250711.93510833383,2.7959334005936585,1,2,1,0
2026-10-07,prestocks-ecosystem,PreStocks,20807283.611559037,-437209.973517932,1719298.7369016276,7,1,7,5
2026-10-07,quorium-ecosystem,Quorium,,,,1,1,0,0
2026-10-07,reality-ecosystem,Reality,137676860.01897067,-6309314.038544208,40431513.95749822,630,2,564,83
2026-10-07,republic-tokenized-pre-ipo-assets,Republic,42696736.15831554,562035.9591360837,460351.82072134834,2,1,1,1
2026-10-07,robinhood-chain-stocks-ecosystem,Robinhood Europe,150066105.9911804,-4562370.865309775,212493609.1765628,192,1,192,70
2026-10-07,securitize-ecosystem,Securitize,13257540.66,-660518.040000001,0.0,1,3,1,0
2026-10-07,st0x-ecosystem,ST0x,1097412.6080558964,-107846.40739593143,370130.6973082341,21,1,20,2
2026-10-07,streamex-ecosystem,Streamex,12681222.57659136,-135558.51205390878,0.0,1,1,0,0
2026-10-07,tessera-tokenized-pre-ipo-assets,Tessera Tokenized Pre-IPO Assets,,,,3,1,0,0
2026-10-07,tether-ecosystem,Tether,3445924911.3291497,-35601754.405333996,234371292.00206697,2,15,1,2
2026-10-07,token-teknoloji-a-s-ecosystem,Token Teknoloji,301.6818676698489,-6.2280680301578855,8936.919235153267,4,3,2,0
2026-10-07,unitas-ecosystem,Unitas,11217767.090428619,-151623.86306268163,4868.11102472177,1,1,1,0
2026-10-07,vnx-commodities-ag-ecosystem,VNX,5836870.395875094,-48370.207408909686,16250.829940503123,1,6,1,1
2026-10-07,xstocks-ecosystem,xStocks,929038546.1741573,3336726.8201162815,109104997.19763893,152,16,130,64
2026-10-08,anchored-ecosystem,Anchored Labs,1146426.6250781736,-1794.3030587574467,11.614513580276842,112,6,112,0
2026-10-08,backpack-securities-ecosystem,Backpack Securities,29590926.35660263,290756.8581682965,35376283.94116046,59,1,59,44
2026-10-08,bstocks-ecosystem,BTech Holdings Limited,770936763.578229,12002437.370290041,370163476.5483985,87,1,86,86
2026-10-08,coinbase-ecosystem,Coinbase,18101148.63991914,1085140.5104432032,36205850.71908557,80,1,80,13
2026-10-08,comtech-ecosystem,ComTech,3177507.4120380227,7393.070513060316,873059.8175484935,1,1,1,1
2026-10-08,dinari-ecosystem,Dinari,9411695.691944389,-5642195.599735772,1214645.5760974365,250,6,250,7
2026-10-08,figure-markets-ecosystem,"Figure Technology Solutions, Inc.",,,,1,1,0,0
2026-10-08,gate-ecosystem,Gate,0.0,0.0,1748063.8712111095,1,0,1,1
2026-10-08,goldfish-ecosystem,Goldfish,83148379.35868686,-302832.4511434287,108100.41206130954,1,1,1,1
2026-10-08,japaul-ltd-ecosystem,Japaul,,,,1,1,1,0
2026-10-08,kinesis-ecosystem,Kinesis Money,747271526.4041164,-3913108.3695356846,425821.86878111865,2,1,2,2
2026-10-08,kinka-ecosystem,Kinka,,,,1,2,0,0
2026-10-08,matrixdock-ecosystem,Matrixdock,73234343.90998189,-123691.5476821512,576392.6548240314,2,12,2,2
2026-10-08,midas-labs-ecosystem,Midas Labs,5178433.374682691,-2696.7616457203403,11331.729639417308,1,1,1,1
2026-10-08,mks-pamp-ecosystem,MKS PAMP,9974662.492466012,30468.40361380391,5749.496521666719,1,3,1,0
2026-10-08,ondo-tokenized-assets,Ondo Finance,979812219.7261777,-30692993.795229793,143797879.2982071,448,4,448,185
2026-10-08,paxos-ecosystem,Paxos Global,1803104147.0497417,3679582.8344151974,186687210.02263364,1,1,1,1
2026-10-08,pleasing-ecosystem,Pleasing Market,80731427.23074065,-382407.7672730237,9.381851174833983,1,2,1,0
2026-10-08,prestocks-ecosystem,PreStocks,20546968.92026976,-260314.69128927588,629046.0444958814,7,1,7,3
2026-10-08,quorium-ecosystem,Quorium,,,,1,1,0,0
2026-10-08,reality-ecosystem,Reality,144338964.8540433,6646204.95299834,24936074.40652958,633,2,567,82
2026-10-08,republic-tokenized-pre-ipo-assets,Republic,43398882.110601425,702145.9522858858,2462892.9833469572,2,1,1,1
2026-10-08,robinhood-chain-stocks-ecosystem,Robinhood Europe,149542884.82112625,-573320.645599544,1.4588907859133418e+16,192,1,192,61
2026-10-08,securitize-ecosystem,Securitize,13068821.22,-188719.43999999948,0.0,1,3,1,0
2026-10-08,st0x-ecosystem,ST0x,1189101.977846036,91689.36979013961,334648.958907428,21,1,20,3
2026-10-08,streamex-ecosystem,Streamex,12672801.913883232,-8420.662708127871,0.0,1,1,0,0
2026-10-08,tessera-tokenized-pre-ipo-assets,Tessera Tokenized Pre-IPO Assets,,,,3,1,0,0
2026-10-08,tether-ecosystem,Tether,3448551158.7459655,2626247.4168157578,278869207.5505922,2,15,1,2
2026-10-08,token-teknoloji-a-s-ecosystem,Token Teknoloji,294.94811184644084,-6.733755823408046,13815.123826550112,4,3,2,1
2026-10-08,unitas-ecosystem,Unitas,11170673.697983915,-47093.39244470373,1198.6145865038343,1,1,1,0
2026-10-08,vnx-commodities-ag-ecosystem,VNX,5834426.029322118,-2444.3665529768914,24350.61443633741,1,6,1,1
2026-10-08,xstocks-ecosystem,xStocks,938152498.8867232,9113952.712565899,104137975.71784262,152,16,130,66
2026-10-09,anchored-ecosystem,Anchored Labs,1123425.3605182779,-23001.26455989573,51.99158667392615,112,6,112,0
2026-10-09,backpack-securities-ecosystem,Backpack Securities,29520576.593734004,-70349.76286863536,32043893.2693232,59,1,59,44
2026-10-09,bstocks-ecosystem,BTech Holdings Limited,797250910.3136265,25761554.058342695,373543840.2970717,91,1,90,90
2026-10-09,coinbase-ecosystem,Coinbase,18876270.792304426,775122.152385287,50220619.980749145,91,1,91,13
2026-10-09,comtech-ecosystem,ComTech,3226505.956699819,48998.544661796186,890323.3792129294,1,1,1,1
2026-10-09,dinari-ecosystem,Dinari,11751036.33125915,2337481.75276405,2351718.395672555,250,6,250,8
2026-10-09,figure-markets-ecosystem,"Figure Technology Solutions, Inc.",,,,1,1,0,0
2026-10-09,gate-ecosystem,Gate,0.0,0.0,435590.0250194313,1,0,1,1
2026-10-09,goldfish-ecosystem,Goldfish,84370546.04533577,1222166.6866489053,114180.30626775937,1,1,1,1
2026-10-09,japaul-ltd-ecosystem,Japaul,,,,1,1,1,0
2026-10-09,kinesis-ecosystem,Kinesis Money,756537776.9643652,9266250.560248852,169599.7839384176,2,1,2,2
2026-10-09,kinka-ecosystem,Kinka,,,,1,2,0,0
2026-10-09,matrixdock-ecosystem,Matrixdock,73873640.8622964,639296.9523145109,259332.16953985198,2,12,2,1
2026-10-09,midas-labs-ecosystem,Midas Labs,5240037.075093528,61603.70041083731,178833.0945370753,1,1,1,1
2026-10-09,mks-pamp-ecosystem,MKS PAMP,10117198.416961716,142535.92449570447,2917.417177449598,1,3,1,0
2026-10-09,ondo-tokenized-assets,Ondo Finance,1009789395.3773216,28751444.995236635,151978930.4912628,449,4,448,191
2026-10-09,paxos-ecosystem,Paxos Global,1836910617.1877277,33806470.137985945,180189674.73812434,1,1,1,1
2026-10-09,pleasing-ecosystem,Pleasing Market,80740029.62138236,,9.382850864193092,1,2,1,0
2026-10-09,prestocks-ecosystem,PreStocks,20945204.58525711,398235.664987348,2982184.547793756,7,1,7,5
2026-10-09,quorium-ecosystem,Quorium,,,,1,1,0,0
2026-10-09,reality-ecosystem,Reality,139763036.01726118,-4597393.170823276,53696065.07293887,636,2,570,81
2026-10-09,republic-tokenized-pre-ipo-assets,Republic,42909972.62846416,-488909.4821372628,663544.7384452506,2,1,1,1
2026-10-09,robinhood-chain-stocks-ecosystem,Robinhood Europe,148028790.31087044,-1679547.4213613272,137140116.4780273,192,1,192,65
2026-10-09,securitize-ecosystem,Securitize,13068821.22,0.0,0.0,1,3,1,0
2026-10-09,st0x-ecosystem,ST0x,1232576.970301391,31188.433898448246,271790.63445378316,21,1,20,3
2026-10-09,streamex-ecosystem,Streamex,12884395.686245732,211593.77236250043,0.0,1,1,0,0
2026-10-09,tessera-tokenized-pre-ipo-assets,Tessera Tokenized Pre-IPO Assets,,,,3,1,0,0
2026-10-09,tether-ecosystem,Tether,3495171551.8624425,46620393.11647701,302342187.09990245,2,15,1,2
2026-10-09,token-teknoloji-a-s-ecosystem,Token Teknoloji,302.3860494392372,7.437937592796345,13942.643704204947,4,3,2,1
2026-10-09,unitas-ecosystem,Unitas,11303889.846807018,133216.14882310294,1358.1343613358927,1,1,1,0
2026-10-09,vnx-commodities-ag-ecosystem,VNX,5925036.699415767,90610.67009364907,20461.945978532793,1,6,1,1
2026-10-09,xstocks-ecosystem,xStocks,944664724.4251294,6512225.538406253,115014921.85039262,153,16,131,63
